Voltage (V),TMR_Ratio,TMR_Error,I_apar (A),I_apar_error (A),I_par (A),I_par_error (A),temperature,scan_type
-1.0,1.4984727384584169,0.003325146920262,-2.340798081643265e-06,5.083369182550543e-09,-3.5076221115781923e-06,1.5999139859008503e-09,100,b_scan
-0.9899497487437184,1.5029330940083028,0.0033366651271661,-2.3008246709384985e-06,4.998302812419491e-09,-3.4579855414642326e-06,1.582944111485519e-09,100,b_scan
-0.9798994974874372,1.5069538704127223,0.0033469984942239,-2.265470149349957e-06,4.922767123891516e-09,-3.413959009867405e-06,1.569166080125006e-09,100,b_scan
-0.9698492462311558,1.5131355308301626,0.0033659048180149,-2.2124710919083254e-06,4.813184244060029e-09,-3.347768620101093e-06,1.5541006103727647e-09,100,b_scan
-0.9597989949748744,1.5173140994016348,0.0033776875067869,-2.177573028597024e-06,4.73944077238294e-09,-3.304062258766984e-06,1.5442625988484815e-09,100,b_scan
-0.949748743718593,1.5237126556137126,0.0033920689857314,-2.125440191938092e-06,4.624119027496001e-09,-3.238560119206109e-06,1.5281372905915807e-09,100,b_scan
-0.9396984924623116,1.528063991094926,0.003399453948125,-2.0909868144706947e-06,4.5448260761914775e-09,-3.195161657046956e-06,1.515472789401865e-09,100,b_scan
-0.9296482412060302,1.5346634561987034,0.003411781883574,-2.039871564957156e-06,4.428983136079658e-09,-3.1305163460786065e-06,1.4955931250908658e-09,100,b_scan
-0.9195979899497488,1.539128698597926,0.0034203107168662,-2.006111150795411e-06,4.352477346788519e-09,-3.087663244766529e-06,1.4844520556348764e-09,100,b_scan
-0.9095477386934674,1.545957743846074,0.0034355774825983,-1.955908232018872e-06,4.241525773840809e-09,-3.0237514775418582e-06,1.4686365578088935e-09,100,b_scan
-0.8994974874371859,1.550586373911111,0.0034464223734969,-1.92274681787738e-06,4.1687658540701205e-09,-2.981385016281613e-06,1.45879841827375e-09,100,b_scan
-0.8894472361809045,1.5576506552838454,0.0034593028913577,-1.8734505797157017e-06,4.056666405912208e-09,-2.9181815231360626e-06,1.4398228879491704e-09,100,b_scan
-0.8793969849246231,1.5624098849682833,0.0034671533822827,-1.841005182798352e-06,3.9818828643688465e-09,-2.876404695881986e-06,1.427692994401902e-09,100,b_scan
-0.8693467336683417,1.5696642756252026,0.0034784206761839,-1.7927107031142836e-06,3.870076432617498e-09,-2.8139539472094297e-06,1.4081883598580651e-09,100,b_scan
-0.8592964824120604,1.574590448539026,0.0034874888035884,-1.7609515986565398e-06,3.7981247026376486e-09,-2.772777567584116e-06,1.396166915230893e-09,100,b_scan
-0.8492462311557789,1.582116780377132,0.0034977341095953,-1.7136206522238866e-06,3.6868543889548675e-09,-2.7111479890842163e-06,1.3788486207857131e-09,100,b_scan
-0.8391959798994975,1.5872204300849733,0.0035034157078967,-1.6824201524053582e-06,3.6122265672463086e-09,-2.670371637884459e-06,1.367451257813947e-09,100,b_scan
-0.8291457286432161,1.5949784358539378,0.0035188900688988,-1.636208764855629e-06,3.5089350962993124e-09,-2.6097176964999345e-06,1.351896484851296e-09,100,b_scan
-0.8190954773869347,1.600232095005024,0.0035277999614931,-1.605726533060144e-06,3.43942208041508e-09,-2.569535134003988e-06,1.340148334502276e-09,100,b_scan
-0.8090452261306533,1.6082540016941984,0.0035359120738004,-1.560496847680732e-06,3.331367428663257e-09,-2.509675299913719e-06,1.3195088739511898e-09,100,b_scan
-0.7989949748743719,1.6136766637802686,0.0035433501467047,-1.5307174174887924e-06,3.2621876315953327e-09,-2.470082975443663e-06,1.3066843261986292e-09,100,b_scan
-0.7889447236180904,1.621953445275323,0.0035518255594709,-1.4865319746823564e-06,3.1567332278894357e-09,-2.411085657847977e-06,1.2892659575636587e-09,100,b_scan
-0.778894472361809,1.6275824761697637,0.0035570055630164,-1.4574326887699756e-06,3.086899593985978e-09,-2.372091904438993e-06,1.277666435964683e-09,100,b_scan
-0.7688442211055276,1.6361616324752446,0.0035624900517686,-1.4142537750586622e-06,2.981718570889102e-09,-2.313947765334258e-06,1.2584254525244512e-09,100,b_scan
-0.7587939698492463,1.641947415277878,0.0035696017003857,-1.3859569188447146e-06,2.915955445313421e-09,-2.275668380583571e-06,1.245974696310814e-09,100,b_scan
-0.7487437185929648,1.6507999838429115,0.0035773200522172,-1.3438664561320796e-06,2.815484323588273e-09,-2.218454724069868e-06,1.228586522150403e-09,100,b_scan
-0.7386934673366834,1.6568075486729337,0.003584267669027,-1.3161670135670658e-06,2.7511631274165155e-09,-2.1806354433922257e-06,1.2157492253165434e-09,100,b_scan
-0.728643216080402,1.6659838801325122,0.0035985599231123,-1.2751924313233509e-06,2.6592192977638244e-09,-2.124450034651688e-06,1.1961541543432106e-09,100,b_scan
-0.7185929648241206,1.6721980216183712,0.003606727828823,-1.2482484754472564e-06,2.59765025693282e-09,-2.0873186311310502e-06,1.1833695470516434e-09,100,b_scan
-0.7085427135678393,1.6816684893863365,0.003612590091599,-1.2083895038228346e-06,2.5014573396252242e-09,-2.0321105514840508e-06,1.166699563739502e-09,100,b_scan
-0.6984924623115578,1.6880874482015489,0.0036194851806201,-1.1821857176047166e-06,2.440811524642105e-09,-1.995632871331663e-06,1.1541739391409571e-09,100,b_scan
-0.6884422110552764,1.6978739219868346,0.0036282005228135,-1.143366064564552e-06,2.350297740645838e-09,-1.941291424308868e-06,1.133462791820709e-09,100,b_scan
-0.6783919597989949,1.704532197709787,0.0036329370394359,-1.117888343509358e-06,2.2902810833325208e-09,-1.90547667495616e-06,1.1195469138711275e-09,100,b_scan
-0.6683417085427136,1.7147457526793846,0.00364356325292,-1.080137020324668e-06,2.2035909912909302e-09,-1.8521603679134905e-06,1.1003315414256014e-09,100,b_scan
-0.6582914572864322,1.7216783165387088,0.0036553609414681,-1.0554316753258152e-06,2.150023785767377e-09,-1.8171138299965783e-06,1.087120336035559e-09,100,b_scan
-0.6482412060301508,1.7323119052199405,0.0036642681210976,-1.018780426358141e-06,2.06474865464035e-09,-1.7648454613852546e-06,1.0688796419404948e-09,100,b_scan
-0.6381909547738693,1.739564670539795,0.0036796055150281,-9.947048988203234e-07,2.0144049359029154e-09,-1.7303534996006958e-06,1.0569575253842474e-09,100,b_scan
-0.6281407035175879,1.7505607891650037,0.003682229179412,-9.59237405709058e-07,1.9291509050759963e-09,-1.679203389934639e-06,1.034977919720762e-09,100,b_scan
-0.6180904522613065,1.75801919253485,0.003694376326066,-9.359725216274202e-07,1.879077117308928e-09,-1.6454576567062447e-06,1.021672678604072e-09,100,b_scan
-0.6080402010050251,1.7694244612091503,0.0037089284475642,-9.016238940090972e-07,1.803051550847773e-09,-1.5953553728703428e-06,1.002151651322025e-09,100,b_scan
-0.5979899497487438,1.7772250949433883,0.0037190973051594,-8.790909930273126e-07,1.7534871865294051e-09,-1.5623425735468434e-06,9.88714084492578e-10,100,b_scan
-0.5879396984924623,1.7892052876159108,0.0037335676608212,-8.457805090943599e-07,1.6799211957954832e-09,-1.5132749590341057e-06,9.680860483092407e-10,100,b_scan
-0.5778894472361809,1.7973416712004342,0.0037426871454296,-8.23975179680224e-07,1.631522574294973e-09,-1.480964926474132e-06,9.546379452017088e-10,100,b_scan
-0.5678391959798995,1.80981396841678,0.0037718095936649,-7.917618752913638e-07,1.5672058316268703e-09,-1.4329417015621743e-06,9.34638345114107e-10,100,b_scan
-0.5577889447236181,1.81824244311051,0.0037933171123164,-7.707674022545203e-07,1.526231177708731e-09,-1.4014420045452e-06,9.205727619071335e-10,100,b_scan
-0.5477386934673367,1.831280633442281,0.003816697229686,-7.396681773304914e-07,1.461435519627007e-09,-1.3545400083188795e-06,8.98476614300503e-10,100,b_scan
-0.5376884422110553,1.840154045925116,0.0038338388502076,-7.193324137641653e-07,1.4194944015368844e-09,-1.3236824515532083e-06,8.8457918018745e-10,100,b_scan
-0.5276381909547738,1.8536835768358768,0.0038722794553757,-6.89430429034136e-07,1.362657133116323e-09,-1.2779858636714904e-06,8.641614691811093e-10,100,b_scan
-0.5175879396984925,1.8629436140321327,0.0039074370902048,-6.698426912051255e-07,1.3285857375531155e-09,-1.2478791639866863e-06,8.512306396362755e-10,100,b_scan
-0.507537688442211,1.8771725117035456,0.0039569826163027,-6.410159094124833e-07,1.276614811186646e-09,-1.2032974447137638e-06,8.312140526988658e-10,100,b_scan
-0.4974874371859297,1.886840224679272,0.0039860436310304,-6.221812310658126e-07,1.2410065086598508e-09,-1.1739565738154435e-06,8.170706393883922e-10,100,b_scan
-0.4874371859296482,1.9017454521609447,0.0040418460359934,-5.944299170833014e-07,1.192208673400224e-09,-1.130454391441576e-06,7.94928926352781e-10,100,b_scan
-0.4773869346733668,1.9118960342760465,0.0040847747093032,-5.763346048672868e-07,1.1615879597300855e-09,-1.101891845461818e-06,7.811105332921197e-10,100,b_scan
-0.4673366834170854,1.9275580615737689,0.0041419915455305,-5.496651310889077e-07,1.1129405162369235e-09,-1.0595114545964264e-06,7.624114463868688e-10,100,b_scan
-0.457286432160804,1.93815093727228,0.0041879034367092,-5.323062132932691e-07,1.0837019847827726e-09,-1.0316897862102075e-06,7.469634929489234e-10,100,b_scan
-0.4472361809045225,1.9544768942996065,0.0042750595370781,-5.06739461369945e-07,1.0440744107017135e-09,-9.904105686773857e-07,7.27260437487374e-10,100,b_scan
-0.4371859296482412,1.965638518470316,0.0043327157221718,-4.90086844176414e-07,1.0174354241472115e-09,-9.63333578308719e-07,7.135938160849825e-10,100,b_scan
-0.4271356783919597,1.982708400778032,0.0044067875980541,-4.6567801459549843e-07,9.741492573900959e-10,-9.2330371159613e-07,6.93383857737858e-10,100,b_scan
-0.4170854271356784,1.9944463534531287,0.0044652920231913,-4.49743393802492e-07,9.474736042044864e-10,-8.969890717590145e-07,6.797791862592541e-10,100,b_scan
-0.4070351758793969,2.0124349915953705,0.0045752012920388,-4.264035026730794e-07,9.123708357167767e-10,-8.581093293181351e-07,6.593364572588881e-10,100,b_scan
-0.3969849246231155,2.02471921333467,0.0046532362642966,-4.112004475428086e-07,8.896008951503957e-10,-8.325654466717397e-07,6.456438378315951e-10,100,b_scan
-0.3869346733668342,2.0434886475519463,0.0047842036572961,-3.889355815170217e-07,8.576935188374755e-10,-7.947854454590481e-07,6.24874311142363e-10,100,b_scan
-0.3768844221105527,2.0563125221785428,0.0048847763837554,-3.744703673503488e-07,8.38486172819797e-10,-7.700281055673212e-07,6.108661586995687e-10,100,b_scan
-0.3668341708542714,2.07602363813868,0.0050508394070211,-3.532560573318019e-07,8.10994601979125e-10,-7.333679253364934e-07,5.90638642781834e-10,100,b_scan
-0.3567839195979899,2.089342999701406,0.0051674786739595,-3.395323830963865e-07,7.930292409987703e-10,-7.093996077943711e-07,5.770716172601237e-10,100,b_scan
-0.3467336683417085,2.109895793677562,0.0053640453590508,-3.193953550534364e-07,7.680432758302436e-10,-6.73890916147397e-07,5.560913587965508e-10,100,b_scan
-0.3366834170854271,2.130886643147824,0.0055863263160842,-2.9994439977673535e-07,7.450673419499826e-10,-6.391475151712364e-07,5.356747200013467e-10,100,b_scan
-0.3266331658291457,2.1453141265057765,0.0057499323863119,-2.872992517739435e-07,7.305326619409552e-10,-6.163471433651807e-07,5.222624675132435e-10,100,b_scan
-0.3165829145728643,2.167360794498506,0.0059748190350744,-2.688421179565032e-07,7.04014532722862e-10,-5.826778663688678e-07,5.019125362415181e-10,100,b_scan
-0.3065326633165829,2.1822527706762176,0.006136198484993,-2.56949510989908e-07,6.86966045335633e-10,-5.607287822816257e-07,4.884260732134246e-10,100,b_scan
-0.2964824120603014,2.205298964674616,0.0064437337190379,-2.395511080675187e-07,6.670485006383594e-10,-5.28281810607956e-07,4.67706340922778e-10,100,b_scan
-0.2864321608040201,2.2211434024088814,0.0066824742074361,-2.283011713734039e-07,6.557382349016315e-10,-5.070896405582554e-07,4.5403423082838334e-10,100,b_scan
-0.2763819095477386,2.245610798144857,0.0070368138779278,-2.119004036868026e-07,6.352562026959209e-10,-4.758458346503383e-07,4.34026549277452e-10,100,b_scan
-0.2663316582914573,2.262128237066841,0.0072757534039184,-2.013260543792937e-07,6.203177136155482e-10,-4.554253524686546e-07,4.201878335312607e-10,100,b_scan
-0.2562814070351759,2.287249747083759,0.0076554935422124,-1.859907381790041e-07,5.975420860645736e-10,-4.254072688598489e-07,3.992567916969924e-10,100,b_scan
-0.2462311557788944,2.304325824462517,0.0079482323809979,-1.761184615632371e-07,5.839455073355952e-10,-4.058343191447763e-07,3.858549421160017e-10,100,b_scan
-0.2361809045226131,2.3306269872928858,0.0084343732526553,-1.617973414922483e-07,5.641454358599296e-10,-3.770892505540769e-07,3.6546208363197746e-10,100,b_scan
-0.2261306532663316,2.348560123049753,0.0087980155617368,-1.5257762298457517e-07,5.515586800343995e-10,-3.583377210112927e-07,3.5214308036640943e-10,100,b_scan
-0.2160804020100502,2.3759833891052446,0.0094448547861647,-1.3923588363361798e-07,5.35628516815453e-10,-3.3082214668086705e-07,3.3130951060998517e-10,100,b_scan
-0.2060301507537688,2.394775199911573,0.0099214703822181,-1.30703574394429e-07,5.249617030446407e-10,-3.1300567849957586e-07,3.1804430914972956e-10,100,b_scan
-0.1959798994974874,2.423609086629701,0.010544071929857,-1.183529438642869e-07,4.99992343432415e-10,-2.868412701788607e-07,2.98134069741959e-10,100,b_scan
-0.185929648241206,2.4433083603175203,0.0109960539471952,-1.1047589830755417e-07,4.833837781273723e-10,-2.699266859484353e-07,2.8433091006175447e-10,100,b_scan
-0.1758793969849246,2.4741716055998726,0.0118548841794002,-9.90728001265401e-08,4.6257274988354474e-10,-2.4512310896035697e-07,2.6381383034756624e-10,100,b_scan
-0.1658291457286431,2.495122959152459,0.0124280008964632,-9.181704732105949e-08,4.4618916796089584e-10,-2.290948228123633e-07,2.503691624206228e-10,100,b_scan
-0.1557788944723618,2.5263845712274176,0.0133974951946026,-8.14566116704661e-08,4.2224787625156874e-10,-2.057907269487288e-07,2.3019441727863126e-10,100,b_scan
-0.1457286432160803,2.5473309357443554,0.0140090899308175,-7.48896277974339e-08,4.0294412724715207e-10,-1.907686656547837e-07,2.1707746906098267e-10,100,b_scan
-0.135678391959799,2.5796473304829632,0.0151377257265671,-6.55185755968503e-08,3.7681926083871245e-10,-1.690148186354611e-07,1.9689961595326215e-10,100,b_scan
-0.1256281407035175,2.60149813795797,0.0160069833656225,-5.95967557585129e-08,3.598665902314678e-10,-1.5504084913410729e-07,1.8328089893222847e-10,100,b_scan
-0.1155778894472361,2.634398826011174,0.0174393690056864,-5.120328672052536e-08,3.3320625353967327e-10,-1.3488987842446554e-07,1.6381533929983412e-10,100,b_scan
-0.1055276381909547,2.6565663292533865,0.018455184059239,-4.596178156032483e-08,3.142306762585968e-10,-1.2210052132565812e-07,1.5050171828884128e-10,100,b_scan
-0.0954773869346733,2.6893654761742534,0.0199981237078191,-3.8581603302252375e-08,2.82723319905099e-10,-1.0376003193652808e-07,1.3106404038981074e-10,100,b_scan
-0.085427135678392,2.710456382982378,0.0212271187243223,-3.4015478102583046e-08,2.627933663763302e-10,-9.219746974334352e-08,1.1832190985104014e-10,100,b_scan
-0.0753768844221105,2.741074636144243,0.0230330538029238,-2.7638302289528004e-08,2.2937603551933351e-10,-7.575864939191257e-08,9.971237028029068e-11,100,b_scan
-0.0653266331658291,2.7606062812694128,0.0242250412759715,-2.3724036026608544e-08,2.0574532949440926e-10,-6.549272287211739e-08,8.772009371163681e-11,100,b_scan
-0.0552763819095477,2.78942444066488,0.0261751729384715,-1.8334107208745306e-08,1.7020022292303924e-10,-5.114160674584432e-08,7.003437923226073e-11,100,b_scan
-0.0452261306532663,2.8074415547276006,0.0276799058714328,-1.5057934734610642e-08,1.469766444505986e-10,-4.227427170232204e-08,5.883826142565843e-11,100,b_scan
-0.0351758793969849,2.82980852010616,0.0291971613258561,-1.0594434714442397e-08,1.0826750748298067e-10,-2.998022162063756e-08,4.262635326764601e-11,100,b_scan
-0.0251256281407035,2.8397189865961865,0.0300979290631948,-7.887275926369722e-09,8.282531243342211e-11,-2.2397647200635132e-08,3.2171459644345385e-11,100,b_scan
-0.015075376884422,2.839144061203412,0.030846538074535,-4.128598914307377e-09,4.4453055779925366e-11,-1.1721687088646642e-08,1.7034210231112113e-11,100,b_scan
-0.0050251256281407,2.7770256415967256,0.0308562722342001,-1.7761837904221635e-09,1.955965436195164e-11,-4.932507930190812e-09,7.303031367962935e-12,100,b_scan
0.0050251256281406,3.092249243285649,0.0329864861668196,1.712546095936328e-09,1.809085483602456e-11,5.2956193692509034e-09,7.859737584497402e-12,100,b_scan
0.015075376884422,3.024172442079786,0.0316915055569165,4.081986018065556e-09,4.236420307843773e-11,1.2344629624788856e-08,1.7923174790834967e-11,100,b_scan
0.0251256281407035,3.010804474572573,0.0299022136300536,7.901082722667567e-09,7.765892616172846e-11,2.378861521537556e-08,3.389505783234629e-11,100,b_scan
0.0351758793969849,3.0053557074917547,0.0285198436489265,1.0691279002396346e-08,1.0033455011543351e-10,3.213109637023861e-08,4.5225263110032807e-11,100,b_scan
0.0452261306532664,2.9926707101893246,0.0263700878365794,1.534379326668481e-08,1.3356186073635752e-10,4.5918920692407814e-08,6.284614804768998e-11,100,b_scan
0.0552763819095476,2.9793055731962936,0.0250580921176302,1.879875376822045e-08,1.5608919461686698e-10,5.600723187080405e-08,7.509050941057809e-11,100,b_scan
0.0653266331658291,2.9513720084236903,0.0230295261733009,2.4546661472473164e-08,1.888649743087196e-10,7.244632957010954e-08,9.410106840666627e-11,100,b_scan
0.0753768844221105,2.929256696970837,0.0215755957787649,2.87942809437213e-08,2.0889668805513678e-10,8.434584028885538e-08,1.0733088563867408e-10,100,b_scan
0.085427135678392,2.89311087996418,0.0196806898648174,3.5741263139884126e-08,2.3913644705311403e-10,1.0340343725366149e-07,1.2702534220408946e-10,100,b_scan
0.0954773869346734,2.8714570909271835,0.018636714854375,4.0762586858069535e-08,2.5862767571641637e-10,1.17048019078139e-07,1.6000991553647306e-10,100,b_scan
0.1055276381909549,2.8204043750904533,0.0168312049918448,4.8915222655978766e-08,2.857236945804417e-10,1.379607079874462e-07,1.6858808723367123e-10,100,b_scan
0.1155778894472361,2.7940578337320243,0.015748721468305,5.469556015972837e-08,3.0178652494324763e-10,1.5282255833465025e-07,1.760197122038559e-10,100,b_scan
0.1256281407035175,2.75099185935818,0.0144221832715384,6.4015964130017e-08,3.2785010628280727e-10,1.7610739619064209e-07,1.9734104951053408e-10,100,b_scan
0.135678391959799,2.722163129490127,0.0137036938955972,7.063093030764688e-08,3.4695737291612726e-10,1.922689142850631e-07,2.1167710994830887e-10,100,b_scan
0.1457286432160804,2.68012537777473,0.0126246114782686,8.104050375724842e-08,3.716956893607793e-10,2.171987107474499e-07,2.331243771999045e-10,100,b_scan
0.1557788944723619,2.652711956187425,0.0119312620657386,8.8395816927081e-08,3.864739519061005e-10,2.344886404394225e-07,2.4757449807358806e-10,100,b_scan
0.1658291457286431,2.6128122227596515,0.0110208518600702,9.990324250574393e-08,4.086115206696521e-10,2.610284131123293e-07,2.6910771396698187e-10,100,b_scan
0.1758793969849246,2.586719939673955,0.0104484389437778,1.0796292143291016e-07,4.220974847266311e-10,2.792698416159613e-07,2.834629388932631e-10,100,b_scan
0.185929648241206,2.548602641165832,0.0096715964354183,1.2061546626608677e-07,4.417476124581392e-10,3.07400895891197e-07,3.0546917714060247e-10,100,b_scan
0.1959798994974875,2.524090244391288,0.0092384045792399,1.293671251198572e-07,4.561948567089296e-10,3.265342984599786e-07,3.2011611815507783e-10,100,b_scan
0.2060301507537689,2.488401205089219,0.0086422632388098,1.430799927715709e-07,4.775649985569834e-10,3.560404264369337e-07,3.4174196239872105e-10,100,b_scan
0.2160804020100502,2.4654798090251635,0.0082562237787326,1.5253982535773866e-07,4.89962840175165e-10,3.760838594917293e-07,3.5615653508762046e-10,100,b_scan
0.2261306532663316,2.431949957519203,0.0077048953905065,1.6732019023334357e-07,5.06812870318629e-10,4.069143295300849e-07,3.7793288021898497e-10,100,b_scan
0.2361809045226131,2.4103222349664164,0.0073732938895954,1.7751361502201933e-07,5.180324552223987e-10,4.2786501329684163e-07,3.9249189147265854e-10,100,b_scan
0.2462311557788945,2.378846629902027,0.0069142069054115,1.933299556475448e-07,5.341946773720914e-10,4.599023134512704e-07,4.147046205240346e-10,100,b_scan
0.256281407035176,2.358532768180881,0.0066355070700356,2.0422991905768625e-07,5.450590742706606e-10,4.81682956340482e-07,4.288017323808865e-10,100,b_scan
0.2663316582914572,2.3290061353720115,0.0062540844938707,2.2111396223861161e-07,5.61408645591482e-10,5.149757746701417e-07,4.502191026343887e-10,100,b_scan
0.2763819095477386,2.309889567704697,0.0060153178397315,2.327311150975221e-07,5.716532373162619e-10,5.375831748440474e-07,4.6503861389732757e-10,100,b_scan
0.2864321608040201,2.2820821925866763,0.0056863745224734,2.506929765217572e-07,5.869952309728174e-10,5.721019775268518e-07,4.875409598682925e-10,100,b_scan
0.2964824120603015,2.2640895775530296,0.005481899513961,2.630081045312068e-07,5.969519986570941e-10,5.954739082810829e-07,5.020419671498827e-10,100,b_scan
0.306532663316583,2.2378111968297074,0.0051893980793406,2.820700049987917e-07,6.107936754489214e-10,6.312194154761075e-07,5.238118614039896e-10,100,b_scan
0.3165829145728642,2.22089137817996,0.0050049021854888,2.950882442063623e-07,6.192531119183757e-10,6.553589373601723e-07,5.38297562034438e-10,100,b_scan
0.3266331658291457,2.1961291710862043,0.004741891035996,3.152575241889341e-07,6.310986677749312e-10,6.923462452757328e-07,5.602248260986972e-10,100,b_scan
0.3366834170854271,2.172301205723749,0.0045068661194349,3.359823625502727e-07,6.434762739671044e-10,7.298548912698711e-07,5.822132496545795e-10,100,b_scan
0.3467336683417086,2.156786438830002,0.004360288167971,3.502617379765063e-07,6.519110842186103e-10,7.554397665087562e-07,5.96271507762711e-10,100,b_scan
0.35678391959799,2.1341764384601447,0.0041502191668999,3.721900940384816e-07,6.632551307083686e-10,7.94319329325193e-07,6.183500263853117e-10,100,b_scan
0.3668341708542713,2.119564824210029,0.0040234843648252,3.87080161553325e-07,6.713549573547319e-10,8.204414945779628e-07,6.32973831657746e-10,100,b_scan
0.3768844221105527,2.0981085927499468,0.0038333666885648,4.101400905413168e-07,6.81321367674781e-10,8.605184481959779e-07,6.545506762646134e-10,100,b_scan
0.3869346733668342,2.084177094065216,0.0037187955548884,4.25883395703939e-07,6.887550430891104e-10,8.876164180688621e-07,6.691139524821991e-10,100,b_scan
0.3969849246231156,2.063898237171517,0.0035594834926731,4.500173262401632e-07,7.001122967449206e-10,9.287899663237124e-07,6.913363722191665e-10,100,b_scan
0.4070351758793971,2.050627357874524,0.0034566106728636,4.665834599124308e-07,7.07223159753323e-10,9.56788807628182e-07,7.056110276564093e-10,100,b_scan
0.4170854271356783,2.0312256133134112,0.0033103329253628,4.918515619707797e-07,7.169648954067607e-10,9.990614906232563e-07,7.281140116398912e-10,100,b_scan
0.4271356783919597,2.018602043764528,0.0032171615640183,5.09110110162399e-07,7.240829159393086e-10,1.0276907088750025e-06,7.391240270560578e-10,100,b_scan
0.4371859296482412,2.000103726818899,0.0030860806664483,5.356015733505669e-07,7.33552238955894e-10,1.0712587029485347e-06,7.61243410166995e-10,100,b_scan
0.4472361809045226,1.988034069599709,0.0030030075973632,5.536755587607798e-07,7.39572695938261e-10,1.100725874321086e-06,7.763857880081394e-10,100,b_scan
0.4572864321608041,1.970380868528328,0.0028872673333461,5.814028606673281e-07,7.493012410126085e-10,1.1455850735665442e-06,7.988333894980889e-10,100,b_scan
0.4673366834170853,1.9589272935869244,0.0028117839817444,6.00214194938146e-07,7.548547364461782e-10,1.175775968462637e-06,8.134303364239242e-10,100,b_scan
0.4773869346733668,1.9420155292998376,0.0027060063783794,6.291533333296946e-07,7.638941237204006e-10,1.2218255436370242e-06,8.35300541147478e-10,100,b_scan
0.4874371859296482,1.9310127761838525,0.0026414394734662,6.487948135321818e-07,7.709496292354016e-10,1.2528310740524633e-06,8.489278964109548e-10,100,b_scan
0.4974874371859297,1.914830181031502,0.0025467494418788,6.789266815008671e-07,7.807124326108232e-10,1.3000293004454225e-06,8.688004873091512e-10,100,b_scan
0.5075376884422111,1.9042544372111203,0.0024842835298878,6.994012035715452e-07,7.85895763128958e-10,1.331837845291913e-06,8.827772537418816e-10,100,b_scan
0.5175879396984926,1.8886778209465096,0.0023995528916921,7.307503883748305e-07,7.955586435939053e-10,1.3801520511715904e-06,9.038823913979839e-10,100,b_scan
0.5276381909547738,1.878487938684441,0.0023444699187497,7.520746162343114e-07,8.014784338788465e-10,1.4127630955868838e-06,9.177134956537683e-10,100,b_scan
0.5376884422110553,1.8635030908360768,0.0022630404474494,7.846448123136466e-07,8.09680612264124e-10,1.4621880329549737e-06,9.36186291007702e-10,100,b_scan
0.5477386934673367,1.8537103384057896,0.0022112225844886,8.067888552277108e-07,8.14632253058083e-10,1.4955528418461796e-06,9.498635913984195e-10,100,b_scan
0.5577889447236182,1.8392839084287769,0.0021391417607481,8.406550049326559e-07,8.229143244156462e-10,1.5462032231127478e-06,9.710346663614095e-10,100,b_scan
0.5678391959798996,1.829823151314611,0.0020958041337302,8.63583907418549e-07,8.299953609643602e-10,1.5802058268971943e-06,9.844604212312231e-10,100,b_scan
0.5778894472361809,1.815896360531834,0.0020318248650706,8.987193683912746e-07,8.39930538715698e-10,1.631981230201184e-06,1.004045107205551e-09,100,b_scan
0.5879396984924623,1.8068191887549312,0.001986672008346,9.224943540935588e-07,8.43881918364938e-10,1.666780500494328e-06,1.0168224725581558e-09,100,b_scan
0.5979899497487438,1.7934415105514925,0.0019250150008379,9.588099827393126e-07,8.514660973205721e-10,1.7195696237758433e-06,1.0367254803234387e-09,100,b_scan
0.6080402010050252,1.7847223646819528,0.0018900224783537,9.83394856220984e-07,8.594250319124222e-10,1.7550867932107835e-06,1.0497078651228491e-09,100,b_scan
0.6180904522613067,1.7718318122638008,0.0018371804583148,1.0208605815447871e-06,8.698935253734106e-10,1.808793254267177e-06,1.0685963935268083e-09,100,b_scan
0.6281407035175879,1.7633723856706176,0.00180762195724,1.046396067863284e-06,8.79627783559081e-10,1.8451859305444329e-06,1.0824889735271087e-09,100,b_scan
0.6381909547738693,1.750981850053507,0.0017566096230045,1.085032302876691e-06,8.877654238421155e-10,1.8998718690588456e-06,1.1029067915350671e-09,100,b_scan
0.6482412060301508,1.742788648620358,0.0017284314787435,1.1114112929681287e-06,8.970820260549225e-10,1.93695498533333e-06,1.116216182451345e-09,100,b_scan
0.6582914572864322,1.7307417008755002,0.0016817374275705,1.1514676713472194e-06,9.067289743499963e-10,1.992893116010638e-06,1.1345291217957851e-09,100,b_scan
0.6683417085427137,1.722906837994193,0.0016540113641727,1.1783804640552656e-06,9.151361124519367e-10,2.030239759279588e-06,1.1457963751392664e-09,100,b_scan
0.6783919597989949,1.7113126648804489,0.0016090703438603,1.2196567933092238e-06,9.234043049217039e-10,2.0872141171975505e-06,1.163753272024821e-09,100,b_scan
0.6884422110552764,1.7037615302276872,0.0015806780276448,1.2475244661447992e-06,9.283659154505911e-10,2.125484193435341e-06,1.177584869246219e-09,100,b_scan
0.6984924623115578,1.6926446583399797,0.0015462531316449,1.2898528201113068e-06,9.422994378785596e-10,2.183262486006162e-06,1.1974270764146101e-09,100,b_scan
0.7085427135678393,1.6853176282097253,0.0015233515459748,1.3186188123451623e-06,9.50507171535343e-10,2.222291529334274e-06,1.211961903270278e-09,100,b_scan
0.7185929648241207,1.674608316804722,0.0014869981192571,1.3620579578185393e-06,9.608087808890962e-10,2.2809135841329814e-06,1.2301801078545934e-09,100,b_scan
0.728643216080402,1.6676287271533703,0.0014660866432707,1.3914280246480744e-06,9.703095833395516e-10,2.3203853456693965e-06,1.2422208603294036e-09,100,b_scan
0.7386934673366834,1.6573037630753786,0.0014376074381579,1.4360836361922932e-06,9.865106758505575e-10,2.3800268143524607e-06,1.2606375340546841e-09,100,b_scan
0.7487437185929648,1.65054933877475,0.0014193163257584,1.46626636401786e-06,9.97520624028421e-10,2.420144977597336e-06,1.2728468118342203e-09,100,b_scan
0.7587939698492463,1.640601246133636,0.0013919055311232,1.5121404433946318e-06,1.0127500929249903e-09,2.480819495762302e-06,1.2920351935847304e-09,100,b_scan
0.7688442211055277,1.6341107008243996,0.0013736143651766,1.5429676091435162e-06,1.0215386889673044e-09,2.52137988112686e-06,1.3059286061462003e-09,100,b_scan
0.778894472361809,1.62458322599546,0.0013461683242158,1.58989215070329e-06,1.0365021356899931e-09,2.582912119174411e-06,1.3210821681094244e-09,100,b_scan
0.7889447236180904,1.6183522659457064,0.0013260303883158,1.621450553288795e-06,1.0445582649511084e-09,2.624078177033841e-06,1.3286206001018767e-09,100,b_scan
0.7989949748743719,1.6091788061399792,0.0013022645322525,1.6694051966975198e-06,1.061356160484678e-09,2.686371461385592e-06,1.3451187151289392e-09,100,b_scan
0.8090452261306533,1.6031990123627018,0.0012900118602132,1.7016950125603335e-06,1.0752283380391347e-09,2.7281557634792624e-06,1.359201588524497e-09,100,b_scan
0.8190954773869348,1.5943938044887598,0.0012687531650949,1.750682875855823e-06,1.0924504542412516e-09,2.791277930889089e-06,1.3783345704567663e-09,100,b_scan
0.829145728643216,1.588658638275426,0.0012518295584355,1.7836502115776922e-06,1.1003410416767843e-09,2.833611316284692e-06,1.3891639238713274e-09,100,b_scan
0.8391959798994975,1.5802479626452524,0.0012315688274255,1.8335653816982755e-06,1.1185196270391235e-09,2.8974879588055643e-06,1.405383794344071e-09,100,b_scan
0.8492462311557789,1.574737632867037,0.0012198603355491,1.86722406367313e-06,1.1318394175656552e-09,2.940388002060994e-06,1.4182329901498823e-09,100,b_scan
0.8592964824120604,1.5666463277056328,0.0011985473229584,1.9182135094407543e-06,1.1461122880698164e-09,3.005162150320692e-06,1.435866347024462e-09,100,b_scan
0.8693467336683418,1.5613519880146955,0.0011853668650869,1.9524296875360147e-06,1.1561080053746098e-09,3.0484299740932672e-06,1.4483920250251476e-09,100,b_scan
0.879396984924623,1.5535724449695028,0.0011698876338381,2.0044258570984607e-06,1.1762576664204235e-09,3.1140207795725467e-06,1.469492580202872e-09,100,b_scan
0.8894472361809045,1.5485204779526067,0.0011606849621293,2.039266973728417e-06,1.1908568106348063e-09,3.1578466688308944e-06,1.483865151724138e-09,100,b_scan
0.8994974874371859,1.541088073102317,0.0011436423400437,2.0920591787533445e-06,1.2093509300357679e-09,3.224047448601008e-06,1.50031350023983e-09,100,b_scan
0.9095477386934674,1.5362278472075142,0.001129818845896,2.1275556598808024e-06,1.217448193169305e-09,3.268410251192848e-06,1.5099956535972307e-09,100,b_scan
0.9195979899497488,1.5291106315681309,0.0011141368312518,2.1811235066624417e-06,1.2363379804194132e-09,3.3351791428007026e-06,1.52684621850737e-09,100,b_scan
0.92964824120603,1.5244524772354917,0.0011037559530838,2.2173276149446627e-06,1.250957955704346e-09,3.380210575445055e-06,1.5339370090431302e-09,100,b_scan
0.9396984924623116,1.5176438713377298,0.0010894804561756,2.271685315559964e-06,1.270216319578627e-09,3.4476092967674966e-06,1.5521742167055692e-09,100,b_scan
0.949748743718593,1.513169205281091,0.0010813474359716,2.3084857230083e-06,1.283219398140528e-09,3.4931295068872142e-06,1.5687834579521135e-09,100,b_scan
0.9597989949748744,1.5066315439389155,0.0010656850641184,2.3638861781707817e-06,1.2976962617581071e-09,3.561505482313308e-06,1.5885672796427272e-09,100,b_scan
0.969849246231156,1.5023871746045492,0.0010579604496994,2.4009458432153773e-06,1.313473533132895e-09,3.607150241766888e-06,1.5993885026236812e-09,100,b_scan
0.9798994974874372,1.496090677418758,0.0010471411667309,2.457102023755355e-06,1.338457161187878e-09,3.676047431207151e-06,1.615600022581581e-09,100,b_scan
0.9899497487437184,1.487347077198896,0.0016469708705931,2.502829100700579e-06,2.5268572734307603e-09,3.722575547655348e-06,1.6931260014989655e-09,100,b_scan
1.0,1.4875324239835852,0.0010199179668078,2.536847177558704e-06,1.3461852718741287e-09,3.773642431309815e-06,1.6384539852005331e-09,100,b_scan
-1.0,3.047377681003051,0.4318844031954664,-3.8847132707404826e-08,5.505500674475773e-09,-1.1838188518350909e-07,6.626120969612343e-11,10,b_scan
-0.9899497487437184,3.052876967732669,0.4336006689677707,-3.72945358416754e-08,5.296908879026151e-09,-1.138556294933313e-07,6.347364098427142e-11,10,b_scan
-0.9798994974874372,3.057482620112761,0.4346254872360335,-3.5954572287949905e-08,5.1109550813205065e-09,-1.0993047988399477e-07,6.051305604045646e-11,10,b_scan
-0.9698492462311558,3.0646176159958887,0.436568325985084,-3.4012047846589624e-08,4.845129183616485e-09,-1.042339209867536e-07,5.832335525704843e-11,10,b_scan
-0.9597989949748744,3.070129686271794,0.4378756325925324,-3.2765769576439107e-08,4.673166295392672e-09,-1.005951618701669e-07,5.5022849325275287e-11,10,b_scan
-0.949748743718593,3.0783716550662965,0.4400393028115472,-3.09645064899393e-08,4.4262047626802596e-09,-9.532025909174556e-08,5.129864851581431e-11,10,b_scan
-0.9396984924623116,3.0837632446840346,0.4418783188619414,-2.981383482113157e-08,4.272051831541237e-09,-9.193880800448657e-08,4.891009886558318e-11,10,b_scan
-0.9296482412060302,3.0915783700391737,0.4444444940287777,-2.8164885156074523e-08,4.04894707158442e-09,-8.707394974315738e-08,4.771616019709848e-11,10,b_scan
-0.9195979899497488,3.0970385304682857,0.4460057122442747,-2.7107794290833604e-08,3.903775357132597e-09,-8.395388339471989e-08,4.623482702438393e-11,10,b_scan
-0.9095477386934674,3.105783756347595,0.4485181403420853,-2.5581706247257185e-08,3.6943267080922155e-09,-7.945124772238716e-08,4.2694035020164925e-11,10,b_scan
-0.8994974874371859,3.111789744909084,0.4503078196138084,-2.460510686945865e-08,3.5605859699818393e-09,-7.656591922877347e-08,4.1339087334210706e-11,10,b_scan
-0.8894472361809045,3.1210763903493404,0.4533388478406623,-2.3203635477985546e-08,3.370322442608482e-09,-7.2420318860613e-08,3.987290538898672e-11,10,b_scan
-0.8793969849246231,3.127607992602844,0.4554070253188377,-2.2309422105807693e-08,3.248423642340003e-09,-6.977512688847469e-08,3.8199059407993435e-11,10,b_scan
-0.8693467336683417,3.1374111578895985,0.4587704366262286,-2.102361774025329e-08,3.074174003882493e-09,-6.59597328774764e-08,3.5807626409727195e-11,10,b_scan
-0.8592964824120604,3.14462972579991,0.4612581874096801,-2.02030674771078e-08,2.9633895260447923e-09,-6.353116654085458e-08,3.546669178329066e-11,10,b_scan
-0.8492462311557789,3.156106889904833,0.4653747899805661,-1.90194890860094e-08,2.8044422597962518e-09,-6.002754054682406e-08,3.5502289575931226e-11,10,b_scan
-0.8391959798994975,3.16322759453084,0.4684518743513185,-1.8268065548131722e-08,2.705348917253979e-09,-5.7786049040548425e-08,3.587554999832716e-11,10,b_scan
-0.8291457286432161,3.173918461606679,0.4736059058318445,-1.7192380993808763e-08,2.565389393261283e-09,-5.4567215435225434e-08,3.5276618738897706e-11,10,b_scan
-0.8190954773869347,3.1819525547373746,0.4769799521570192,-1.650285080311957e-08,2.473780673765958e-09,-5.251128827343605e-08,3.464722686457697e-11,10,b_scan
-0.8090452261306533,3.1947516721422504,0.4820931498751191,-1.5509416628504314e-08,2.3403720432694784e-09,-4.954873470786498e-08,3.3715609477826884e-11,10,b_scan
-0.7989949748743719,3.2035724036348223,0.4855780308383065,-1.4875832560979368e-08,2.2547643912366967e-09,-4.7655806673445824e-08,3.324445330741797e-11,10,b_scan
-0.7889447236180904,3.217592859991758,0.4913543207916357,-1.3966579481505837e-08,2.132793547610666e-09,-4.4938766418200575e-08,3.269498286491081e-11,10,b_scan
-0.778894472361809,3.2275845403319017,0.495379427181718,-1.3388192743693256e-08,2.0548357943689744e-09,-4.32115239225281e-08,3.237303683402837e-11,10,b_scan
-0.7688442211055276,3.242643906579995,0.5016682581997153,-1.2557489744502276e-08,1.9427406772595113e-09,-4.0719467601951086e-08,3.1306213147230095e-11,10,b_scan
-0.7587939698492463,3.2529789916202727,0.5058368509857967,-1.2028958824113309e-08,1.8704749035236037e-09,-3.9129950345905886e-08,3.0228350795197816e-11,10,b_scan
-0.7487437185929648,3.26714288877981,0.512262944394513,-1.12758644712157e-08,1.767946029477934e-09,-3.6839860421977295e-08,2.9481511155349635e-11,10,b_scan
-0.7386934673366834,3.2762844312557933,0.5163722169952095,-1.0798924248515864e-08,1.701985779436724e-09,-3.53803473897232e-08,2.8910366846935128e-11,10,b_scan
-0.728643216080402,3.291048263886305,0.5225735821997043,-1.0113753308997941e-08,1.605904132522388e-09,-3.3284850268952054e-08,2.7642613974892274e-11,10,b_scan
-0.7185929648241206,3.3011181751726726,0.5265727349168811,-9.676715894393591e-09,1.543544451887043e-09,-3.1943982714964965e-08,2.710828352406172e-11,10,b_scan
-0.7085427135678393,3.315598730663811,0.5321139863087266,-9.054582391044168e-09,1.4531309448288424e-09,-3.002136188243693e-08,2.6122240534611247e-11,10,b_scan
-0.6984924623115578,3.3254147251850896,0.5357876864897901,-8.659914150084972e-09,1.3952557298655267e-09,-2.8797806033531293e-08,2.5743694621314057e-11,10,b_scan
-0.6884422110552764,3.3402403846442192,0.5410819195890099,-8.095159320597467e-09,1.3113049344515927e-09,-2.7039778082788724e-08,2.4877173160489164e-11,10,b_scan
-0.6783919597989949,3.3501830989957195,0.5445508362496729,-7.737079348647854e-09,1.2575928119299843e-09,-2.5920632469428852e-08,2.3733242166713983e-11,10,b_scan
-0.6683417085427136,3.3660651264135817,0.5498124569520402,-7.222520695290142e-09,1.1797070076800003e-09,-2.4311475037216524e-08,2.2052124019501955e-11,10,b_scan
-0.6582914572864322,3.374794784705522,0.552861111022054,-6.9001911304311685e-09,1.130376528335875e-09,-2.3286729040450407e-08,2.113059329307894e-11,10,b_scan
-0.6482412060301508,3.3888922671436723,0.5572893565497893,-6.436379145337491e-09,1.058418882760729e-09,-2.1812195514039023e-08,2.040247510479365e-11,10,b_scan
-0.6381909547738693,3.397885660655763,0.5597963237241271,-6.1434704001317825e-09,1.012109912936648e-09,-2.0874809979270906e-08,2.00393987357875e-11,10,b_scan
-0.6281407035175879,3.4085131808195874,0.5624942238135185,-5.7309958108833225e-09,9.45747736555245e-10,-1.9534174760617644e-08,1.940651710001586e-11,10,b_scan
-0.6180904522613065,3.414574787672805,0.5641742858181643,-5.4707254602839635e-09,9.03885629175894e-10,-1.868020122696532e-08,1.8847835975818373e-11,10,b_scan
-0.6080402010050251,3.421206902503909,0.5664316220524676,-5.103537835774047e-09,8.449504357984633e-10,-1.7460258870940034e-08,1.7824252237046423e-11,10,b_scan
-0.5979899497487438,3.4262790471871294,0.5678633436650767,-4.869899977305425e-09,8.071105290928351e-10,-1.6685636254138658e-08,1.6924550963472633e-11,10,b_scan
-0.5879396984924623,3.433917439597177,0.569998328947828,-4.536816798905433e-09,7.53055616860019e-10,-1.557905432601881e-08,1.5620575004395828e-11,10,b_scan
-0.5778894472361809,3.4387437492966164,0.5715114258079399,-4.3269637440059834e-09,7.191182488518927e-10,-1.4879319528133656e-08,1.5056294936074572e-11,10,b_scan
-0.5678391959798995,3.4439719020865702,0.5734706546221654,-4.0288672886098544e-09,6.708512393345182e-10,-1.3875305739208045e-08,1.4314321008373784e-11,10,b_scan
-0.5577889447236181,3.446443414770116,0.5746606155316755,-3.841897277996004e-09,6.40586139771584e-10,-1.3240881573972561e-08,1.3806716482677156e-11,10,b_scan
-0.5477386934673367,3.4457152149317976,0.5744730375421729,-3.578222641809637e-09,5.965522613199772e-10,-1.2329536199296918e-08,1.3330833753966002e-11,10,b_scan
-0.5376884422110553,3.445214988305257,0.574068205100929,-3.411856419956515e-09,5.684965597821512e-10,-1.1754578875979704e-08,1.333905739666504e-11,10,b_scan
-0.5276381909547738,3.4480203675783088,0.5750197698582492,-3.171502308174582e-09,5.288920752392359e-10,-1.0935404554407578e-08,1.293589079919356e-11,10,b_scan
-0.5175879396984925,3.450840659453545,0.5767580428547546,-3.018766221156854e-09,5.045302364351918e-10,-1.0417281217353002e-08,1.241222691342978e-11,10,b_scan
-0.507537688442211,3.4562511865157948,0.5799186009380174,-2.800297918902847e-09,4.698444701355655e-10,-9.678533004805676e-09,1.2000929596790246e-11,10,b_scan
-0.4974874371859297,3.4567848202577127,0.5811851690432179,-2.6645570468514504e-09,4.4797610058727935e-10,-9.210800352266816e-09,1.1680761550614332e-11,10,b_scan
-0.4874371859296482,3.457172798770384,0.5827626230395779,-2.471043665720757e-09,4.1652236570785807e-10,-8.542824945703659e-09,1.101071676790178e-11,10,b_scan
-0.4773869346733668,3.4560932179982498,0.5834889790824017,-2.34934246411238e-09,3.9662520776088285e-10,-8.119546556974093e-09,1.0698054927298472e-11,10,b_scan
-0.4673366834170854,3.4494994792704654,0.5829785219521757,-2.178282350250622e-09,3.681262626046852e-10,-7.513983832893567e-09,1.0138688974495706e-11,10,b_scan
-0.457286432160804,3.444877445562005,0.5823771440094998,-2.070359764894598e-09,3.4999531659778765e-10,-7.132135658284458e-09,9.726844842454492e-12,10,b_scan
-0.4472361809045225,3.439469943060892,0.5812926511878463,-1.9156436316983772e-09,3.2374477498581446e-10,-6.588798692842578e-09,9.336645555933123e-12,10,b_scan
-0.4371859296482412,3.4351306793032914,0.5796455164037769,-1.8183555442304114e-09,3.0681900475422726e-10,-6.2462889158671196e-09,8.980835923802856e-12,10,b_scan
-0.4271356783919597,3.426995594283964,0.5764276786318373,-1.680318088437389e-09,2.8262223340586567e-10,-5.758442686070585e-09,8.43237016216373e-12,10,b_scan
-0.4170854271356784,3.4164667400194406,0.5730845966948103,-1.5948969418716671e-09,2.6751963114606063e-10,-5.448912355663269e-09,8.437852301205181e-12,10,b_scan
-0.4070351758793969,3.4008715673207246,0.5684599332272501,-1.4725887556225871e-09,2.4613353147343497e-10,-5.008085229353063e-09,8.098689236072239e-12,10,b_scan
-0.3969849246231155,3.392858441240389,0.5653308425883833,-1.3935384922157816e-09,2.3218565125166247e-10,-4.7280788365077194e-09,7.660271841541567e-12,10,b_scan
-0.3869346733668342,3.3775418225525176,0.5593652438944782,-1.2818459555532024e-09,2.122799156103948e-10,-4.329488324950738e-09,7.163257845085921e-12,10,b_scan
-0.3768844221105527,3.3654883048502584,0.5538922539251753,-1.2120883946359606e-09,1.9947469927431823e-10,-4.0792693165920514e-09,7.0106953313771176e-12,10,b_scan
-0.3668341708542714,3.342152092484671,0.543691720294079,-1.1131856900816663e-09,1.8107912805616848e-10,-3.7204358834304324e-09,6.587950273427886e-12,10,b_scan
-0.3567839195979899,3.327535957167326,0.5367031188630427,-1.0504544102931154e-09,1.6941874435454982e-10,-3.495424821615342e-09,6.299436676253288e-12,10,b_scan
-0.3467336683417085,3.295534754216578,0.5234218147537125,-9.642904623912919e-10,1.531455979727341e-10,-3.177852731970076e-09,5.8603709083846594e-12,10,b_scan
-0.3366834170854271,3.260272344890023,0.5084960217221914,-8.848957928213814e-10,1.380044075946206e-10,-2.8850012814450822e-09,5.534400380896023e-12,10,b_scan
-0.3266331658291457,3.2377305615787586,0.4987049398421039,-8.350959737699051e-10,1.2861925010168163e-10,-2.7038157561261957e-09,5.163484879883045e-12,10,b_scan
-0.3165829145728643,3.2030933851499053,0.4847273922922644,-7.64193296604405e-10,1.1563715433033799e-10,-2.447782493329469e-09,4.620639673044568e-12,10,b_scan
-0.3065326633165829,3.175124024457081,0.475066810290116,-7.205479771456103e-10,1.078007371107538e-10,-2.2878291930089793e-09,4.356152439292585e-12,10,b_scan
-0.2964824120603014,3.136419885217091,0.4596137847400685,-6.568940963822305e-10,9.625368143460168e-11,-2.0602957063749407e-09,3.933243755931956e-12,10,b_scan
-0.2864321608040201,3.106132026509918,0.4485413982835973,-6.176707953534746e-10,8.918707701436844e-11,-1.918567039287281e-09,3.653148730025642e-12,10,b_scan
-0.2763819095477386,3.063066588765998,0.4318677202141955,-5.606909985927808e-10,7.904601035438205e-11,-1.71743386441139e-09,3.200353999823692e-12,10,b_scan
-0.2663316582914573,3.02682329654936,0.4185071924470098,-5.25100332468559e-10,7.259725495072786e-11,-1.5893859193416487e-09,2.9051365527841545e-12,10,b_scan
-0.2562814070351759,2.9572975976384166,0.3946860025041623,-4.7562643902866e-10,6.347181789285423e-11,-1.4065689255127712e-09,2.6026861622866164e-12,10,b_scan
-0.2462311557788944,2.914365172824232,0.380396179326366,-4.428817137525791e-10,5.780102256785447e-11,-1.2907190422412272e-09,2.409025630869748e-12,10,b_scan
-0.2361809045226131,2.830489864885773,0.3524732309430292,-3.9831242421060204e-10,4.9595516242408075e-11,-1.127419279786192e-09,2.0426915216629e-12,10,b_scan
-0.2261306532663316,2.764092539790454,0.3313968582236342,-3.709386011157803e-10,4.446824844455223e-11,-1.0253086200644354e-09,1.8240167909879976e-12,10,b_scan
-0.2160804020100502,2.649800852754035,0.296259992310817,-3.3209508660789135e-10,3.712489813398356e-11,-8.799858436890157e-10,1.5932406305655688e-12,10,b_scan
-0.2060301507537688,2.5617375101062243,0.2718994853207541,-3.083982019027073e-10,3.272797562788664e-11,-7.900352418634783e-10,1.4667788476714913e-12,10,b_scan
-0.1959798994974874,2.426877939388586,0.2369957837983616,-2.7440356564371693e-10,2.6791678545893937e-11,-6.659439599503044e-10,1.267570278151244e-12,10,b_scan
-0.185929648241206,2.3406656052950168,0.2140950227434249,-2.521077421287494e-10,2.3053814070671308e-11,-5.900999208293492e-10,1.2179413567141064e-12,10,b_scan
-0.1758793969849246,2.186998017571592,0.1790408017355768,-2.212020438464724e-10,1.8101829941221645e-11,-4.837684313750192e-10,1.1088171372151264e-12,10,b_scan
-0.1658291457286431,2.0819811054476376,0.1564972762889724,-2.0221594624999034e-10,1.519175447333339e-11,-4.21009779312695e-10,1.046231304057909e-12,10,b_scan
-0.1557788944723618,1.925338289305356,0.124200786918569,-1.7596873527756238e-10,1.133935836303208e-11,-3.387993437505289e-10,1.0101008574371484e-12,10,b_scan
-0.1457286432160803,1.81985521102391,0.1034287150872714,-1.5994558286594702e-10,9.074883609296491e-12,-2.9107780245885027e-10,9.619534076913845e-13,10,b_scan
-0.135678391959799,1.6456241673080074,0.0747062227126053,-1.3894937860152984e-10,6.285632183721841e-12,-2.2865845545910758e-10,8.708621909835856e-13,10,b_scan
-0.1256281407035175,1.5347580705705284,0.058639041109254,-1.2607927931821048e-10,4.7872948451372446e-12,-1.9350119146533947e-10,8.219108565055206e-13,10,b_scan
-0.1155778894472361,1.4103940989247497,0.0432752600824298,-1.0882101983838727e-10,3.284992652762274e-12,-1.5348052421903452e-10,8.433132904467158e-13,10,b_scan
-0.1055276381909547,1.347378676912566,0.0379891664315902,-9.905114640179696e-11,2.713084905464546e-12,-1.3345940258552603e-10,8.922602667312631e-13,10,b_scan
-0.0954773869346733,1.2643583923334758,0.0288231273788545,-8.73804434770053e-11,1.891533101815319e-12,-1.1048019703597258e-10,7.89682731900588e-13,10,b_scan
-0.085427135678392,1.2269199267584454,0.0267834221714163,-8.040342803294732e-11,1.6365984478202485e-12,-9.864856803331168e-11,7.781433177043819e-13,10,b_scan
-0.0753768844221105,1.192929346283674,0.0281756037299285,-7.030039011139107e-11,1.5150848254544218e-12,-8.386339841906903e-11,8.103940575260365e-13,10,b_scan
-0.0653266331658291,1.1793450295660608,0.0315343394451626,-6.480993098207469e-11,1.5897186560894612e-12,-7.643326997022923e-11,8.135668278762318e-13,10,b_scan
-0.0552763819095477,1.138938022044464,0.0308597364732677,-5.776284067469314e-11,1.3949788171722969e-12,-6.578829550570452e-11,8.082095621240128e-13,10,b_scan
-0.0452261306532663,1.0947539315986108,0.0295063032888252,-5.400704040824835e-11,1.268744414013058e-12,-5.912441982093492e-11,7.811386276955506e-13,10,b_scan
-0.0351758793969849,1.0354968463012455,0.0331800085888491,-5.0339769774523e-11,1.3883706822404277e-12,-5.212667284504934e-11,8.502750929793443e-13,10,b_scan
-0.0251256281407035,1.0196769471553748,0.0343391769354016,-4.876732831531622e-11,1.3985468539377048e-12,-4.972692045748551e-11,8.77907259752177e-13,10,b_scan
-0.015075376884422,1.0054730281593145,0.0355452195903355,-4.788865910077311e-11,1.4456214209492025e-12,-4.815075508054345e-11,8.858722122322089e-13,10,b_scan
-0.0050251256281407,1.0046510814336933,0.0567801358367432,-4.8631514874766665e-11,2.388246925814141e-12,-4.8857704010693066e-11,1.3667099784585846e-12,10,b_scan
0.0050251256281406,0.999350340088742,0.0556596892655684,-4.532358934453939e-11,2.231034261034864e-12,-4.529414442550792e-11,1.1802334741725353e-12,10,b_scan
0.015075376884422,0.98173543539748,0.0290318214681516,-4.652749994776704e-11,1.231169320640175e-12,-4.5677695419177296e-11,6.030654151929796e-13,10,b_scan
0.0251256281407035,0.9314033332169218,0.0201862570311725,-4.5950809068192636e-11,8.154467152436518e-13,-4.2798736730128976e-11,5.324847130784042e-13,10,b_scan
0.0351758793969849,0.8895618991832381,0.0220004788789831,-4.492012925138308e-11,9.204503883656437e-13,-3.995923548841686e-11,5.53386783827358e-13,10,b_scan
0.0452261306532664,0.8239122871708565,0.0230733623491266,-4.200224623557968e-11,9.264638205831349e-13,-3.4606166762269954e-11,5.97121361871788e-13,10,b_scan
0.0552763819095476,0.7749339094022207,0.0290589750961124,-3.840145943813864e-11,1.1861382904925012e-12,-2.9758593089147586e-11,6.327392177672178e-13,10,b_scan
0.0653266331658291,0.5830735749353622,0.0320775730182813,-3.1997018109776235e-11,1.491895244938995e-12,-1.865661573653876e-11,5.447662306229879e-13,10,b_scan
0.0753768844221105,0.3522434075460291,0.0276934605309784,-2.676835418922224e-11,1.5242671335511293e-12,-9.428976294010663e-12,5.111383986760199e-13,10,b_scan
0.085427135678392,0.4200738400671588,0.0543994048605078,-1.697952335378115e-11,1.8945956872176163e-12,7.13265357773285e-12,4.687942997538129e-13,10,b_scan
0.0954773869346734,2.2902102432977154,0.5740789940858825,-9.126106278907091e-12,2.278399685299655e-12,2.0900702081376615e-11,4.696355529610034e-13,10,b_scan
0.1055276381909549,11.042520120480784,8.004556492034373,4.225059063975359e-12,3.0624578092115574e-12,4.665529972416761e-11,4.0889788921415e-13,10,b_scan
0.1155778894472361,4.2533221366534,0.9654774175187258,1.6063377011725374e-11,3.645021930493031e-12,6.832271703338086e-11,4.0828905054247213e-13,10,b_scan
0.1256281407035175,3.1599779275268625,0.4597315278846094,3.672353949802737e-11,5.341311153413053e-12,1.160455742344274e-10,3.916597892772625e-13,10,b_scan
0.135678391959799,3.090370635880599,0.4379425025872461,5.163261305780482e-11,7.315529739956399e-12,1.5956391124762518e-10,4.4694270010362053e-13,10,b_scan
0.1457286432160804,3.193500217447312,0.4873353425027907,7.485798904612032e-11,1.1422393159751094e-11,2.390590042964537e-10,5.073928804681897e-13,10,b_scan
0.1557788944723619,3.288293405373911,0.5197675770335959,9.091348066786686e-11,1.4369159887532523e-11,2.9895019893973514e-10,6.044332293771959e-13,10,b_scan
0.1658291457286431,3.3518772671777843,0.5493450926725169,1.1843612855253418e-10,1.940969607258508e-11,3.96983366907785e-10,6.638666203388136e-13,10,b_scan
0.1758793969849246,3.404327839478229,0.5730420982090585,1.3835399629463395e-10,2.328765676610081e-11,4.710023612888902e-10,7.809233599219472e-13,10,b_scan
0.185929648241206,3.507671144213768,0.6131136824044239,1.6896476359301658e-10,2.9532663390871487e-11,5.926728256441253e-10,8.79941314602445e-13,10,b_scan
0.1959798994974875,3.556989527733933,0.6316752245077418,1.9046307507342032e-10,3.382262230242014e-11,6.774751634561581e-10,9.923193315767109e-13,10,b_scan
0.2060301507537689,3.581123600212522,0.6420229431497502,2.273994866444911e-10,4.07667765386744e-11,8.143456682987991e-10,1.1865891903320302e-12,10,b_scan
0.2160804020100502,3.617663028893844,0.6593687630002009,2.5200209839745317e-10,4.592945055946253e-11,9.116586745761351e-10,1.2937477472861809e-12,10,b_scan
0.2261306532663316,3.7167482409586174,0.7048469037265632,2.8678407269003256e-10,5.4384610767464256e-11,1.0659041977056275e-09,1.4159439298009092e-12,10,b_scan
0.2361809045226131,3.783148813292766,0.7353221042060968,3.1003664091587564e-10,6.025979679448386e-11,1.1729147501581703e-09,1.5123629944442874e-12,10,b_scan
0.2462311557788945,3.865629846149085,0.7743578033494413,3.4696988268386207e-10,6.950307700152809e-11,1.341257134217584e-09,1.7450930133981617e-12,10,b_scan
0.256281407035176,3.894698712380578,0.7897000542213605,3.746228722876132e-10,7.595799884652884e-11,1.459043218326881e-09,1.91255719949332e-12,10,b_scan
0.2663316582914572,3.9306234677557255,0.8072008772542837,4.185499769237393e-10,8.595268487772318e-11,1.6451623617250675e-09,2.058024938275517e-12,10,b_scan
0.2763819095477386,3.949310684708335,0.8141796865440463,4.498166331579188e-10,9.273146129148056e-11,1.776465635490098e-09,2.1335072823473978e-12,10,b_scan
0.2864321608040201,3.956746669188092,0.8172835631145557,5.010766639944434e-10,1.034978669081795e-10,1.9826334212678943e-09,2.374014080975863e-12,10,b_scan
0.2964824120603015,3.9653517533772327,0.8219061292923231,5.364419939832313e-10,1.1118761243474068e-10,2.127181201426585e-09,2.4789583026601244e-12,10,b_scan
0.306532663316583,3.990768525662967,0.8259644043414558,5.906507252638746e-10,1.222442401873839e-10,2.357150324043075e-09,2.7953034393361798e-12,10,b_scan
0.3165829145728642,4.010441328620185,0.8318932888133501,6.277896621917379e-10,1.3022143424877848e-10,2.517713606934251e-09,2.994496105039744e-12,10,b_scan
0.3266331658291457,4.028272885320037,0.839861774253776,6.886465285901075e-10,1.4357500229230162e-10,2.7740561386893e-09,3.155230325796695e-12,10,b_scan
0.3366834170854271,4.033894112280335,0.839578174292838,7.559834175166757e-10,1.5734142819388906e-10,3.049557056902085e-09,3.288024411590486e-12,10,b_scan
0.3467336683417086,4.035532127478663,0.8385410260915431,8.047290468485068e-10,1.6721212251358872e-10,3.2475099224724314e-09,3.372617501360944e-12,10,b_scan
0.35678391959799,4.044596706593671,0.84162225119198,8.818848618074415e-10,1.8350544750303736e-10,3.566868607661194e-09,3.529918740205077e-12,10,b_scan
0.3668341708542713,4.061271812186978,0.848649004057627,9.344781977387303e-10,1.9526766767079234e-10,3.795169963579594e-09,3.760786322561926e-12,10,b_scan
0.3768844221105527,4.09773052324731,0.865619565717788,1.017795128339417e-09,2.15000638576444e-10,4.170650163808843e-09,3.914818336198569e-12,10,b_scan
0.3869346733668342,4.126330101157521,0.8796938411558617,1.0769132316448804e-09,2.2958536351997635e-10,4.4436994840710914e-09,4.115897965792526e-12,10,b_scan
0.3969849246231156,4.174815690243598,0.9038246966978726,1.170572221495989e-09,2.534201079443594e-10,4.8869232768647605e-09,4.563067338880736e-12,10,b_scan
0.4070351758793971,4.205054206060027,0.9193762743834932,1.238174545954695e-09,2.7070699470478766e-10,5.206591082303254e-09,4.9389604423639044e-12,10,b_scan
0.4170854271356783,4.239807535263655,0.9383470325868526,1.3478669716059554e-09,2.9830469658568473e-10,5.714696542747933e-09,5.616944279224507e-12,10,b_scan
0.4271356783919597,4.2595152601523,0.9494485908865496,1.426350571945616e-09,3.1793120413385515e-10,6.075562027529312e-09,6.097029058765865e-12,10,b_scan
0.4371859296482412,4.2750255569206015,0.9589326096993164,1.5546423479094102e-09,3.4871884744458024e-10,6.646135769183781e-09,6.7450273378752064e-12,10,b_scan
0.4472361809045226,4.282000615811696,0.9635045660193527,1.645752291662326e-09,3.703112745309067e-10,7.047112326371591e-09,7.28662224663592e-12,10,b_scan
0.4572864321608041,4.289686318848625,0.9694316671281176,1.791417400387901e-09,4.0484024471825047e-10,7.68461871379135e-09,8.144483141664483e-12,10,b_scan
0.4673366834170853,4.293469357316752,0.9728359725404584,1.893974317767141e-09,4.2914155867491885e-10,8.131720696878124e-09,8.630986360566563e-12,10,b_scan
0.4773869346733668,4.298091498005896,0.9772917517867898,2.0581466322792044e-09,4.67972410781405e-10,8.846102541848721e-09,9.297329041436533e-12,10,b_scan
0.4874371859296482,4.299658108789072,0.978901315350394,2.174515861103003e-09,4.950657245053999e-10,9.349674754881978e-09,9.912468452488267e-12,10,b_scan
0.4974874371859297,4.295807558556503,0.9788627077801506,2.363542316783606e-09,5.38561859707779e-10,1.0153322949407164e-08,1.0824968304495832e-11,10,b_scan
0.5075376884422111,4.291397958233276,0.9778258925428012,2.497784357086991e-09,5.691319473621928e-10,1.0718986690110128e-08,1.138635087682906e-11,10,b_scan
0.5175879396984926,4.278799227805035,0.9721758291911308,2.7137858271120886e-09,6.165864156735621e-10,1.1611744701475452e-08,1.2047565916105076e-11,10,b_scan
0.5276381909547738,4.267383682750888,0.9666590463005684,2.8675188196866716e-09,6.495511793617835e-10,1.2236803021111993e-08,1.2658416655806949e-11,10,b_scan
0.5376884422110553,4.246789585219794,0.9570859980009924,3.112958978244647e-09,7.01550824135063e-10,1.322008176802582e-08,1.3528990404167571e-11,10,b_scan
0.5477386934673367,4.23507465552514,0.95057090860562,3.284518806457314e-09,7.37209152857051e-10,1.3910182352823054e-08,1.4185760670883727e-11,10,b_scan
0.5577889447236182,4.217232253933787,0.9399444866550845,3.5579048223068846e-09,7.92984233393312e-10,1.500451097305915e-08,1.5154304518681917e-11,10,b_scan
0.5678391959798996,4.19989519585595,0.9318204879592992,3.754664339278745e-09,8.33029714239288e-10,1.5769196720588458e-08,1.5796755094218057e-11,10,b_scan
0.5778894472361809,4.1724035810362565,0.9176737937838404,4.069897053903517e-09,8.951195681184561e-10,1.6981253042155946e-08,1.6798516775161944e-11,10,b_scan
0.5879396984924623,4.15028498048338,0.9055693936615532,4.296817657264863e-09,9.3753211475052e-10,1.7833017786822143e-08,1.7885486442551458e-11,10,b_scan
0.5979899497487438,4.111879062550698,0.8856273120022229,4.665976690194743e-09,1.0049595789646455e-09,1.9185931858761368e-08,1.9100261740810768e-11,10,b_scan
0.6080402010050252,4.086564528467011,0.8715476851811249,4.926977023324972e-09,1.0507723045608886e-09,2.0134409536091812e-08,2.00035356781968e-11,10,b_scan
0.6180904522613067,4.046146015507635,0.850463596378479,5.345245783030052e-09,1.1235102210643326e-09,2.162764492691604e-08,2.143762720922372e-11,10,b_scan
0.6281407035175879,4.017610210446535,0.8359618816632154,5.645090142779295e-09,1.1745852896560735e-09,2.2679771796521185e-08,2.2643466183810608e-11,10,b_scan
0.6381909547738693,3.974545609459037,0.8142727648544856,6.11970192152968e-09,1.2537403382688687e-09,2.432303440341382e-08,2.4134839187260608e-11,10,b_scan
0.6482412060301508,3.94617255926386,0.7994644589375195,6.4583446609380695e-09,1.308396359527103e-09,2.5485742479262072e-08,2.4726873538005097e-11,10,b_scan
0.6582914572864322,3.9021517835334816,0.7772499617408121,7.000289352709151e-09,1.3943363565809475e-09,2.7316191582924454e-08,2.608551438910943e-11,10,b_scan
0.6683417085427137,3.8715979536948,0.763281377763037,7.3841222286153085e-09,1.4557555273501839e-09,2.858835251013932e-08,2.6620641279252533e-11,10,b_scan
0.6783919597989949,3.827350717064141,0.7423411120093674,7.998919613533266e-09,1.551429528275443e-09,3.0614670718594966e-08,2.712679166890612e-11,10,b_scan
0.6884422110552764,3.800064528916306,0.7287411795625414,8.429378539667695e-09,1.6164912662572312e-09,3.2032182389399545e-08,2.8070828101037526e-11,10,b_scan
0.6984924623115578,3.76084101274952,0.7099143608134288,9.10925603465594e-09,1.71949003608274e-09,3.4258463690770126e-08,2.8550936934589435e-11,10,b_scan
0.7085427135678393,3.7344837063055865,0.6984211011962796,9.592401504083104e-09,1.793948882686693e-09,3.582266712133955e-08,2.899616988079084e-11,10,b_scan
0.7185929648241207,3.696252381437412,0.6822521965711573,1.035388974050424e-08,1.911097241578616e-09,3.827058961047918e-08,3.0602452805670456e-11,10,b_scan
0.728643216080402,3.671813141988001,0.6720550008489626,1.0889531728994398e-08,1.993101627661412e-09,3.998432571261696e-08,3.1433369515183254e-11,10,b_scan
0.7386934673366834,3.63509591170424,0.6569374009465969,1.1736530888175252e-08,2.1210158983002312e-09,4.266341544919638e-08,3.282568073891153e-11,10,b_scan
0.7487437185929648,3.610682061000072,0.6469179381311042,1.2334157801289825e-08,2.209863527574562e-09,4.4534722310661263e-08,3.421017369132399e-11,10,b_scan
0.7587939698492463,3.57423261834295,0.6326285846614237,1.3280926490780832e-08,2.3506628005852355e-09,4.746912066516382e-08,3.6220213551380856e-11,10,b_scan
0.7688442211055277,3.5497725996825764,0.62364737540623,1.3943518754905161e-08,2.4496665359475874e-09,4.9496320819322454e-08,3.723698590974357e-11,10,b_scan
0.778894472361809,3.5156395863498666,0.6100719482453223,1.4983519528455156e-08,2.6000798476238707e-09,5.2676654397083234e-08,3.855532008012942e-11,10,b_scan
0.7889447236180904,3.493895218342165,0.6018284433131653,1.5708649468774247e-08,2.705813444154703e-09,5.488437526556354e-08,3.9710767138269e-11,10,b_scan
0.7989949748743719,3.463079460311684,0.5897943162874703,1.6847951382890114e-08,2.8693360860340822e-09,5.8345794382416594e-08,4.160572073047913e-11,10,b_scan
0.8090452261306533,3.442564012878244,0.5815417516242078,1.764648753302845e-08,2.9809408286619663e-09,6.074916293490833e-08,4.289489773364544e-11,10,b_scan
0.8190954773869348,3.411704817514303,0.5695542816999232,1.8908271633112632e-08,3.1565442905260267e-09,6.45094414215594e-08,4.3955892734700337e-11,10,b_scan
0.829145728643216,3.390872764544893,0.562008260293156,1.9793391904179887e-08,3.2805594551449823e-09,6.711687352584698e-08,4.475735387473444e-11,10,b_scan
0.8391959798994975,3.3613198212859965,0.5506941463304752,2.1181964981880704e-08,3.470272029681723e-09,7.119935874738148e-08,4.581297782785529e-11,10,b_scan
0.8492462311557789,3.341598563318004,0.5431936186378173,2.2158040801885133e-08,3.601874186478365e-09,7.404327730952108e-08,4.622338252314415e-11,10,b_scan
0.8592964824120604,3.3124934409781512,0.5320295032894641,2.3695009971815304e-08,3.805700051467925e-09,7.848956511555008e-08,4.708379844588458e-11,10,b_scan
0.8693467336683418,3.294592721013368,0.5250485480628916,2.476017767813605e-08,3.9459216800667655e-09,8.15747011493847e-08,4.8506817104151455e-11,10,b_scan
0.879396984924623,3.268507958142721,0.5148675405910466,2.6437250142730148e-08,4.164464835901e-09,8.641036248292328e-08,5.098936658791152e-11,10,b_scan
0.8894472361809045,3.2508890969208144,0.5075452392111538,2.7603108345388283e-08,4.309506353187465e-09,8.97346439611467e-08,5.267121063069735e-11,10,b_scan
0.8994974874371859,3.2253612828093736,0.4972164134612239,2.9440250690249363e-08,4.538429433297895e-09,9.495544473253225e-08,5.4452903113382046e-11,10,b_scan
0.9095477386934674,3.2094253005552944,0.4908243236040699,3.071606698211716e-08,4.6974423514620345e-09,9.858092250595792e-08,5.558499953164644e-11,10,b_scan
0.9195979899497488,3.186195012378085,0.4812790787169767,3.2717043927740964e-08,4.94192100011485e-09,1.0424288218232297e-07,5.7426183515538245e-11,10,b_scan
0.92964824120603,3.170164113570141,0.475563586289882,3.412817769713518e-08,5.119612435874916e-09,1.0819192419700281e-07,5.892301939066482e-11,10,b_scan
0.9396984924623116,3.1470967087932418,0.4671087264077824,3.631384771473654e-08,5.389860700916711e-09,1.1428319062666637e-07,5.890659640328138e-11,10,b_scan
0.949748743718593,3.1328912881902737,0.4616464906353036,3.7835422892440064e-08,5.575196906436631e-09,1.185342667647203e-07,6.038526343973739e-11,10,b_scan
0.9597989949748744,3.112530738396216,0.4537947763965408,4.021151071685221e-08,5.8626467028407715e-09,1.2515956314355133e-07,6.203388123285003e-11,10,b_scan
0.969849246231156,3.1006454202720724,0.4489335412992843,4.184398966518871e-08,6.058435248042647e-09,1.2974337492127928e-07,6.456520685554191e-11,10,b_scan
0.9798994974874372,3.082134323354701,0.4417325936684819,4.440552582051583e-08,6.364183334999308e-09,1.3686379527802525e-07,6.269602442665354e-11,10,b_scan
0.9899497487437184,3.0647062765432858,0.4351583927426075,4.703859313159908e-08,6.678989051043608e-09,1.441594716101776e-07,6.36361196018025e-11,10,b_scan
1.0,3.0571535969858283,0.4322880682517442,4.822574673509871e-08,6.8191917793810794e-09,1.4743351509853458e-07,6.399394468777829e-11,10,b_scan
-0.4974874371859297,1.6127212183645,0.0017125919963086,-9.55374918565723e-07,6.332461992341528e-10,-1.5407534026641976e-06,1.278316541328971e-09,110,b_scan
-0.4874371859296482,1.6192312301983742,0.0017431723569354,-9.267802396067388e-07,6.28904311274511e-10,-1.5006715075019635e-06,1.2541700956670194e-09,110,b_scan
-0.4773869346733668,1.6262826465480245,0.0017639990445393,-8.969339885124138e-07,6.125350398290997e-10,-1.4586681806168438e-06,1.2292283809967019e-09,110,b_scan
-0.4673366834170854,1.6335430579649268,0.0017882554197345,-8.675096317467786e-07,5.976250827802003e-10,-1.4171143366576604e-06,1.205638502706086e-09,110,b_scan
-0.457286432160804,1.6408560893169766,0.0018126655794499,-8.385957572611951e-07,5.842425700011826e-10,-1.376014954777413e-06,1.1796862413977699e-09,110,b_scan
-0.4472361809045225,1.6483649561402864,0.0018328763467543,-8.099655018472031e-07,5.686218203974672e-10,-1.33511874892751e-06,1.151266128776823e-09,110,b_scan
-0.4371859296482412,1.6560572647031986,0.0018620819057649,-7.818092473131457e-07,5.568831418769764e-10,-1.2947208836250746e-06,1.1264208676383463e-09,110,b_scan
-0.4271356783919597,1.6639221930169668,0.0018988971560949,-7.540359224881392e-07,5.483026965148303e-10,-1.2546571057600365e-06,1.1035418873912242e-09,110,b_scan
-0.4170854271356784,1.6720079879300405,0.0019309200801847,-7.267078042471978e-07,5.360972163713374e-10,-1.2150612535924148e-06,1.079607485236901e-09,110,b_scan
-0.4070351758793969,1.6803095848388176,0.0019606677883519,-6.998290460832729e-07,5.232571242705072e-10,-1.17592945388233e-06,1.0534204299804751e-09,110,b_scan
-0.3969849246231155,1.6888657849512931,0.0019856973269206,-6.732589210801709e-07,5.072744098658603e-10,-1.1370439562255234e-06,1.0263061402266414e-09,110,b_scan
-0.3869346733668342,1.6976391743256063,0.0020177562426373,-6.471655692700845e-07,4.944524124413757e-10,-1.0986536226676272e-06,1.0002883075608483e-09,110,b_scan
-0.3768844221105527,1.7066372377087748,0.0020406482759586,-6.214319325499441e-07,4.76280870951691e-10,-1.0605588767910622e-06,9.73361074059307e-10,110,b_scan
-0.3668341708542714,1.7244228393396086,0.0032133957485257,-5.932430189075973e-07,9.561031392580527e-10,-1.02300181108304e-06,9.56961723665553e-10,110,b_scan
-0.3567839195979899,1.7355229381803758,0.0021784422045441,-5.664220319270431e-07,4.553767924394058e-10,-9.830384291001205e-07,9.476033127823475e-10,110,b_scan
-0.3467336683417085,1.737358234555575,0.0021624027787859,-5.419712441440344e-07,4.375100746686576e-10,-9.41598203905968e-07,8.920317761131554e-10,110,b_scan
-0.3366834170854271,1.7476525941278045,0.0021914010748242,-5.180758672236716e-07,4.207089773157703e-10,-9.054166333084616e-07,8.65064270350083e-10,110,b_scan
-0.3266331658291457,1.7583733680770983,0.0022395193951177,-4.945096015347346e-07,4.1014077712444014e-10,-8.695325135970951e-07,8.404609919278486e-10,110,b_scan
-0.3165829145728643,1.7695233845421874,0.0022810171149497,-4.7130233150041174e-07,3.978227332377375e-10,-8.339804967792326e-07,8.12511377118779e-10,110,b_scan
-0.3065326633165829,1.7810180734601098,0.002315923472731,-4.486590849597689e-07,3.8156816010904896e-10,-7.990699391354233e-07,7.860134947557442e-10,110,b_scan
-0.2964824120603014,1.793017617116729,0.0023666449241148,-4.2631869076257474e-07,3.702784469645918e-10,-7.643969230434354e-07,7.59727439527101e-10,110,b_scan
-0.2864321608040201,1.805510783020316,0.0024032854374185,-4.045138274188015e-07,3.5198236344356843e-10,-7.30354077285465e-07,7.356826538066164e-10,110,b_scan
-0.2763819095477386,1.8186057986674016,0.0024561287523232,-3.830591700866707e-07,3.3959158169291396e-10,-6.966336279523417e-07,7.0977168361393e-10,110,b_scan
-0.2663316582914573,1.8323619494823444,0.0025024874132941,-3.61977782280385e-07,3.2341868895919634e-10,-6.63274314808582e-07,6.850958321845146e-10,110,b_scan
-0.2562814070351759,1.846601920068802,0.0025553296572352,-3.414736441819801e-07,3.105819258865836e-10,-6.305658869993353e-07,6.576209778063202e-10,110,b_scan
-0.2462311557788944,1.861648989268742,0.0026221100783722,-3.212906645842052e-07,2.9907134882193035e-10,-5.98130440984668e-07,6.322576634891002e-10,110,b_scan
-0.2361809045226131,1.8773511967060623,0.0026716845673304,-3.016735777736098e-07,2.8255396790138176e-10,-5.663472522478858e-07,6.068096331052753e-10,110,b_scan
-0.2261306532663316,1.893995204802609,0.0027393666680289,-2.824367408286212e-07,2.6931341544486837e-10,-5.349338327894857e-07,5.817459806298206e-10,110,b_scan
-0.2160804020100502,1.9115071657276743,0.0027987793018753,-2.636441177583322e-07,2.541128090340438e-10,-5.039576202970029e-07,5.554525685749784e-10,110,b_scan
-0.2060301507537688,1.9298837626898635,0.002835586243797,-2.4542121577586984e-07,2.338722633760571e-10,-4.736344193454566e-07,5.296994132284171e-10,110,b_scan
-0.1959798994974874,1.94948640480306,0.0029084522062288,-2.2758339797077265e-07,2.2097256819699474e-10,-4.4367074030290553e-07,5.025515258410593e-10,110,b_scan
-0.185929648241206,1.9699088812628545,0.0029969715600124,-2.103730074309133e-07,2.0920018635178195e-10,-4.144156557161325e-07,4.771547645420886e-10,110,b_scan
-0.1758793969849246,1.9918592815952096,0.0030591699718496,-1.9359192935917525e-07,1.9329015919855357e-10,-3.8560788133599734e-07,4.5000763280966574e-10,110,b_scan
-0.1658291457286431,2.0151864033874305,0.0031383875628399,-1.7731495934396105e-07,1.7867970741030644e-10,-3.573226951871453e-07,4.2428869183515374e-10,110,b_scan
-0.1557788944723618,2.039754347067772,0.0032290475393957,-1.6167692451427302e-07,1.6510136780135058e-10,-3.297812095985364e-07,3.98920709693193e-10,110,b_scan
-0.1457286432160803,2.066109474953243,0.0033262798429851,-1.4652465309370954e-07,1.522938458679799e-10,-3.027359740711502e-07,3.7220017196736766e-10,110,b_scan
-0.135678391959799,2.093757707608227,0.0034304626407967,-1.3204894259782216e-07,1.390455640097192e-10,-2.764784913457065e-07,3.4704992677090475e-10,110,b_scan
-0.1256281407035175,2.12378506444567,0.0035627952501555,-1.180754688218355e-07,1.2807112561660455e-10,-2.507669171612346e-07,3.2091900721285235e-10,110,b_scan
-0.1155778894472361,2.1555873839765733,0.0036817842727849,-1.0477683174824477e-07,1.1501850306760983e-10,-2.258556166495525e-07,2.9554132819993776e-10,110,b_scan
-0.1055276381909547,2.188975616142528,0.0038070436929995,-9.21696871582331e-08,1.0257000860259948e-10,-2.017571977368573e-07,2.6965891199216145e-10,110,b_scan
-0.0954773869346733,2.224725019799245,0.0039385354255201,-8.017047334162328e-08,9.011030937902396e-11,-1.7835725789225772e-07,2.4395134868775017e-10,110,b_scan
-0.085427135678392,2.2626100084368668,0.004097319057515,-6.890712783966857e-08,7.905543760817092e-11,-1.559099571026727e-07,2.1844382611918848e-10,110,b_scan
-0.0753768844221105,2.3026771021233663,0.0042880116318696,-5.827487072579225e-08,6.910663903459502e-11,-1.3418821044948108e-07,1.9266351718013046e-10,110,b_scan
-0.0653266331658291,2.344672618623634,0.0044984012956536,-4.837681174020749e-08,5.920171270352841e-11,-1.134277858635749e-07,1.6760039648635508e-10,110,b_scan
-0.0552763819095477,2.3883804223183414,0.0046505690053459,-3.920308218969915e-08,4.763846781569013e-11,-9.363187399641433e-08,1.4245611666438994e-10,110,b_scan
-0.0452261306532663,2.433789188358816,0.0047861223178249,-3.067872534645726e-08,3.697867118877315e-11,-7.466555006083725e-08,1.1601716587743652e-10,110,b_scan
-0.0351758793969849,2.479357945678895,0.0049979821182535,-2.287762053972038e-08,2.7781137178933733e-11,-5.6721810263382416e-08,9.126724187014912e-11,110,b_scan
-0.0251256281407035,2.5302049745414,0.0050337134486088,-1.5628302123781424e-08,1.7375449173938336e-11,-3.954280777722769e-08,6.52375011123611e-11,110,b_scan
-0.015075376884422,2.5999481846282304,0.0056387788019405,-8.91839335063583e-09,1.175753915590312e-11,-2.3187360601786108e-08,3.993125170204755e-11,110,b_scan
-0.0050251256281407,2.852409422263829,0.0079927448587236,-2.630879938228407e-09,5.327789784957585e-12,-7.504346724647589e-09,1.453357534011276e-11,110,b_scan
0.0050251256281406,2.272559671899604,0.0061920469662741,3.433833980988788e-09,7.805398095179047e-12,7.803592625193591e-09,1.1723794277163954e-11,110,b_scan
0.015075376884422,2.4266428083506915,0.0055200006889448,9.45720154083848e-09,1.5255876191906505e-11,2.2949250106198777e-08,3.680639111473693e-11,110,b_scan
0.0251256281407035,2.445572621998968,0.0054866771981293,1.5634392745450442e-08,2.407767684513892e-11,3.823504285985286e-08,6.237840987435661e-11,110,b_scan
0.0351758793969849,2.435508126415525,0.0054996729542352,2.2101949426469715e-08,3.476859747839323e-11,5.382947743779195e-08,8.720484264207567e-11,110,b_scan
0.0452261306532664,2.412403296758069,0.0054177574368456,2.8998876291429852e-08,4.560105486515657e-11,6.995698476772479e-08,1.1216688308901676e-10,110,b_scan
0.0552763819095476,2.381977048901809,0.0052935003302328,3.641415058617273e-08,5.708415569641175e-11,8.67376709515178e-08,1.3662749373043666e-10,110,b_scan
0.0653266331658291,2.3484550934402426,0.0051593961960064,4.43927093670916e-08,6.951006431337091e-11,1.0425428442475865e-07,1.6065931917614906e-10,110,b_scan
0.0753768844221105,2.313926090885481,0.0049618208152826,5.29698528631015e-08,8.037457067565642e-11,1.2256832457029556e-07,1.8571247973562512e-10,110,b_scan
0.085427135678392,2.278675590923037,0.0048491437155929,6.217231681390083e-08,9.491271463057648e-11,1.4167054075496978e-07,2.1003975348783983e-10,110,b_scan
0.0954773869346734,2.244459755739824,0.0046962159527766,7.195563967570187e-08,1.0827169896267616e-10,1.6150153745062862e-07,2.3480806244547736e-10,110,b_scan
0.1055276381909549,2.211462144285788,0.0045207254413113,8.233758779101576e-08,1.2131684755283915e-10,1.82086458451639e-07,2.580187459499425e-10,110,b_scan
0.1155778894472361,2.179954064077158,0.004377792203291,9.33085779288238e-08,1.3543925171905062e-10,2.034084136691997e-07,2.8228903404612195e-10,110,b_scan
0.1256281407035175,2.149784763102899,0.0041975410416385,1.0486486460529805e-07,1.4692548971897172e-10,2.2543688811331818e-07,3.065734258074577e-10,110,b_scan
0.135678391959799,2.1208593345365494,0.0040709922529261,1.170053789814272e-07,1.6150502847191806e-10,2.481519502037464e-07,3.3100140962011846e-10,110,b_scan
0.1457286432160804,2.0936604904647926,0.003909623887181,1.2964734482508545e-07,1.7274603389737534e-10,2.714375235539465e-07,3.55124313856266e-10,110,b_scan
0.1557788944723619,2.067813467395572,0.0037648474558754,1.4283565543599085e-07,1.8412896874466034e-10,2.953574919348154e-07,3.797546367114199e-10,110,b_scan
0.1658291457286431,2.043256677918277,0.0036513381873951,1.5656080448709164e-07,1.978144352690072e-10,3.198939092685079e-07,4.0425862708167367e-10,110,b_scan
0.1758793969849246,2.019880665774324,0.003536596184398,1.707923380694517e-07,2.111304286504124e-10,3.449801415288774e-07,4.277590086119592e-10,110,b_scan
0.185929648241206,1.9976029836617533,0.0034107473193105,1.8555670510284985e-07,2.2142833572646727e-10,3.70668627751897e-07,4.5265195570077455e-10,110,b_scan
0.1959798994974875,1.9765955851858164,0.0033176474175192,2.007670598870205e-07,2.3529863196659187e-10,3.9683528422342113e-07,4.768082089138276e-10,110,b_scan
0.2060301507537689,1.9565891078774007,0.0032278109099367,2.164631839292793e-07,2.4929296504782867e-10,4.235295079324904e-07,5.002711058541604e-10,110,b_scan
0.2160804020100502,1.9374452890766467,0.0031478795913928,2.326138206339464e-07,2.638599395664014e-10,4.506765509613595e-07,5.242479373974742e-10,110,b_scan
0.2261306532663316,1.9191263592320595,0.0030569473373891,2.493195319235484e-07,2.7597824732264205e-10,4.784756855858806e-07,5.480577664193425e-10,110,b_scan
0.2361809045226131,1.90164951282885,0.0029706182115809,2.66449387608442e-07,2.8710003051958187e-10,5.06693348139139e-07,5.730852266864625e-10,110,b_scan
0.2462311557788945,1.885166328250448,0.0029028180154207,2.839488513900186e-07,3.0112637254913225e-10,5.352908135858534e-07,5.976103450337504e-10,110,b_scan
0.256281407035176,1.869232304555704,0.0028313736192505,3.02009341220952e-07,3.137584247248871e-10,5.645256168877902e-07,6.222786761790436e-10,110,b_scan
0.2663316582914572,1.854100344002812,0.0027711257762649,3.204117062924403e-07,3.283637660885152e-10,5.940754548593414e-07,6.463028733691505e-10,110,b_scan
0.2763819095477386,1.83951374594052,0.0027060626860329,3.392948673745936e-07,3.41155993792989e-10,6.241375724626305e-07,6.702031615063057e-10,110,b_scan
0.2864321608040201,1.8255037074822609,0.0026295806349418,3.5867102210670775e-07,3.501332418768457e-10,6.54755280622247e-07,6.935434259808487e-10,110,b_scan
0.2964824120603015,1.812167931526836,0.0025720773225563,3.7835307025146827e-07,3.62489020450144e-10,6.85639300704431e-07,7.179983905619815e-10,110,b_scan
0.306532663316583,1.7992885040029336,0.0025317689496131,3.985056910659385e-07,3.7988566539144445e-10,7.170267087146876e-07,7.421073892611693e-10,110,b_scan
0.3165829145728642,1.7869085442039705,0.0024812025447722,4.190861896708735e-07,3.930940851120608e-10,7.488686930807695e-07,7.667230018933531e-10,110,b_scan
0.3266331658291457,1.7866161172021928,0.002728137737744,4.4080582849186493e-07,4.992167039812015e-10,7.875507977402314e-07,8.066568797852161e-10,110,b_scan
0.3366834170854271,1.7612037533789908,0.0023759706059922,4.6583200997322134e-07,4.2183627132251166e-10,8.204250844089169e-07,8.203986568947885e-10,110,b_scan
0.3467336683417086,1.750253830153594,0.0023224220599853,4.877097125770293e-07,4.3226570537229103e-10,8.53615792441054e-07,8.429300375287011e-10,110,b_scan
0.35678391959799,1.7396175189730785,0.0022831547664941,5.100151744823737e-07,4.465778735025969e-10,8.872313324716486e-07,8.674067993217805e-10,110,b_scan
0.3668341708542713,1.729364758061684,0.002242133774768,5.327099914999977e-07,4.6010448102238954e-10,9.212498855674352e-07,8.90779482423237e-10,110,b_scan
0.3768844221105527,1.719379486589543,0.0022020315587569,5.558187468488679e-07,4.725234197556161e-10,9.5566335159385e-07,9.153881292912607e-10,110,b_scan
0.3869346733668342,1.7096550085812736,0.0021506507352222,5.793232522401499e-07,4.801891811303351e-10,9.904428997799648e-07,9.37203181508001e-10,110,b_scan
0.3969849246231156,1.7003178219494035,0.0021188664396749,6.032080383688147e-07,4.926428391844881e-10,1.025645377981635e-06,9.653637843928888e-10,110,b_scan
0.4070351758793971,1.6912796688266254,0.0020820103305935,6.274863604834413e-07,5.052895826773083e-10,1.061254923951659e-06,9.881549357665674e-10,110,b_scan
0.4170854271356783,1.682543452621544,0.0020428406127056,6.521682959971701e-07,5.160908538348093e-10,1.0973014964373877e-06,1.0104135225354171e-09,110,b_scan
0.4271356783919597,1.6740238404473844,0.0020103318279077,6.772680742882413e-07,5.289933548930714e-10,1.133762902732406e-06,1.0342046693194023e-09,110,b_scan
0.4371859296482412,1.6657154228971556,0.0019709220302867,7.027606802318569e-07,5.355842477006343e-10,1.1705993036679005e-06,1.0595126303874172e-09,110,b_scan
0.4472361809045226,1.6577025239902905,0.0019512556984052,7.286070584495404e-07,5.531547147114595e-10,1.207813759788944e-06,1.0864623958007015e-09,110,b_scan
0.4572864321608041,1.649881261189367,0.0019215185405853,7.548456347283577e-07,5.671903979181802e-10,1.245405667828911e-06,1.1081918577362803e-09,110,b_scan
0.4673366834170853,1.6422687592277678,0.0018937004739251,7.81493823149509e-07,5.77613520191277e-10,1.2834228912879088e-06,1.1359196645513503e-09,110,b_scan
0.4773869346733668,1.634858050850578,0.0018612324733727,8.08512845830334e-07,5.872668189759581e-10,1.3218037352218336e-06,1.158760748035352e-09,110,b_scan
0.4874371859296482,1.6276318883868617,0.0018368866211231,8.359060771822411e-07,6.011418122314572e-10,1.3605473869181849e-06,1.1833476705528487e-09,110,b_scan
0.4974874371859297,1.6209561878758316,0.0017987241191769,8.62228644463192e-07,6.02806435852691e-10,1.3976348566064017e-06,1.2043908601245148e-09,110,b_scan
-0.4974874371859297,1.4656061162144507,0.0111102389659176,-1.036425053067913e-06,7.343497337289943e-09,-1.51899089677422e-06,4.093708383517482e-09,120,b_scan
-0.4874371859296482,1.4699780199877488,0.0112882826522983,-1.007222248204937e-06,7.227384312982341e-09,-1.4805945661039022e-06,4.049833199698423e-09,120,b_scan
-0.4773869346733668,1.4746604470400737,0.0114783534808885,-9.766932999314468e-07,7.1019470578822605e-09,-1.4402909782979522e-06,3.9999787895570285e-09,120,b_scan
-0.4673366834170854,1.479443148123105,0.0116643076830996,-9.4656950386388e-07,6.969283307840998e-09,-1.4003957667137043e-06,3.949142260440268e-09,120,b_scan
-0.457286432160804,1.4842878620882034,0.0118735714508891,-9.168732692765472e-07,6.848525905782001e-09,-1.360903864660308e-06,3.8969515505649325e-09,120,b_scan
-0.4472361809045225,1.4892920866848556,0.0120825220659986,-8.873945263345644e-07,6.7217620527417745e-09,-1.3215896458375225e-06,3.840189629744386e-09,120,b_scan
-0.4371859296482412,1.4944241988909912,0.0122982142071255,-8.583546128511115e-07,6.593569687628936e-09,-1.2827459046744092e-06,3.78691571714781e-09,120,b_scan
-0.4271356783919597,1.4997070386391842,0.0125277700806471,-8.295904926152974e-07,6.46750210409556e-09,-1.2441427009633098e-06,3.732989477807557e-09,120,b_scan
-0.4170854271356784,1.50515507073612,0.0127472222954794,-8.012268135231516e-07,6.331536423484624e-09,-1.2059706011841153e-06,3.673423059355264e-09,120,b_scan
-0.4070351758793969,1.5107458882363127,0.012975118466813,-7.732813327062742e-07,6.195259991015115e-09,-1.1682315938358998e-06,3.615231195485693e-09,120,b_scan
-0.3969849246231155,1.51654678974733,0.0132288961352272,-7.455611264514116e-07,6.067417180559578e-09,-1.1306783328802917e-06,3.551026416329544e-09,120,b_scan
-0.3869346733668342,1.522503533004251,0.0134759345376628,-7.182730678840617e-07,5.9302592764358684e-09,-1.093573283515286e-06,3.4886725688807438e-09,120,b_scan
-0.3768844221105527,1.5286799084668965,0.0137229889579387,-6.913048105237734e-07,5.787041032190737e-09,-1.0567837744742072e-06,3.426021018153705e-09,120,b_scan
-0.3668341708542714,1.5380233044484717,0.0149542210496383,-6.634266918336221e-07,6.06878823982567e-09,-1.0203657128332652e-06,3.3622062058828607e-09,120,b_scan
-0.3567839195979899,1.5367137476297152,0.0151379489649222,-6.363973005869828e-07,5.9259540730867795e-09,-9.779604807664568e-07,3.1433872592004874e-09,120,b_scan
-0.3467336683417085,1.5497639028014625,0.0146030651270325,-6.075520851070427e-07,5.336859712373689e-09,-9.415622905706568e-07,3.210487206066883e-09,120,b_scan
-0.3366834170854271,1.556982369272434,0.0149036429246171,-5.82205559682517e-07,5.194523078633629e-09,-9.064837917180688e-07,3.142904431871646e-09,120,b_scan
-0.3266331658291457,1.5643922557831946,0.0152211240010326,-5.571835155915107e-07,5.0526990568948364e-09,-8.716535768414142e-07,3.073610401689002e-09,120,b_scan
-0.3165829145728643,1.5722469855503056,0.0155414961328229,-5.324375705462371e-07,4.9043899258404505e-09,-8.371233652850495e-07,3.0025675705229502e-09,120,b_scan
-0.3065326633165829,1.5802180146473943,0.0158772927223859,-5.082822840815924e-07,4.757837012044268e-09,-8.031968218318569e-07,2.932683184571665e-09,120,b_scan
-0.2964824120603014,1.5886363344314078,0.0162237515004348,-4.843596015436344e-07,4.607635044744711e-09,-7.694712619429366e-07,2.858304694967416e-09,120,b_scan
-0.2864321608040201,1.597374918032881,0.0166030087902266,-4.609633622621268e-07,4.463120728239697e-09,-7.363313130096258e-07,2.7834536644470116e-09,120,b_scan
-0.2763819095477386,1.606560138170296,0.0169843892362803,-4.378842186540118e-07,4.311563471417529e-09,-7.034873308233812e-07,2.707677992998229e-09,120,b_scan
-0.2663316582914573,1.616209434793158,0.0173787771851806,-4.1515444547180914e-07,4.156967889088698e-09,-6.709765316678595e-07,2.6297888433702958e-09,120,b_scan
-0.2562814070351759,1.626295044893649,0.0177997429426405,-3.929695794688642e-07,4.0044158749932515e-09,-6.390844798841549e-07,2.552602126909429e-09,120,b_scan
-0.2462311557788944,1.6368862923889829,0.0182369822119689,-3.710981135568864e-07,3.848605816727583e-09,-6.074454152126775e-07,2.4729122742170353e-09,120,b_scan
-0.2361809045226131,1.6479215769724087,0.0187171762973439,-3.497745038967421e-07,3.6980445220548734e-09,-5.764009520462612e-07,2.39218986372047e-09,120,b_scan
-0.2261306532663316,1.6596722275723197,0.0192042946641626,-3.288031024188216e-07,3.5405315436540553e-09,-5.457053774241351e-07,2.311544717278144e-09,120,b_scan
-0.2160804020100502,1.6719908007081756,0.0197258387609795,-3.082599210552038e-07,3.383702489435256e-09,-5.154077522313292e-07,2.2287238470951147e-09,120,b_scan
-0.2060301507537688,1.684977554595655,0.0202850844645129,-2.88259212435492e-07,3.228434399080286e-09,-4.857103028592247e-07,2.144713058649134e-09,120,b_scan
-0.1959798994974874,1.698776540153606,0.0208639315039536,-2.68630609009147e-07,3.0683950238232193e-09,-4.563433765519149e-07,2.0596646599633844e-09,120,b_scan
-0.185929648241206,1.7133314879439976,0.0215012009240996,-2.495880744212537e-07,2.9124081178936278e-09,-4.276271069212437e-07,1.9746916583986882e-09,120,b_scan
-0.1758793969849246,1.728776453730971,0.0221762115565451,-2.3097405204060855e-07,2.754267592408799e-09,-3.9930250259063603e-07,1.887910046538537e-09,120,b_scan
-0.1658291457286431,1.7451720691817696,0.0229163715457187,-2.1284110400652025e-07,2.597395731518729e-09,-3.714443498859912e-07,1.800902079433329e-09,120,b_scan
-0.1557788944723618,1.7626192235863227,0.023682967732606,-1.953057072188309e-07,2.43778208441929e-09,-3.4424959402003337e-07,1.7121061712153687e-09,120,b_scan
-0.1457286432160803,1.781178820053988,0.0244997103133804,-1.78235635098866e-07,2.276336407802036e-09,-3.174695382169713e-07,1.621351725076011e-09,120,b_scan
-0.135678391959799,1.8008773043721955,0.0253922324214753,-1.618131765908769e-07,2.1175801984782566e-09,-2.914056772708805e-07,1.52951654233563e-09,120,b_scan
-0.1256281407035175,1.82214795972332,0.0263595561615964,-1.458580165856649e-07,1.957381745594091e-09,-2.6577488733085946e-07,1.4356906157476586e-09,120,b_scan
-0.1155778894472361,1.8446688350426343,0.027403889221702,-1.3055946123247672e-07,1.798190401565039e-09,-2.408389692555068e-07,1.3408923189601094e-09,120,b_scan
-0.1055276381909547,1.868755742844152,0.0285333620416408,-1.1590423674379781e-07,1.6396528343856095e-09,-2.165967080349403e-07,1.2443410667705534e-09,120,b_scan
-0.0954773869346733,1.894503287166321,0.0297990522265648,-1.0182391459787317e-07,1.4833219573898362e-09,-1.9290574091781346e-07,1.1444302384858858e-09,120,b_scan
-0.085427135678392,1.9216095044554389,0.0311066142506457,-8.847498786003156e-08,1.3255176323921302e-09,-1.7001437757841616e-07,1.042359112711219e-09,120,b_scan
-0.0753768844221105,1.950394055365455,0.0325963474013995,-7.57157650549653e-08,1.1707503633153867e-09,-1.476755780606518e-07,9.36632034315101e-10,120,b_scan
-0.0653266331658291,1.980019050899948,0.0340694777604767,-6.369513371717183e-08,1.013195538233518e-09,-1.2611757820961982e-07,8.273672094252056e-10,120,b_scan
-0.0552763819095477,2.010127980640368,0.0357022569055335,-5.238477182062018e-08,8.599641741863171e-10,-1.053000955960897e-07,7.13906643407495e-10,120,b_scan
-0.0452261306532663,2.040003112685409,0.037366581027049,-4.1694700588854884e-08,7.05841234121095e-10,-8.50573189837501e-08,5.949480031013819e-10,120,b_scan
-0.0351758793969849,2.067100417787217,0.0388152680052101,-3.1704013204098126e-08,5.499036023309634e-10,-6.553537893972267e-08,4.714608561994314e-10,120,b_scan
-0.0251256281407035,2.090484542193952,0.0401305526802307,-2.2197967195995745e-08,3.9357005165385575e-10,-4.640450729135753e-08,3.4151624468237267e-10,120,b_scan
-0.015075376884422,2.106926537399545,0.0409295581457056,-1.3132898105834773e-08,2.354256805109304e-10,-2.767005153214749e-08,2.0710221728983002e-10,120,b_scan
-0.0050251256281407,2.115275358631548,0.040778827077734,-4.326934922232342e-09,7.656527995480924e-11,-9.152658819400386e-09,7.002645301902374e-11,120,b_scan
0.0050251256281406,2.10608929913426,0.0422487242674217,4.517338545131965e-09,8.456295856651441e-11,9.513918370469156e-09,6.859893543507842e-11,120,b_scan
0.015075376884422,2.094711435224529,0.0410494068354253,1.3607453340701953e-08,2.4798708791244015e-10,2.85036881170526e-08,2.0535121783431088e-10,120,b_scan
0.0251256281407035,2.072913828242726,0.0396251006363557,2.319525202099156e-08,4.122008046950726e-10,4.808175866388847e-08,3.3863633926576545e-10,120,b_scan
0.0351758793969849,2.044764301962517,0.0380307426667619,3.34311161008487e-08,5.78391224035658e-10,6.835875277777974e-08,4.666547798971876e-10,120,b_scan
0.0452261306532664,2.0130289499093528,0.0362956214633627,4.445019126878561e-08,7.461102987455554e-10,8.947952185307339e-08,5.891187481058091e-10,120,b_scan
0.0552763819095476,1.9797038821606696,0.0345137273376414,5.632162881932205e-08,9.148150020860751e-10,1.1150014722322413e-07,7.061724338855756e-10,120,b_scan
0.0653266331658291,1.9466883563837327,0.0327163489222834,6.906365866254928e-08,1.0819442797591115e-09,1.344454201676452e-07,8.180924850087205e-10,120,b_scan
0.0753768844221105,1.9147004890723835,0.0311070990395104,8.269215593029319e-08,1.253394405233029e-09,1.583307114021822e-07,9.259563492510115e-10,120,b_scan
0.085427135678392,1.884293628937575,0.0295845242753089,9.718246704911821e-08,1.424472504767401e-09,1.831203035050892e-07,1.0303683484288163e-09,120,b_scan
0.0954773869346734,1.8559755939019205,0.0281802910259038,1.1244983976649061e-07,1.594940914204892e-09,2.087041581447883e-07,1.1309806777423287e-09,120,b_scan
0.1055276381909549,1.8296122617902053,0.0269335651535133,1.2850128786256634e-07,1.7681908424230983e-09,2.351075319291843e-07,1.2298822017249323e-09,120,b_scan
0.1155778894472361,1.805190675111108,0.0257980455226445,1.4529747164658365e-07,1.942054512048137e-09,2.6228964093363346e-07,1.326630783326811e-09,120,b_scan
0.1256281407035175,1.7825050804388487,0.0247378647027557,1.628167771975515e-07,2.1140741410145194e-09,2.902217325353156e-07,1.4220544464445584e-09,120,b_scan
0.135678391959799,1.7615045926952326,0.0237910205084285,1.8102024597149322e-07,2.288468851819567e-09,3.188679946496058e-07,1.5156291923554383e-09,120,b_scan
0.1457286432160804,1.7421465074899505,0.0229299628158254,1.997964950481964e-07,2.462341470169357e-09,3.480747660569484e-07,1.6082637872486551e-09,120,b_scan
0.1557788944723619,1.7241151517907385,0.0221265157168155,2.192032081327263e-07,2.6349713234090596e-09,3.779315724627722e-07,1.698728065338893e-09,120,b_scan
0.1658291457286431,1.7073745758872212,0.021391229840328,2.391990312311793e-07,2.808030327659559e-09,4.084023445009689e-07,1.7875580851565367e-09,120,b_scan
0.1758793969849246,1.6917973072855124,0.0207289122516331,2.597413420842152e-07,2.982746156694282e-09,4.394297031288005e-07,1.877492088339264e-09,120,b_scan
0.185929648241206,1.677169187347985,0.0200988591700423,2.808542027614892e-07,3.155083657582984e-09,4.71040015008753e-07,1.9655010057832086e-09,120,b_scan
0.1959798994974875,1.6635846369102705,0.0195188649649911,3.024229350453311e-07,3.326857845620098e-09,5.031061485907255e-07,2.052815355272252e-09,120,b_scan
0.2060301507537689,1.6507397950577387,0.0189938303786627,3.245001232766661e-07,3.5016086526472404e-09,5.356652669939347e-07,2.1395108260023767e-09,120,b_scan
0.2160804020100502,1.638746777512728,0.0184925330959093,3.470115707961532e-07,3.673104248244442e-09,5.68664093401826e-07,2.2243295692062303e-09,120,b_scan
0.2261306532663316,1.6273606695749467,0.0180176898630045,3.701127468897172e-07,3.844257410845114e-09,6.02306927596673e-07,2.309212570263195e-09,120,b_scan
0.2361809045226131,1.6166833919533037,0.017569163277987,3.936018876160091e-07,4.013397421346209e-09,6.363296347502725e-07,2.3919699075011798e-09,120,b_scan
0.2462311557788945,1.6066276474362944,0.017160209197638,4.174383847846631e-07,4.184142709464905e-09,6.706680500961898e-07,2.4745063137059642e-09,120,b_scan
0.256281407035176,1.5970170289956305,0.0167694925266448,4.418534193177892e-07,4.355098029448409e-09,7.056474349704561e-07,2.555131270019734e-09,120,b_scan
0.2663316582914572,1.5878659270978246,0.0163834342618096,4.665690440086818e-07,4.519037355452963e-09,7.408490876199912e-07,2.63461295081903e-09,120,b_scan
0.2763819095477386,1.5792070459326928,0.0160422091390068,4.917431522940037e-07,4.690718955775622e-09,7.765642508918439e-07,2.712556426248516e-09,120,b_scan
0.2864321608040201,1.5708850021927674,0.0156926270158527,5.174167025496228e-07,4.8534557959684625e-09,8.128021379192387e-07,2.792776983214073e-09,120,b_scan
0.2964824120603015,1.5630090776986008,0.0153742263077502,5.433372825934215e-07,5.018650750592593e-09,8.492411049456078e-07,2.871882426197261e-09,120,b_scan
0.306532663316583,1.555440653176816,0.0150711378866005,5.697152789689856e-07,5.184724106085571e-09,8.861583056443309e-07,2.947399478637061e-09,120,b_scan
0.3165829145728642,1.5482034388367845,0.0147758215468798,5.964861941661334e-07,5.34785940945771e-09,9.234819770266736e-07,3.021212975855125e-09,120,b_scan
0.3266331658291457,1.5398682040519984,0.0144204725243169,6.29147075230308e-07,5.534823855178718e-09,9.688035768194618e-07,3.110020023063896e-09,120,b_scan
0.3366834170854271,1.533108941862276,0.0141493530120379,6.567933145310202e-07,5.695780868383578e-09,1.0069357034628693e-06,3.1798332858095354e-09,120,b_scan
0.3467336683417086,1.5266037906475345,0.0138982722121626,6.848021305809635e-07,5.86013537206486e-09,1.0454215283884069e-06,3.2482731118537357e-09,120,b_scan
0.35678391959799,1.520417338317693,0.0136465011568762,7.131588415304637e-07,6.0172189155333316e-09,1.0842990676374773e-06,3.3190057081573433e-09,120,b_scan
0.3668341708542713,1.5144111010101216,0.0133977023400915,7.419166670297491e-07,6.170902255353733e-09,1.123566836574282e-06,3.3865710972764886e-09,120,b_scan
0.3768844221105527,1.5086192654182444,0.013165000307015,7.710415072383914e-07,6.327208823275712e-09,1.163208072256958e-06,3.4531540243280202e-09,120,b_scan
0.3869346733668342,1.503017372625984,0.012941988139027,8.00534516587448e-07,6.482752770257293e-09,1.2032172858176785e-06,3.521453538878863e-09,120,b_scan
0.3969849246231156,1.4975529080464975,0.0127209507633861,8.303862650176604e-07,6.634873523833404e-09,1.243547365979067e-06,3.585776980609505e-09,120,b_scan
0.4070351758793971,1.492196057942997,0.0125102699559408,8.60637967188126e-07,6.7879049514993555e-09,1.2842405819541958e-06,3.6510213869292556e-09,120,b_scan
0.4170854271356783,1.4870762667753723,0.0122964072295058,8.912223865641985e-07,6.933685230109309e-09,1.325315659478526e-06,3.7122747772254574e-09,120,b_scan
0.4271356783919597,1.482022186561725,0.0121023169028835,9.221968513342969e-07,7.088012180587196e-09,1.3667161940547923e-06,3.770304997135135e-09,120,b_scan
0.4371859296482412,1.4771072915099923,0.0118984794559456,9.535560551979094e-07,7.230502913226803e-09,1.4085046019963367e-06,3.829023190703739e-09,120,b_scan
0.4472361809045226,1.4723189772946517,0.0116783361924264,9.852385328837534e-07,7.355674398080426e-09,1.450585389126691e-06,3.885884667100465e-09,120,b_scan
0.4572864321608041,1.4676731631189976,0.0114960450610874,1.0172445248614822e-06,7.502051474374418e-09,1.4929824894689334e-06,3.940046915505619e-09,120,b_scan
0.4673366834170853,1.4631280013084205,0.0113201426126649,1.0496378196853135e-06,7.649333665011458e-09,1.5357544852139012e-06,3.990396868566937e-09,120,b_scan
0.4773869346733668,1.4586886071195564,0.0111644398052654,1.0823707475312365e-06,7.806355303832951e-09,1.5788418781032924e-06,4.044732975248157e-09,120,b_scan
0.4874371859296482,1.454260192401197,0.0109790573976939,1.1155113833768291e-06,7.936690227789567e-09,1.6222437990153134e-06,4.096023338797587e-09,120,b_scan
0.4974874371859297,1.450168466128207,0.0108082819887914,1.1472626957083257e-06,8.059991313357962e-09,1.6637241836814543e-06,4.14017705799077e-09,120,b_scan
-0.4974874371859297,1.255061316237749,0.0038633196867301,-1.3444091566189504e-06,3.843110544943635e-09,-1.687315925668262e-06,1.926606141175521e-09,130,b_scan
-0.4874371859296482,1.2569670889236664,0.0038899579865947,-1.3106237771417956e-06,3.7659724383658725e-09,-1.647410953828063e-06,1.893257395711719e-09,130,b_scan
-0.4773869346733668,1.258959833870264,0.003921666369069,-1.2752083652673558e-06,3.6889151939735957e-09,-1.605436111686961e-06,1.854955913655398e-09,130,b_scan
-0.4673366834170854,1.2610046157274126,0.0039532831530296,-1.240118125011446e-06,3.6096715528902e-09,-1.563794679686658e-06,1.8209565613226766e-09,130,b_scan
-0.457286432160804,1.2631084803016384,0.0039898326012895,-1.2053548790495311e-06,3.535842484373691e-09,-1.5224939695004185e-06,1.7836874566719543e-09,130,b_scan
-0.4472361809045225,1.26527849637924,0.0040329435440722,-1.170726262978104e-06,3.467194016611312e-09,-1.481294765692622e-06,1.745518721656373e-09,130,b_scan
-0.4371859296482412,1.2674819870166805,0.0040758816603328,-1.1365134320215054e-06,3.397244627044514e-09,-1.4405103030897643e-06,1.7079156638372087e-09,130,b_scan
-0.4271356783919597,1.269718756644108,0.0041105193752476,-1.102518519263713e-06,3.317595068389012e-09,-1.3998884434566251e-06,1.671499957745964e-09,130,b_scan
-0.4170854271356784,1.272087470652738,0.0041506816334119,-1.068831507716538e-06,3.242029439737302e-09,-1.359647169205083e-06,1.6348972874150791e-09,130,b_scan
-0.4070351758793969,1.2745491890627714,0.0042001995191674,-1.0354486816274604e-06,3.1738303723547716e-09,-1.3197302774843954e-06,1.5971619451150227e-09,130,b_scan
-0.3969849246231155,1.2770251966475368,0.0042448694227713,-1.002296888051097e-06,3.099312784520904e-09,-1.2799583805626662e-06,1.56102845423391e-09,130,b_scan
-0.3869346733668342,1.279588523558241,0.004282066954451,-9.695015323877578e-07,3.0186623255558554e-09,-1.240563034415503e-06,1.5214057771930441e-09,130,b_scan
-0.3768844221105527,1.282157234244637,0.0043285868312453,-9.370218924410928e-07,2.943529266370444e-09,-1.2014093980389473e-06,1.4857302964532827e-09,130,b_scan
-0.3668341708542714,1.2848315792877438,0.0043662178635022,-9.04885951900626e-07,2.8606609386814447e-09,-1.1626260466557747e-06,1.449406835369237e-09,130,b_scan
-0.3567839195979899,1.284707945164329,0.0050053432477841,-8.694117714118109e-07,3.207273563789472e-09,-1.116940210352147e-06,1.3998405245962643e-09,130,b_scan
-0.3467336683417085,1.2910075239099037,0.0044885911570665,-8.352568501928256e-07,2.704153888121262e-09,-1.078322877996225e-06,1.366853679131121e-09,130,b_scan
-0.3366834170854271,1.293969286911724,0.0045356772987764,-8.04194293441592e-07,2.624044010055038e-09,-1.0406027164230946e-06,1.3325822232803346e-09,130,b_scan
-0.3266331658291457,1.297020449514514,0.0045836815560082,-7.733766620428974e-07,2.54367321009591e-09,-1.0030853458469132e-06,1.296806901345747e-09,130,b_scan
-0.3165829145728643,1.3001892404819162,0.0046343337981098,-7.42827813570865e-07,2.464940284137265e-09,-9.658167307355457e-07,1.2568121232868587e-09,130,b_scan
-0.3065326633165829,1.3035011740303892,0.0046881844697769,-7.127854180623954e-07,2.386885189054721e-09,-9.291166292760742e-07,1.2192292483174051e-09,130,b_scan
-0.2964824120603014,1.3069567906253785,0.0047361381502631,-6.829192345318237e-07,2.303522748820201e-09,-8.925459310200522e-07,1.1822020441353703e-09,130,b_scan
-0.2864321608040201,1.3105464973228227,0.0048175694208676,-6.535542032458593e-07,2.2379856537057872e-09,-8.565131718744691e-07,1.1449562205327168e-09,130,b_scan
-0.2763819095477386,1.3142541665848064,0.0048832611030096,-6.244571089209956e-07,2.161745718833671e-09,-8.206953572529208e-07,1.107703628862395e-09,130,b_scan
-0.2663316582914573,1.3181667204239294,0.0049680539760158,-5.956431673293717e-07,2.093169251403375e-09,-7.851570004214797e-07,1.0695341001160307e-09,130,b_scan
-0.2562814070351759,1.322176015116275,0.0050409731554998,-5.673866375720408e-07,2.018016263802489e-09,-7.501850034952231e-07,1.0302857325339247e-09,130,b_scan
-0.2462311557788944,1.3263883535527714,0.0051261363637841,-5.393452490999409e-07,1.9454246745299707e-09,-7.153812569501799e-07,9.927121475674275e-10,130,b_scan
-0.2361809045226131,1.3308338485386797,0.005191648395895,-5.118280739557845e-07,1.863046842567525e-09,-6.811581254527165e-07,9.557330118293144e-10,130,b_scan
-0.2261306532663316,1.3354485540319243,0.0052643170192442,-4.846201865862869e-07,1.7827821229817835e-09,-6.471853274313382e-07,9.166885767740491e-10,130,b_scan
-0.2160804020100502,1.340317125967723,0.0053531625728902,-4.577695428770401e-07,1.707036565499033e-09,-6.135563580645127e-07,8.776186039857711e-10,130,b_scan
-0.2060301507537688,1.3454310646358434,0.0054327658467935,-4.3146010058869443e-07,1.626539481927967e-09,-5.804998224829352e-07,8.398555843339965e-10,130,b_scan
-0.1959798994974874,1.3508423580216122,0.0055236869350769,-4.054315350579791e-07,1.547976731013473e-09,-5.476740908340424e-07,8.01668453214153e-10,130,b_scan
-0.185929648241206,1.3564662887012808,0.0056196442381948,-3.799919051589081e-07,1.4701240009172603e-09,-5.154462093274332e-07,7.637323730720241e-10,130,b_scan
-0.1758793969849246,1.362415312387239,0.0057148576329848,-3.54912869251027e-07,1.3901113974600699e-09,-4.835387276308893e-07,7.25957393348116e-10,130,b_scan
-0.1658291457286431,1.368719369317665,0.0058227559772131,-3.3025762932063984e-07,1.312275764753045e-09,-4.5203001411609333e-07,6.869183490135173e-10,130,b_scan
-0.1557788944723618,1.3753454979619073,0.0059245752767013,-3.061923915916491e-07,1.232012279416684e-09,-4.211203272857641e-07,6.478253587416202e-10,130,b_scan
-0.1457286432160803,1.382426569318604,0.0060369415784137,-2.8249044763312665e-07,1.1525466699293319e-09,-3.9052230038674e-07,6.08008930116876e-10,130,b_scan
-0.135678391959799,1.3898518366622592,0.0061695161823263,-2.59428739563283e-07,1.0764011797597638e-09,-3.605675101650038e-07,5.688844505954654e-10,130,b_scan
-0.1256281407035175,1.3977382966470746,0.0062848336589564,-2.367582301422135e-07,9.948838468335886e-10,-3.309260453161535e-07,5.294994863303016e-10,130,b_scan
-0.1155778894472361,1.4059279821883914,0.0063930181394666,-2.147102543597347e-07,9.120525555436851e-10,-3.01867154667138e-07,4.898122283113817e-10,130,b_scan
-0.1055276381909547,1.4145294297602755,0.0065276872693657,-1.932655346049825e-07,8.332254478525698e-10,-2.733797864571007e-07,4.499186884029747e-10,130,b_scan
-0.0954773869346733,1.4236182043440233,0.0066572240634054,-1.722949846097909e-07,7.526725946894324e-10,-2.452822766076716e-07,4.092331785583248e-10,130,b_scan
-0.085427135678392,1.4329300254974269,0.006795520054916,-1.5202200887655674e-07,6.735233969522447e-10,-2.178369010556545e-07,3.684966442476818e-10,130,b_scan
-0.0753768844221105,1.4425471872159763,0.006940711592229,-1.3221589349386005e-07,5.94329434657982e-10,-1.9072766526481494e-07,3.2722557432283056e-10,130,b_scan
-0.0653266331658291,1.4520479431682929,0.0070709980367896,-1.1308030505065093e-07,5.144114640311038e-10,-1.641980243616408e-07,2.8532558129993537e-10,130,b_scan
-0.0552763819095477,1.461227430185291,0.0071840855953227,-9.456219840025958e-08,4.3414870272045434e-10,-1.3817687816108294e-07,2.4301471051902333e-10,130,b_scan
-0.0452261306532663,1.4698698939027248,0.0073016396459346,-7.649980054159762e-08,3.5480511221607406e-10,-1.1244475370565772e-07,2.0006133598022278e-10,130,b_scan
-0.0351758793969849,1.4774532859769314,0.007407559558322,-5.90218056422507e-08,2.7629700603893597e-10,-8.72019606904351e-08,1.5655732683354227e-10,130,b_scan
-0.0251256281407035,1.483506226600677,0.0074669331624031,-4.1837806572395846e-08,1.9648898811805247e-10,-6.206664655746397e-08,1.123648886282217e-10,130,b_scan
-0.015075376884422,1.4879177251718163,0.0075085026997702,-2.4960634364713345e-08,1.1746934422690709e-10,-3.713937030278975e-08,6.764192623149279e-11,130,b_scan
-0.0050251256281407,1.493360954865316,0.0077194555738354,-8.255863094816606e-09,3.987024464514185e-11,-1.2328983594512648e-08,2.2727073238560358e-11,130,b_scan
0.0050251256281406,1.4776321007882165,0.0070404611328104,8.574011158211952e-09,3.792673381201065e-11,1.2669234119890336e-08,2.243331238967231e-11,130,b_scan
0.015075376884422,1.4776136078745723,0.0071240328256338,2.5650422635070093e-08,1.1494034737296031e-10,3.790141353331352e-08,6.743241474044396e-11,130,b_scan
0.0251256281407035,1.4717949645420727,0.0069950290797366,4.3178236695376814e-08,1.9049798186410968e-10,6.354951134606134e-08,1.1231376870150927e-10,130,b_scan
0.0351758793969849,1.463503813098067,0.0068537319950482,6.125052474466808e-08,2.66136483834734e-10,8.964037651807927e-08,1.566005877335281e-10,130,b_scan
0.0452261306532664,1.4540561828450584,0.006678639870075,7.998245027148266e-08,3.4059735783298927e-10,1.1629897633634677e-07,2.0017882969158406e-10,130,b_scan
0.0552763819095476,1.443792763060035,0.0065026847802127,9.943949740602476e-08,4.1471751400996447e-10,1.4357002671714568e-07,2.441338171291733e-10,130,b_scan
0.0653266331658291,1.4332542820561494,0.0063229638311425,1.1965785400306962e-07,4.884674460953179e-10,1.7150013163154908e-07,2.8687033791243656e-10,130,b_scan
0.0753768844221105,1.4227034565239598,0.0061667678440286,1.4067272368375422e-07,5.640671848863886e-10,2.0013557022351705e-07,3.2945800146215464e-10,130,b_scan
0.085427135678392,1.4125166583975008,0.0060083333851262,1.6244758580130829e-07,6.389216268220854e-10,2.294599210608052e-07,3.7171096553646965e-10,130,b_scan
0.0954773869346734,1.4026279593195683,0.0058586032941232,1.8492893252922104e-07,7.141341109416221e-10,2.593864912526075e-07,4.1289050315088415e-10,130,b_scan
0.1055276381909549,1.3932868044071924,0.0057138205292277,2.081271145660132e-07,7.887930744277612e-10,2.8998076236417013e-07,4.5427419022889905e-10,130,b_scan
0.1155778894472361,1.384395274793382,0.0055886740622838,2.320308535237341e-07,8.656277735626681e-10,3.212224172245328e-07,4.954332013895625e-10,130,b_scan
0.1256281407035175,1.3760446081587765,0.0054922969766304,2.565948589344302e-07,9.471655954641568e-10,3.530859721179845e-07,5.361083966334333e-10,130,b_scan
0.135678391959799,1.3681874871816628,0.0053677947465195,2.81815214223196e-07,1.022160449351094e-09,3.855760497975965e-07,5.766441057042771e-10,130,b_scan
0.1457286432160804,1.360824927740096,0.0052583251034804,3.075550848257431e-07,1.098512505405229e-09,4.185286260840909e-07,6.170410829255231e-10,130,b_scan
0.1557788944723619,1.3538822864128164,0.0051788617310013,3.338888951693714e-07,1.1813250517422479e-09,4.520462607997577e-07,6.572739214496746e-10,130,b_scan
0.1658291457286431,1.3473609678012184,0.0050889641444075,3.607858883091546e-07,1.2604127099779216e-09,4.861088236412448e-07,6.978574148484721e-10,130,b_scan
0.1758793969849246,1.3411811355101757,0.0050127947040108,3.882027440667807e-07,1.342789713253667e-09,5.20650197095651e-07,7.37233095131617e-10,130,b_scan
0.185929648241206,1.3353455185688712,0.0049451347798525,4.161630466967743e-07,1.426520748676717e-09,5.557214594005054e-07,7.78880382229023e-10,130,b_scan
0.1959798994974875,1.3299054788791511,0.0048771024959688,4.44535547160784e-07,1.509184724088499e-09,5.91190259725668e-07,8.19804129776639e-10,130,b_scan
0.2060301507537689,1.3247523216971826,0.004813690042545,4.733776334371703e-07,1.5929015608206555e-09,6.271081189354091e-07,8.599409799406154e-10,130,b_scan
0.2160804020100502,1.3198700048400696,0.0047329258551505,5.026042354276269e-07,1.6686508962728372e-09,6.633722546465013e-07,8.989212247525233e-10,130,b_scan
0.2261306532663316,1.3152527276635,0.0046628886045342,5.324115022607546e-07,1.747245949137353e-09,7.002556805878792e-07,9.391781083117367e-10,130,b_scan
0.2361809045226131,1.3107806997240872,0.0046324319660031,5.626025215519266e-07,1.8429406204385159e-09,7.374485268663702e-07,9.781660289033227e-10,130,b_scan
0.2462311557788945,1.3066103032938912,0.004571893170716,5.93066469571846e-07,1.923614700825502e-09,7.74906759680707e-07,1.017169713726176e-09,130,b_scan
0.256281407035176,1.3025579147522806,0.0045174986138364,6.241149349744732e-07,2.007016339758143e-09,8.12945848266105e-07,1.0558898279181256e-09,130,b_scan
0.2663316582914572,1.298705662961196,0.0044673654737269,6.55401879165286e-07,2.0902147229298e-09,8.511741319873664e-07,1.0971798235561015e-09,130,b_scan
0.2763819095477386,1.2950377521018206,0.0044072813697948,6.871244369693322e-07,2.167229139787449e-09,8.898520862669931e-07,1.137391799822409e-09,130,b_scan
0.2864321608040201,1.2914588663566002,0.0043785466373606,7.193495420889317e-07,2.2627618161412632e-09,9.290103441403112e-07,1.1751676813116392e-09,130,b_scan
0.2964824120603015,1.2880797924950416,0.0043281669306034,7.517249125810002e-07,2.34355608935509e-09,9.68281669410688e-07,1.2138291201826187e-09,130,b_scan
0.306532663316583,1.284778933508708,0.0042889959476042,7.845161506032108e-07,2.431027035678345e-09,1.0079298232923502e-06,1.251632536459002e-09,130,b_scan
0.3165829145728642,1.2816017075090265,0.0042538914143396,8.176739568430876e-07,2.520296692983862e-09,1.047932339275763e-06,1.290557145219362e-09,130,b_scan
0.3266331658291457,1.2779244952889657,0.0041975516384342,8.579546381206163e-07,2.615316561771988e-09,1.0964012479011155e-06,1.341371694204924e-09,130,b_scan
0.3366834170854271,1.2750371335157766,0.0041600207926906,8.918514731759148e-07,2.701126258106785e-09,1.137143745880041e-06,1.3797135558484863e-09,130,b_scan
0.3467336683417086,1.2722509944942753,0.004120416719371,9.260669977069862e-07,2.784873929924377e-09,1.178189658801041e-06,1.4166606455749743e-09,130,b_scan
0.35678391959799,1.2695019318945524,0.0040843598201801,9.606517944063503e-07,2.87150419222669e-09,1.2195493088768304e-06,1.4512801924739003e-09,130,b_scan
0.3668341708542713,1.2669154963801013,0.0040441527048758,9.95507957899023e-07,2.9506409213679893e-09,1.2612244586319815e-06,1.494767754922334e-09,130,b_scan
0.3768844221105527,1.2644516664083494,0.0040081815600927,1.0306120484769096e-06,3.0336293523930366e-09,1.3031591221171508e-06,1.533040652945271e-09,130,b_scan
0.3869346733668342,1.2620082436694602,0.0039665549696868,1.0660859177593626e-06,3.110639214272118e-09,1.3454092166722378e-06,1.5719603417252987e-09,130,b_scan
0.3969849246231156,1.2596014322152178,0.0039336140053877,1.1018800966092043e-06,3.195310211694654e-09,1.3879297478183963e-06,1.608607268163795e-09,130,b_scan
0.4070351758793971,1.2572595565907725,0.0039057184101078,1.137973606414949e-06,3.284060413633386e-09,1.4307281918132611e-06,1.645162213938203e-09,130,b_scan
0.4170854271356783,1.2549912341263625,0.0038684256640239,1.174385307244515e-06,3.3622178747537204e-09,1.4738432660786612e-06,1.6835722887134764e-09,130,b_scan
0.4271356783919597,1.2527041482560062,0.0038404770443841,1.2111855379590428e-06,3.449977308014129e-09,1.5172571477089754e-06,1.7201077938897743e-09,130,b_scan
0.4371859296482412,1.250453499921926,0.0038202259318579,1.2483030620359892e-06,3.544184008266265e-09,1.5609449328861596e-06,1.7607580805191735e-09,130,b_scan
0.4472361809045226,1.2482673047153152,0.0037859118294018,1.2856418584047717e-06,3.624298733338063e-09,1.604824697420113e-06,1.795395888391918e-09,130,b_scan
0.4572864321608041,1.2462284215455228,0.0037664805364656,1.3231995538085286e-06,3.7175785160489275e-09,1.6490088913325426e-06,1.8368646190834182e-09,130,b_scan
0.4673366834170853,1.244226753948103,0.00373888462425,1.3610669722052075e-06,3.802957907616424e-09,1.693475940732858e-06,1.8727626521925118e-09,130,b_scan
0.4773869346733668,1.2421872605259956,0.0037137836896182,1.399279804013509e-06,3.892141794101073e-09,1.738167546456893e-06,1.9052282591444394e-09,130,b_scan
0.4874371859296482,1.2402212484164925,0.0036838138683542,1.437768112149203e-06,3.973556004715514e-09,1.7831505629831077e-06,1.9407571969676367e-09,130,b_scan
0.4974874371859297,1.23845370264604,0.0036562890016802,1.4744216302897138e-06,4.048404624651949e-09,1.8260029272937069e-06,1.9809395301195646e-09,130,b_scan
-0.4974874371859297,1.093330095612237,0.0167656137768601,-1.5917258463858624e-06,2.4284764836470823e-08,-1.7402817718175235e-06,2.680835790895771e-09,140,b_scan
-0.4874371859296482,1.0938900458292655,0.0168665614813995,-1.554422712456101e-06,2.3846362384787603e-08,-1.700367532166656e-06,2.632199121340818e-09,140,b_scan
-0.4773869346733668,1.0945629094643117,0.016956717410094,-1.5150981441198689e-06,2.3352724517139213e-08,-1.6583702327518223e-06,2.581880313534477e-09,140,b_scan
-0.4673366834170854,1.0951866296732964,0.0170755782694668,-1.4761365728914332e-06,2.2899046742133512e-08,-1.6166450382024589e-06,2.52863176811535e-09,140,b_scan
-0.457286432160804,1.095781797924329,0.0171811516276839,-1.4375287287374282e-06,2.2425468612248908e-08,-1.575217814943774e-06,2.481517684641865e-09,140,b_scan
-0.4472361809045225,1.096497317624061,0.0172894784971615,-1.3989227252252689e-06,2.194678969347294e-08,-1.533915015772849e-06,2.4267229265476324e-09,140,b_scan
-0.4371859296482412,1.0971844620210065,0.0173967193696159,-1.3607007352020228e-06,2.146565445655033e-08,-1.492939704124219e-06,2.379975932366514e-09,140,b_scan
-0.4271356783919597,1.0978845597664189,0.0175172252295902,-1.3226452259842202e-06,2.0996195049059752e-08,-1.4521117716568413e-06,2.3321746693841067e-09,140,b_scan
-0.4170854271356784,1.0986016201997335,0.0176388525990571,-1.284922742692108e-06,2.0525952874075224e-08,-1.4116182069530352e-06,2.2774758656833037e-09,140,b_scan
-0.4070351758793969,1.0993115479319977,0.017759126600667,-1.247534190738805e-06,2.0051237983379733e-08,-1.371428742319168e-06,2.230447862911945e-09,140,b_scan
-0.3969849246231155,1.100067467334566,0.017877556791123,-1.2102247085110238e-06,1.9567438427425e-08,-1.3313288299974354e-06,2.182481232259669e-09,140,b_scan
-0.3869346733668342,1.1007781101103828,0.0180116748870563,-1.1733247349635114e-06,1.9101188614786023e-08,-1.2915701842988998e-06,2.1276348599264837e-09,140,b_scan
-0.3768844221105527,1.101581625383456,0.0181402879956374,-1.136566163021344e-06,1.8621266053437483e-08,-1.2520204012168902e-06,2.07609886588268e-09,140,b_scan
-0.3668341708542714,1.102434184793413,0.0182857435848804,-1.1001221938374627e-06,1.815456952205808e-08,-1.2128123139363445e-06,2.0265128141389998e-09,140,b_scan
-0.3567839195979899,1.102842942001225,0.0177187402459447,-1.0606268080129125e-06,1.6925139957684457e-08,-1.1697047893143283e-06,2.1828291646693526e-09,140,b_scan
-0.3467336683417085,1.104306165440443,0.018598570826765,-1.0209574489888973e-06,1.710714344428954e-08,-1.1274496055707857e-06,1.915133336038877e-09,140,b_scan
-0.3366834170854271,1.1052125482469084,0.0187520112183624,-9.855146505737373e-07,1.6635698535045005e-08,-1.0892031582952616e-06,1.865515599003213e-09,140,b_scan
-0.3266331658291457,1.1061266352935542,0.0189033036566094,-9.502640643410704e-07,1.6156232228298918e-08,-1.0511123921299656e-06,1.8185615286526758e-09,140,b_scan
-0.3165829145728643,1.107021964911239,0.0190569883715585,-9.152404191528552e-07,1.5674761342727493e-08,-1.0131912471767796e-06,1.763891835475097e-09,140,b_scan
-0.3065326633165829,1.107990395923525,0.0192166998709109,-8.807007050459995e-07,1.519653524933787e-08,-9.758079228740448e-07,1.709370431738875e-09,140,b_scan
-0.2964824120603014,1.1089729707756255,0.0193753276048723,-8.463131600155794e-07,1.471046248450591e-08,-9.385384192689844e-07,1.6585108882036263e-09,140,b_scan
-0.2864321608040201,1.1099684047677232,0.019546004780823,-8.124349685393649e-07,1.4233105748743748e-08,-9.017771460071542e-07,1.607380916840777e-09,140,b_scan
-0.2763819095477386,1.1109982251027577,0.0197308840046039,-7.7874253406084e-07,1.375920568047483e-08,-8.651815731536171e-07,1.554393342998372e-09,140,b_scan
-0.2663316582914573,1.1120879990442911,0.0199047193424997,-7.452800884553979e-07,1.3270712473031862e-08,-8.288170422979158e-07,1.5035359342237751e-09,140,b_scan
-0.2562814070351759,1.1131727638204376,0.020094026895111,-7.123634444063122e-07,1.2792579805741981e-08,-7.929835842544212e-07,1.4526357332174407e-09,140,b_scan
-0.2462311557788944,1.1142888830705435,0.0202858077762509,-6.796207610515799e-07,1.2308630150538576e-08,-7.572938587437178e-07,1.4001856235082895e-09,140,b_scan
-0.2361809045226131,1.1155125573203182,0.0204921136298048,-6.473538853880239e-07,1.1830384923945788e-08,-7.221313881804387e-07,1.3483880912052538e-09,140,b_scan
-0.2261306532663316,1.1167649268385789,0.0207120540064459,-6.153495637804257e-07,1.1353298033549072e-08,-6.872008105753985e-07,1.2972202786718443e-09,140,b_scan
-0.2160804020100502,1.118043019164499,0.0209283663795912,-5.836398601313341e-07,1.0868181906017802e-08,-6.525344713259827e-07,1.2442065076760927e-09,140,b_scan
-0.2060301507537688,1.119357923433746,0.0211545578781394,-5.524540777942076e-07,1.0386488848229966e-08,-6.183938493122294e-07,1.189809515029904e-09,140,b_scan
-0.1959798994974874,1.120754892650086,0.0213972833874781,-5.214809163052377e-07,9.904165240875617e-09,-5.844522883727452e-07,1.137521481572138e-09,140,b_scan
-0.185929648241206,1.1221866267955296,0.0216470141010797,-4.910643729910202e-07,9.423303786476289e-09,-5.510658722662547e-07,1.0835817846473951e-09,140,b_scan
-0.1758793969849246,1.1236688336702283,0.0218990121214962,-4.609368132627864e-07,8.936179186807213e-09,-5.179403313546671e-07,1.030649109934841e-09,140,b_scan
-0.1658291457286431,1.125229904026704,0.0221653849674095,-4.311590871355683e-07,8.448779139926106e-09,-4.851530982377968e-07,9.761949099831078e-10,140,b_scan
-0.1557788944723618,1.1268434605636677,0.0224399035844939,-4.019304250703736e-07,7.96211749976065e-09,-4.529126710921258e-07,9.217104565377551e-10,140,b_scan
-0.1457286432160803,1.1284777707589555,0.0227212291422115,-3.729975159463825e-07,7.470661732789816e-09,-4.2091940529380164e-07,8.672144475973716e-10,140,b_scan
-0.135678391959799,1.1301823652047365,0.0230183181158187,-3.4463414064613734e-07,6.9822668969833765e-09,-3.8949942820575323e-07,8.119646953026535e-10,140,b_scan
-0.1256281407035175,1.1319256114783238,0.0233314493466904,-3.165520977491647e-07,6.490551157899169e-09,-3.5831342680946934e-07,7.560366197307244e-10,140,b_scan
-0.1155778894472361,1.1337637727405137,0.0236492427732755,-2.889871067151549e-07,5.996279774123692e-09,-3.276431123827394e-07,7.001796582800173e-10,140,b_scan
-0.1055276381909547,1.1355806737374372,0.0239675549711282,-2.619416920587945e-07,5.499422532387294e-09,-2.9745592314805013e-07,6.434785034658195e-10,140,b_scan
-0.0954773869346733,1.1374300006050002,0.0243010506030616,-2.352266216294344e-07,4.999119460312706e-09,-2.6755381638227964e-07,5.858975960892862e-10,140,b_scan
-0.085427135678392,1.1392575707766184,0.0246194695951516,-2.090977619130619e-07,4.49484032174926e-09,-2.382162082919026e-07,5.2747563910843e-10,140,b_scan
-0.0753768844221105,1.1410432314646564,0.024939297881012,-1.832437137717819e-07,3.98396142476234e-09,-2.0908899930773853e-07,4.686870802723434e-10,140,b_scan
-0.0653266331658291,1.142770890149949,0.0252272590631917,-1.578976190644184e-07,3.467274443833572e-09,-1.8044080269080293e-07,4.087144838032015e-10,140,b_scan
-0.0552763819095477,1.144293372413683,0.0255069861175951,-1.329919678728563e-07,2.9488477964427904e-09,-1.521818274211629e-07,3.4780446677603667e-10,140,b_scan
-0.0452261306532663,1.145644637207921,0.0257577742536048,-1.0831476633300372e-07,2.422442911598701e-09,-1.240902311798348e-07,2.8591067195794125e-10,140,b_scan
-0.0351758793969849,1.146837805599357,0.0259622071283028,-8.40557932684163e-08,1.8928531837265262e-09,-9.63983614998638e-08,2.2353062552143576e-10,140,b_scan
-0.0251256281407035,1.1476865923354618,0.0261032468614621,-5.986377010735912e-08,1.354392904254845e-09,-6.870484631886848e-08,1.6007126691543584e-10,140,b_scan
-0.015075376884422,1.1483411373343002,0.0262098964112974,-3.5843064626888574e-08,8.137732528158353e-10,-4.116006559918805e-08,9.634788003374212e-11,140,b_scan
-0.0050251256281407,1.149773676451844,0.0263567991452281,-1.1922659034751792e-08,2.718463995741168e-10,-1.3708359511468364e-08,3.2462966115076245e-11,140,b_scan
0.0050251256281406,1.1447355366991827,0.0257964610248632,1.2172062710724124e-08,2.728964165947e-10,1.393379273989689e-08,3.1676874417954885e-11,140,b_scan
0.015075376884422,1.1453274648043397,0.0258041334586294,3.6466450563115975e-08,8.173355084018064e-10,4.1766027373866404e-08,9.559493655519655e-11,140,b_scan
0.0251256281407035,1.1443750209712935,0.025617005729081,6.111918986262365e-08,1.361086331595712e-09,6.994327418078839e-08,1.5903017318350638e-10,140,b_scan
0.0351758793969849,1.1429391690368336,0.0253562939987832,8.614260444896126e-08,1.9011976746132216e-09,9.845575674756445e-08,2.2193136771807714e-10,140,b_scan
0.0452261306532664,1.1412156029469664,0.0250431767817617,1.116476794474741e-07,2.437328936118737e-09,1.2741407381827878e-07,2.843325112445013e-10,140,b_scan
0.0552763819095476,1.139228020057768,0.0246955283861273,1.376835722615282e-07,2.9691778543372707e-09,1.568529834219814e-07,3.454885890757576e-10,140,b_scan
0.0653266331658291,1.1371648780286925,0.0243344558307136,1.6428612977397144e-07,3.497417130934545e-09,1.8682041672622419e-07,4.06043526250837e-10,140,b_scan
0.0753768844221105,1.1350143373970336,0.0239664463378206,1.915022481847861e-07,4.022753313768813e-09,2.173577973334973e-07,4.662657217827282e-10,140,b_scan
0.085427135678392,1.132900401032653,0.0235808687061098,2.1932470633688174e-07,4.541570236930479e-09,2.484730477654223e-07,5.250469869955375e-10,140,b_scan
0.0954773869346734,1.130748721143717,0.023206280963056,2.476765399986001e-07,5.056756812243194e-09,2.800599308607177e-07,5.838427474042297e-10,140,b_scan
0.1055276381909549,1.1286717361164755,0.0228390072919822,2.766280356845885e-07,5.568787223349948e-09,3.122222452946149e-07,6.407617240010997e-10,140,b_scan
0.1155778894472361,1.1266448636922832,0.0224929143915079,3.061588884012313e-07,6.080781296239873e-09,3.449323390909862e-07,6.985787956855964e-10,140,b_scan
0.1256281407035175,1.1246626173782095,0.0221504522210698,3.362665353970641e-07,6.588757015396822e-09,3.781864018363645e-07,7.54643417741554e-10,140,b_scan
0.135678391959799,1.122766640613727,0.0218241535812726,3.669316964118053e-07,7.095715179922146e-09,4.119786681149786e-07,8.106947017473312e-10,140,b_scan
0.1457286432160804,1.120984358855166,0.0215164137073699,3.980160761897354e-07,7.600448731671496e-09,4.461697959815994e-07,8.659596161961746e-10,140,b_scan
0.1557788944723619,1.1192142469188022,0.0212012049622947,4.29644597277089e-07,8.096864923602308e-09,4.808643543842093e-07,9.227330264669452e-10,140,b_scan
0.1658291457286431,1.1175474052285317,0.0209115727662817,4.617528130801821e-07,8.596023320755165e-09,5.160306581147326e-07,9.766065642180795e-10,140,b_scan
0.1758793969849246,1.1159557479667137,0.0206503294418693,4.943240334567461e-07,9.100338025239849e-09,5.516437464941458e-07,1.0327796355700215e-09,140,b_scan
0.185929648241206,1.1143967983268317,0.0203830627403625,5.273885886386634e-07,9.596851977225133e-09,5.877201546530328e-07,1.0869470559704554e-09,140,b_scan
0.1959798994974875,1.1128958051896958,0.0201314294822433,5.608211471216432e-07,1.0092944845442727e-08,6.241355020933499e-07,1.1403275896101508e-09,140,b_scan
0.2060301507537689,1.111528683514707,0.0198928479691696,5.946404034334309e-07,1.058774371298472e-08,6.609598647930156e-07,1.19494873249075e-09,140,b_scan
0.2160804020100502,1.110157008322471,0.0196649766916121,6.28829876724154e-07,1.1082011248135878e-08,6.98099894687875e-07,1.2481537642736372e-09,140,b_scan
0.2261306532663316,1.108892753713927,0.0194476237747543,6.635622258040225e-07,1.1577874196511234e-08,7.358193438323652e-07,1.3043457766935132e-09,140,b_scan
0.2361809045226131,1.1076441145047689,0.0192289466791166,6.986129791585818e-07,1.206597007150807e-08,7.738145546816458e-07,1.357751063346833e-09,140,b_scan
0.2462311557788945,1.1064694909188768,0.0190226428785301,7.338641466348939e-07,1.255207158440095e-08,8.11998288730727e-07,1.411594327181946e-09,140,b_scan
0.256281407035176,1.1053726982199183,0.0188150431165523,7.696750110438739e-07,1.303370579322696e-08,8.507777437100123e-07,1.465717176519589e-09,140,b_scan
0.2663316582914572,1.1042327203790383,0.0186320495360004,8.056866634055876e-07,1.3525032794590974e-08,8.896655761054627e-07,1.516635510159741e-09,140,b_scan
0.2763819095477386,1.1031605552587214,0.0184480043900155,8.421145268959978e-07,1.4010540043485285e-08,9.289875290820244e-07,1.569228916705075e-09,140,b_scan
0.2864321608040201,1.102116919481766,0.018271103387805,8.789766493584737e-07,1.4497504165901325e-08,9.687350370873654e-07,1.6201276819531331e-09,140,b_scan
0.2964824120603015,1.101144376007246,0.0180870957565478,9.158967816071958e-07,1.4967038465962472e-08,1.0085345900699004e-06,1.6764197029313552e-09,140,b_scan
0.306532663316583,1.1001380757600512,0.0179321967252095,9.53272423592226e-07,1.545865327840905e-08,1.048731289765872e-06,1.728517106217508e-09,140,b_scan
0.3165829145728642,1.099240977092316,0.0177757174189896,9.909115629725382e-07,1.5941770867425647e-08,1.0892505946940067e-06,1.781440368452779e-09,140,b_scan
0.3266331658291457,1.0981636663207293,0.0175894389206666,1.03654132511381e-06,1.6517072223176414e-08,1.1382920218799289e-06,1.8463700162175287e-09,140,b_scan
0.3366834170854271,1.0973250749052856,0.0174523829970918,1.0748640264973644e-06,1.7007696603993878e-08,1.1794752483892177e-06,1.8950613852356747e-09,140,b_scan
0.3467336683417086,1.0964811614123642,0.0173156749471098,1.113474072475763e-06,1.7493863009289947e-08,1.2209033441907794e-06,1.950006810250497e-09,140,b_scan
0.35678391959799,1.0956869269992977,0.0171805937558285,1.152358790097336e-06,1.7976684557717043e-08,1.262624461522379e-06,2.00109961458945e-09,140,b_scan
0.3668341708542713,1.094880394308934,0.0170365400076803,1.1915252460593705e-06,1.844544546274188e-08,1.3045776312345329e-06,2.0513106400502475e-09,140,b_scan
0.3768844221105527,1.0941568447121768,0.01691683758808,1.230942634626084e-06,1.893439293721565e-08,1.34684430912417e-06,2.102969464455016e-09,140,b_scan
0.3869346733668342,1.0933834877037023,0.0167938707313344,1.270681546110537e-06,1.9417153610231123e-08,1.3893422206470718e-06,2.1567291670868482e-09,140,b_scan
0.3969849246231156,1.0926239347271818,0.0166758481667356,1.3106899731002715e-06,1.9901147076910523e-08,1.4320912356162826e-06,2.213746855802356e-09,140,b_scan
0.4070351758793971,1.0918971276707534,0.0165411358945746,1.3509412302374997e-06,2.0359812759668693e-08,1.4750888489483195e-06,2.266912057536324e-09,140,b_scan
0.4170854271356783,1.0912622226066195,0.0164175755134105,1.3913664793108952e-06,2.082450756044878e-08,1.5183456766731545e-06,2.317518978756832e-09,140,b_scan
0.4271356783919597,1.090558183747468,0.0163124423644695,1.4321772593872014e-06,2.1312005904745098e-08,1.5618726308017328e-06,2.368065351838773e-09,140,b_scan
0.4371859296482412,1.0899065371651055,0.0161873745415365,1.4731919728669622e-06,2.1766868019901065e-08,1.6056415617268608e-06,2.421471627207484e-09,140,b_scan
0.4472361809045226,1.0892510074280195,0.0160808711550028,1.5144118286490087e-06,2.2242024410647763e-08,1.649574610016842e-06,2.473242450688373e-09,140,b_scan
0.4572864321608041,1.088580919847302,0.0159722537425871,1.5559021249878889e-06,2.27110307629136e-08,1.693725366411688e-06,2.5236320665238113e-09,140,b_scan
0.4673366834170853,1.0879412793413858,0.0158697321774713,1.5976549536896656e-06,2.3184465191118986e-08,1.7381547742632373e-06,2.574230827733286e-09,140,b_scan
0.4773869346733668,1.0873332641582192,0.0157638593157398,1.6395969773208e-06,2.3647244003831105e-08,1.7827883332541751e-06,2.627896978689818e-09,140,b_scan
0.4874371859296482,1.0867135399510008,0.0156658722914686,1.6817634673013509e-06,2.4118056297511345e-08,1.82759513091132e-06,2.682065809938958e-09,140,b_scan
0.4974874371859297,1.086186276287828,0.0155663605149988,1.7219517537789878e-06,2.4549179624075163e-08,1.870360363384494e-06,2.731505659513858e-09,140,b_scan
-0.4974874371859297,1.0748388820178694,0.0087585490891811,-1.614505674106148e-06,1.2799145637745012e-08,-1.7353334737677588e-06,3.27178595595547e-09,150,b_scan
-0.4874371859296482,1.0751511843234212,0.0087911078638929,-1.5780962792725794e-06,1.2551624837830996e-08,-1.696692083636298e-06,3.2177494010089327e-09,150,b_scan
-0.4773869346733668,1.0754903375789906,0.0088276053177129,-1.5397632648828707e-06,1.2293587941037276e-08,-1.6560005135406073e-06,3.153143358306508e-09,150,b_scan
-0.4673366834170854,1.0758329505131112,0.0088650840319926,-1.501705148132108e-06,1.2035860986539716e-08,-1.6155838803156945e-06,3.09248963155482e-09,150,b_scan
-0.457286432160804,1.0761849984381977,0.0089175550986689,-1.463900875141282e-06,1.1798694212309113e-08,-1.5754281610275963e-06,3.0313884532752867e-09,150,b_scan
-0.4472361809045225,1.0765038023608058,0.0089530742679555,-1.426198063737105e-06,1.1535602341907065e-08,-1.5353076385326123e-06,2.972207069337351e-09,150,b_scan
-0.4371859296482412,1.0768684945440834,0.0089998446210406,-1.3887384213304145e-06,1.1287414797225354e-08,-1.4954886530936102e-06,2.9095077925301822e-09,150,b_scan
-0.4271356783919597,1.0772484179472734,0.0090332358755195,-1.3514291703506056e-06,1.1019308576336009e-08,-1.455824935727986e-06,2.849615366173295e-09,150,b_scan
-0.4170854271356784,1.0776315182121632,0.0090827662778797,-1.3143602316298346e-06,1.0771694291489042e-08,-1.4163960118889492e-06,2.787963448976548e-09,150,b_scan
-0.4070351758793969,1.078029645766237,0.009127917843275,-1.2775798632341834e-06,1.0518078536014564e-08,-1.3772689674004244e-06,2.724985356136132e-09,150,b_scan
-0.3969849246231155,1.078457781156604,0.0091746639586031,-1.2408325771663782e-06,1.0263609289786498e-08,-1.338185547957683e-06,2.660947427891821e-09,150,b_scan
-0.3869346733668342,1.0788510879315825,0.0092294101585992,-1.204420241870677e-06,1.0016857269579476e-08,-1.2993900882689995e-06,2.604364369282073e-09,150,b_scan
-0.3768844221105527,1.0792598828161573,0.0092879181805398,-1.16818627639204e-06,9.773510235158157e-09,-1.260776583766316e-06,2.5415105271567142e-09,150,b_scan
-0.3668341708542714,1.0796793828435145,0.0093303521851065,-1.1322423523730255e-06,9.511454197150602e-09,-1.2224587242393973e-06,2.478666674528769e-09,150,b_scan
-0.3567839195979899,1.0802031430299148,0.0093912554324676,-1.0894142145817723e-06,9.20633127604825e-09,-1.1767886586526967e-06,2.403221220921727e-09,150,b_scan
-0.3467336683417085,1.0807027453518707,0.0094509353643195,-1.0538138727678e-06,8.957852463110745e-09,-1.1388595453900486e-06,2.3398194208371616e-09,150,b_scan
-0.3366834170854271,1.0811481259402045,0.0095037612133029,-1.0186740532825078e-06,8.70374539709734e-09,-1.101337543650295e-06,2.275410876672599e-09,150,b_scan
-0.3266331658291457,1.0816033476105769,0.0095603180177893,-9.836578521998202e-07,8.449290749507094e-09,-1.0639276258427557e-06,2.2179799521093166e-09,150,b_scan
-0.3165829145728643,1.0820754628907772,0.0096101740773439,-9.48772582399722e-07,8.188390599898818e-09,-1.0266435312782572e-06,2.1512454971711314e-09,150,b_scan
-0.3065326633165829,1.0825681048590576,0.0096626623974584,-9.143568914280412e-07,7.929755835491824e-09,-9.898536071180736e-07,2.0894321827089624e-09,150,b_scan
-0.2964824120603014,1.083052804310458,0.0097254005150987,-8.800365825784396e-07,7.678332499273849e-09,-9.531260886573712e-07,2.023603938439169e-09,150,b_scan
-0.2864321608040201,1.0835829166947746,0.0097770515508135,-8.461509158431859e-07,7.417224373853955e-09,-9.16874677353314e-07,1.960613951840261e-09,150,b_scan
-0.2763819095477386,1.084073805672599,0.0098398884761459,-8.124166847901076e-07,7.163374515430169e-09,-8.807196472723282e-07,1.897501122516189e-09,150,b_scan
-0.2663316582914573,1.084670045171272,0.0099150177703163,-7.78822626223036e-07,6.9159137595923035e-09,-8.447655731657491e-07,1.8323850498653966e-09,150,b_scan
-0.2562814070351759,1.0852117754726285,0.0099828080825623,-7.457354747569879e-07,6.6641963881134046e-09,-8.092809185939543e-07,1.765880214171049e-09,150,b_scan
-0.2462311557788944,1.0857243535812016,0.0100441901517238,-7.127620581090733e-07,6.4048066374211915e-09,-7.738631247976803e-07,1.7020200935599032e-09,150,b_scan
-0.2361809045226131,1.0862764563073952,0.010115509694481,-6.802469853240357e-07,6.1523134682690375e-09,-7.389362846315821e-07,1.638528892600356e-09,150,b_scan
-0.2261306532663316,1.0869012938451743,0.0101754077264259,-6.478769706460662e-07,5.889915164113326e-09,-7.041783176477015e-07,1.5739806865484875e-09,150,b_scan
-0.2160804020100502,1.087460763178003,0.0102365839659101,-6.157683992747124e-07,5.628122968870299e-09,-6.696239734161761e-07,1.507835313884793e-09,150,b_scan
-0.2060301507537688,1.088080123723555,0.0103088650122153,-5.840961561968396e-07,5.372620218078952e-09,-6.355434179011101e-07,1.4432662878183367e-09,150,b_scan
-0.1959798994974874,1.0887437847470252,0.0103948342407869,-5.525603754339931e-07,5.1218144857700854e-09,-6.015966744512427e-07,1.3767081081316175e-09,150,b_scan
-0.185929648241206,1.089342383506913,0.0104741137017791,-5.215298705030498e-07,4.868387946530461e-09,-5.68124592203844e-07,1.3092620239155992e-09,150,b_scan
-0.1758793969849246,1.0900062427891273,0.0105445359299857,-4.906938771778337e-07,4.608243170325791e-09,-5.348593894222399e-07,1.241389857030526e-09,150,b_scan
-0.1658291457286431,1.0906765403376568,0.0106297203006173,-4.60127491441507e-07,4.353290479004054e-09,-5.018502604796677e-07,1.1740249658718843e-09,150,b_scan
-0.1557788944723618,1.091320942832984,0.0107043668671306,-4.300396304008551e-07,4.0943279061784515e-09,-4.693112549046092e-07,1.106954073252828e-09,150,b_scan
-0.1457286432160803,1.092005873822836,0.0107969786584143,-4.001322554284148e-07,3.840291071801445e-09,-4.3694677323380825e-07,1.0381925325798622e-09,150,b_scan
-0.135678391959799,1.0926768245978968,0.0108785100600362,-3.707127028153401e-07,3.5822107149699913e-09,-4.050691789503697e-07,9.708449877868e-10,150,b_scan
-0.1256281407035175,1.0933556971764036,0.0109556219068748,-3.41445852770192e-07,3.3203631078843114e-09,-3.73321768403545e-07,9.021472151995679e-10,150,b_scan
-0.1155778894472361,1.0940122965807133,0.0110385289862483,-3.126149941662521e-07,3.060736211394723e-09,-3.420046477133877e-07,8.341154968134863e-10,150,b_scan
-0.1055276381909547,1.094704982248535,0.0111086472734105,-2.841693679615453e-07,2.797796531632532e-09,-3.110816229099209e-07,7.645131535665997e-10,150,b_scan
-0.0954773869346733,1.0953745384417668,0.0111946920633125,-2.55925823091334e-07,2.537836858278702e-09,-2.803346303439993e-07,6.93212464611981e-10,150,b_scan
-0.085427135678392,1.0960306178227737,0.0112753525619388,-2.281392881010652e-07,2.2772319852767242e-09,-2.500476448870582e-07,6.224087150442653e-10,150,b_scan
-0.0753768844221105,1.096593346917153,0.0113515308189962,-2.0049178319728813e-07,2.0137630868951104e-09,-2.1985795556570242e-07,5.506106920195838e-10,150,b_scan
-0.0653266331658291,1.097105966079545,0.0114218348371508,-1.7321913680372317e-07,1.7497404370185475e-09,-1.900397484265136e-07,4.788798123223364e-10,150,b_scan
-0.0552763819095477,1.0975745119589957,0.0114813673100827,-1.4624738530769548e-07,1.4842573866401532e-09,-1.60517402554373e-07,4.0685640176002524e-10,150,b_scan
-0.0452261306532663,1.0979843680794932,0.0115363683181931,-1.1936155622107265e-07,1.216854397053802e-09,-1.3105712288037936e-07,3.3316234490622416e-10,150,b_scan
-0.0351758793969849,1.09828773744231,0.0115683849671368,-9.279548776275257e-08,9.482848913027295e-10,-1.0191614629980908e-07,2.6017009906345285e-10,150,b_scan
-0.0251256281407035,1.0985281739707822,0.0115778167285593,-6.617867989832288e-08,6.766142312186892e-10,-7.269914438450154e-08,1.860233204354042e-10,150,b_scan
-0.015075376884422,1.0986987292122408,0.0116074120798705,-3.967343873238208e-08,4.066116705995946e-10,-4.3589156718747886e-08,1.1173976599608298e-10,150,b_scan
-0.0050251256281407,1.098987996270496,0.0116525628511451,-1.3246933060799262e-08,1.3624676386928139e-10,-1.4558220421217166e-08,3.751124503537166e-11,150,b_scan
0.0050251256281406,1.0977492351104237,0.0114376946457896,1.3352370870123236e-08,1.3499533334144955e-10,1.4657554909588484e-08,3.6917786050709786e-11,150,b_scan
0.015075376884422,1.097677426956946,0.0114796541770426,4.01029340060186e-08,4.0691890299314574e-10,4.40200854131507e-08,1.1148220253199664e-10,150,b_scan
0.0251256281407035,1.0973566969859525,0.0114411690400012,6.712644736673405e-08,6.790881876159534e-10,7.366165656276065e-08,1.857572376726072e-10,150,b_scan
0.0351758793969849,1.0968308420590958,0.0113780577748734,9.440070885021714e-08,9.50216533807e-10,1.035416089791592e-07,2.597057139131971e-10,150,b_scan
0.0452261306532664,1.0962270019294584,0.0113071852037273,1.2201245190141465e-07,1.2213176366239561e-09,1.3375334434595006e-07,3.329383243028321e-10,150,b_scan
0.0552763819095476,1.0955587109384142,0.011230295584783,1.499977296592103e-07,1.492218269300413e-09,1.6433131934913317e-07,4.0619094646914596e-10,150,b_scan
0.0653266331658291,1.094787586432735,0.0111299205422905,1.7839231899745413e-07,1.760160889629127e-09,1.9530169635336139e-07,4.78374311377135e-10,150,b_scan
0.0753768844221105,1.0940221776221208,0.0110360920762932,2.0723878141393525e-07,2.0290441530838922e-09,2.2672382293022813e-07,5.506880866843194e-10,150,b_scan
0.085427135678392,1.0931956874764843,0.0109407719803317,2.3653651663531281e-07,2.297938416271661e-09,2.585806999164336e-07,6.217373495995876e-10,150,b_scan
0.0954773869346734,1.0923190174824555,0.0108328273547225,2.6622284349242853e-07,2.562972399771966e-09,2.908002748350351e-07,6.924430508099211e-10,150,b_scan
0.1055276381909549,1.0914668990873768,0.0107329955440761,2.9636788219924385e-07,2.829138172430092e-09,3.234757333731017e-07,7.635633271697039e-10,150,b_scan
0.1155778894472361,1.090627032081621,0.0106272322214362,3.269486970321429e-07,3.093082064473934e-09,3.565790870871191e-07,8.323130920607852e-10,150,b_scan
0.1256281407035175,1.089793220584924,0.0105264387580417,3.579848759164295e-07,3.3573760971424267e-09,3.9012949084566003e-07,9.016524956803616e-10,150,b_scan
0.135678391959799,1.0889945156747527,0.0104341130594892,3.894807896188971e-07,3.623530348054819e-09,4.241424438556511e-07,9.717105215056271e-10,150,b_scan
0.1457286432160804,1.088187307906238,0.0103295213319665,4.212776220120739e-07,3.883524099728475e-09,4.584289613784603e-07,1.037930402668519e-09,150,b_scan
0.1557788944723619,1.087379983875728,0.0102273678625535,4.535217459360249e-07,4.142139456543107e-09,4.931504687832067e-07,1.10788416500265e-09,150,b_scan
0.1658291457286431,1.086600471584544,0.0101385206263621,4.861710430018688e-07,4.405406735886013e-09,5.282736845965803e-07,1.1751637884416044e-09,150,b_scan
0.1758793969849246,1.0858872386744869,0.0100499051713399,5.191751176245296e-07,4.667058409601644e-09,5.637656348658023e-07,1.2411209393219152e-09,150,b_scan
0.185929648241206,1.0851364352105548,0.0099668582298696,5.526152320083625e-07,4.930495506528615e-09,5.996629229046082e-07,1.3080483038414815e-09,150,b_scan
0.1959798994974875,1.0844203778904964,0.009878571966977,5.863228009858501e-07,5.1888528524454805e-09,6.358203934108898e-07,1.3731918999427155e-09,150,b_scan
0.2060301507537689,1.083730491912373,0.0097983281192484,6.203629836574911e-07,5.4492315061925155e-09,6.723062814433602e-07,1.439963732615029e-09,150,b_scan
0.2160804020100502,1.0830409483102397,0.0097195698165395,6.547111373468553e-07,5.7083199959868414e-09,7.090789710614138e-07,1.5076094346117851e-09,150,b_scan
0.2261306532663316,1.082403590457114,0.0096488200295063,6.895336600500599e-07,5.9724809038512494e-09,7.463537093792198e-07,1.572699499469132e-09,150,b_scan
0.2361809045226131,1.0818039809666016,0.0095678810267555,7.245828560524308e-07,6.22706928609881e-09,7.838566182176697e-07,1.6378755635734463e-09,150,b_scan
0.2462311557788945,1.0811963624355214,0.0094946121614181,7.59849493242627e-07,6.483815894822319e-09,8.215465080924026e-07,1.704308518303146e-09,150,b_scan
0.256281407035176,1.080644239326083,0.009426759083037,7.955520738173239e-07,6.744338381253307e-09,8.597087656546098e-07,1.7674455265818435e-09,150,b_scan
0.2663316582914572,1.080034718576619,0.0093567486192615,8.314268922308321e-07,7.000197829669854e-09,8.979699095675597e-07,1.8328596893548263e-09,150,b_scan
0.2763819095477386,1.0794989326843747,0.0092967837875275,8.676188509951919e-07,7.263165299319302e-09,9.365936236261532e-07,1.893863891141747e-09,150,b_scan
0.2864321608040201,1.0789434068577364,0.0092301216081563,9.042293588290232e-07,7.52026484799625e-09,9.75612304995773e-07,1.955030340530602e-09,150,b_scan
0.2964824120603015,1.078393477278182,0.0091624180491238,9.408902768659508e-07,7.771432376841664e-09,1.014649937406704e-06,2.020696796212127e-09,150,b_scan
0.306532663316583,1.0778491289734378,0.0090915107266293,9.778809333916894e-07,8.018515941689155e-09,1.0540081122959647e-06,2.08382914540966e-09,150,b_scan
0.3165829145728642,1.077346558112643,0.0090359044395701,1.0151376060723786e-06,8.277468464173945e-09,1.0936550059127849e-06,2.147734622739531e-09,150,b_scan
0.3266331658291457,1.076791773083299,0.0089599492086647,1.0602201132840348e-06,8.576931233972074e-09,1.141636295641692e-06,2.2237613584275264e-09,150,b_scan
0.3366834170854271,1.0763249468149003,0.0089079499385629,1.0980670348534748e-06,8.836635911291776e-09,1.1818769428878617e-06,2.284160553070984e-09,150,b_scan
0.3467336683417086,1.075905572185389,0.0088554099724866,1.1360662441795985e-06,9.092280564394518e-09,1.2223000024845568e-06,2.348243195192013e-09,150,b_scan
0.35678391959799,1.0754278211692954,0.008806656959065,1.174388422168957e-06,9.35224565860353e-09,1.262969982059608e-06,2.410259965934485e-09,150,b_scan
0.3668341708542713,1.074987009884028,0.0087659822419393,1.2129392136911714e-06,9.619234491000985e-09,1.3038938984969564e-06,2.4749224784758046e-09,150,b_scan
0.3768844221105527,1.0745861131300694,0.0087186065065887,1.2516571391059624e-06,9.87698821757786e-09,1.3450133800833786e-06,2.537138174797801e-09,150,b_scan
0.3869346733668342,1.0741491104466008,0.0086658407212469,1.29065720751428e-06,1.0128169223030267e-08,1.3863582913429577e-06,2.596099950419816e-09,150,b_scan
0.3969849246231156,1.0737473700288849,0.0086100545348934,1.329841080252071e-06,1.0373248969969873e-08,1.427913362477032e-06,2.653678652127331e-09,150,b_scan
0.4070351758793971,1.0733611072010478,0.0085735999630516,1.3692334094166552e-06,1.0640293242246875e-08,1.4696818883481268e-06,2.715471198644552e-09,150,b_scan
0.4170854271356783,1.0729958905088064,0.0085293376524458,1.4088138909439178e-06,1.0895352143334893e-08,1.5116515154745454e-06,2.7782240297091078e-09,150,b_scan
0.4271356783919597,1.0725499739080149,0.008480754820007,1.4487049027590076e-06,1.1143668206746932e-08,1.5538084056545866e-06,2.8451450039159515e-09,150,b_scan
0.4371859296482412,1.0722045159247358,0.0084448268319346,1.488731812793216e-06,1.140919918540813e-08,1.5962249726777043e-06,2.9001880716975462e-09,150,b_scan
0.4472361809045226,1.071821092850566,0.0083918383265736,1.5289649214517098e-06,1.1648207086386914e-08,1.6387768530405516e-06,2.959733834825467e-09,150,b_scan
0.4572864321608041,1.0714931294372672,0.0083483453772191,1.5693461407213824e-06,1.1898368037463733e-08,1.6815436074918515e-06,3.0183312487521747e-09,150,b_scan
0.4673366834170853,1.071148972679369,0.0083106613913877,1.610002520349526e-06,1.2156044298833496e-08,1.7245525456835898e-06,3.079714271124728e-09,150,b_scan
0.4773869346733668,1.070794646882552,0.0082618386969245,1.650812378210122e-06,1.2395718642941345e-08,1.7676810575948537e-06,3.1361930460273847e-09,150,b_scan
0.4874371859296482,1.0704699795647683,0.0082213882153658,1.6917771837521178e-06,1.2645507448668473e-08,1.810996687319271e-06,3.195779156831482e-09,150,b_scan
0.4974874371859297,1.070159970020586,0.0081887387319497,1.7308266274521074e-06,1.2889753787693138e-08,1.852261371744979e-06,3.256518296651778e-09,150,b_scan
-0.4974874371859297,1.059476389893821,0.0021363387955589,-1.6017754413250176e-06,1.935278980130926e-09,-1.6970432619956118e-06,2.7396297791700382e-09,160,b_scan
-0.4874371859296482,1.0596244571604434,0.0021371178869778,-1.566608401783736e-06,1.8806727464934883e-09,-1.6600165773230811e-06,2.6903539933593204e-09,160,b_scan
-0.4773869346733668,1.0598161381724782,0.0021396821923377,-1.5295812125542043e-06,1.827406984860619e-09,-1.6210748537103737e-06,2.638270074882868e-09,160,b_scan
-0.4673366834170854,1.0600093990316333,0.0021543209681004,-1.492739442620228e-06,1.8031312768257958e-09,-1.5823178394826829e-06,2.586198068540165e-09,160,b_scan
-0.457286432160804,1.0601616641136429,0.0021551474076069,-1.4561833310267918e-06,1.752812461600355e-09,-1.5437897434759113e-06,2.528975128346109e-09,160,b_scan
-0.4472361809045225,1.060301723228257,0.0021563292244065,-1.419683442774579e-06,1.698336510230695e-09,-1.5052928008125108e-06,2.4756595584343632e-09,160,b_scan
-0.4371859296482412,1.0604615266949873,0.0021636352625124,-1.3834247274542769e-06,1.6600058591715855e-09,-1.4670686985437592e-06,2.4208457648949903e-09,160,b_scan
-0.4271356783919597,1.0606266825940975,0.0021767707749552,-1.347244297201142e-06,1.6288122198140182e-09,-1.4289232495842638e-06,2.369793185906709e-09,160,b_scan
-0.4170854271356784,1.060827605356311,0.0021848716275594,-1.3112825859294534e-06,1.5905823307079367e-09,-1.3910447655769732e-06,2.315391795173861e-09,160,b_scan
-0.4070351758793969,1.0609744969560788,0.0021850934346714,-1.2756165566024965e-06,1.534103648019893e-09,-1.3533966344501788e-06,2.262751450857364e-09,160,b_scan
-0.3969849246231155,1.061165119700911,0.0021873194018947,-1.239937017236589e-06,1.483067827465902e-09,-1.3157779133174554e-06,2.2088257330040622e-09,160,b_scan
-0.3869346733668342,1.0613670524810457,0.0022004419298791,-1.204508524929064e-06,1.4538315857117141e-09,-1.2784256627922528e-06,2.154968860959568e-09,160,b_scan
-0.3768844221105527,1.0615877718496725,0.0022014210851098,-1.1691893146589691e-06,1.4029614887981923e-09,-1.241197079419261e-06,2.099198575832869e-09,160,b_scan
-0.3668341708542714,1.061753678416881,0.0022148012510799,-1.134172561296195e-06,1.370059080350099e-09,-1.2042118889157305e-06,2.047907761703793e-09,160,b_scan
-0.3567839195979899,1.0622239121619808,0.0022348101623719,-1.0924133040102763e-06,1.3305365676489931e-09,-1.1603875334835911e-06,1.990635033855292e-09,160,b_scan
-0.3467336683417085,1.0622044261498822,0.0022321347660037,-1.0576871777945144e-06,1.2845915305513351e-09,-1.1234800017353105e-06,1.926653400321705e-09,160,b_scan
-0.3366834170854271,1.0624752322189894,0.0022391107159956,-1.023289358718825e-06,1.241637799451168e-09,-1.0872195990320045e-06,1.873379440985984e-09,160,b_scan
-0.3266331658291457,1.0626936907656377,0.0022463928239061,-9.89025957905101e-07,1.1986879630261116e-09,-1.0510316454691918e-06,1.8202935618539434e-09,160,b_scan
-0.3165829145728643,1.0628618417778812,0.0022562465523113,-9.549109791604648e-07,1.1643465517084623e-09,-1.0149384420444115e-06,1.7636408694486571e-09,160,b_scan
-0.3065326633165829,1.0630209141232214,0.002259161852342,-9.212069149416678e-07,1.120327500253996e-09,-9.792622168179245e-07,1.706719165853445e-09,160,b_scan
-0.2964824120603014,1.0632477023946931,0.0022720630938681,-8.875114352694168e-07,1.0836721226592932e-09,-9.43644494399224e-07,1.654873806502069e-09,160,b_scan
-0.2864321608040201,1.0635297927944414,0.0022822422801938,-8.541861809964314e-07,1.0462460570573168e-09,-9.084524520830098e-07,1.600706551095874e-09,160,b_scan
-0.2763819095477386,1.063722953253146,0.002290029143599,-8.210039862418435e-07,1.0051853362899815e-09,-8.733207848777789e-07,1.5464770529454803e-09,160,b_scan
-0.2663316582914573,1.0639490537858125,0.0022938260335522,-7.879641305644263e-07,9.603376200044911e-10,-8.383536911311815e-07,1.490943108306028e-09,160,b_scan
-0.2562814070351759,1.0641685433835526,0.0023070410148328,-7.553184894237456e-07,9.275128539905751e-10,-8.037861766807326e-07,1.4360553037391743e-09,160,b_scan
-0.2462311557788944,1.0643882562929143,0.0023196632081778,-7.227421215333616e-07,8.931722396719353e-10,-7.692782264883364e-07,1.3809117610196167e-09,160,b_scan
-0.2361809045226131,1.064657496547378,0.0023281360789319,-6.90549833521365e-07,8.503904094837351e-10,-7.351990569980652e-07,1.328524335246721e-09,160,b_scan
-0.2261306532663316,1.0648997226970258,0.0023347569137413,-6.584948421495862e-07,8.08889433568443e-10,-7.01230974802516e-07,1.273456220134829e-09,160,b_scan
-0.2160804020100502,1.0651532897088736,0.0023428260594041,-6.266247093004494e-07,7.690647039964121e-10,-6.674513705242403e-07,1.2182754248533612e-09,160,b_scan
-0.2060301507537688,1.065385025450564,0.0023502454886645,-5.951552836048952e-07,7.312734535177763e-10,-6.340695269704388e-07,1.1617033237302203e-09,160,b_scan
-0.1959798994974874,1.0656406517018917,0.0023582047393838,-5.637697599378617e-07,6.918175434462676e-10,-6.007759743900018e-07,1.1063555669722752e-09,160,b_scan
-0.185929648241206,1.0658955769974294,0.0023717356432595,-5.328084316741195e-07,6.553404754093993e-10,-5.67918150708381e-07,1.05306815404475e-09,160,b_scan
-0.1758793969849246,1.0661422194518528,0.0023787724767076,-5.019888749678641e-07,6.163056506858512e-10,-5.351915332983773e-07,9.970836867713107e-10,160,b_scan
-0.1658291457286431,1.066425793179194,0.0023879783996949,-4.713623217364946e-07,5.784238923980011e-10,-5.026729378326277e-07,9.41532276067903e-10,160,b_scan
-0.1557788944723618,1.0666747122833051,0.0024044639087496,-4.411585980960261e-07,5.476573798253525e-10,-4.705727206953849e-07,8.85399998596379e-10,160,b_scan
-0.1457286432160803,1.066950488868642,0.0024114948697708,-4.110561647180627e-07,5.083623065884006e-10,-4.385765758984061e-07,8.29699405386216e-10,160,b_scan
-0.135678391959799,1.0671785428099094,0.0024234763763996,-3.813801828083641e-07,4.73743815325647e-10,-4.070007477460069e-07,7.73735830555675e-10,160,b_scan
-0.1256281407035175,1.0674787541957034,0.0024303845258085,-3.517684816954684e-07,4.364460628155591e-10,-3.755053806055927e-07,7.16833284094911e-10,160,b_scan
-0.1155778894472361,1.067714576048674,0.0024378354394241,-3.22529659851838e-07,4.00186158849957e-10,-3.443696190318283e-07,6.60041701437474e-10,160,b_scan
-0.1055276381909547,1.0679194925773476,0.0024487471439084,-2.936105343869228e-07,3.6559714096031527e-10,-3.135524128978464e-07,6.03734242507619e-10,160,b_scan
-0.0954773869346733,1.068158800240815,0.0024568613266956,-2.647924523834944e-07,3.2911572571821707e-10,-2.828403882507765e-07,5.473940549424063e-10,160,b_scan
-0.085427135678392,1.068395799629039,0.0024672704036278,-2.3636320312598843e-07,2.9472569418756376e-10,-2.5252945340667124e-07,4.908541187372027e-10,160,b_scan
-0.0753768844221105,1.0686113524432608,0.00247150344851,-2.0796935612670802e-07,2.57967758041766e-10,-2.222384149173155e-07,4.338207578304559e-10,160,b_scan
-0.0653266331658291,1.068779852391929,0.0024726181874484,-1.7988574859310476e-07,2.2154993995703783e-10,-1.9225826382875014e-07,3.7652150417648317e-10,160,b_scan
-0.0552763819095477,1.068949579944008,0.0024769141042706,-1.5202688230182024e-07,1.8741743683448886e-10,-1.6250907197672786e-07,3.188409337569154e-10,160,b_scan
-0.0452261306532663,1.0690306455033036,0.0024845939330422,-1.2419077122607716e-07,1.5373079580297348e-10,-1.3276374032936637e-07,2.6115688513793406e-10,160,b_scan
-0.0351758793969849,1.0691458306232489,0.0024926080240183,-9.661108281845677e-08,1.1981104222067069e-10,-1.0329133638735045e-07,2.0391841447051006e-10,160,b_scan
-0.0251256281407035,1.0692546111026215,0.0024982216724144,-6.893247786426687e-08,8.565184224717727e-11,-7.370636981109674e-08,1.4583636247471636e-10,160,b_scan
-0.015075376884422,1.0692911592944918,0.0025027738117674,-4.133983844734482e-08,5.1498566720038237e-11,-4.4204323778408347e-08,8.759271559917205e-11,160,b_scan
-0.0050251256281407,1.06940419508755,0.0025047193537604,-1.3818204764062974e-08,1.718329952301571e-11,-1.4777246143267711e-08,2.932965819603409e-11,160,b_scan
0.0050251256281406,1.0690474544240782,0.0024845890676749,1.3867081562995113e-08,1.7436827469509765e-11,1.4824568245210994e-08,2.897583110480201e-11,160,b_scan
0.015075376884422,1.0689875648964136,0.0024824696604296,4.1669978806222776e-08,5.179700534669238e-11,4.4544689173349246e-08,8.737779894895188e-11,160,b_scan
0.0251256281407035,1.0687963894514727,0.0024784313077491,6.970277952721443e-08,8.696138758711359e-11,7.449807909341883e-08,1.456200504021183e-10,160,b_scan
0.0351758793969849,1.0686071620647264,0.0024671189795249,9.791318834986581e-08,1.2123193883246474e-10,1.0463073433125913e-07,2.038869579440408e-10,160,b_scan
0.0452261306532664,1.0683967552548557,0.0024642032372369,1.2638425712485065e-07,1.5750475870575744e-10,1.350285302274858e-07,2.6205981976382075e-10,160,b_scan
0.0552763819095476,1.0681050725477097,0.0024494226823964,1.551409618536718e-07,1.9246936377007357e-10,1.657068483158376e-07,3.1959707616545184e-10,160,b_scan
0.0653266331658291,1.0678288859851504,0.0024372863969265,1.8420869289355202e-07,2.2827779383283928e-10,1.9670336332130226e-07,3.7703281157663525e-10,160,b_scan
0.0753768844221105,1.0675478121847135,0.0024315727813939,2.1363150108199282e-07,2.6636065705320773e-10,2.280618415938176e-07,4.3472149378812355e-10,160,b_scan
0.085427135678392,1.067228830532606,0.0024220758588518,2.434100104208567e-07,3.04378039502997e-10,2.597741807613804e-07,4.919922458061523e-10,160,b_scan
0.0954773869346734,1.0668745020013095,0.0024047212747259,2.734753494974357e-07,3.3910609028854917e-10,2.917638773047109e-07,5.49174318964691e-10,160,b_scan
0.1055276381909549,1.066552071969685,0.0023921382358287,3.038981589483804e-07,3.7536505608093136e-10,3.2412321109416774e-07,6.067972746841036e-10,160,b_scan
0.1155778894472361,1.0662719081597132,0.0023830390962101,3.3466274542728425e-07,4.1507317659215985e-10,3.568414841567187e-07,6.63439073062345e-10,160,b_scan
0.1256281407035175,1.0659423462766071,0.0023691347304828,3.658117882851829e-07,4.5230604155258136e-10,3.899342759003492e-07,7.201691799762689e-10,160,b_scan
0.135678391959799,1.0655512164513978,0.0023571397182546,3.973429601415333e-07,4.900330278697946e-10,4.2338927452721014e-07,7.775346064323531e-10,160,b_scan
0.1457286432160804,1.065216808874146,0.0023414678739847,4.2909313639140173e-07,5.263577677519032e-10,4.570772214566477e-07,8.33708535895708e-10,160,b_scan
0.1557788944723619,1.0648900457610453,0.0023295588389111,4.61208185791806e-07,5.669966710133325e-10,4.911360060732049e-07,8.88706367797212e-10,160,b_scan
0.1658291457286431,1.064584718816084,0.0023139356291264,4.9364505274936e-07,6.048413503054419e-10,5.255269796761283e-07,9.434781449284454e-10,160,b_scan
0.1758793969849246,1.064238044649877,0.0023067889029595,5.264127198372983e-07,6.478818255934342e-10,5.602284436384698e-07,9.995846518501483e-10,160,b_scan
0.185929648241206,1.0639330812185044,0.0022998685822891,5.594983895923549e-07,6.90851305135504e-10,5.952688455757854e-07,1.0561867289347675e-09,160,b_scan
0.1959798994974875,1.0636604204423672,0.0022913850477048,5.928045463147117e-07,7.333638654378082e-10,6.30542732973253e-07,1.1120336355705823e-09,160,b_scan
0.2060301507537689,1.0633306824751316,0.0022788928319345,6.264296520344999e-07,7.728229928339603e-10,6.661018694205041e-07,1.167323773589753e-09,160,b_scan
0.2160804020100502,1.063028389497686,0.0022673938556535,6.60263446893436e-07,8.134693975445193e-10,7.018787885953201e-07,1.2220733541962123e-09,160,b_scan
0.2261306532663316,1.0627404392720787,0.0022518494911936,6.945253337587381e-07,8.469512438081686e-10,7.381001582843483e-07,1.278995879418647e-09,160,b_scan
0.2361809045226131,1.062518383717674,0.002244129766539,7.289507437887105e-07,8.919379264391976e-10,7.745235661001769e-07,1.3333799205379683e-09,160,b_scan
0.2462311557788945,1.0622605486042558,0.0022331472462947,7.635317116052178e-07,9.32103623596551e-10,8.11069614846505e-07,1.3881363093177084e-09,160,b_scan
0.256281407035176,1.0619869153878796,0.0022251577222662,7.985681773113458e-07,9.74192930634971e-10,8.480689553497974e-07,1.4447007326756935e-09,160,b_scan
0.2663316582914572,1.0616907269554052,0.0022144745270742,8.336911565977098e-07,1.015827408466972e-09,8.85122170104515e-07,1.498418843437456e-09,160,b_scan
0.2763819095477386,1.0614316742939998,0.0022046164382396,8.691143532125599e-07,1.059375659599541e-09,9.225055030833542e-07,1.5514192435532655e-09,160,b_scan
0.2864321608040201,1.0612100443983188,0.0021945584814219,9.048803317715232e-07,1.1001410206739478e-09,9.602680970544235e-07,1.6063752100208455e-09,160,b_scan
0.2964824120603015,1.0609587486644474,0.0021857797496842,9.406479360046292e-07,1.1459809228636281e-09,9.97988657117267e-07,1.6580335130890862e-09,160,b_scan
0.306532663316583,1.060606980314865,0.0021711611684251,9.767863848533629e-07,1.179896966527947e-09,1.0359864580519986e-06,1.7121934578889947e-09,160,b_scan
0.3165829145728642,1.0604033728956237,0.0021682207927222,1.0130404764407694e-06,1.232726963249389e-09,1.0742315380975812e-06,1.765177648132744e-09,160,b_scan
0.3266331658291457,1.060155559620109,0.0021634674477981,1.056919827561826e-06,1.290415595425662e-09,1.1204994312623969e-06,1.832227030294139e-09,160,b_scan
0.3366834170854271,1.0599359839433522,0.0021521539195431,1.0936972710765129e-06,1.3237036049503294e-09,1.159249093154643e-06,1.889939967202212e-09,160,b_scan
0.3467336683417086,1.059707599076687,0.0021450888066692,1.1306888486452418e-06,1.3717754346662043e-09,1.198199565100633e-06,1.9415233526861983e-09,160,b_scan
0.35678391959799,1.0594789639488884,0.0021385228392424,1.1679067878837402e-06,1.414508966918213e-09,1.2373726736159394e-06,1.9980123010749747e-09,160,b_scan
0.3668341708542713,1.059282429565024,0.0021269990251259,1.2052705769169637e-06,1.450610485422914e-09,1.2767219449998396e-06,2.052056102326685e-09,160,b_scan
0.3768844221105527,1.0590880282026662,0.0021225484599988,1.2428401141969322e-06,1.4972735527480731e-09,1.3162770859160056e-06,2.108173863819686e-09,160,b_scan
0.3869346733668342,1.058855820204642,0.002109720168667,1.2806436137291776e-06,1.535417010524029e-09,1.3560169440050452e-06,2.1579026314147656e-09,160,b_scan
0.3969849246231156,1.0586622956490446,0.0021069360775174,1.3185643585100456e-06,1.5833963464267682e-09,1.3959143707412547e-06,2.215420831014114e-09,160,b_scan
0.4070351758793971,1.0584736432457278,0.002101638923076,1.3566727013618913e-06,1.633324202145371e-09,1.4360022969025445e-06,2.2673094855451672e-09,160,b_scan
0.4170854271356783,1.0583071755660745,0.0021006431419537,1.3949431644018744e-06,1.69208487714272e-09,1.4762783603933498e-06,2.319430587529525e-09,160,b_scan
0.4271356783919597,1.0581551848266944,0.0020915390609028,1.4334017945537894e-06,1.7310504516050615e-09,1.5167615408469805e-06,2.3733732954274e-09,160,b_scan
0.4371859296482412,1.0579582616936547,0.0020840872967492,1.4721058873047624e-06,1.771982798874276e-09,1.5574265855619417e-06,2.428614252089609e-09,160,b_scan
0.4472361809045226,1.0577965648932792,0.0020740968983496,1.5108900852206723e-06,1.8120950031881022e-09,1.5982143420777413e-06,2.479122812729403e-09,160,b_scan
0.4572864321608041,1.057609437674017,0.0020751114130308,1.5498724374259242e-06,1.870002807463176e-09,1.63915971701249e-06,2.536187270065741e-09,160,b_scan
0.4673366834170853,1.0574269474333369,0.0020628327494332,1.589052640309652e-06,1.895307147825558e-09,1.6803070827535191e-06,2.593904864926708e-09,160,b_scan
0.4773869346733668,1.057224281928507,0.0020559749008062,1.6283672683822605e-06,1.937006431948898e-09,1.7215494160313195e-06,2.6485137087226873e-09,160,b_scan
0.4874371859296482,1.0570933508126903,0.0020484399997057,1.6677815617050944e-06,1.980564828381533e-09,1.7630007994864598e-06,2.699650723038001e-09,160,b_scan
0.4974874371859297,1.0569069536877205,0.0020447260014876,1.7053958318366924e-06,2.028925162703373e-09,1.8024447134582543e-06,2.749772744403709e-09,160,b_scan
-1.0,2.5909663305716,0.0040439606052872,-1.590804355813133e-07,2.4081629302948687e-10,-4.12172052443847e-07,1.5666673256199058e-10,20,b_scan
-0.9899497487437184,2.6028195040870177,0.0041190945130218,-1.5445141394600856e-07,2.372247006691873e-10,-4.020091526524887e-07,1.5330394900853563e-10,20,b_scan
-0.9798994974874372,2.613711637557445,0.0042102303690271,-1.5040409051419517e-07,2.353432805600728e-10,-3.9311292171319524e-07,1.5038518064477314e-10,20,b_scan
-0.9698492462311558,2.630641907122936,0.0043414445245314,-1.4441370944656793e-07,2.3171784724244222e-10,-3.79900756033217e-07,1.4667125158493912e-10,20,b_scan
-0.9597989949748744,2.6420874386536126,0.0044130584772337,-1.4052816221051358e-07,2.2821722878174223e-10,-3.712876921534753e-07,1.449983239033124e-10,20,b_scan
-0.949748743718593,2.659970765955745,0.0045502211351252,-1.3481512026672773e-07,2.2441248315660064e-10,-3.586042787183036e-07,1.4135322110720276e-10,20,b_scan
-0.9396984924623116,2.6720687265810987,0.0046636918528892,-1.311041984611378e-07,2.2283645003130238e-10,-3.503194286314881e-07,1.3893925789549867e-10,20,b_scan
-0.9296482412060302,2.6904835485414096,0.0048008350418707,-1.256785315720481e-07,2.1863442123294467e-10,-3.381360215994376e-07,1.3426960119963892e-10,20,b_scan
-0.9195979899497488,2.7029566033645605,0.004914740272543,-1.221478463564569e-07,2.1661584305692963e-10,-3.301603278959449e-07,1.3257453987697268e-10,20,b_scan
-0.9095477386934674,2.7221910526090545,0.0050543207882238,-1.1698374932864577e-07,2.1187525614360768e-10,-3.184521157231e-07,1.3017852535702178e-10,20,b_scan
-0.8994974874371859,2.735416395008929,0.0051049637631508,-1.136295460190895e-07,2.0691213940441296e-10,-3.10824123138039e-07,1.2704732565690049e-10,20,b_scan
-0.8894472361809045,2.755622706517053,0.0052301250483922,-1.0872120598219894e-07,2.0130672204446492e-10,-2.995946238844651e-07,1.2495887921074159e-10,20,b_scan
-0.8793969849246231,2.7693481018832933,0.005312053459494,-1.0553641702539524e-07,1.9749564165008427e-10,-2.922670761688419e-07,1.2309460012126848e-10,20,b_scan
-0.8693467336683417,2.7901642123213226,0.0054620899934504,-1.0088583929613977e-07,1.9261478142825416e-10,-2.8148805833408934e-07,1.217610096058288e-10,20,b_scan
-0.8592964824120604,2.8041589601252035,0.0055992475643697,-9.788404834582957e-08,1.9064991980646568e-10,-2.744824312222866e-07,1.2073814859154816e-10,20,b_scan
-0.8492462311557789,2.825728910588416,0.0057293662587702,-9.348166684594228e-08,1.8487206023467998e-10,-2.641538486165737e-07,1.1814142364557302e-10,20,b_scan
-0.8391959798994975,2.84074823141259,0.0057975962642336,-9.062416003351301e-08,1.8042732912424968e-10,-2.574404223384536e-07,1.1550534276270551e-10,20,b_scan
-0.8291457286432161,2.863042433770042,0.0059345333425032,-8.647471339642906e-08,1.7493896233003648e-10,-2.475807739020792e-07,1.1181484997674212e-10,20,b_scan
-0.8190954773869347,2.8781130649294093,0.006001871923595,-8.378571198123317e-08,1.7048225181369796e-10,-2.4114475230759973e-07,1.1011384161786891e-10,20,b_scan
-0.8090452261306533,2.901112533833248,0.0061637725724841,-7.987515530474011e-08,1.6549709826186906e-10,-2.3172681419645882e-07,1.08951326768974e-10,20,b_scan
-0.7989949748743719,2.916727739526205,0.0062634875425882,-7.734675014820186e-08,1.6177398105428103e-10,-2.2559941171946305e-07,1.0981275640282872e-10,20,b_scan
-0.7889447236180904,2.9405804715991155,0.0063676721760112,-7.365940980529865e-08,1.5523256289869108e-10,-2.166014220229777e-07,1.0783872250681488e-10,20,b_scan
-0.778894472361809,2.9566425326236923,0.0064503296063501,-7.127814998762965e-08,1.5144407952205202e-10,-2.107440099001567e-07,1.0436385109447043e-10,20,b_scan
-0.7688442211055276,2.980961134723139,0.0064911415625539,-6.781455469574913e-08,1.4371337657909596e-10,-2.0215255191658466e-07,1.0119618778713884e-10,20,b_scan
-0.7587939698492463,2.997457039475448,0.0065368901358581,-6.558922186673092e-08,1.3911519198531408e-10,-1.966008747981496e-07,9.971958174973436e-11,20,b_scan
-0.7487437185929648,3.0228168808741427,0.0065466926802417,-6.23360991382449e-08,1.308793829601001e-10,-1.884306127629308e-07,1.0011537562557394e-10,20,b_scan
-0.7386934673366834,3.0400295567265943,0.0065119069186382,-6.023998041670618e-08,1.24725481998203e-10,-1.83131320963418e-07,1.0055900282328862e-10,20,b_scan
-0.728643216080402,3.066344990760764,0.0065204195344879,-5.71969820643362e-08,1.171573910762181e-10,-1.7538567943961058e-07,1.0016732824282287e-10,20,b_scan
-0.7185929648241206,3.083921625063732,0.0064786435955064,-5.52365715672096e-08,1.1143085406733426e-10,-1.7034525755049813e-07,9.985578945110424e-11,20,b_scan
-0.7085427135678393,3.1103972539047744,0.0064272996422585,-5.23979898877512e-08,1.0357778018171008e-10,-1.6297856385699148e-07,9.811672411561376e-11,20,b_scan
-0.6984924623115578,3.128298768416858,0.0063878591831102,-5.056910128688255e-08,9.84913789014434e-11,-1.5819525727570205e-07,9.703208846632858e-11,20,b_scan
-0.6884422110552764,3.1552003028143822,0.0061871381594734,-4.7918435751991466e-08,8.883696738575266e-11,-1.51192262995075e-07,9.66022059671264e-11,20,b_scan
-0.6783919597989949,3.173105943364908,0.006026957906133,-4.6216202642112615e-08,8.242491939145596e-11,-1.466489072834445e-07,9.582025503182295e-11,20,b_scan
-0.6683417085427136,3.199747224863225,0.0058443493072266,-4.375523000494895e-08,7.41710708221158e-11,-1.400056757815875e-07,9.522736357066888e-11,20,b_scan
-0.6582914572864322,3.2173671616125152,0.005715003953074,-4.218550194526116e-08,6.868988387508153e-11,-1.357262486548241e-07,9.634979424320479e-11,20,b_scan
-0.6482412060301508,3.2433877253269494,0.0054083620777538,-3.991400923636107e-08,5.974723514645511e-11,-1.2945660762579998e-07,9.511876116052403e-11,20,b_scan
-0.6381909547738693,3.259717586365864,0.0052100575105744,-3.846590494129926e-08,5.417699271699798e-11,-1.253879868126308e-07,9.474090733140016e-11,20,b_scan
-0.6281407035175879,3.2833043504677706,0.0049508889489099,-3.6386921586450095e-08,4.6839164755449725e-11,-1.1946933794492124e-07,9.382242533223359e-11,20,b_scan
-0.6180904522613065,3.297773756286526,0.0047686965070287,-3.5063120660755585e-08,4.237712092268646e-11,-1.1563023912854767e-07,9.180159580296847e-11,20,b_scan
-0.6080402010050251,3.317362507217541,0.0045309610750099,-3.3169289183108426e-08,3.605100970887509e-11,-1.1003455632710024e-07,9.101605301143947e-11,20,b_scan
-0.5979899497487438,3.3290369899363914,0.0044561505906583,-3.196573935919571e-08,3.272972550701437e-11,-1.0641512873742813e-07,9.175177320818336e-11,20,b_scan
-0.5879396984924623,3.344339645918474,0.0044145192918593,-3.024513359379473e-08,2.899425715451635e-11,-1.0114999937382841e-07,9.178481951711726e-11,20,b_scan
-0.5778894472361809,3.352759788220261,0.0044083172297573,-2.9151444806034905e-08,2.7071384120758425e-11,-9.773779191419621e-08,9.097494036772356e-11,20,b_scan
-0.5678391959798995,3.3630641213795163,0.0044363813725032,-2.7584510264642452e-08,2.445881021736278e-11,-9.2768476776844e-08,9.060684754974539e-11,20,b_scan
-0.5577889447236181,3.3681936921248123,0.0044464430302831,-2.659313955838649e-08,2.277876989056225e-11,-8.957084491435219e-08,8.997436025469717e-11,20,b_scan
-0.5477386934673367,3.372963903810084,0.0044817010719736,-2.5164941744938625e-08,2.072548964886448e-11,-8.48804401471615e-08,8.850326298509685e-11,20,b_scan
-0.5376884422110553,3.3753653494768474,0.0045470056176724,-2.4252451362929533e-08,1.9729891242766748e-11,-8.18608839703049e-08,8.789670408944573e-11,20,b_scan
-0.5276381909547738,3.3765320937354804,0.0046858411698099,-2.294764088144113e-08,1.8993433602947272e-11,-7.748344591170234e-08,8.631095201059885e-11,20,b_scan
-0.5175879396984925,3.375366425567241,0.0047867804232045,-2.2118702817026413e-08,1.841404010112484e-11,-7.465872686569052e-08,8.571395471753162e-11,20,b_scan
-0.507537688442211,3.3697284923362965,0.0049373232600017,-2.093259791132773e-08,1.7967023159144326e-11,-7.053717160042031e-08,8.376070093867818e-11,20,b_scan
-0.4974874371859297,3.3629568435850112,0.0050531144118358,-2.018231124328496e-08,1.7642886967135238e-11,-6.787224171496786e-08,8.294770630548339e-11,20,b_scan
-0.4874371859296482,3.349415349578943,0.0052021762928297,-1.9109420072271684e-08,1.643208959897645e-11,-6.400538491161873e-08,8.278461305824651e-11,20,b_scan
-0.4773869346733668,3.3375385712236194,0.0053420969794423,-1.843062874911841e-08,1.670188707457625e-11,-6.151293434208564e-08,8.115857854696708e-11,20,b_scan
-0.4673366834170854,3.3147045318274224,0.0054611695317778,-1.7459794047611235e-08,1.6339941450048835e-11,-5.787405845439041e-08,7.847459806176849e-11,20,b_scan
-0.457286432160804,3.297920062534587,0.0056091918323352,-1.684086757872361e-08,1.6194050713313524e-11,-5.553983505836088e-08,7.791731832265855e-11,20,b_scan
-0.4472361809045225,3.269148250936696,0.0057352102576895,-1.5946586386244315e-08,1.5509069360980258e-11,-5.2131754993001534e-08,7.611669229556192e-11,20,b_scan
-0.4371859296482412,3.247007569188063,0.0057369523560392,-1.5376926882416282e-08,1.4770769341551217e-11,-4.992899797805707e-08,7.404017348997249e-11,20,b_scan
-0.4271356783919597,3.2106497289795835,0.005916001259055,-1.455253167512626e-08,1.457106671743563e-11,-4.672308187871093e-08,7.227280688344323e-11,20,b_scan
-0.4170854271356784,3.184640076357593,0.0060476517155948,-1.4021989199079051e-08,1.4826167115240457e-11,-4.465498875364047e-08,7.043938481531432e-11,20,b_scan
-0.4070351758793969,3.1427707435589887,0.0060506674435485,-1.3250664418760236e-08,1.4004580352310919e-11,-4.164380046799774e-08,6.701439003246878e-11,20,b_scan
-0.3969849246231155,3.1140002240199607,0.0061057066231794,-1.275067997353405e-08,1.3548934727652284e-11,-3.970562029399186e-08,6.54278766135779e-11,20,b_scan
-0.3869346733668342,3.0675221388508547,0.0063009012999402,-1.2024867687197412e-08,1.3780828994611398e-11,-3.6886547847230335e-08,6.287852070999531e-11,20,b_scan
-0.3768844221105527,3.034323929009469,0.0063480046584705,-1.1560075623341672e-08,1.3460254877809062e-11,-3.507701408506468e-08,6.09671492900548e-11,20,b_scan
-0.3668341708542714,2.9812030218151606,0.0063403972570462,-1.0882982964816728e-08,1.2666360525650511e-11,-3.2444381701074554e-08,5.7753298997596445e-11,20,b_scan
-0.3567839195979899,2.9437097522688376,0.0063620197377172,-1.0447992428856417e-08,1.2466755725116756e-11,-3.0755857204455613e-08,5.542133743303231e-11,20,b_scan
-0.3467336683417085,2.884731045012129,0.0064924258586656,-9.814368926701148e-09,1.2652446586317948e-11,-2.8311814730057174e-08,5.222976966656415e-11,20,b_scan
-0.3366834170854271,2.8234041633439646,0.0066022108015286,-9.203488641836481e-09,1.2409973903783649e-11,-2.598516814865001e-08,4.96437295159096e-11,20,b_scan
-0.3266331658291457,2.780781037478896,0.006514264366397,-8.807392716923682e-09,1.155877239429356e-11,-2.4491430656851117e-08,4.7524781214263846e-11,20,b_scan
-0.3165829145728643,2.7138191127666755,0.0063374023750887,-8.229844333821089e-09,1.039767562624406e-11,-2.23343088482182e-08,4.3863525311694415e-11,20,b_scan
-0.3065326633165829,2.6697748366959235,0.0062607619187802,-7.852944163562629e-09,9.81550926979938e-12,-2.0965592721857624e-08,4.1599584397221135e-11,20,b_scan
-0.2964824120603014,2.6034310278430906,0.0060765685926128,-7.296777911967324e-09,8.99270028252425e-12,-1.8996658019295852e-08,3.765453459658727e-11,20,b_scan
-0.2864321608040201,2.558335374030788,0.0059916503526823,-6.936002047132302e-09,8.675878895568272e-12,-1.774461939152853e-08,3.5134338109297555e-11,20,b_scan
-0.2763819095477386,2.4896040884308444,0.0058515615382792,-6.4077578370411924e-09,8.012060919739642e-12,-1.5952780108772537e-08,3.174944110366331e-11,20,b_scan
-0.2663316582914573,2.444755361865886,0.0057508511496884,-6.060288069005133e-09,7.523612075645762e-12,-1.4815921751152154e-08,2.960290780388249e-11,20,b_scan
-0.2562814070351759,2.375595809393125,0.0053758187618887,-5.552365776340487e-09,5.8392525586244565e-12,-1.3190176870492272e-08,2.6429330412643767e-11,20,b_scan
-0.2462311557788944,2.329371673550439,0.0051410567359569,-5.2186460246909715e-09,4.991446011849836e-12,-1.2156166224201753e-08,2.4179097085521567e-11,20,b_scan
-0.2361809045226131,2.2615423183515326,0.004967575529999,-4.724921365235207e-09,4.4969797665162486e-12,-1.0685609618362718e-08,2.1153620396342035e-11,20,b_scan
-0.2261306532663316,2.217400397977839,0.0049782971941998,-4.399654896219958e-09,4.833361178037352e-12,-9.755796517843285e-09,1.9101503904940488e-11,20,b_scan
-0.2160804020100502,2.150936759200808,0.0047209985914712,-3.9238097021376e-09,4.341707915386835e-12,-8.439866524436537e-09,1.5998051268083213e-11,20,b_scan
-0.2060301507537688,2.108449092516933,0.004597792448006,-3.61644517816319e-09,4.0757612929987065e-12,-7.625090554035416e-09,1.423482960224996e-11,20,b_scan
-0.1959798994974874,2.050713558556044,0.0045753623404178,-3.1645444036286036e-09,4.00665284847015e-12,-6.489574115173826e-09,1.1921778256395424e-11,20,b_scan
-0.185929648241206,2.015459818957389,0.0044064456990613,-2.8775769486155707e-09,3.637968473232763e-12,-5.799640715892694e-09,1.0344982861314374e-11,20,b_scan
-0.1758793969849246,1.96607739711636,0.0042379681550603,-2.468413101076252e-09,3.349294130084763e-12,-4.853091204771919e-09,8.128458992678608e-12,20,b_scan
-0.1658291457286431,1.9372936745337512,0.0040785878600596,-2.209400709204112e-09,3.046265565992089e-12,-4.2802580184515106e-09,6.809884168566785e-12,20,b_scan
-0.1557788944723618,1.8991705294865269,0.0037564891444362,-1.845433400185491e-09,2.439964397191788e-12,-3.5047927277624006e-09,5.156003895361112e-12,20,b_scan
-0.1457286432160803,1.88293006169498,0.0037896265852403,-1.6181336875040044e-09,2.3978821837877204e-12,-3.046832564042641e-09,4.149373357176284e-12,20,b_scan
-0.135678391959799,1.8825816410742424,0.0036887390306187,-1.3029846350731644e-09,2.0638851347966506e-12,-2.452974952590561e-09,2.829242193051436e-12,20,b_scan
-0.1256281407035175,1.8959969780982449,0.0036719554696787,-1.1154840489533884e-09,1.866232224486744e-12,-2.1149543859324203e-09,2.0633013871840504e-12,20,b_scan
-0.1155778894472361,1.9385320131999328,0.0039128438772726,-8.682983775608936e-10,1.6044863738641309e-12,-1.683224201911354e-09,1.3670585122885412e-12,20,b_scan
-0.1055276381909547,1.9812085410636275,0.004459406409173,-7.260391161870657e-10,1.5139482529451592e-12,-1.438434898136102e-09,1.2190325320008921e-12,20,b_scan
-0.0954773869346733,2.0561158621988187,0.0055697290929543,-5.457516977803871e-10,1.3822497993527202e-12,-1.12212872262819e-09,1.0781336736886488e-12,20,b_scan
-0.085427135678392,2.1001053880183096,0.006015970019223,-4.4876955154341904e-10,1.1927985566435228e-12,-9.424633531748947e-10,1.0068744444367011e-12,20,b_scan
-0.0753768844221105,2.133421188657884,0.0081176384365948,-3.337253145559922e-10,1.2167564845233582e-12,-7.119766572652713e-10,7.749551987309063e-13,20,b_scan
-0.0653266331658291,2.1339042650559925,0.0101378059530521,-2.7231988230006847e-10,1.2552243498594012e-12,-5.81104558299662e-10,6.686503597881167e-13,20,b_scan
-0.0552763819095477,2.080095589621174,0.0139532121305637,-1.9602976336758776e-10,1.2848820717683472e-12,-4.077606462154017e-10,5.816866233661222e-13,20,b_scan
-0.0452261306532663,1.9834367492556693,0.0161220158935489,-1.5561213096754364e-10,1.230084746125383e-12,-3.0864681919101215e-10,5.842792961087051e-13,20,b_scan
-0.0351758793969849,1.7620529351296348,0.0202965952999755,-1.106307450022594e-10,1.2124688075216402e-12,-1.9493722894680929e-10,6.910812491864082e-13,20,b_scan
-0.0251256281407035,1.5858915726300165,0.026004221576855,-8.912960635988213e-11,1.380347991326014e-12,-1.4134989159796778e-10,7.614890608218867e-13,20,b_scan
-0.015075376884422,1.3079559893752413,0.0321773864624275,-6.634555717268045e-11,1.5261628393274888e-12,-8.677706887244492e-11,7.56871623838803e-13,20,b_scan
-0.0050251256281407,1.1253589778985988,0.0530498267613182,-5.660789747632114e-11,2.4266372355635963e-12,-6.370420564494144e-11,1.2493070021158997e-12,20,b_scan
0.0050251256281406,0.7892040222766199,0.0510243733811838,-3.886517099773003e-11,2.0895295768614214e-12,-3.0672549277877175e-11,1.1014330297675417e-12,20,b_scan
0.015075376884422,0.2854643945890537,0.024812716229242,-2.9019489606015965e-11,1.0842038191576885e-12,-8.284031031664684e-12,6.501416537228026e-13,20,b_scan
0.0251256281407035,7.21745209338834,1.113813606569539,-5.976377714170798e-12,9.190687614327245e-13,4.313421984402145e-11,5.557022958099718e-13,20,b_scan
0.0351758793969849,5.944149701607691,0.360852403176727,1.5498554994829935e-11,9.367661722889776e-13,9.212573104786876e-11,5.219833581468555e-13,20,b_scan
0.0452261306532664,3.207398326374697,0.0631057511212424,6.052867565767139e-11,1.1744341113472764e-12,1.941395730020921e-10,6.330843654103368e-13,20,b_scan
0.0552763819095476,2.85157175804322,0.0389017614777387,9.949190879689302e-11,1.3349183396624066e-12,2.837083172790319e-10,6.998259743236375e-13,20,b_scan
0.0653266331658291,2.640930701913033,0.0196279023953822,1.7134856229138646e-10,1.2408863404931216e-12,4.525196788839804e-10,7.562077519534749e-13,20,b_scan
0.0753768844221105,2.554466647446089,0.0136106479111684,2.3131146486728563e-10,1.1952288152201437e-12,5.908774221753787e-10,7.68066310988558e-13,20,b_scan
0.085427135678392,2.457994088913148,0.0113071436251506,3.416295636740626e-10,1.5384551124653989e-12,8.397234481088236e-10,7.88543164229273e-13,20,b_scan
0.0954773869346734,2.3989462002648017,0.0091583285871192,4.3122269620836565e-10,1.610426431812795e-12,1.0344800485370016e-09,8.194602719419207e-13,20,b_scan
0.1055276381909549,2.30995834873765,0.007202375802887,5.964556198445442e-10,1.812041342883166e-12,1.3777876387113946e-09,9.66600202484642e-13,20,b_scan
0.1155778894472361,2.27182297063574,0.0062313775608619,7.254871907642643e-10,1.926187978983885e-12,1.6481784648802487e-09,1.1351141568283812e-12,20,b_scan
0.1256281407035175,2.2861167285109576,0.0048412370855341,9.42476875582238e-10,1.887041971691859e-12,2.1546121515032954e-09,1.4859823192726501e-12,20,b_scan
0.135678391959799,2.342561025196596,0.0046790354758652,1.1020231504029603e-09,2.0559165819649747e-12,2.581556480998341e-09,1.842172831892314e-12,20,b_scan
0.1457286432160804,2.4811750845927114,0.0042570423485135,1.356921151152469e-09,2.0698807725894177e-12,3.3667589519963675e-09,2.644205838227881e-12,20,b_scan
0.1557788944723619,2.596832200345464,0.0041505987267556,1.5348925573330643e-09,2.1818022910018768e-12,3.985858416953098e-09,2.9129216761967775e-12,20,b_scan
0.1658291457286431,2.7792943405489545,0.004694625997465,1.8043240405974463e-09,2.7710733481098945e-12,5.014747594548906e-09,3.526532714127143e-12,20,b_scan
0.1758793969849246,2.8972725779445483,0.0049635563180242,1.9865048464782442e-09,3.13013149144356e-12,5.755446017655362e-09,3.870168428096029e-12,20,b_scan
0.185929648241206,3.051068158028232,0.0047897088624515,2.2695305782413758e-09,3.287974495385724e-12,6.924492480943662e-09,4.1866090490378415e-12,20,b_scan
0.1959798994974875,3.1377241122389057,0.0046727101794435,2.4642200152083082e-09,3.411883689227075e-12,7.732042559580832e-09,4.239916836838697e-12,20,b_scan
0.2060301507537689,3.2501501864773377,0.0053700946205138,2.7667484351479156e-09,4.338093560166478e-12,8.992347942431881e-09,4.685789969731249e-12,20,b_scan
0.2160804020100502,3.312165536160861,0.0054360946595513,2.975613999786356e-09,4.6395500846900186e-12,9.855726139010142e-09,5.050792247577698e-12,20,b_scan
0.2261306532663316,3.390197262164825,0.0050909597049169,3.30398664145764e-09,4.7111968348915996e-12,1.120116646609885e-08,5.275112208465634e-12,20,b_scan
0.2361809045226131,3.4370640320400354,0.0050432946222866,3.529017965912135e-09,4.918053237576214e-12,1.2129460719059687e-08,5.5705102557716976e-12,20,b_scan
0.2462311557788945,3.4998017722607764,0.0047196331856668,3.877516345649961e-09,4.929509525228888e-12,1.3570538578475864e-08,6.104472003846907e-12,20,b_scan
0.256281407035176,3.5412071782274217,0.0049234112518551,4.1130049537077206e-09,5.41771676910774e-12,1.4565002666154722e-08,6.479891691934148e-12,20,b_scan
0.2663316582914572,3.602561691656179,0.0045650508115049,4.4718520026346946e-09,5.322587016456168e-12,1.6110122715447718e-08,7.004442752390004e-12,20,b_scan
0.2763819095477386,3.640517369381893,0.0044189673831757,4.7161179362715905e-09,5.3612386533261586e-12,1.7169109263050212e-08,7.306240457460233e-12,20,b_scan
0.2864321608040201,3.686163062770997,0.004087086635153,5.100775578067363e-09,5.2331181600238905e-12,1.8802290527356296e-08,7.905783352457617e-12,20,b_scan
0.2964824120603015,3.7138317484997136,0.0040452401650508,5.36457569065494e-09,5.396278883077863e-12,1.992313151718409e-08,8.324465686578401e-12,20,b_scan
0.306532663316583,3.756340183012669,0.0043722916769633,5.767836652071308e-09,6.274571759270078e-12,2.166595658522872e-08,8.970127090216445e-12,20,b_scan
0.3165829145728642,3.784258579686398,0.0043079144043193,6.040958860509192e-09,6.4269122269772616e-12,2.2860550397414483e-08,9.259013429213243e-12,20,b_scan
0.3266331658291457,3.823762178514429,0.0037663177815763,6.463513415208437e-09,5.844948892790806e-12,2.4714938137394653e-08,9.649053415549312e-12,20,b_scan
0.3366834170854271,3.8621711692395846,0.0038402967286861,6.893448157820487e-09,6.302291460865895e-12,2.662367673178201e-08,1.0409245555579267e-11,20,b_scan
0.3467336683417086,3.888425423845233,0.0037861216162269,7.187231272484565e-09,6.40683116204504e-12,2.7947012806984504e-08,1.0947439126427538e-11,20,b_scan
0.35678391959799,3.925856005480179,0.0038567596163708,7.640400814057823e-09,6.892028752440345e-12,2.999511342014455e-08,1.1671671298108124e-11,20,b_scan
0.3668341708542713,3.94878908067846,0.0039912338937668,7.951670479225542e-09,7.4187911981295e-12,3.1399469561519074e-08,1.220755942374082e-11,20,b_scan
0.3768844221105527,3.985205087733818,0.0038597317413744,8.434064865319317e-09,7.489868185229583e-12,3.361147821154758e-08,1.2991154424245831e-11,20,b_scan
0.3869346733668342,4.01102936140614,0.0036556581915082,8.7639249673409e-09,7.215199205330521e-12,3.5152360365164696e-08,1.374345606782009e-11,20,b_scan
0.3969849246231156,4.054250113868801,0.003682147196624,9.266134848674613e-09,7.627573330165004e-12,3.756722826536271e-08,1.4416150943250788e-11,20,b_scan
0.4070351758793971,4.084803354192564,0.0039578224785767,9.612415637347198e-09,8.549939512428351e-12,3.9264827637328893e-08,1.5087101408850138e-11,20,b_scan
0.4170854271356783,4.129335142429952,0.0040949516364147,1.0153702222937444e-08,9.285647410489791e-12,4.192803941494471e-08,1.6080382761385108e-11,20,b_scan
0.4271356783919597,4.158681895163972,0.0042300960619558,1.053323828962676e-08,9.930904359036058e-12,4.380438737251873e-08,1.6722591811587742e-11,20,b_scan
0.4371859296482412,4.202293300867978,0.0043956959036093,1.1131478331786676e-08,1.0820816128243239e-11,4.6777736822424224e-08,1.806870513798224e-11,20,b_scan
0.4472361809045226,4.230467708922145,0.0044589927105499,1.1552383993769237e-08,1.1314242830837646e-11,4.88719874467098e-08,1.9038688115006483e-11,20,b_scan
0.4572864321608041,4.267565895451198,0.0043743547406292,1.2229963076078285e-08,1.1618217843766632e-11,5.219217332609912e-08,2.0093056528153863e-11,20,b_scan
0.4673366834170853,4.288584053660061,0.0042861257762997,1.2712953751977596e-08,1.1723793194319348e-11,5.4520570735648966e-08,2.1003834383863857e-11,20,b_scan
0.4773869346733668,4.313960310287337,0.004265651916179,1.3495160730736636e-08,1.2263345462407467e-11,5.821758777334609e-08,2.2693955991547824e-11,20,b_scan
0.4874371859296482,4.327236252197259,0.0042431966669402,1.4052770460142826e-08,1.26462895184918e-11,6.080965777893679e-08,2.368372030816252e-11,20,b_scan
0.4974874371859297,4.340282396396535,0.0040746384018624,1.4958165321235813e-08,1.2832424673650308e-11,6.492266162614893e-08,2.4753010728331144e-11,20,b_scan
0.5075376884422111,4.344777675586394,0.0039929164253399,1.5606233519319353e-08,1.3061331389571715e-11,6.780561499472682e-08,2.5742596462919748e-11,20,b_scan
0.5175879396984926,4.346357320594688,0.0040078786660705,1.664690580770214e-08,1.3983223109711844e-11,7.235340092255642e-08,2.7525679312247428e-11,20,b_scan
0.5276381909547738,4.342893065151148,0.0039512288448705,1.7391775938630838e-08,1.4399612504239067e-11,7.553062311454246e-08,2.8487487453481053e-11,20,b_scan
0.5376884422110553,4.332709947711951,0.0038010587675395,1.858255028723417e-08,1.4787505605113585e-11,8.051280048335709e-08,2.973400335195452e-11,20,b_scan
0.5477386934673367,4.323062132012417,0.003692130536345,1.94275786414718e-08,1.5003204798378967e-11,8.398662954163998e-08,3.063135587645266e-11,20,b_scan
0.5577889447236182,4.303138171895196,0.0035976950534541,2.0781062626861972e-08,1.570695353806795e-11,8.94237838421944e-08,3.1958502442929155e-11,20,b_scan
0.5678391959798996,4.287094842849253,0.0035551731810998,2.1735608068191497e-08,1.6306488309161244e-11,9.318261325533638e-08,3.2927113378489986e-11,20,b_scan
0.5778894472361809,4.259003233229352,0.0034218260960891,2.32593243701657e-08,1.6860121836646382e-11,9.906153769526598e-08,3.432457516047654e-11,20,b_scan
0.5879396984924623,4.237393053259449,0.0033803112057841,2.4334488085699748e-08,1.7526329359163622e-11,1.0311479076896893e-07,3.5369072289470075e-11,20,b_scan
0.5979899497487438,4.202144177890445,0.0033034516355195,2.60368972756467e-08,1.847581107078928e-11,1.094107962971904e-07,3.701807936802262e-11,20,b_scan
0.6080402010050252,4.177008817639075,0.0033330904964593,2.722958414476033e-08,1.9694493305823408e-11,1.1373821307330909e-07,3.83374264554505e-11,20,b_scan
0.6180904522613067,4.136961523467702,0.0032966019654739,2.910972988757156e-08,2.1063873374224948e-11,1.2042583250342132e-07,4.0193024050650175e-11,20,b_scan
0.6281407035175879,4.108620241629772,0.0032262698677113,3.043742386711134e-08,2.16816943773952e-11,1.2505581580347877e-07,4.132233470742677e-11,20,b_scan
0.6381909547738693,4.063748662702042,0.0030334965486137,3.251947787310577e-08,2.1850468013757512e-11,1.321509847186022e-07,4.297505224719962e-11,20,b_scan
0.6482412060301508,4.031920811430076,0.0029827098429383,3.399151243575637e-08,2.267302529174929e-11,1.3705108640171037e-07,4.384553277178829e-11,20,b_scan
0.6582914572864322,3.9823148690140417,0.0029616971766537,3.630406037708507e-08,2.44190268013462e-11,1.445741994452494e-07,4.5874358268222737e-11,20,b_scan
0.6683417085427137,3.948411288049514,0.0029701564027607,3.7909973693031566e-08,2.5891799733042045e-11,1.49684168059226e-07,4.719278931928669e-11,20,b_scan
0.6783919597989949,3.8955320041276895,0.002896209268579,4.0458590834086936e-08,2.7236871006942967e-11,1.5760773543609288e-07,4.9726116685648193e-11,20,b_scan
0.6884422110552764,3.859099054804433,0.0028603160693718,4.2244007863855124e-08,2.836214313306786e-11,1.6302381081855437e-07,5.11895702661098e-11,20,b_scan
0.6984924623115578,3.803558858780273,0.0028618380640623,4.50479535802256e-08,3.0888889787402926e-11,1.713425429099896e-07,5.3075332952319506e-11,20,b_scan
0.7085427135678393,3.7654322891920655,0.0028335522864025,4.7021371209806266e-08,3.231650397245451e-11,1.770557894354907e-07,5.426645400476783e-11,20,b_scan
0.7185929648241207,3.7077420306470734,0.0028603982061318,5.010414606661516e-08,3.563484590065614e-11,1.8577324828086933e-07,5.5525017344479786e-11,20,b_scan
0.728643216080402,3.668688485487024,0.0028577927116919,5.226188179564934e-08,3.7666006182411005e-11,1.9173256397358257e-07,5.6669695479670006e-11,20,b_scan
0.7386934673366834,3.609648723920229,0.0027935522271131,5.5652961897719054e-08,3.986610453972867e-11,2.008876428964827e-07,5.884542249020065e-11,20,b_scan
0.7487437185929648,3.5702717338344327,0.0028050866043448,5.802158396963999e-08,4.236658127593564e-11,2.0715282119910665e-07,6.008098285603024e-11,20,b_scan
0.7587939698492463,3.5108851181077614,0.0027857297348008,6.174223675070715e-08,4.571437683287642e-11,2.167699001667438e-07,6.183403233532939e-11,20,b_scan
0.7688442211055277,3.471648716334056,0.0027356690762564,6.432185981003643e-08,4.7354882602811966e-11,2.2330290204173206e-07,6.273666912407282e-11,20,b_scan
0.778894472361809,3.4126560165963777,0.0026374772656343,6.837983346876817e-08,4.93306310651092e-11,2.3335685010105005e-07,6.469162162577601e-11,20,b_scan
0.7889447236180904,3.3738464806812303,0.0026246719475139,7.119251881713326e-08,5.1721419189584286e-11,2.401926290620173e-07,6.682249890291314e-11,20,b_scan
0.7989949748743719,3.3169026408548805,0.0026031939553323,7.558689040857223e-08,5.5583206141816665e-11,2.507143564102017e-07,6.875514098736083e-11,20,b_scan
0.8090452261306533,3.2797606657313176,0.0025711521157804,7.862880120505879e-08,5.78238002345817e-11,2.57883649385959e-07,7.003490679225002e-11,20,b_scan
0.8190954773869348,3.225315719268199,0.0025128621200723,8.336371209059817e-08,6.099141143677409e-11,2.688742910223547e-07,7.20076428156408e-11,20,b_scan
0.829145728643216,3.190038323362163,0.0024654076608652,8.663029938604842e-08,6.289771967197112e-11,2.763539750058321e-07,7.319234165448573e-11,20,b_scan
0.8391959798994975,3.139109437878996,0.0024657102241367,9.16893583799329e-08,6.784708016426578e-11,2.87822930243517e-07,7.58397053935593e-11,20,b_scan
0.8492462311557789,3.1063678116265745,0.0024327759752452,9.517678101808401e-08,7.026063173106518e-11,2.956540889688073e-07,7.731184047569282e-11,20,b_scan
0.8592964824120604,3.0590439334375965,0.0023478741379234,1.0057131208387848e-07,7.284085311689539e-11,3.076520621080476e-07,7.814440386798179e-11,20,b_scan
0.8693467336683418,3.028754182964191,0.002288149771901,1.0426519333976708e-07,7.430293487756345e-11,3.157936404653897e-07,7.919807943857259e-11,20,b_scan
0.879396984924623,2.985393667382671,0.0022459988638139,1.099795975101579e-07,7.783258743182234e-11,3.283323939481204e-07,8.381137888804579e-11,20,b_scan
0.8894472361809045,2.957783805272577,0.0022179229109387,1.1388299358676037e-07,8.031052580326906e-11,3.368412741268805e-07,8.586452785309976e-11,20,b_scan
0.8994974874371859,2.9177685803019964,0.0021714356328592,1.1991248118391393e-07,8.394293665206185e-11,3.498768699844784e-07,8.837494916383405e-11,20,b_scan
0.9095477386934674,2.8924985988049725,0.0021654880726986,1.2403063170517742e-07,8.747885014066236e-11,3.587584284161213e-07,9.007483799661924e-11,20,b_scan
0.9195979899497488,2.856424347744893,0.0021269400052687,1.3034407036920404e-07,9.150044963549323e-11,3.723179761867681e-07,9.245269844833582e-11,20,b_scan
0.92964824120603,2.8331069774830664,0.0020747469807061,1.346930659867992e-07,9.289866795208196e-11,3.815998650657879e-07,9.393933423348003e-11,20,b_scan
0.9396984924623116,2.8000737426438973,0.0020001417683456,1.4132047164246746e-07,9.512400328675522e-11,3.957077419441246e-07,9.461847560674575e-11,20,b_scan
0.949748743718593,2.77877787856646,0.0019733201232562,1.4588028814449354e-07,9.747310313680492e-11,4.0536891761481963e-07,9.749486963436427e-11,20,b_scan
0.9597989949748744,2.7481193570248776,0.0019230647946827,1.5286357087957898e-07,1.0043534301381694e-10,4.200873381181154e-07,1.0117186413871319e-10,20,b_scan
0.969849246231156,2.7286171405942525,0.0019232586836498,1.5760911503620985e-07,1.0440120838660378e-10,4.300549328016936e-07,1.0359617916329691e-10,20,b_scan
0.9798994974874372,2.700700095298548,0.0018654411865431,1.648977792403871e-07,1.0662381224866355e-10,4.453394481090325e-07,1.0817477717365836e-10,20,b_scan
0.9899497487437184,2.6457536997025453,0.0018160868205688,1.72232879526798e-07,1.1061352460998039e-10,4.5568577821844854e-07,1.1040779273215712e-10,20,b_scan
1.0,2.663171112763136,0.0018107221184574,1.754973983041349e-07,1.1135681028670796e-10,4.673796015286581e-07,1.1416248317327719e-10,20,b_scan
-1.0,2.3206406937982367,0.0034810042006713,-3.69967314079727e-07,5.353163186802185e-10,-8.585612044286478e-07,3.3959669738699903e-10,30,b_scan
-0.9899497487437184,2.333909045323446,0.0036350946245799,-3.601421916189024e-07,5.417911475115449e-10,-8.40539118621966e-07,3.3902514674509477e-10,30,b_scan
-0.9798994974874372,2.345981681769269,0.0037852211423157,-3.515171937707584e-07,5.486791440896253e-10,-8.246528974131379e-07,3.3698088949763646e-10,30,b_scan
-0.9698492462311558,2.3646182474552107,0.0040358151567154,-3.387151548002977e-07,5.610610833759171e-10,-8.009320357304002e-07,3.294633594435788e-10,30,b_scan
-0.9597989949748744,2.377260667970989,0.0042259080260327,-3.303749344000907e-07,5.70967359721131e-10,-7.853873372328312e-07,3.2683829624273587e-10,30,b_scan
-0.949748743718593,2.3967440024931137,0.0045006299757152,-3.18042556095922e-07,5.81826051178827e-10,-7.622665888604806e-07,3.2293281642599953e-10,30,b_scan
-0.9396984924623116,2.4099038499130594,0.0046833948398903,-3.099983260082975e-07,5.874348317017404e-10,-7.470661593139998e-07,3.2211061948700203e-10,30,b_scan
-0.9296482412060302,2.429924152165938,0.0049876769387521,-2.982009744910072e-07,5.979777079965124e-10,-7.246057501151171e-07,3.175283832749542e-10,30,b_scan
-0.9195979899497488,2.443583351177728,0.0052154229822502,-2.904909056893541e-07,6.06725825995339e-10,-7.098387408110452e-07,3.118752431085123e-10,30,b_scan
-0.9095477386934674,2.4646449899176424,0.0055899307622764,-2.791431390295388e-07,6.205829895329253e-10,-6.879887390790366e-07,3.088656732739653e-10,30,b_scan
-0.8994974874371859,2.478851338820921,0.0058178941006887,-2.717530593896292e-07,6.257174405019731e-10,-6.736354350966635e-07,3.063801348101885e-10,30,b_scan
-0.8894472361809045,2.500712797724972,0.0062206376359099,-2.608902813553301e-07,6.377820655802836e-10,-6.524116653873426e-07,3.001331250038273e-10,30,b_scan
-0.8793969849246231,2.515405076393193,0.0064964943541917,-2.538318945435758e-07,6.448930568609196e-10,-6.384900360854122e-07,2.963645850603005e-10,30,b_scan
-0.8693467336683417,2.537948675062997,0.006979172356864,-2.4343690985615245e-07,6.593864443987796e-10,-6.178303828308524e-07,2.9324983340513507e-10,30,b_scan
-0.8592964824120604,2.553215112430385,0.0073161602729521,-2.36697029616162e-07,6.687052636900896e-10,-6.043384330833672e-07,2.8946987505093307e-10,30,b_scan
-0.8492462311557789,2.5764478061451745,0.0078562751795029,-2.267963758975203e-07,6.826687159149433e-10,-5.843290251228425e-07,2.848361115808146e-10,30,b_scan
-0.8391959798994975,2.592133961714162,0.0082141257492799,-2.2036166198244401e-07,6.897789558657838e-10,-5.712069478844695e-07,2.818541476233333e-10,30,b_scan
-0.8291457286432161,2.615991742300358,0.0087665152201421,-2.109579118915701e-07,6.989952469577292e-10,-5.518641554812737e-07,2.7658777537214115e-10,30,b_scan
-0.8190954773869347,2.632230944001617,0.0092109904264807,-2.048302108199756e-07,7.09162288332994e-10,-5.391604191867146e-07,2.740540313791092e-10,30,b_scan
-0.8090452261306533,2.6568064679414247,0.0099159937111492,-1.9587574927032748e-07,7.24002310940185e-10,-5.204039575742789e-07,2.69363387704681e-10,30,b_scan
-0.7989949748743719,2.673402404177318,0.0103802125951345,-1.9006724636118977e-07,7.312011786547287e-10,-5.081262333773674e-07,2.6695051682251827e-10,30,b_scan
-0.7889447236180904,2.6984403533455827,0.0110920311638333,-1.8158522700582925e-07,7.399734187772693e-10,-4.899969041239476e-07,2.6398719804699087e-10,30,b_scan
-0.778894472361809,2.715488232705804,0.011628369526651,-1.760792965263363e-07,7.478164148559603e-10,-4.781412577403822e-07,2.619729377862325e-10,30,b_scan
-0.7688442211055276,2.74119645888288,0.0124742944362973,-1.680408586713509e-07,7.59001849280221e-10,-4.6063300673754564e-07,2.5540666963863933e-10,30,b_scan
-0.7587939698492463,2.7582242843575973,0.013044784776314,-1.6286475582130504e-07,7.647363701226427e-10,-4.492175245722939e-07,2.5385927982599133e-10,30,b_scan
-0.7487437185929648,2.7843682807942303,0.0139932848292152,-1.5528350713996697e-07,7.752393459226079e-10,-4.3236647181100843e-07,2.4952521457466864e-10,30,b_scan
-0.7386934673366834,2.8020653786561804,0.0146450555690269,-1.5037843438931025e-07,7.81052445560881e-10,-4.213702046988062e-07,2.4562709407216737e-10,30,b_scan
-0.728643216080402,2.8283786360958123,0.0156480618896848,-1.432631581127421e-07,7.87916364838395e-10,-4.05202455745696e-07,2.4351289862195816e-10,30,b_scan
-0.7185929648241206,2.8458976649502663,0.0163873752160544,-1.3866999388117442e-07,7.939550781692291e-10,-3.94640611785102e-07,2.4199860755941157e-10,30,b_scan
-0.7085427135678393,2.8724653312317643,0.0175780264554075,-1.3198208091961382e-07,8.034603585087857e-10,-3.79113951785416e-07,2.363688060361361e-10,30,b_scan
-0.6984924623115578,2.8897284283442874,0.0183627224383055,-1.2768258977675937e-07,8.073009366566745e-10,-3.689680094825233e-07,2.3413176244589023e-10,30,b_scan
-0.6884422110552764,2.9152734061820675,0.0195713972652461,-1.2144063003516284e-07,8.113683439928448e-10,-3.540326391715055e-07,2.3253154077481368e-10,30,b_scan
-0.6783919597989949,2.932615817975064,0.0204488373376876,-1.17416314773634e-07,8.149356726391862e-10,-3.4433694199349817e-07,2.3095783144203551e-10,30,b_scan
-0.6683417085427136,2.9580405745200387,0.0218136931670645,-1.1158768699284781e-07,8.191805178016744e-10,-3.3008090574168577e-07,2.3083848324709801e-10,30,b_scan
-0.6582914572864322,2.9742755762184125,0.0227625217020912,-1.0785950983764693e-07,8.218500260682796e-10,-3.2080390577300284e-07,2.2945712788524678e-10,30,b_scan
-0.6482412060301508,2.997698652499548,0.0242231989691772,-1.0245589774248957e-07,8.24467591327124e-10,-3.0713190660329244e-07,2.2592032443666367e-10,30,b_scan
-0.6381909547738693,3.013028773898009,0.0252476372114115,-9.899302103220545e-08,8.26237806011005e-10,-2.9826882078512574e-07,2.2180558759080734e-10,30,b_scan
-0.6281407035175879,3.0338749920099946,0.0267521606953741,-9.402443280886657e-08,8.259710541623209e-10,-2.852583753367443e-07,2.1799118101468167e-10,30,b_scan
-0.6180904522613065,3.0464298417504083,0.0277556107964368,-9.084791466792624e-08,8.246516759869074e-10,-2.767617983051651e-07,2.1631799157775047e-10,30,b_scan
-0.6080402010050251,3.0635327412213544,0.0292839338588328,-8.628233332747443e-08,8.217817022477966e-10,-2.643287531376923e-07,2.14613428614404e-10,30,b_scan
-0.5979899497487438,3.07373071140788,0.0303654876093981,-8.336924687967802e-08,8.20683818719887e-10,-2.5625461452101186e-07,2.1312001387399783e-10,30,b_scan
-0.5879396984924623,3.0856893016479474,0.0319261099003716,-7.919846941442692e-08,8.165630025327832e-10,-2.4438186977898933e-07,2.1123985823853523e-10,30,b_scan
-0.5778894472361809,3.0921525148830185,0.0329538705307399,-7.65398541095596e-08,8.129110201276531e-10,-2.366729023736541e-07,2.0858655717917238e-10,30,b_scan
-0.5678391959798995,3.0988910562344603,0.0344804436519761,-7.27265036760775e-08,8.06506130835082e-10,-2.2537151179299917e-07,2.0468331038006868e-10,30,b_scan
-0.5577889447236181,3.10121240670832,0.0354580241835787,-7.031229072343809e-08,8.013134595324725e-10,-2.1805334833560853e-07,2.0070310780407568e-10,30,b_scan
-0.5477386934673367,3.10136281181223,0.0369334756829358,-6.683805127435534e-08,7.93433139972866e-10,-2.072890466362847e-07,1.965535868260707e-10,30,b_scan
-0.5376884422110553,3.099466056937912,0.0378454052026822,-6.462334271012196e-08,7.865958654429415e-10,-2.0029785721588897e-07,1.9353360248999468e-10,30,b_scan
-0.5276381909547738,3.0938580578895376,0.0391409008694048,-6.14487140880224e-08,7.750034959453053e-10,-1.9011359922817845e-07,1.8861649572916567e-10,30,b_scan
-0.5175879396984925,3.0876178870995723,0.0399910817630488,-5.94221626172498e-08,7.672870730968113e-10,-1.8347293218716e-07,1.85705270133154e-10,30,b_scan
-0.507537688442211,3.075695578498899,0.0412581419648441,-5.6502057383703053e-08,7.555586848023367e-10,-1.737831280711465e-07,1.843591370140365e-10,30,b_scan
-0.4974874371859297,3.065963090746607,0.0421081833151499,-5.463036341412496e-08,7.479566463306235e-10,-1.6749467786178093e-07,1.8158272509127067e-10,30,b_scan
-0.4874371859296482,3.0484095960901203,0.0432991780251551,-5.1925626854102553e-08,7.352563583375893e-10,-1.5829057918504102e-07,1.7695497426882962e-10,30,b_scan
-0.4773869346733668,3.0347920551272143,0.0440258622281488,-5.019248779239184e-08,7.258596019633372e-10,-1.5232376317942042e-07,1.7492745982201828e-10,30,b_scan
-0.4673366834170854,3.0115255197910504,0.0450382670181062,-4.768060923431064e-08,7.107942760991427e-10,-1.435913715083113e-07,1.7172178091040586e-10,30,b_scan
-0.457286432160804,2.994282913891712,0.0456773416566465,-4.6072837822091813e-08,7.005703708964751e-10,-1.3795511108519333e-07,1.6877817863187635e-10,30,b_scan
-0.4472361809045225,2.966016530626023,0.0465680985541451,-4.3732133294697576e-08,6.843809674131508e-10,-1.2971023027161366e-07,1.6428290115840112e-10,30,b_scan
-0.4371859296482412,2.945467567934626,0.0471542831385327,-4.2221953229699454e-08,6.737243987034308e-10,-1.243633938929324e-07,1.6090351317829908e-10,30,b_scan
-0.4271356783919597,2.912944290113043,0.0479468426601534,-4.002098518792907e-08,6.565284012567142e-10,-1.1657890028787665e-07,1.5719088035854544e-10,30,b_scan
-0.4170854271356784,2.890092660657673,0.0484414257401608,-3.8593056272802576e-08,6.447107037030142e-10,-1.115375086863753e-07,1.5248426408233247e-10,30,b_scan
-0.4070351758793969,2.854296667312727,0.0491798820520969,-3.651142784209305e-08,6.270326604678152e-10,-1.042144468085153e-07,1.4532558901417282e-10,30,b_scan
-0.3969849246231155,2.829282798633986,0.0496317370383902,-3.515685350986987e-08,6.146796375264034e-10,-9.94686808895697e-08,1.4206843648642398e-10,30,b_scan
-0.3869346733668342,2.790049793797898,0.0503436353239185,-3.3174764200141235e-08,5.966361511542669e-10,-9.255924401589792e-08,1.3535200052768986e-10,30,b_scan
-0.3768844221105527,2.7634944052437627,0.0508749629276765,-3.188569337442737e-08,5.850858371391742e-10,-8.811593524754815e-08,1.3104816663207119e-10,30,b_scan
-0.3668341708542714,2.722493661446878,0.051657419339854,-2.9989761600361275e-08,5.671816052121737e-10,-8.164693586528655e-08,1.2492814756646406e-10,30,b_scan
-0.3567839195979899,2.694938163995239,0.0522681131748883,-2.8758077409355883e-08,5.55958268125315e-10,-7.75012403336025e-08,1.2074224108702848e-10,30,b_scan
-0.3467336683417085,2.65226197718696,0.0533089234572489,-2.694742604893556e-08,5.39948360198624e-10,-7.147163349264922e-08,1.1303175693627716e-10,30,b_scan
-0.3366834170854271,2.6084808213278863,0.0543157170112679,-2.5192383160550266e-08,5.229817084618996e-10,-6.571384831783898e-08,1.0654841420976454e-10,30,b_scan
-0.3266331658291457,2.578600301053445,0.0551138482338931,-2.404847093776229e-08,5.124835396479576e-10,-6.201139439998887e-08,1.0177818696762819e-10,30,b_scan
-0.3165829145728643,2.533292451681753,0.0564621971675677,-2.236604418459436e-08,4.971083373089152e-10,-5.6659730906813455e-08,9.415880529086368e-11,30,b_scan
-0.3065326633165829,2.502425149576561,0.0574775640608409,-2.1277742620517333e-08,4.874028109755436e-10,-5.3245958259799655e-08,8.983340392545467e-11,30,b_scan
-0.2964824120603014,2.45465045594246,0.0591360527256434,-1.9683031332792725e-08,4.730158794388832e-10,-4.831496183536939e-08,8.194572478702447e-11,30,b_scan
-0.2864321608040201,2.4228897858865386,0.060312541454458,-1.8646633267253146e-08,4.6308969973287816e-10,-4.5178737284399785e-08,7.658291697519193e-11,30,b_scan
-0.2763819095477386,2.375363847353153,0.0622369183198844,-1.7127438125534077e-08,4.4779981757973035e-10,-4.068389732117171e-08,6.955162332046759e-11,30,b_scan
-0.2663316582914573,2.343810022519402,0.0635055074044989,-1.6141268901913653e-08,4.364672652393877e-10,-3.7832067828485966e-08,6.500297665600818e-11,30,b_scan
-0.2562814070351759,2.2962497533753723,0.0656001981369193,-1.4705439941765272e-08,4.1935643616852944e-10,-3.3767362839554854e-08,5.7792070670147476e-11,30,b_scan
-0.2462311557788944,2.26452827037923,0.0669876225462656,-1.3779986733394238e-08,4.069530714592888e-10,-3.120516952322199e-08,5.315689257880328e-11,30,b_scan
-0.2361809045226131,2.218569327144531,0.0690865011710225,-1.2428732738494732e-08,3.864672697371551e-10,-2.7574005228901457e-08,4.6374751634457256e-11,30,b_scan
-0.2261306532663316,2.18815874486682,0.0704779347291307,-1.1558180298849952e-08,3.71774007431345e-10,-2.5291133295675922e-08,4.2244623159995646e-11,30,b_scan
-0.2160804020100502,2.1431053006546734,0.0725026342518217,-1.0300103658313793e-08,3.4804545370829784e-10,-2.2074206747424883e-08,3.6378564061634384e-11,30,b_scan
-0.2060301507537688,2.113731295988681,0.0736472543079185,-9.500479541316526e-09,3.3065942219159324e-10,-2.0081460933380932e-08,3.258272248422189e-11,30,b_scan
-0.1959798994974874,2.069763018540314,0.0746304161886681,-8.354202323513236e-09,3.0094720779136077e-10,-1.7291219018611265e-08,2.707594821024246e-11,30,b_scan
-0.185929648241206,2.042099753793098,0.0746677074546953,-7.629642561639446e-09,2.7872980517340367e-10,-1.5580491196653256e-08,2.3715805676222766e-11,30,b_scan
-0.1758793969849246,2.0027833423948502,0.0730831421002224,-6.597126143057551e-09,2.405525873086307e-10,-1.3212614346993249e-08,1.8731184947692725e-11,30,b_scan
-0.1658291457286431,1.979552461995211,0.0708579848507064,-5.949388846879257e-09,2.1280837342017663e-10,-1.1777127339206681e-08,1.5804576689903697e-11,30,b_scan
-0.1557788944723618,1.9528137191431896,0.0661180106659626,-5.033510635612424e-09,1.70309374475305e-10,-9.8295086246771e-09,1.2187393320916796e-11,30,b_scan
-0.1457286432160803,1.942806073520995,0.0619967956764793,-4.459593531615135e-09,1.422148041189735e-10,-8.664125398656828e-09,1.0104995477581535e-11,30,b_scan
-0.135678391959799,1.944068759378898,0.0554101273992117,-3.6569465956470795e-09,1.0416425752309488e-10,-7.109355631314503e-09,7.240408800229479e-12,30,b_scan
-0.1256281407035175,1.9574264798449823,0.051475006829322,-3.1647077709455747e-09,8.317028039796085e-11,-6.194682791820057e-09,5.810118145851488e-12,30,b_scan
-0.1155778894472361,1.991230868239012,0.0452788781561268,-2.503773831454697e-09,5.6897386538278086e-11,-4.985591740281653e-09,4.046444426724489e-12,30,b_scan
-0.1055276381909547,2.0110380989258627,0.0401474504672041,-2.130069293422713e-09,4.249354355753338e-11,-4.2836505024251694e-09,3.221934775350807e-12,30,b_scan
-0.0954773869346733,2.020087283586676,0.0296591426372712,-1.663616835354937e-09,2.4398090877739928e-11,-3.3606512138612173e-09,2.3327820548185016e-12,30,b_scan
-0.085427135678392,2.006624746859341,0.0213645471342427,-1.4102787384003704e-09,1.498552776328263e-11,-2.829900216443754e-09,1.894752846156191e-12,30,b_scan
-0.0753768844221105,1.95780603144771,0.0087512109332895,-1.0963470932775627e-09,4.8410192527335765e-12,-2.146434951778977e-09,1.4911681319205809e-12,30,b_scan
-0.0653266331658291,1.907722784217935,0.0033062891857699,-9.23338392272636e-10,1.4490346008692596e-12,-1.7614736884816651e-09,1.2954022205817872e-12,30,b_scan
-0.0552763819095477,1.8038941522633072,0.0155142196365715,-7.043283618258921e-10,6.029044797997499e-12,-1.270533813170922e-09,1.0580620080837665e-12,30,b_scan
-0.0452261306532663,1.7228719615825616,0.0249274113167601,-5.775974446510355e-10,8.338820134348471e-12,-9.951264424710047e-10,9.487038734344827e-13,30,b_scan
-0.0351758793969849,1.602054981282312,0.0376095034465911,-4.105252319084815e-10,9.624342019012799e-12,-6.576839927210592e-10,8.035627433600479e-13,30,b_scan
-0.0251256281407035,1.5244502496059826,0.0434687819702208,-3.134362675063822e-10,8.922113129154577e-12,-4.778179962356716e-10,7.977550279323999e-13,30,b_scan
-0.015075376884422,1.4018449557962094,0.0448749791288286,-1.8428893482534782e-10,5.870552814376027e-12,-2.583445136939703e-10,8.160129928275485e-13,30,b_scan
-0.0050251256281407,1.2794754208008987,0.0447061937045393,-1.0657047058297647e-10,3.5962938571937026e-12,-1.3635429769410366e-10,1.2355262082527328e-12,30,b_scan
0.0050251256281406,3.767536623382633,1.106416027826939,1.0848986207338937e-11,3.174702370527068e-12,4.08739528627225e-11,1.0113905119961156e-12,30,b_scan
0.015075376884422,1.8745493683896923,0.1232021717542347,8.687967795341298e-11,5.703425749793433e-12,1.6286024543347014e-10,5.153187239734373e-13,30,b_scan
0.0251256281407035,1.764735115299469,0.0689580093533127,2.1572868223077e-10,8.422021187727188e-12,3.8070398090992037e-10,6.355873688907272e-13,30,b_scan
0.0351758793969849,1.777296539988369,0.0503976913310201,3.1352374306095165e-10,8.880954016004062e-12,5.572246637464316e-10,7.280944093913122e-13,30,b_scan
0.0452261306532664,1.843151081374154,0.0295212523776548,4.795500718213245e-10,7.664717373222686e-12,8.838832334505273e-10,9.163295219911965e-13,30,b_scan
0.0552763819095476,1.9033977269759248,0.0179682298984596,6.04635615272273e-10,5.678365378548549e-12,1.1508620557579343e-09,1.1020929020643985e-12,30,b_scan
0.0653266331658291,1.9960827847906943,0.0049316660500524,8.198551918331528e-10,1.8861288009314533e-12,1.6364988344394283e-09,1.474329185177497e-12,30,b_scan
0.0753768844221105,2.057727503721725,0.0087080329351109,9.860186940132231e-10,4.083921768283965e-12,2.028957785854786e-09,1.7617600470996376e-12,30,b_scan
0.085427135678392,2.147955392230981,0.0208820433291697,1.271162184434434e-09,1.2318453682853452e-11,2.7303996684560558e-09,2.12226303323609e-12,30,b_scan
0.0954773869346734,2.207847132999708,0.0285957654735559,1.4866008827756602e-09,1.9224028596412057e-11,3.2821874969510762e-09,2.381745810745642e-12,30,b_scan
0.1055276381909549,2.299350837266143,0.0401559715048722,1.8553402630115438e-09,3.2376628141729915e-11,4.266078187169179e-09,2.933223708966596e-12,30,b_scan
0.1155778894472361,2.364918138979207,0.0477983112619857,2.1305697445705547e-09,4.3037690504317336e-11,5.0386230352952014e-09,3.407417267713232e-12,30,b_scan
0.1256281407035175,2.482230561095637,0.0580504849329705,2.590147197570907e-09,6.054997126191253e-11,6.429342531546724e-09,4.258311954560547e-12,30,b_scan
0.135678391959799,2.573339516338899,0.0641346836682695,2.924190974042892e-09,7.285425265288073e-11,7.524936186826112e-09,4.873627970691267e-12,30,b_scan
0.1457286432160804,2.7180936993514524,0.0721275519057133,3.462861267468491e-09,9.186342920711459e-11,9.412381392834293e-09,6.091699556378353e-12,30,b_scan
0.1557788944723619,2.811487896001552,0.0761089713650547,3.855063686226391e-09,1.0433029055434203e-10,1.0838464892140625e-08,6.918586103066365e-12,30,b_scan
0.1658291457286431,2.935977665998132,0.0801688832201195,4.481730176977859e-09,1.2234531811680015e-10,1.3158259704636851e-08,8.138327325074774e-12,30,b_scan
0.1758793969849246,3.006436116465774,0.0818069210587627,4.928039528179089e-09,1.340601986967104e-10,1.4815836020888566e-08,9.170597466267536e-12,30,b_scan
0.185929648241206,3.0950054284570263,0.0830783762704424,5.639483322000965e-09,1.5133922003192858e-10,1.7454231495285853e-08,1.0752884555382766e-11,30,b_scan
0.1959798994974875,3.143280916035706,0.083276803720308,6.141399877015307e-09,1.6266301467678398e-10,1.9304145031166245e-08,1.1991600327429306e-11,30,b_scan
0.2060301507537689,3.206107570339841,0.0829230235699762,6.939511233373141e-09,1.79434246830807e-10,2.2248819499776e-08,1.3558636832509047e-11,30,b_scan
0.2160804020100502,3.243127911312408,0.0823205605448295,7.498431841516919e-09,1.9027901093317727e-10,2.431837359629721e-08,1.47369324280266e-11,30,b_scan
0.2261306532663316,3.295599857015997,0.0812949263568601,8.376471622324994e-09,2.0656579643655519e-10,2.7605498680832812e-08,1.6766231857429008e-11,30,b_scan
0.2361809045226131,3.3278496000637943,0.0805989166400922,8.984519920712791e-09,2.1753351606119168e-10,2.9899131024909254e-08,1.8000011950307826e-11,30,b_scan
0.2462311557788945,3.372719840931289,0.0796148008883627,9.928035740606823e-09,2.3428306110970247e-10,3.3484483123819616e-08,1.977707998921349e-11,30,b_scan
0.256281407035176,3.4003457632433896,0.0788210107117773,1.0577113252710346e-08,2.4510175388562184e-10,3.5965842236199136e-08,2.11392618272724e-11,30,b_scan
0.2663316582914572,3.437889949356848,0.077474768442984,1.1579940491915345e-08,2.608735326569377e-10,3.981056103130615e-08,2.3149341768654644e-11,30,b_scan
0.2763819095477386,3.460318022046104,0.0766086789728688,1.2269387380984716e-08,2.715416894755018e-10,4.245598227388646e-08,2.45613328955929e-11,30,b_scan
0.2864321608040201,3.4921422497757373,0.0750695543087547,1.3327697400253812e-08,2.8639718864114606e-10,4.654221518365259e-08,2.700735189583237e-11,30,b_scan
0.2964824120603015,3.5120464601030568,0.0739946378121763,1.4046490008540892e-08,2.9583216164565154e-10,4.9331925511369e-08,2.8420699227058823e-11,30,b_scan
0.306532663316583,3.5400033257064787,0.0725194827245023,1.5149425914813717e-08,3.102285143986494e-10,5.3629018120984484e-08,3.0323337601472193e-11,30,b_scan
0.3165829145728642,3.5577358132342494,0.0713831584027502,1.5895952294856298e-08,3.1881248491697993e-10,5.655359876487341e-08,3.2048746250388445e-11,30,b_scan
0.3266331658291457,3.584040620242646,0.0697194031315385,1.7039045192917093e-08,3.313193572355819e-10,6.106863010156507e-08,3.4117665317583786e-11,30,b_scan
0.3366834170854271,3.6114883182328814,0.0680525039236413,1.8191513524676764e-08,3.4264072344152275e-10,6.569843858534562e-08,3.639418946086615e-11,30,b_scan
0.3467336683417086,3.62982936061975,0.0669030795649594,1.8978869905316697e-08,3.496520236619768e-10,6.889005921370112e-08,3.796378732927092e-11,30,b_scan
0.35678391959799,3.6575174482926185,0.0653136849127707,2.0179444106543908e-08,3.601830459372038e-10,7.380666891653e-08,4.0359219669281125e-11,30,b_scan
0.3668341708542713,3.676343047929814,0.0644045995842056,2.099024371503008e-08,3.675421475969703e-10,7.716733655610334e-08,4.214883764832441e-11,30,b_scan
0.3768844221105527,3.7056330467967658,0.063159000215052,2.224405930926806e-08,3.7893943038666277e-10,8.242832127133099e-08,4.440949256869664e-11,30,b_scan
0.3869346733668342,3.725580779502784,0.0623169935292768,2.3102073871185345e-08,3.8622499995410924e-10,8.60686423811416e-08,4.613318679680013e-11,30,b_scan
0.3969849246231156,3.755269909266445,0.0609338176824229,2.4427982702051664e-08,3.96163520150701e-10,9.173366838509585e-08,4.846753131042931e-11,30,b_scan
0.4070351758793971,3.7753644019342993,0.0600598441192741,2.5346015954248322e-08,4.029949567510139e-10,9.569044636452793e-08,5.01092389743392e-11,30,b_scan
0.4170854271356783,3.805647062798186,0.0588927585143973,2.6764301668213285e-08,4.139496532947429e-10,1.0185548603148049e-07,5.258123545923862e-11,30,b_scan
0.4271356783919597,3.825620536975588,0.0580442798457246,2.7752140597365305e-08,4.2082970874174257e-10,1.061691590143147e-07,5.4382463897103156e-11,30,b_scan
0.4371859296482412,3.8537960622756176,0.0566539988086165,2.9311898950580424e-08,4.3064550004026247e-10,1.1296208075356765e-07,5.8090981291864954e-11,30,b_scan
0.4472361809045226,3.8712151489999513,0.0557212550106266,3.0410399816672445e-08,4.37446014023549e-10,1.1772520045744769e-07,5.987050706012808e-11,30,b_scan
0.4572864321608041,3.8950869216030126,0.0541323520494299,3.21590882651422e-08,4.466445171848551e-10,1.2526244411223229e-07,6.265482060091421e-11,30,b_scan
0.4673366834170853,3.9091776224997377,0.0529442911135714,3.3394772235949176e-08,4.51974167449613e-10,1.3054609633324805e-07,6.554211972463626e-11,30,b_scan
0.4773869346733668,3.9266829488447073,0.0511631453821474,3.538342399388913e-08,4.6068987255126316e-10,1.3893948766854713e-07,6.975006894744761e-11,30,b_scan
0.4874371859296482,3.935250726479288,0.0498545139615312,3.680038147193984e-08,4.658478317364686e-10,1.4481872792216613e-07,7.260288683124366e-11,30,b_scan
0.4974874371859297,3.943555792578024,0.0477803999865184,3.9083266340662416e-08,4.731319022940807e-10,1.54127041370589e-07,7.7093958415916e-11,30,b_scan
0.5075376884422111,3.9460350135769575,0.0463359465542491,4.070993570026175e-08,4.775995813784383e-10,1.6064283167369945e-07,8.027182071443914e-11,30,b_scan
0.5175879396984926,3.9458931593839273,0.0441343312443282,4.330971231672671e-08,4.839363238211451e-10,1.7089549756545773e-07,8.484919612751797e-11,30,b_scan
0.5276381909547738,3.942251616318877,0.0425942525365149,4.516372578910504e-08,4.874538954705877e-10,1.7804677099108185e-07,8.876985594041734e-11,30,b_scan
0.5376884422110553,3.9323202255056726,0.0403661454811818,4.812476812972477e-08,4.93434434995983e-10,1.892419990642875e-07,9.386762925361208e-11,30,b_scan
0.5477386934673367,3.923068042996092,0.0388231934351382,5.022314328989649e-08,4.964040299067606e-10,1.9702880845940659e-07,9.663276248817126e-11,30,b_scan
0.5577889447236182,3.90531428816886,0.0364935723523691,5.356014131185706e-08,4.998159040749272e-10,2.091691851415387e-07,1.0198991953637343e-10,30,b_scan
0.5678391959798996,3.891079638286497,0.0350077128830799,5.590495755457549e-08,5.022262860698014e-10,2.175306420198796e-07,1.0654342948156436e-10,30,b_scan
0.5778894472361809,3.8668103530299938,0.0328770045574321,5.962486643142294e-08,5.061078036218681e-10,2.305580508150567e-07,1.13077552146867e-10,30,b_scan
0.5879396984924623,3.848520632080713,0.0314991908340217,6.223161311008364e-08,5.084318543550441e-10,2.3949964702182146e-07,1.1767049052305265e-10,30,b_scan
0.5979899497487438,3.8174747113376,0.029463233115311,6.636235455340152e-08,5.111611185603949e-10,2.533366102924299e-07,1.2351022872364003e-10,30,b_scan
0.6080402010050252,3.794880620364105,0.0280838336709292,6.925806482798637e-08,5.114417647086862e-10,2.628260880196463e-07,1.2731898224827278e-10,30,b_scan
0.6180904522613067,3.757987792404888,0.0260638050191091,7.382235938079797e-08,5.1074536050463e-10,2.774235253595652e-07,1.3464276662631748e-10,30,b_scan
0.6281407035175879,3.731541521252646,0.0247663279592621,7.703857331305921e-08,5.099362646370986e-10,2.874726350557465e-07,1.3960427638443788e-10,30,b_scan
0.6381909547738693,3.690278293393114,0.0229401743513259,8.205619416822154e-08,5.085404055245205e-10,3.028101921774386e-07,1.467342914887088e-10,30,b_scan
0.6482412060301508,3.66124634112737,0.0217415659360072,8.558958427191077e-08,5.065678165730653e-10,3.133645522541461e-07,1.5155673649871618e-10,30,b_scan
0.6582914572864322,3.616461782672551,0.0200086634129489,9.11107580540537e-08,5.021717426226156e-10,3.294985744928105e-07,1.5868507969459298e-10,30,b_scan
0.6683417085427137,3.585967950251896,0.0189429130813155,9.49267012927264e-08,4.993752304144987e-10,3.404041084588521e-07,1.6345779249364515e-10,30,b_scan
0.6783919597989949,3.539079835365816,0.0173961376514733,1.0094383319482632e-07,4.938146199463527e-10,3.572482845643403e-07,1.7138540345426118e-10,30,b_scan
0.6884422110552764,3.507212931107776,0.016397563642556,1.0512594788227505e-07,4.888933643129903e-10,3.686990838076771e-07,1.7743608955307335e-10,30,b_scan
0.6984924623115578,3.458322030087289,0.0149916014487809,1.1166991081805437e-07,4.811113764692955e-10,3.861905126799603e-07,1.85175132183948e-10,30,b_scan
0.7085427135678393,3.424791859398686,0.0141184576815422,1.1625067923592045e-07,4.759862369418122e-10,3.981343798967481e-07,1.9078687126819114e-10,30,b_scan
0.7185929648241207,3.373862307608876,0.0128247659292115,1.2338170399158457e-07,4.652708059824853e-10,4.1627288054576273e-07,1.9914624550719239e-10,30,b_scan
0.728643216080402,3.339197608100574,0.0120416929470227,1.2835635388456058e-07,4.5877500630577214e-10,4.286072298758355e-07,2.052410766737169e-10,30,b_scan
0.7386934673366834,3.286356470787068,0.010957386165576,1.361488656910707e-07,4.4918501537284727e-10,4.474337057541696e-07,2.1554630408684216e-10,30,b_scan
0.7487437185929648,3.2505519214641736,0.0102390849292891,1.4158104934576228e-07,4.407620747449829e-10,4.602165519937816e-07,2.2097198522661103e-10,30,b_scan
0.7587939698492463,3.1966003977103687,0.0092554508598485,1.5007890430310354e-07,4.2847440703085724e-10,4.797422851832372e-07,2.3126093493692607e-10,30,b_scan
0.7688442211055277,3.160856920236369,0.0086654724975043,1.559472089925919e-07,4.2080023325977406e-10,4.929268147357815e-07,2.3880136513170967e-10,30,b_scan
0.778894472361809,3.1073618609420057,0.0078459832070563,1.6512416141731113e-07,4.0920883994885075e-10,5.131005215081841e-07,2.482229797697958e-10,30,b_scan
0.7889447236180904,3.0721172413955724,0.0073309733063635,1.7145181487917028e-07,4.006878434391988e-10,5.26720076558861e-07,2.540803502074639e-10,30,b_scan
0.7989949748743719,3.020257362998297,0.0066505158535321,1.8128241004666826e-07,3.894304647149236e-10,5.475195337255263e-07,2.648081810264533e-10,30,b_scan
0.8090452261306533,2.9864973379438213,0.0062333000949426,1.8804188809169944e-07,3.8186311682197416e-10,5.615865982077902e-07,2.707046597267081e-10,30,b_scan
0.8190954773869348,2.937098641708772,0.0056730067315172,1.9850297788564077e-07,3.712768601179899e-10,5.830228267230618e-07,2.8103612541085063e-10,30,b_scan
0.829145728643216,2.9050016759545545,0.0053166716584887,2.0568523105719322e-07,3.6307622924179975e-10,5.975159409402461e-07,2.8879933093204203e-10,30,b_scan
0.8391959798994975,2.8583232679279944,0.0048484269231511,2.1675724325578645e-07,3.5227748728676387e-10,6.195622718899428e-07,3.0093776253399667e-10,30,b_scan
0.8492462311557789,2.828127934283455,0.0045859645988619,2.243488142707529e-07,3.4708376274073046e-10,6.344871486624867e-07,3.0823832152379126e-10,30,b_scan
0.8592964824120604,2.7844429283209857,0.0041887840725378,2.360373965867008e-07,3.3610921006476037e-10,6.57232659745135e-07,3.188749744992644e-10,30,b_scan
0.8693467336683418,2.756354837609494,0.0039512178509281,2.440005898241033e-07,3.291538875669669e-10,6.725522061412372e-07,3.2612605187117304e-10,30,b_scan
0.879396984924623,2.7154516969076496,0.0036478140497251,2.562912734943611e-07,3.2122123405273957e-10,6.959465735128853e-07,3.3645897294212785e-10,30,b_scan
0.8894472361809045,2.6892458749074715,0.0034609888381835,2.646528024796236e-07,3.156785984802672e-10,7.117164573510296e-07,3.4393137370815124e-10,30,b_scan
0.8994974874371859,2.6514039085341614,0.0031831144494551,2.7748499944801e-07,3.0517165484951224e-10,7.357248120960533e-07,3.54207570335669e-10,30,b_scan
0.9095477386934674,2.62707169371916,0.0030202736862131,2.862244727786459e-07,2.9899123806930235e-10,7.519322104864706e-07,3.6104546352968845e-10,30,b_scan
0.9195979899497488,2.5920169906070423,0.0028127271247601,2.99575938883381e-07,2.9141319472474624e-10,7.765059235627804e-07,3.734527871721688e-10,30,b_scan
0.92964824120603,2.5693772971732014,0.0026824081492242,3.087202840173636e-07,2.8581184034708875e-10,7.932188889310766e-07,3.8274029891501305e-10,30,b_scan
0.9396984924623116,2.536992134244351,0.0024963009217173,3.226040485760204e-07,2.767981385423731e-10,8.184439337127463e-07,3.9421003036867777e-10,30,b_scan
0.949748743718593,2.5159628729008894,0.0023877926623418,3.321204444381653e-07,2.7167037522495856e-10,8.356027075377664e-07,4.0213764687560616e-10,30,b_scan
0.9597989949748744,2.485783587251188,0.0022368889285481,3.465969584404338e-07,2.6413663178179787e-10,8.615650306824122e-07,4.122893952834634e-10,30,b_scan
0.969849246231156,2.4664909447620875,0.002160828211844,3.563919608063179e-07,2.617823915722437e-10,8.790375441147879e-07,4.197011925622071e-10,30,b_scan
0.9798994974874372,2.438660837974716,0.0020432340487291,3.71370188609548e-07,2.5554744699711044e-10,9.056459353533884e-07,4.3289893988564415e-10,30,b_scan
0.9899497487437184,2.4194292922541,0.0022067582091348,3.81714403066453e-07,2.9668884674749407e-10,9.235310080542648e-07,4.407875195668942e-10,30,b_scan
1.0,2.4015220434625006,0.0018989346767812,3.929564951985936e-07,2.476278961993224e-10,9.436936853411888e-07,4.5073677414757445e-10,30,b_scan
-1.0,9.01749917266276,0.141390693408799,-5.4479027697328475e-09,8.531660880814547e-11,-4.912645871881312e-08,3.804879698760156e-11,3,b_scan
-0.9899497487437184,9.226805949556102,0.1357046866668836,-4.9041188055762076e-09,7.201644067791852e-11,-4.5249352572620514e-08,3.701535170287654e-11,3,b_scan
-0.9798994974874372,9.43826349254581,0.1301364045909182,-4.4100921311586495e-09,6.067017863788981e-11,-4.162361156027824e-08,3.849393973955575e-11,3,b_scan
-0.9698492462311558,9.551228544495055,0.1272442512533952,-4.178665461014923e-09,5.5520928689199195e-11,-3.9911388829141326e-08,3.8807290715714496e-11,3,b_scan
-0.9597989949748744,9.781233484424837,0.1214819799668883,-3.748050128436904e-09,4.638781320598926e-11,-3.6660553417569845e-08,3.802449286772168e-11,3,b_scan
-0.949748743718593,10.007642860118672,0.1167718248547206,-3.3602765633730915e-09,3.904589901457502e-11,-3.3628447757464827e-08,3.570888303819358e-11,3,b_scan
-0.9396984924623116,10.12090706183971,0.1148290601639056,-3.180347755168082e-09,3.591356764232375e-11,-3.218800405438671e-08,3.5386437381825626e-11,3,b_scan
-0.9296482412060302,10.355277354377629,0.1124887009897286,-2.8428793748478122e-09,3.068850429369369e-11,-2.943880441158878e-08,3.5743590973361317e-11,3,b_scan
-0.9195979899497488,10.605246738226567,0.1089229681793112,-2.534309295979148e-09,2.5796882356048764e-11,-2.687697539484013e-08,3.678701783907624e-11,3,b_scan
-0.9095477386934674,10.728926284111123,0.1065702428572901,-2.3922789719239647e-09,2.350206129246148e-11,-2.5666584740801364e-08,3.763992290860698e-11,3,b_scan
-0.8994974874371859,10.976926450046024,0.1033284594087269,-2.1274536465051566e-09,1.9712810517644208e-11,-2.3352902203569323e-08,3.873966589485009e-11,3,b_scan
-0.8894472361809045,11.22725277067648,0.1034248712488623,-1.8889450098819275e-09,1.7061560597813758e-11,-2.120766309585238e-08,3.8391960078725645e-11,3,b_scan
-0.8793969849246231,11.351188661194657,0.1033224684097947,-1.7793038118854522e-09,1.5842819669230813e-11,-2.019721325429458e-08,3.8175068377802816e-11,3,b_scan
-0.8693467336683417,11.61317272467093,0.0999515017223454,-1.5731690226294432e-09,1.3132240972022502e-11,-1.826948358489748e-08,3.829136323711446e-11,3,b_scan
-0.8592964824120604,11.90196239871571,0.0995483764822512,-1.3863421104406983e-09,1.1134264867310182e-11,-1.6500191670221378e-08,3.8533006091003915e-11,3,b_scan
-0.8492462311557789,12.049598355114789,0.1007445644688346,-1.3005296250015799e-09,1.0395136784667047e-11,-1.5670859630197092e-08,3.843444632531929e-11,3,b_scan
-0.8391959798994975,12.349747913197762,0.1063208039006827,-1.1413382518299423e-09,9.341728164637663e-12,-1.4095239693789614e-08,3.762398943845982e-11,3,b_scan
-0.8291457286432161,12.667325296066108,0.116548072235526,-9.996784714762875e-10,8.722816811724979e-12,-1.266325238966428e-08,3.695440506646357e-11,3,b_scan
-0.8190954773869347,12.836778667961768,0.1211850838307713,-9.344119165218858e-10,8.340585985028912e-12,-1.1994838957097416e-08,3.6869859978098255e-11,3,b_scan
-0.8090452261306533,13.17295058778306,0.129889067446548,-8.152529754577703e-10,7.545014807351376e-12,-1.0739287162248329e-08,3.6535151258274464e-11,3,b_scan
-0.7989949748743719,13.502428180408796,0.1406827571614071,-7.10438868665538e-10,6.904019315204659e-12,-9.592649800727305e-09,3.604362822380519e-11,3,b_scan
-0.7889447236180904,13.668114637570197,0.1456111083718188,-6.626883914126683e-10,6.566427317196072e-12,-9.057700902815342e-09,3.544093572835745e-11,3,b_scan
-0.778894472361809,13.981649950742284,0.153867985918306,-5.762565688647967e-10,5.861101808022875e-12,-8.057017627683405e-09,3.385942222588845e-11,3,b_scan
-0.7688442211055276,14.286763974033528,0.1653896140857611,-5.003806882273452e-10,5.332140362440471e-12,-7.148820789868538e-09,3.233579406832316e-11,3,b_scan
-0.7587939698492463,14.426330686205594,0.1684550456741526,-4.66358604264408e-10,4.981845645036165e-12,-6.727843443475641e-09,3.172514017285558e-11,3,b_scan
-0.7487437185929648,14.686946263137829,0.1730629010891011,-4.0484963581115056e-10,4.2932281992862656e-12,-5.946004845809288e-09,3.054780918974864e-11,3,b_scan
-0.7386934673366834,14.878211977298577,0.1831213900618152,-3.5244734897510967e-10,3.870383653129873e-12,-5.2437863688886075e-09,2.914675821440643e-11,3,b_scan
-0.728643216080402,14.96143082719275,0.1910301772791911,-3.289012702383641e-10,3.7422042278993504e-12,-4.920833603647114e-09,2.8511043244760444e-11,3,b_scan
-0.7185929648241206,15.106203068271569,0.2077011748856416,-2.8620549007649467e-10,3.49446858817102e-12,-4.323478252349711e-09,2.7333948989317324e-11,3,b_scan
-0.7085427135678393,15.167214577955193,0.2171471848990927,-2.4963897625000656e-10,3.136738953881324e-12,-3.786327919804911e-09,2.598295022924985e-11,3,b_scan
-0.6984924623115578,15.147395089893733,0.218264611657065,-2.3363739315141037e-10,2.9249265824127284e-12,-3.5389979018372443e-09,2.524940388581556e-11,3,b_scan
-0.6884422110552764,14.993435364436332,0.2179755614209169,-2.0568726551135926e-10,2.5365658276289266e-12,-3.08395872073222e-09,2.374317806833001e-11,3,b_scan
-0.6783919597989949,14.720848577285762,0.22851326788366,-1.8194557452976182e-10,2.384590580139124e-12,-2.678393251959885e-09,2.2280275021194655e-11,3,b_scan
-0.6683417085427136,14.582834789785396,0.2386133486815519,-1.7094856937192355e-10,2.3761143809895584e-12,-2.492914744700929e-09,2.1522497725250255e-11,3,b_scan
-0.6582914572864322,14.27009526372996,0.2467107198141976,-1.5087232191279187e-10,2.2060766032247938e-12,-2.152962406355674e-09,1.985989146543008e-11,3,b_scan
-0.6482412060301508,13.86023002358884,0.2373356258213387,-1.3380221993090967e-10,1.89145500819024e-12,-1.8545295459092315e-09,1.792113099004603e-11,3,b_scan
-0.6381909547738693,13.63015464434557,0.2329700518416618,-1.2619588737889755e-10,1.7644838797878734e-12,-1.720069460454791e-09,1.6909771157544296e-11,3,b_scan
-0.6281407035175879,13.075729179265933,0.2359230760187993,-1.1292718124604468e-10,1.6805666598974053e-12,-1.4766052389511584e-09,1.506381162195597e-11,3,b_scan
-0.6180904522613065,12.401894847270242,0.2455053916446921,-1.0198105025501612e-10,1.7013047358536684e-12,-1.2647582616768922e-09,1.3478184684555824e-11,3,b_scan
-0.6080402010050251,12.034912749547525,0.2367478690515132,-9.719579540128524e-11,1.594364534560441e-12,-1.1697429172773403e-09,1.2701204522644742e-11,3,b_scan
-0.5979899497487438,11.2706374674145,0.2217309774997937,-8.845985927483527e-11,1.4349417074114974e-12,-9.969990043051726e-10,1.1097924913778554e-11,3,b_scan
-0.5879396984924623,10.468385183695634,0.2137976922496411,-8.108368119430918e-11,1.3730085767349166e-12,-8.488152068540062e-10,9.691817004701738e-12,3,b_scan
-0.5778894472361809,10.047692050841816,0.2169040066752069,-7.793087773110824e-11,1.4195505507811972e-12,-7.830254606939819e-10,9.071378499309603e-12,3,b_scan
-0.5678391959798995,9.118384836221216,0.2075034942157796,-7.291312289908859e-11,1.409730645605292e-12,-6.648499142045833e-10,7.979433093124115e-12,3,b_scan
-0.5577889447236181,8.24188575388172,0.1884104230870837,-6.840940001263082e-11,1.3128650803694125e-12,-5.638224593956976e-10,7.0031836452753295e-12,3,b_scan
-0.5477386934673367,7.794611718838913,0.1795872475672409,-6.652791845014054e-11,1.2831159342056657e-12,-5.18559292781425e-10,6.535787307456663e-12,3,b_scan
-0.5376884422110553,6.914926897259515,0.1665170570648406,-6.329753364630131e-11,1.2840025280550434e-12,-4.3769781794099805e-10,5.679904090610093e-12,3,b_scan
-0.5276381909547738,6.121976281711872,0.1551890651898747,-6.025883590847141e-11,1.296668366338755e-12,-3.6890316419522965e-10,4.943297897857616e-12,3,b_scan
-0.5175879396984925,5.741348640651175,0.1515955742418241,-5.897068778340657e-11,1.3344539319098796e-12,-3.3857127814352605e-10,4.606361829822005e-12,3,b_scan
-0.507537688442211,5.004968720645767,0.1330635248916259,-5.6966279061395086e-11,1.2889399863505856e-12,-2.8511444483386037e-10,3.980161170409622e-12,3,b_scan
-0.4974874371859297,4.315582282573645,0.115404910369282,-5.5796584113111976e-11,1.268847784149826e-12,-2.4079474982667616e-10,3.388026256862456e-12,3,b_scan
-0.4874371859296482,4.012275572812189,0.1077766528517709,-5.5202140991913485e-11,1.2639079517298682e-12,-2.2148620186878886e-10,3.111276583632572e-12,3,b_scan
-0.4773869346733668,3.4945556895153373,0.0966802834495653,-5.3739449194901e-11,1.2851329661253217e-12,-1.8779549793546167e-10,2.6124489837045363e-12,3,b_scan
-0.4673366834170854,3.05760551278409,0.0901103102042674,-5.2519896889548765e-11,1.3683709651294189e-12,-1.6058512626033628e-10,2.2117890841628857e-12,3,b_scan
-0.457286432160804,2.848704128369618,0.0840827419987736,-5.226129648066422e-11,1.3651740699089754e-12,-1.4887697103841675e-10,2.0458479846836e-12,3,b_scan
-0.4472361809045225,2.4920677509343085,0.0702403161768987,-5.1539504605189126e-11,1.2647797656215668e-12,-1.2843993732572212e-10,1.7807060538720322e-12,3,b_scan
-0.4371859296482412,2.2092259859884704,0.0610641900040107,-5.045752078130336e-11,1.1962634679246524e-12,-1.1147206609860863e-10,1.5839799719776408e-12,3,b_scan
-0.4271356783919597,2.086999764807958,0.0595865406514655,-4.9894409561542526e-11,1.2329583901385897e-12,-1.0412962102017119e-10,1.4891821408670362e-12,3,b_scan
-0.4170854271356784,1.851699641713544,0.0574535167008429,-4.952035951465238e-11,1.3694541174457564e-12,-9.169683197080767e-11,1.2900889888637125e-12,3,b_scan
-0.4070351758793969,1.6483422954227112,0.050951609676811,-4.9621247989009376e-11,1.3755476332946113e-12,-8.179280181194332e-11,1.118584067258884e-12,3,b_scan
-0.3969849246231155,1.572026723264622,0.047760839623754,-4.9394406033140384e-11,1.3390512471125342e-12,-7.764932626387996e-11,1.0650406970177333e-12,3,b_scan
-0.3869346733668342,1.444044234384875,0.0433949277410465,-4.912835219104821e-11,1.2965347039263493e-12,-7.094351372631269e-11,1.0196839549998512e-12,3,b_scan
-0.3768844221105527,1.3409863733398886,0.0424230909412763,-4.8761351156273856e-11,1.3794897982477698e-12,-6.538830744620447e-11,9.25792036923215e-13,3,b_scan
-0.3668341708542714,1.2975288183859417,0.042178601521745,-4.8554172986923097e-11,1.4239493098566781e-12,-6.300043870342895e-11,8.8340546476392e-13,3,b_scan
-0.3567839195979899,1.2354710581964192,0.038398084089841,-4.805547830531539e-11,1.3211114504892069e-12,-5.937115263400307e-11,8.607229399821628e-13,3,b_scan
-0.3467336683417085,1.1857383529882866,0.0356663534086871,-4.7957730169058576e-11,1.2613031666084957e-12,-5.6865319983716174e-11,8.300521554165273e-13,3,b_scan
-0.3366834170854271,1.1378920723237589,0.0329881389562131,-4.7904929474298176e-11,1.2105616742298617e-12,-5.451063947403266e-11,7.745036838215638e-13,3,b_scan
-0.3266331658291457,1.11634548309613,0.0329404841305008,-4.7912803498108095e-11,1.2411426154483716e-12,-5.3487241767585433e-11,7.557824592518873e-13,3,b_scan
-0.3165829145728643,1.089868228111168,0.0353622743937833,-4.7658071817127006e-11,1.382442005397477e-12,-5.1941018286527005e-11,7.550796272146435e-13,3,b_scan
-0.3065326633165829,1.0664985306777404,0.032617009927482,-4.763952745783864e-11,1.273851194409909e-12,-5.0807486035966776e-11,7.541824522810033e-13,3,b_scan
-0.2964824120603014,1.0545439773774448,0.0309226739696014,-4.775225994613589e-11,1.2088391755055284e-12,-5.03568581323598e-11,7.452382387852089e-13,3,b_scan
-0.2864321608040201,1.0375345224807957,0.0319635422251075,-4.755451837479229e-11,1.283159309123857e-12,-4.933945451379433e-11,7.334947300753423e-13,3,b_scan
-0.2763819095477386,1.0280476650748107,0.0331423671045963,-4.7229178058788416e-11,1.3381539600377842e-12,-4.855384622673992e-11,7.467332274464271e-13,3,b_scan
-0.2663316582914573,1.0269131954517594,0.0339374099780758,-4.716406353024711e-11,1.3815740107834664e-12,-4.8433399190335854e-11,7.410356708423775e-13,3,b_scan
-0.2562814070351759,1.0265361092369023,0.0336270220390193,-4.7087497633350726e-11,1.373993009413066e-12,-4.8337016614241706e-11,7.195941053867841e-13,3,b_scan
-0.2462311557788944,1.0190080050626646,0.0311496753212699,-4.7133499216743797e-11,1.2600377987675585e-12,-4.802941300847676e-11,7.120144173571623e-13,3,b_scan
-0.2361809045226131,1.0122826234756577,0.0301768807640202,-4.714962063453328e-11,1.2170842622942961e-12,-4.7728741671807346e-11,7.117126907726827e-13,3,b_scan
-0.2261306532663316,1.0084177865137198,0.0319249703215089,-4.687822147929176e-11,1.3023004486560874e-12,-4.7272832339847305e-11,7.177113670159002e-13,3,b_scan
-0.2160804020100502,1.007122431315959,0.0349197525573371,-4.671297280751721e-11,1.4453290787852877e-12,-4.7045682747903006e-11,7.362010116539847e-13,3,b_scan
-0.2060301507537688,1.0107106660505198,0.0345264410338368,-4.653911747947292e-11,1.4094072411042648e-12,-4.703758242508147e-11,7.434341625230215e-13,3,b_scan
-0.1959798994974874,1.0162993450151472,0.0318730154872342,-4.6464530372633245e-11,1.2654019520499965e-12,-4.7221871784143575e-11,7.344321182713078e-13,3,b_scan
-0.185929648241206,1.012919748830851,0.0321740006756352,-4.6484632375675807e-11,1.284937476324185e-12,-4.7085202150463984e-11,7.367540866657628e-13,3,b_scan
-0.1758793969849246,1.0077368681489198,0.0327262821418798,-4.6515478277699394e-11,1.3274143787910677e-12,-4.687536240001791e-11,7.26589815237574e-13,3,b_scan
-0.1658291457286431,0.9985396997634352,0.0332588913739679,-4.6520269051382913e-11,1.3799456807107078e-12,-4.645233549148212e-11,7.03686125808958e-13,3,b_scan
-0.1557788944723618,0.99986693791526,0.033503363057055,-4.637188603969051e-11,1.3793916250335297e-12,-4.636571569986074e-11,7.151936433034004e-13,3,b_scan
-0.1457286432160803,1.002442990294665,0.0325547404627518,-4.62037322298602e-11,1.3172893911337713e-12,-4.6316607499275045e-11,7.202281996113414e-13,3,b_scan
-0.135678391959799,1.000928421140855,0.031438739666045,-4.63027835496415e-11,1.274753774398481e-12,-4.634577203276941e-11,7.007495354206073e-13,3,b_scan
-0.1256281407035175,1.0009294496019383,0.0335008694379609,-4.6447925175044125e-11,1.3891205780246172e-12,-4.649109618060893e-11,6.985943658103168e-13,3,b_scan
-0.1155778894472361,1.0023454183743787,0.0344447657348408,-4.6441954227979275e-11,1.4385478456088476e-12,-4.6550880040767636e-11,6.927081995798288e-13,3,b_scan
-0.1055276381909547,0.999423429528102,0.0322870397156303,-4.661416414044591e-11,1.3356070233049176e-12,-4.658728778983032e-11,6.9522352796108e-13,3,b_scan
-0.0954773869346733,1.0046685894806808,0.0313914824728143,-4.6170221044354806e-11,1.2404724836923977e-12,-4.638577085264319e-11,7.398966110524923e-13,3,b_scan
-0.085427135678392,1.0049106724304355,0.032411481228229,-4.604006938747715e-11,1.2905577287961265e-12,-4.6266157086913577e-11,7.381081935131159e-13,3,b_scan
-0.0753768844221105,1.0037042163893724,0.0336074375296831,-4.6135581743166544e-11,1.3723848042811872e-12,-4.6306477921192806e-11,7.117773020242485e-13,3,b_scan
-0.0653266331658291,1.0055945556240924,0.0346777487693592,-4.603860243250819e-11,1.424149926674172e-12,-4.629616795467233e-11,7.056203974400201e-13,3,b_scan
-0.0552763819095477,1.0026842740293105,0.0345924705021256,-4.599378549333574e-11,1.4158371668846218e-12,-4.6117245417245175e-11,7.183543360208399e-13,3,b_scan
-0.0452261306532663,1.00410326139563,0.0329127626151559,-4.6043141044302553e-11,1.3221062079067314e-12,-4.623206808748319e-11,7.308346737059315e-13,3,b_scan
-0.0351758793969849,0.9964009933903702,0.0304827814625002,-4.6176703593407325e-11,1.2236148226040148e-12,-4.601051333196374e-11,7.034531764651803e-13,3,b_scan
-0.0251256281407035,0.994644410385859,0.0309275627274159,-4.611035204015311e-11,1.2502669636811549e-12,-4.5863403917662485e-11,6.98024006723586e-13,3,b_scan
-0.015075376884422,0.9938489709036372,0.0396451325383807,-4.6856461004141945e-11,1.664014212330948e-12,-4.656824554915288e-11,8.460538461726525e-13,3,b_scan
-0.0050251256281407,0.9974948357914826,0.069597261912256,-4.672512855394485e-11,2.876209075959677e-12,-4.660807443425313e-11,1.5309925216573785e-12,3,b_scan
0.0050251256281406,0.9997965104600312,0.0721928887007693,-4.456386513179872e-11,2.823515709039908e-12,-4.455479685138382e-11,1.5431595771002546e-12,3,b_scan
0.015075376884422,1.002663295988615,0.0406172384040959,-4.474752661171165e-11,1.5847920150814293e-12,-4.4866702519837066e-11,8.822815848953966e-13,3,b_scan
0.0251256281407035,0.997956249462926,0.0332669271277902,-4.5519547070725356e-11,1.336784326793227e-12,-4.5426516471952187e-11,7.165160560200425e-13,3,b_scan
0.0351758793969849,0.9975805326818362,0.0319835140154415,-4.5584060233537576e-11,1.2815117190033732e-12,-4.5473771089573325e-11,7.008918693627997e-13,3,b_scan
0.0452261306532664,1.000061040283952,0.0311793811829583,-4.554093837077984e-11,1.2418793540124385e-12,-4.5543718202589437e-11,6.883110445209478e-13,3,b_scan
0.0552763819095476,0.9967912427277488,0.031929434516443,-4.558699682347636e-11,1.2760504882981365e-12,-4.5440719215898937e-11,7.076746672020219e-13,3,b_scan
0.0653266331658291,0.9954653800982428,0.0323989725589827,-4.561264903384961e-11,1.2993607399779529e-12,-4.5405813007768836e-11,7.147310663784449e-13,3,b_scan
0.0753768844221105,1.0000217424049251,0.0334244663425041,-4.536322815783983e-11,1.3231490917727465e-12,-4.5364214463515136e-11,7.403980153029342e-13,3,b_scan
0.085427135678392,0.9911743950933454,0.0346584132497078,-4.553169473518309e-11,1.4234876196500956e-12,-4.512984998671996e-11,7.067911797811582e-13,3,b_scan
0.0954773869346734,0.9941173919830776,0.0345997388491023,-4.5544345554157695e-11,1.4174830131751929e-12,-4.527642602187533e-11,7.053567642093257e-13,3,b_scan
0.1055276381909549,1.0033859991219596,0.0333369833404407,-4.529798501797744e-11,1.3157885733516374e-12,-4.5451363955474846e-11,7.330434584893648e-13,3,b_scan
0.1155778894472361,0.9972722185330491,0.0330888392554079,-4.53147531256423e-11,1.3161097625855956e-12,-4.519114438188672e-11,7.249345633417842e-13,3,b_scan
0.1256281407035175,0.9992082745292084,0.0335176775506361,-4.521395629679941e-11,1.3378298252609501e-12,-4.517815925596398e-11,7.139215119618245e-13,3,b_scan
0.135678391959799,0.9962676785745144,0.0334302288009094,-4.524846819028511e-11,1.3384300561038829e-12,-4.5079586362988096e-11,7.142216264832014e-13,3,b_scan
0.1457286432160804,0.9973018926550676,0.033336975635936,-4.5237978289988494e-11,1.314514032788484e-12,-4.5115921368494396e-11,7.454678799624464e-13,3,b_scan
0.1557788944723619,1.0010087501512963,0.0329106076981171,-4.514183485424771e-11,1.2858770153108226e-12,-4.518737168698673e-11,7.418385511151204e-13,3,b_scan
0.1658291457286431,0.994908457898258,0.0322558655368301,-4.509711721307367e-11,1.2688766697910313e-12,-4.486750334211611e-11,7.227047080093713e-13,3,b_scan
0.1758793969849246,0.9867647262088668,0.0331959322658756,-4.501503055137113e-11,1.329765130454888e-12,-4.441924429730751e-11,7.149840449394727e-13,3,b_scan
0.185929648241206,0.9904129477466116,0.0336490749500469,-4.487442441956024e-11,1.3480401169996212e-12,-4.444421096780918e-11,7.053456638796208e-13,3,b_scan
0.1959798994974875,0.996585423794112,0.0338829350131491,-4.4623457426612076e-11,1.3481330377377534e-12,-4.447108723065871e-11,6.935361170731987e-13,3,b_scan
0.2060301507537689,0.9944261192385392,0.032678729036652,-4.440191567830633e-11,1.2635420785710686e-12,-4.415442469473502e-11,7.256757804240501e-13,3,b_scan
0.2160804020100502,0.9936871714691496,0.0340061013956062,-4.4341626204204385e-11,1.3231271273670116e-12,-4.4061705121198177e-11,7.383006401327285e-13,3,b_scan
0.2261306532663316,0.9860700220825374,0.0343490212333352,-4.4375650318100546e-11,1.3700438238391666e-12,-4.375749848909636e-11,7.058883852496127e-13,3,b_scan
0.2361809045226131,0.9753981738518138,0.033004583612464,-4.461379929784816e-11,1.342801149304006e-12,-4.351621836371243e-11,6.727939095131954e-13,3,b_scan
0.2462311557788945,0.975968351155868,0.0321839693732512,-4.451321545709077e-11,1.2937065402629617e-12,-4.3443489494302776e-11,6.768871836817543e-13,3,b_scan
0.256281407035176,0.9732532559732948,0.0319357913898354,-4.431070483565308e-11,1.2577771164199977e-12,-4.3125537755770976e-11,7.09924345971169e-13,3,b_scan
0.2663316582914572,0.9548351672840876,0.0316754711159577,-4.4496627353147895e-11,1.2525692406936124e-12,-4.248694462232068e-11,7.457510992857964e-13,3,b_scan
0.2763819095477386,0.9537443216798508,0.0324191794214987,-4.432409176029688e-11,1.297941534105325e-12,-4.2273850829999805e-11,7.296711878335523e-13,3,b_scan
0.2864321608040201,0.9410289532792628,0.0318799874186598,-4.4276489289953756e-11,1.3034615551225868e-12,-4.166545837140567e-11,6.984930660628932e-13,3,b_scan
0.2964824120603015,0.9152919409840962,0.0295645450287519,-4.418510914573891e-11,1.2178973625758433e-12,-4.0442274312597504e-11,6.81047799739664e-13,3,b_scan
0.306532663316583,0.8999137701002586,0.0290959059911335,-4.4099287051319336e-11,1.2151234263983158e-12,-3.968555566908629e-11,6.712763410695138e-13,3,b_scan
0.3165829145728642,0.8732217347758772,0.0288942270362744,-4.3939447178379356e-11,1.2492680369182714e-12,-3.8368880290197447e-11,6.494907930091326e-13,3,b_scan
0.3266331658291457,0.8383607475614145,0.0306289391275063,-4.353856356283831e-11,1.3960721489697574e-12,-3.6501022696291286e-11,6.391122788299399e-13,3,b_scan
0.3366834170854271,0.7762353956776943,0.0281508299510759,-4.366486586313978e-11,1.3742975125007845e-12,-3.3894214430487747e-11,6.106733859800017e-13,3,b_scan
0.3467336683417086,0.7404128777595105,0.0261262918159871,-4.376237436296194e-11,1.3151300739139352e-12,-3.240222553966968e-11,5.992310274099703e-13,3,b_scan
0.35678391959799,0.6603068778355528,0.0226321503122693,-4.350558496739356e-11,1.1897327194504069e-12,-2.8727036978229e-11,5.935795378763415e-13,3,b_scan
0.3668341708542713,0.5496834735130606,0.021029301309395,-4.2997477341130303e-11,1.2895975693951477e-12,-2.3635002697171623e-11,5.613312610753017e-13,3,b_scan
0.3768844221105527,0.4875085519362906,0.0196731320711025,-4.266560911667402e-11,1.3028671406415498e-12,-2.079984931794955e-11,5.4873378025241e-13,3,b_scan
0.3869346733668342,0.3385283107030263,0.0162198788788088,-4.2629529771167423e-11,1.3359032502922785e-12,-1.4431302699497678e-11,5.230442826565197e-13,3,b_scan
0.3969849246231156,0.1412165670314163,0.0124881054516263,-4.2403527901851936e-11,1.2695867388461205e-12,-5.9880806403204064e-12,4.982656014335147e-13,3,b_scan
0.4070351758793971,0.0201057501862148,0.0121572908336561,-4.201397226828761e-11,1.2778196231586385e-12,-8.447224307567475e-13,5.101295419131354e-13,3,b_scan
0.4170854271356783,0.285534057461922,0.0152328658733553,-4.126963566284746e-11,1.2670261901766209e-12,1.1783886520788076e-11,5.141232833062399e-13,3,b_scan
0.4271356783919597,0.6801145718609677,0.0248948969236591,-4.0933062893445397e-11,1.3503594503925366e-12,2.7839172544733683e-11,4.415356279290569e-13,3,b_scan
0.4371859296482412,0.9164587169579856,0.0328589292181743,-4.0694958209147335e-11,1.377404265226704e-12,3.729524918701401e-11,4.411314531496999e-13,3,b_scan
0.4472361809045226,1.497685531087963,0.0507790156474763,-4.004013561528034e-11,1.3117229294546084e-12,5.996753177380521e-11,5.238761518009439e-13,3,b_scan
0.4572864321608041,2.264659447360954,0.0728593291675603,-3.9211873131098946e-11,1.2343065081602725e-12,8.880153893506238e-11,5.903860266483068e-13,3,b_scan
0.4673366834170853,2.733314061328615,0.0892922578123396,-3.866102911726015e-11,1.2399439647184145e-12,1.056727345116422e-10,6.56372825677136e-13,3,b_scan
0.4773869346733668,3.8924284647850698,0.1417746773873514,-3.720480661101583e-11,1.3403854029845574e-12,1.4481704827954176e-10,7.756729220083184e-13,3,b_scan
0.4874371859296482,5.311918911774121,0.205932471586886,-3.6284891977670695e-11,1.396503645890075e-12,1.9274240390787004e-10,8.97728160339697e-13,3,b_scan
0.4974874371859297,6.172868147942946,0.2361476381353343,-3.576646114236891e-11,1.3595386733919045e-12,2.2078164875036806e-10,9.52784711545857e-13,3,b_scan
0.5075376884422111,8.399500466140863,0.298181061348378,-3.407217935660873e-11,1.2024629013190281e-12,2.861892863882701e-10,1.0987710251593122e-12,3,b_scan
0.5175879396984926,11.505656298984354,0.4627332961596272,-3.179344443062019e-11,1.2738038458916834e-12,3.6580444417957416e-10,1.2816871577011377e-12,3,b_scan
0.5276381909547738,13.329933627075288,0.5523208024915562,-3.0882075488371366e-11,1.2753749940464985e-12,4.116560165263191e-10,1.3828531773909368e-12,3,b_scan
0.5376884422110553,18.171079402782727,0.8702267402756582,-2.8538736567137526e-11,1.3638977075167217e-12,5.185796482165547e-10,1.6013122792424026e-12,3,b_scan
0.5477386934673367,25.42099157432644,1.3668424048407988,-2.5588694974161972e-11,1.3737370611190002e-12,6.504899993361806e-10,1.9419903223000385e-12,3,b_scan
0.5577889447236182,30.351256852795867,1.7088969308033086,-2.3915124344890167e-11,1.3446698882355377e-12,7.25854081658313e-10,2.139894504184274e-12,3,b_scan
0.5678391959798996,46.12241231831329,3.33167566192414,-1.9469894974612495e-11,1.4053049051438074e-12,8.979985238133336e-10,2.5798715570906585e-12,3,b_scan
0.5778894472361809,79.37166882839487,8.590616150915793,-1.3879368153137564e-11,1.5016910849072537e-12,1.1016286125982052e-09,3.111147845168052e-12,3,b_scan
0.5879396984924623,113.31092554185734,16.123286805765325,-1.0720164926300432e-11,1.5251070669686448e-12,1.214711809760459e-09,3.3773915587624915e-12,3,b_scan
0.5979899497487438,416.6391516534494,179.16204044872225,-3.5147953333051725e-12,1.511392986397692e-12,1.46440134590377e-09,3.953728855794445e-12,3,b_scan
0.6080402010050252,315.1140689226788,85.48611816884655,5.551924863380123e-12,1.5060925498189958e-12,1.749489634052698e-09,4.523112895924982e-12,3,b_scan
0.6180904522613067,179.72013310969692,26.697233059499563,1.061024255637582e-11,1.575908559636121e-12,1.906874204558033e-09,4.85576370760546e-12,3,b_scan
0.6281407035175879,100.09666486186347,8.123632689687634,2.253107087391897e-11,1.8277374712373507e-12,2.255285050245561e-09,5.535320981321531e-12,3,b_scan
0.6381909547738693,70.60709957021041,3.677019957497174,3.753823683756712e-11,1.95258478432156e-12,2.650466026080242e-09,6.695695946299601e-12,3,b_scan
0.6482412060301508,61.898487362864486,2.6425655407119333,4.6286982672009025e-11,1.9725451986521506e-12,2.865094211988478e-09,7.313206424597651e-12,3,b_scan
0.6582914572864322,50.06266045561109,1.4971967581062402,6.662818096399629e-11,1.9856787565915848e-12,3.335584000375557e-09,8.314852987162052e-12,3,b_scan
0.6683417085427137,41.96259179172912,0.9115257558905256,9.205958771413695e-11,1.987051001349649e-12,3.863058899763211e-09,9.441830328147002e-12,3,b_scan
0.6783919597989949,38.97750991845894,0.7405306739418677,1.0642747319566295e-10,2.005358174573608e-12,4.148277892080476e-09,1.0092992295899334e-11,3,b_scan
0.6884422110552764,34.38536719951349,0.553766699405651,1.3875441986972412e-10,2.2089293902612416e-12,4.771121677775934e-09,1.1613539175083864e-11,3,b_scan
0.6984924623115578,30.68199403914069,0.4268257474717288,1.7836720533521818e-10,2.4416463241142496e-12,5.472661530873349e-09,1.3558914061164489e-11,3,b_scan
0.7085427135678393,29.07456278101982,0.368233091349253,2.0131649579732211e-10,2.499564623613938e-12,5.8531890959141565e-09,1.4628399769508338e-11,3,b_scan
0.7185929648241207,26.31193006433328,0.2909057343284443,2.539672422030893e-10,2.735223313640249e-12,6.682368315479276e-09,1.669714552124367e-11,3,b_scan
0.728643216080402,24.026564608407583,0.2725070565078012,3.1667551604899185e-10,3.5047961325383424e-12,7.608624746251916e-09,1.886877954127985e-11,3,b_scan
0.7386934673366834,23.07258513557581,0.2689028417722658,3.5133377481400366e-10,4.003759087014162e-12,8.106178430399321e-09,1.9797375443372358e-11,3,b_scan
0.7487437185929648,21.40226821879928,0.2504304031155792,4.2908411030898653e-10,4.920107326734393e-12,9.183373217257792e-09,2.1408692823267875e-11,3,b_scan
0.7587939698492463,19.947576673877983,0.225228987363752,5.199286032686741e-10,5.7498335220895016e-12,1.0371315678644169e-08,2.362438762591453e-11,3,b_scan
0.7688442211055277,19.33049607380424,0.2139505647104894,5.694617878156428e-10,6.173361254018913e-12,1.1007978853551828e-08,2.45670211748974e-11,3,b_scan
0.778894472361809,18.25228544861504,0.1999243996865427,6.782208861481633e-10,7.301158613999898e-12,1.2379081211188914e-08,2.5029049604682463e-11,3,b_scan
0.7889447236180904,17.296071013399317,0.1839194313823905,8.026933951622309e-10,8.414139514682556e-12,1.3883441964712546e-08,2.480832611213577e-11,3,b_scan
0.7989949748743719,16.83835202140702,0.1742939081442173,8.72120323093404e-10,8.907312969248825e-12,1.4685069005269962e-08,2.47033857462089e-11,3,b_scan
0.8090452261306533,15.961759496395974,0.1584787510473549,1.0267548689796303e-09,1.007377567474693e-11,1.638881428040642e-08,2.4946463209953224e-11,3,b_scan
0.8190954773869348,15.08271922643609,0.1375544268846187,1.2090151202443183e-09,1.0902276076134504e-11,1.823523559916092e-08,2.4865481549730424e-11,3,b_scan
0.829145728643216,14.663936904833657,0.1283024797806962,1.3101549562555031e-09,1.1338947413274652e-11,1.92120296140858e-08,2.4685940408253912e-11,3,b_scan
0.8391959798994975,13.897576731530428,0.1152362270769803,1.5318098299259355e-09,1.2576808987766223e-11,2.1288444649508263e-08,2.467288323884364e-11,3,b_scan
0.8492462311557789,13.197877897577785,0.0982378577471153,1.7843601717709819e-09,1.3153984139769802e-11,2.3549767672334345e-08,2.4261154891657693e-11,3,b_scan
0.8592964824120604,12.890732359396043,0.0901975823478188,1.919873414400193e-09,1.3306191000468148e-11,2.474857434895274e-08,2.3786115382402827e-11,3,b_scan
0.8693467336683418,12.32578584363504,0.0816026307212392,2.214944888763814e-09,1.4543667761182364e-11,2.7300936354356813e-08,2.3107606841769105e-11,3,b_scan
0.879396984924623,11.788103949231234,0.0734365921822287,2.550786159573377e-09,1.5766365491455835e-11,3.00689324013113e-08,2.3385587195618755e-11,3,b_scan
0.8894472361809045,11.525836365746896,0.0689768499787312,2.7356299080680686e-09,1.6241897083469668e-11,3.153042267763578e-08,2.3695386760765023e-11,3,b_scan
0.8994974874371859,11.01175884197697,0.0609881761264212,3.143978686221369e-09,1.7264279550272088e-11,3.46207350969853e-08,2.4990058641506935e-11,3,b_scan
0.9095477386934674,10.53747267992245,0.0527771829740672,3.600681284229101e-09,1.7859962895828594e-11,3.794208066167224e-08,2.6344558379304863e-11,3,b_scan
0.9195979899497488,10.318352614000784,0.0500201864025928,3.846593389221638e-09,1.8456580112896185e-11,3.969050695267323e-08,2.743374929283636e-11,3,b_scan
0.92964824120603,9.91610281786879,0.0480678918061135,4.376187145228876e-09,2.0993683356492368e-11,4.339472168232523e-08,3.019594386032504e-11,3,b_scan
0.9396984924623116,9.56923205169964,0.0473910153419587,4.949836220864608e-09,2.429543727287372e-11,4.736613141536143e-08,3.1236877792476296e-11,3,b_scan
0.949748743718593,9.417828869980037,0.046676247474863,5.250299701713645e-09,2.579963623196535e-11,4.944642410684633e-08,3.192016844739314e-11,3,b_scan
0.9597989949748744,9.12249868577694,0.0417692508618332,5.8995725652641815e-09,2.6761054436038228e-11,5.381884297326816e-08,3.3538759214724825e-11,3,b_scan
0.969849246231156,8.824335037471156,0.0363880002787848,6.626815529199386e-09,2.7051643207340667e-11,5.84772404611721e-08,3.4103664447428713e-11,3,b_scan
0.9798994974874372,8.686833637212537,0.0336651026443527,7.0108361886506574e-09,2.6860429502242878e-11,6.090196762855747e-08,3.5522177464742425e-11,3,b_scan
0.9899497487437184,8.422771874872439,0.0299687824553943,7.835480208951818e-09,2.750811399710452e-11,6.599646233007898e-08,3.818332180912176e-11,3,b_scan
1.0,8.174298830656797,0.0264618093762245,8.736440801436109e-09,2.7817802647171288e-11,7.141427782728152e-08,4.16947267070069e-11,3,b_scan
-0.7487437185929648,2.604761181065468,0.0141442105453248,-2.757127686509873e-07,1.4806966666181803e-09,-7.181659169061757e-07,5.767057090692454e-10,40,b_scan
-0.7386934673366834,2.6023935536027265,0.0146551319394229,-2.6734858879518445e-07,1.489191782583046e-09,-6.957462440453742e-07,5.75965112026887e-10,40,b_scan
-0.728643216080402,2.642311702463797,0.0157073792794572,-2.5517816403040737e-07,1.5015842515318552e-09,-6.742602490307718e-07,5.685359781038594e-10,40,b_scan
-0.7185929648241206,2.642387608746793,0.0162466884589676,-2.473011222657591e-07,1.509937253841619e-09,-6.534654211042175e-07,4.733844791017618e-10,40,b_scan
-0.7085427135678393,2.682817603182419,0.0174343731829145,-2.3585278272354506e-07,1.518032466042142e-09,-6.32749997250285e-07,5.674416898059073e-10,40,b_scan
-0.6984924623115578,2.681253732425668,0.0180651894941728,-2.2845021910641369e-07,1.5231025554339267e-09,-6.125330026525334e-07,5.953807779089102e-10,40,b_scan
-0.6884422110552764,2.7211207963495947,0.0192997380738151,-2.176838311754941e-07,1.529693940362355e-09,-5.92344000040691e-07,5.69358378351866e-10,40,b_scan
-0.6783919597989949,2.7184248364907893,0.0199425987567592,-2.1075169740162442e-07,1.5319084838628755e-09,-5.72912648549167e-07,5.680060206161954e-10,40,b_scan
-0.6683417085427136,2.761401602250917,0.0213584822841934,-2.0067769606514658e-07,1.535336727546794e-09,-5.541517114503183e-07,6.295748244775752e-10,40,b_scan
-0.6582914572864322,2.757106156458845,0.0220499248979221,-1.942173471679105e-07,1.535361400031871e-09,-5.354778435677508e-07,6.480904406334042e-10,40,b_scan
-0.6482412060301508,2.7962298513664536,0.0234590876059421,-1.8483382801143008e-07,1.5332130976988246e-09,-5.168378674278938e-07,6.488134102131059e-10,40,b_scan
-0.6381909547738693,2.786633876055638,0.0240880308591353,-1.788056748888174e-07,1.528306137461247e-09,-4.982659508761695e-07,6.428677372217882e-10,40,b_scan
-0.6281407035175879,2.8248987776718715,0.025518338764914,-1.701192480689255e-07,1.5204807953383971e-09,-4.805696559283655e-07,6.299960743995114e-10,40,b_scan
-0.6180904522613065,2.8124736373317325,0.0262200874863278,-1.6455370003147074e-07,1.517906302933663e-09,-4.628029432639054e-07,6.252272536812396e-10,40,b_scan
-0.6080402010050251,2.8476673527613623,0.027754274635427,-1.5652876574745388e-07,1.5107412510770703e-09,-4.457418559870554e-07,6.044374908995907e-10,40,b_scan
-0.5979899497487438,2.831858690668706,0.028404495690164,-1.514027170254614e-07,1.503838191471545e-09,-4.287510999994077e-07,5.985749401154095e-10,40,b_scan
-0.5879396984924623,2.862474372089887,0.0299007778727827,-1.4401682440999638e-07,1.490703661820355e-09,-4.122444690233839e-07,5.790829820474208e-10,40,b_scan
-0.5778894472361809,2.845674318119601,0.0305194334988897,-1.3929749404756632e-07,1.4820051462569e-09,-3.963953013895775e-07,5.364083318996927e-10,40,b_scan
-0.5678391959798995,2.8724714715778044,0.032040529757305,-1.325138209020209e-07,1.467380005425909e-09,-3.806421701308255e-07,5.105315765618095e-10,40,b_scan
-0.5577889447236181,2.8502393537486985,0.0326268966510931,-1.2819660437832524e-07,1.458325869137972e-09,-3.653910068160553e-07,4.663515240433634e-10,40,b_scan
-0.5477386934673367,2.874394550148385,0.0341427370914386,-1.2196627719738366e-07,1.4428183915578775e-09,-3.505792024780469e-07,3.7625978568488495e-10,40,b_scan
-0.5376884422110553,2.846623181058852,0.0346090489329143,-1.1799642277153453e-07,1.429927724084712e-09,-3.358913523434708e-07,3.290534650188103e-10,40,b_scan
-0.5276381909547738,2.8643813634663555,0.0360650240993764,-1.1229871483214207e-07,1.4096573087445101e-09,-3.216663459064104e-07,3.1488871600733605e-10,40,b_scan
-0.5175879396984925,2.833618218581168,0.0365138192622132,-1.0864729029007465e-07,1.3954825042190591e-09,-3.078649411654324e-07,3.1920504999239625e-10,40,b_scan
-0.507537688442211,2.8480479260892424,0.0380517289907232,-1.0338325709092296e-07,1.3749944704190107e-09,-2.944404709501541e-07,3.74449379353019e-10,40,b_scan
-0.4974874371859297,2.81178386871023,0.0384517200252455,-1.0000695455209808e-07,1.3599240733256682e-09,-2.8119794156842645e-07,4.0726124757899774e-10,40,b_scan
-0.4874371859296482,2.8211644137911147,0.0398745037670118,-9.51270084462161e-08,1.3355397537643772e-09,-2.683689310188717e-07,4.3793030307122675e-10,40,b_scan
-0.4773869346733668,2.7869206260271744,0.0403552989831119,-9.19942065173234e-08,1.3201026885878021e-09,-2.563805516181321e-07,4.97105617143669e-10,40,b_scan
-0.4673366834170854,2.7921353065338272,0.0417614747366645,-8.744714244730984e-08,1.2954577237068722e-09,-2.4416425388262665e-07,5.031580509286836e-10,40,b_scan
-0.457286432160804,2.747017059722929,0.0419432980802411,-8.452453103905473e-08,1.277609925992495e-09,-2.3219032872936362e-07,5.013016403625832e-10,40,b_scan
-0.4472361809045225,2.747151975087566,0.0432317261077215,-8.0269281943463e-08,1.250680706806872e-09,-2.205119164298451e-07,4.871923251080655e-10,40,b_scan
-0.4371859296482412,2.6970163275329124,0.0433350239230183,-7.751549863220171e-08,1.2330059037256186e-09,-2.0906056544790322e-07,4.746187747417784e-10,40,b_scan
-0.4271356783919597,2.693748474882512,0.0445349952370247,-7.351105703231606e-08,1.203386428794459e-09,-1.9802029776780282e-07,4.579949012741336e-10,40,b_scan
-0.4170854271356784,2.639706224563315,0.0444798965759097,-7.091790347470297e-08,1.183289170617756e-09,-1.8720243123515378e-07,4.403363424833544e-10,40,b_scan
-0.4070351758793969,2.634258848897672,0.0456445388138218,-6.712842101381911e-08,1.1526594695858594e-09,-1.7683363706818145e-07,4.1064720199531175e-10,40,b_scan
-0.3969849246231155,2.5788328679663017,0.0454747932079681,-6.466665163345511e-08,1.1307933092106696e-09,-1.6676448669368077e-07,3.793882433870518e-10,40,b_scan
-0.3869346733668342,2.5724612023515103,0.0465866548989312,-6.106177105875855e-08,1.0987973786566838e-09,-1.570790369955267e-07,3.1994800363108456e-10,40,b_scan
-0.3768844221105527,2.515878984363724,0.0463001093062581,-5.8717715123530784e-08,1.075941945240765e-09,-1.4772666548914706e-07,2.51917494676366e-10,40,b_scan
-0.3668341708542714,2.5058705312552223,0.0473236630230112,-5.5281292802413387e-08,1.0404990680749595e-09,-1.3852776256325914e-07,2.138775099555728e-10,40,b_scan
-0.3567839195979899,2.4443897712453007,0.0469934261580738,-5.305231026429007e-08,1.017493376758846e-09,-1.2968052455096272e-07,1.7227731905429914e-10,40,b_scan
-0.3467336683417085,2.43257098163921,0.0480312368545711,-4.9771667210990944e-08,9.803840425100242e-10,-1.2107311336526033e-07,1.6557680076837508e-10,40,b_scan
-0.3366834170854271,2.4212162427922217,0.0491773013007995,-4.659005895134295e-08,9.44050079072051e-10,-1.1280460748563866e-07,1.5755996643817382e-10,40,b_scan
-0.3266331658291457,2.35513826880614,0.0487723834102555,-4.4518932000373444e-08,9.197746751033995e-10,-1.0484824044045773e-07,1.4870113655967043e-10,40,b_scan
-0.3165829145728643,2.3478799606952974,0.0502226970045057,-4.1477962165618536e-08,8.835572603476554e-10,-9.738527617913348e-08,1.8962644752221886e-10,40,b_scan
-0.3065326633165829,2.285826870317644,0.0500376340110817,-3.950807376367904e-08,8.594692164760034e-10,-9.030861660350908e-08,2.2011714746501039e-10,40,b_scan
-0.2964824120603014,2.27941745550126,0.0516824440804413,-3.661775219551915e-08,8.241145079323241e-10,-8.346714353568594e-08,2.2971955441823363e-10,40,b_scan
-0.2864321608040201,2.2221869890188795,0.0517304223995868,-3.4735437163944785e-08,8.005439520220565e-10,-7.718863652360094e-08,2.531417141873724e-10,40,b_scan
-0.2763819095477386,2.220758550160429,0.0537190119074524,-3.1972922092615475e-08,7.652278196854212e-10,-7.10041401107891e-08,2.4915348666588765e-10,40,b_scan
-0.2663316582914573,2.157317316538673,0.0535946115896064,-3.0181322235101155e-08,7.419971966120177e-10,-6.511068909381741e-08,2.3275049032269312e-10,40,b_scan
-0.2562814070351759,2.155932235192007,0.0557476464950446,-2.757306288788596e-08,7.060371637919634e-10,-5.944565510296973e-08,2.1396892284971588e-10,40,b_scan
-0.2462311557788944,2.089407648111452,0.0554788076705776,-2.5884176390890292e-08,6.81169700024455e-10,-5.408259611619209e-08,1.9117347478570976e-10,40,b_scan
-0.2361809045226131,2.094257132669428,0.0578708444201828,-2.3430569790181308e-08,6.429394184742699e-10,-4.906963790559601e-08,1.5994451276530118e-10,40,b_scan
-0.2261306532663316,2.026264937403526,0.0574486752079354,-2.185536037688184e-08,6.156409102893697e-10,-4.4284750425994e-08,1.424752930269228e-10,40,b_scan
-0.2160804020100502,2.039481659523613,0.0598067985852357,-1.9578109496938183e-08,5.723895721591755e-10,-3.9929195247150495e-08,9.080100228446856e-11,40,b_scan
-0.2060301507537688,1.972296263223273,0.0589784241493422,-1.813389506657968e-08,5.41432693574172e-10,-3.5765413477498035e-08,5.925741869830521e-11,40,b_scan
-0.1959798994974874,1.9835518864407689,0.060568912722461,-1.6055639242833476e-08,4.899595593329211e-10,-3.184719350813478e-08,3.4506764888975294e-11,40,b_scan
-0.185929648241206,1.9115467915112767,0.0587063389341953,-1.4742576106105009e-08,4.5251937043709536e-10,-2.8181124054235843e-08,2.8540789829467407e-11,40,b_scan
-0.1758793969849246,1.925585087466469,0.0588367142822247,-1.2868059724612497e-08,3.9300887936730216e-10,-2.47785439103417e-08,2.2764612499235828e-11,40,b_scan
-0.1658291457286431,1.852326565696404,0.0556765171043641,-1.1688634725282765e-08,3.5120008169399427e-10,-2.1651168618362752e-08,1.7864004285952003e-11,40,b_scan
-0.1557788944723618,1.8762286274188145,0.0534304452554743,-1.0014539389464933e-08,2.8509494697216805e-10,-1.8789565492927444e-08,1.3800530944828832e-11,40,b_scan
-0.1457286432160803,1.8043218675870067,0.0485598983736489,-8.967846280209269e-09,2.4128090149554627e-10,-1.6180881148540382e-08,1.0611096834224736e-11,40,b_scan
-0.135678391959799,1.842702769923486,0.0438531456096631,-7.507062963385432e-09,1.7859551632751542e-10,-1.3833285716620349e-08,8.504697428494962e-12,40,b_scan
-0.1256281407035175,1.7741410920108056,0.0378513911374791,-6.6068635764801355e-09,1.409009336522508e-10,-1.1721508160342885e-08,7.101149519331562e-12,40,b_scan
-0.1155778894472361,1.835595503322055,0.0316136116334708,-5.3825795431678894e-09,9.181238472987431e-11,-9.880238805712261e-09,2.3513305469830468e-11,40,b_scan
-0.1055276381909547,1.7769832977511262,0.0254875790304003,-4.664928376452182e-09,6.458481052783457e-11,-8.289499810160807e-09,3.107098091445879e-11,40,b_scan
-0.0954773869346733,1.837283685615064,0.0174746267285609,-3.734690677563618e-09,3.135695885794024e-11,-6.861686252706303e-09,3.0660582926004495e-11,40,b_scan
-0.085427135678392,1.7607927150785383,0.0119117139748619,-3.210447208213265e-09,1.428852061894781e-11,-5.652932056366151e-09,2.880041064360393e-11,40,b_scan
-0.0753768844221105,1.8122433661848427,0.0098717066034872,-2.537855915321634e-09,5.990751761095889e-12,-4.5992125468745935e-09,2.2578381645680727e-11,40,b_scan
-0.0653266331658291,1.7001120159326932,0.0137479120167406,-2.153961840057529e-09,1.4614165218974737e-11,-3.661976406142299e-09,1.6111770471550985e-11,40,b_scan
-0.0552763819095477,1.7316584608264176,0.0256667768349331,-1.6499238244343979e-09,2.352239563857655e-11,-2.857104550300905e-09,1.1585116798246266e-11,40,b_scan
-0.0452261306532663,1.6068788619485523,0.0316889102324319,-1.3535824669115415e-09,2.6423385092352896e-11,-2.1750430539843323e-09,6.088927248939409e-12,40,b_scan
-0.0351758793969849,1.6579282244255995,0.0452500771776131,-9.576979761092962e-10,2.6081928275984e-11,-1.587794505066877e-09,2.8518983287770814e-12,40,b_scan
-0.0251256281407035,1.5006301046087993,0.0478645594936752,-7.202118016812137e-10,2.291771272445924e-11,-1.0807715112973715e-09,2.3706599928612588e-12,40,b_scan
-0.015075376884422,1.6152445944275755,0.0584335912182388,-3.962528016317759e-10,1.4268625658024548e-11,-6.400451958625081e-10,2.2250160176564e-12,40,b_scan
-0.0050251256281407,1.2269197946477046,0.0448972099291586,-1.9815556232443376e-10,6.891548700739302e-12,-2.431209818353948e-10,2.7670652076842755e-12,40,b_scan
0.0050251256281406,1.4324075593438523,0.0972996010319879,9.886537571577712e-11,6.457746611933989e-12,1.4161551153264928e-10,2.6402939118142346e-12,40,b_scan
0.015075376884422,1.7962716720207572,0.0837338447512614,2.976805899181357e-10,1.3822713302733828e-11,5.34715210980375e-10,2.1922502420434165e-12,40,b_scan
0.0251256281407035,1.5719797272176037,0.0572822376502781,6.217091499381486e-10,2.2595179709903547e-11,9.77314179928459e-10,2.582050107000992e-12,40,b_scan
0.0351758793969849,1.73080795726743,0.0528831940970046,8.581005336235514e-10,2.615909316908389e-11,1.48520723173107e-09,3.0517335572130408e-12,40,b_scan
0.0452261306532664,1.6663770853677349,0.0375031622539864,1.2465485716182087e-09,2.7975026826400925e-11,2.0772199755424638e-09,3.5181757569266285e-12,40,b_scan
0.0552763819095476,1.8129791727204647,0.0320892539345385,1.5312697805910802e-09,2.7005756989537408e-11,2.776160220027866e-09,4.160222196635739e-12,40,b_scan
0.0653266331658291,1.7979543011764316,0.0198598535194453,2.001579364711049e-09,2.1939934184946103e-11,3.5987482279282203e-09,4.907348674935543e-12,40,b_scan
0.0753768844221105,1.947097579890107,0.0138953387547884,2.350724959910476e-09,1.6500002013269023e-11,4.5770908804289566e-09,5.89858105542404e-12,40,b_scan
0.085427135678392,1.932717100802377,0.0078822971417072,2.928973435893146e-09,6.001775007839044e-12,5.660877047346578e-09,1.9961401678217888e-11,40,b_scan
0.0954773869346734,2.0569596075330114,0.0099304876426719,3.3532144036481072e-09,5.949413652677002e-12,6.897426583702051e-09,3.096878463562061e-11,40,b_scan
0.1055276381909549,2.0476268371462014,0.0146349170725733,4.0590044685796105e-09,2.3243356417028693e-11,8.311326481959964e-09,3.554683126465864e-11,40,b_scan
0.1155778894472361,2.175901558836068,0.018759301526191,4.571261508723746e-09,3.7427162369437095e-11,9.946615042679313e-09,2.686212487232667e-11,40,b_scan
0.1256281407035175,2.204799176636632,0.0253603539202888,5.414758921233544e-09,6.175262345782745e-11,1.1938456011221576e-08,1.7872734394935396e-11,40,b_scan
0.135678391959799,2.3669103901159776,0.0312994438266354,6.0262820456027015e-09,7.940602126253212e-11,1.42636695875064e-08,1.591164288424216e-11,40,b_scan
0.1457286432160804,2.408966167854122,0.0369029591618838,7.008297949313466e-09,1.0707591554585039e-10,1.6882752654137562e-08,1.880643639855346e-11,40,b_scan
0.1557788944723619,2.562724492988344,0.0420841835604864,7.716559835528512e-09,1.2643943020292506e-10,1.9775416892119026e-08,2.15482085264296e-11,40,b_scan
0.1658291457286431,2.5873693864714,0.0456372277820852,8.844166343359454e-09,1.5570506685451775e-10,2.2883125245668963e-08,2.4703833585508628e-11,40,b_scan
0.1758793969849246,2.717779091173954,0.0494735962616121,9.646124696471584e-09,1.7530494378412407e-10,2.6216036010927168e-08,2.7419732465331928e-11,40,b_scan
0.185929648241206,2.72616436071298,0.0511815158329267,1.0925175540292406e-08,2.0481700923724204e-10,2.978382419247833e-08,2.9941602168498225e-11,40,b_scan
0.1959798994974875,2.8397386423691,0.053991092418689,1.1825750958587464e-08,2.2453114039274526e-10,3.358204197213425e-08,3.3424039969324174e-11,40,b_scan
0.2060301507537689,2.839165259298736,0.0545767819375975,1.3260129554563392e-08,2.5457123104452835e-10,3.764769916511679e-08,3.6586396942715546e-11,40,b_scan
0.2160804020100502,2.942453052805475,0.056699609087289,1.4262210885740038e-08,2.745121529677162e-10,4.1965885960501256e-08,3.8618486566002505e-11,40,b_scan
0.2261306532663316,2.9392172222414943,0.0564532141952863,1.583945065249278e-08,3.038960966353297e-10,4.6555586148651063e-08,4.1665735265325015e-11,40,b_scan
0.2361809045226131,3.0348062858069764,0.0580993069476812,1.6933427774436186e-08,3.238640992694075e-10,5.1389673050117375e-08,4.335194813912697e-11,40,b_scan
0.2462311557788945,3.027963351911994,0.0576397224652212,1.863665823543287e-08,3.5444303679323394e-10,5.6431118138999584e-08,4.567037472741659e-11,40,b_scan
0.256281407035176,3.114076149977377,0.0589790434978894,1.981229413824996e-08,3.7489180060531375e-10,6.169699265226079e-08,4.996062630851429e-11,40,b_scan
0.2663316582914572,3.0940343567523865,0.0581807685461067,2.1628758284512977e-08,4.050851425531527e-10,6.692012122617596e-08,1.1240578501412312e-10,40,b_scan
0.2763819095477386,3.15626496633016,0.0591309586834608,2.2875348175921656e-08,4.2572329886573486e-10,7.220066004026605e-08,1.5530844345440344e-10,40,b_scan
0.2864321608040201,3.1263412537769915,0.05789761139304,2.4794349130436373e-08,4.559413883582279e-10,7.751559654703289e-08,1.7003131209099027e-10,40,b_scan
0.2964824120603015,3.1828137869769497,0.0581373106036349,2.610299131853459e-08,4.743614967316834e-10,8.308096064997154e-08,1.532069034763944e-10,40,b_scan
0.306532663316583,3.1571281016986936,0.0564212422963555,2.8119376931486522e-08,5.021528487107545e-10,8.877647511265407e-08,6.090091086969639e-11,40,b_scan
0.3165829145728642,3.2248036880185373,0.0569173434599552,2.9488731900569973e-08,5.201432694874898e-10,9.509537138794793e-08,5.965144575722562e-11,40,b_scan
0.3266331658291457,3.219090212597723,0.0556028616870756,3.1590468486059485e-08,5.453085446445053e-10,1.0169256791485089e-07,6.28017728552181e-11,40,b_scan
0.3366834170854271,3.215796003748982,0.0543102135113438,3.3730790994000183e-08,5.69314650235912e-10,1.0847134288179797e-07,6.423965986446881e-11,40,b_scan
0.3467336683417086,3.2800407101699114,0.0544933234415156,3.519812773632188e-08,5.843919183389892e-10,1.154512918968965e-07,6.878238256632711e-11,40,b_scan
0.35678391959799,3.276998126000199,0.0530939117021588,3.744194614869944e-08,6.06236709212888e-10,1.2269718736308842e-07,7.195948895567272e-11,40,b_scan
0.3668341708542713,3.340588358993903,0.0531769778610251,3.89688683622203e-08,6.199433226300317e-10,1.3017894801399893e-07,7.257325831428653e-11,40,b_scan
0.3768844221105527,3.337507959630494,0.0517746830582905,4.133897604559399e-08,6.408702575599346e-10,1.3796916159514426e-07,7.747825383522335e-11,40,b_scan
0.3869346733668342,3.399219921841356,0.0519097786526348,4.296574457071835e-08,6.55707114306103e-10,1.460500149015329e-07,8.03997944696244e-11,40,b_scan
0.3969849246231156,3.39588316750925,0.0505457097839016,4.5483593390158336e-08,6.765418826068141e-10,1.5445696919147366e-07,8.42247343474658e-11,40,b_scan
0.4070351758793971,3.456569479158799,0.0505114491861197,4.7233790739583566e-08,6.897668863933019e-10,1.6326687945541805e-07,8.790777005377527e-11,40,b_scan
0.4170854271356783,3.451879111633836,0.0490652169080794,4.9951925401712544e-08,7.095565771446862e-10,1.7242800788006314e-07,8.850488167093e-11,40,b_scan
0.4271356783919597,3.508018370790765,0.0490284149107444,5.185104656810786e-08,7.23352810621669e-10,1.818944239056498e-07,1.5351940919007183e-10,40,b_scan
0.4371859296482412,3.494261798061613,0.0474830046532246,5.4842685008635546e-08,7.42363594440519e-10,1.916346991288015e-07,2.2893463078779286e-10,40,b_scan
0.4472361809045226,3.5455700168174715,0.0472555744889073,5.6948498088310624e-08,7.547770033583166e-10,2.0191488732470124e-07,2.8392290548476274e-10,40,b_scan
0.4572864321608041,3.52402951145626,0.0455457664288636,6.028939978558454e-08,7.731096061171063e-10,2.1246162407238466e-07,3.4267556906411877e-10,40,b_scan
0.4673366834170853,3.5707416346825176,0.0451463224441988,6.264227397116766e-08,7.853161739725061e-10,2.236793757600373e-07,3.6694754563612416e-10,40,b_scan
0.4773869346733668,3.545774859993534,0.0432583808247647,6.640720503688616e-08,8.034932467981012e-10,2.3546499814222693e-07,3.67948796457192e-10,40,b_scan
0.4874371859296482,3.581978345026571,0.0425684217985269,6.90662867668661e-08,8.155560681545847e-10,2.473939435703096e-07,3.3141173929112787e-10,40,b_scan
0.4974874371859297,3.5469222264893245,0.0404265805086214,7.332118931590567e-08,8.326105119321601e-10,2.6006455605721736e-07,2.5420191499474395e-10,40,b_scan
0.5075376884422111,3.583651739630371,0.0396567531850975,7.634237698041338e-08,8.436874686587273e-10,2.735844920733759e-07,1.5574580917850194e-10,40,b_scan
0.5175879396984926,3.5476659273778104,0.0375656227753683,8.117422310638708e-08,8.591358007690255e-10,2.879790254958941e-07,9.34883755771614e-11,40,b_scan
0.5276381909547738,3.5834204137960586,0.036803149222643,8.459751507909804e-08,8.68441114380629e-10,3.031484624908598e-07,9.551167110606198e-11,40,b_scan
0.5376884422110553,3.5424141867423047,0.0346922496690008,9.004081759887355e-08,8.813593214560167e-10,3.189618696481258e-07,9.930113274680496e-11,40,b_scan
0.5477386934673367,3.571842347369357,0.033823753067933,9.389316517300757e-08,8.886784944737305e-10,3.353715834934941e-07,1.0078937788042238e-10,40,b_scan
0.5577889447236182,3.5235345391466275,0.0316841275503825,1.0001144746102444e-07,8.988749624203311e-10,3.523937894389679e-07,9.937065112205339e-11,40,b_scan
0.5678391959798996,3.547509576223628,0.0307843289709737,1.042936925178996e-07,9.045558673050343e-10,3.699828729469713e-07,1.0418133367011879e-10,40,b_scan
0.5778894472361809,3.4942886184359625,0.0286806770019582,1.1109080144247101e-07,9.113145974189059e-10,3.88183323093356e-07,1.0598284247413792e-10,40,b_scan
0.5879396984924623,3.51080856843674,0.0277402731314801,1.15852042242255e-07,9.138300210756419e-10,4.06734342575004e-07,1.8768354316564475e-10,40,b_scan
0.5979899497487438,3.450763299666142,0.0257865139961995,1.233658577553576e-07,9.179697711767131e-10,4.257063743740217e-07,2.925347449997999e-10,40,b_scan
0.6080402010050252,3.459937416515804,0.0249545548498304,1.2862245453693972e-07,9.203554728093591e-10,4.450256430564607e-07,4.0255464394168375e-10,40,b_scan
0.6180904522613067,3.3954341923036906,0.0231194394077283,1.368784764401607e-07,9.212974574573378e-10,4.647618590953567e-07,4.782613631472993e-10,40,b_scan
0.6281407035175879,3.4001080139729307,0.0222842371975523,1.426727610473365e-07,9.213851656463663e-10,4.851027982126937e-07,5.420303099788896e-10,40,b_scan
0.6381909547738693,3.333329890614261,0.0205953064164402,1.5168147323817305e-07,9.206851640284043e-10,5.056043885972094e-07,5.835051569128896e-10,40,b_scan
0.6482412060301508,3.33427835604731,0.0197902552501471,1.5799515893504406e-07,9.196071388935699e-10,5.267998387973722e-07,6.12301725965769e-10,40,b_scan
0.6582914572864322,3.26975351722687,0.0182384116894727,1.678330025466456e-07,9.16382709929298e-10,5.487725503836407e-07,6.25842941353133e-10,40,b_scan
0.6683417085427137,3.269499320007891,0.0174959730977921,1.7461523444051937e-07,9.147560465873615e-10,5.709043902662965e-07,6.233476310546766e-10,40,b_scan
0.6783919597989949,3.1977851610266623,0.0160227415276447,1.85285150714238e-07,9.107244866903143e-10,5.925021055125789e-07,5.763096730773064e-10,40,b_scan
0.6884422110552764,3.192761010478589,0.0152528395229147,1.9267124692903885e-07,9.06800434216747e-10,6.151532450353278e-07,5.042648401498291e-10,40,b_scan
0.6984924623115578,3.1247935989814217,0.0138579014477168,2.0417099421974778e-07,8.993172196424353e-10,6.379922158355407e-07,3.290657182931289e-10,40,b_scan
0.7085427135678393,3.11924380563084,0.0131772816052161,2.121845220760111e-07,8.937695388436315e-10,6.618552561363378e-07,2.1306731043473936e-10,40,b_scan
0.7185929648241207,3.0552533489824296,0.0120543731344573,2.245788924932831e-07,8.857051582163517e-10,6.861454134008682e-07,7.730990130824648e-11,40,b_scan
0.728643216080402,3.049740552111511,0.0115163936523059,2.331760364504443e-07,8.80181079653781e-10,7.111264141435518e-07,7.411935883643073e-11,40,b_scan
0.7386934673366834,2.986876230099652,0.0105459792168205,2.465707514880099e-07,8.702363294448676e-10,7.364763166573452e-07,7.36004986534758e-11,40,b_scan
0.7487437185929648,2.9785309465436853,0.0101105366240351,2.558319900596631e-07,8.653729046060503e-10,7.62003499508563e-07,2.1628807152799237e-10,40,b_scan
-1.0,2.0505960159231287,0.0009601485027772,-9.476770686750828e-07,1.92286804078393e-10,-1.943302821406834e-06,8.20038420721026e-10,50,b_scan
-0.9899497487437184,2.0739708284862868,0.001411015071973,-9.242758907953798e-07,1.8776828659593764e-10,-1.9169212349827945e-06,1.2446684492922855e-09,50,b_scan
-0.9798994974874372,2.0742138394356937,0.0009892142743536,-9.03527930134414e-07,1.828705651169836e-10,-1.874110137001488e-06,8.093018405542032e-10,50,b_scan
-0.969849246231156,2.0915353416614746,0.0010076438868589,-8.728041829386078e-07,1.7213260741770686e-10,-1.825500794966065e-06,8.024102755212464e-10,50,b_scan
-0.9597989949748744,2.1033624762929586,0.0010256258273595,-8.526606798863848e-07,1.7353576127890228e-10,-1.793454479083464e-06,7.94693577227607e-10,50,b_scan
-0.949748743718593,2.1216306008879866,0.0010460244538633,-8.228184525746967e-07,1.6338713779400032e-10,-1.745716807957777e-06,7.877943696120174e-10,50,b_scan
-0.9396984924623116,2.134090028191668,0.0010594730140742,-8.031532685156988e-07,1.5522379169225255e-10,-1.7140013814488977e-06,7.837916159110356e-10,50,b_scan
-0.92964824120603,2.152968451072752,0.0010895265195793,-7.743819948268637e-07,1.5307315252063126e-10,-1.6672200039410205e-06,7.76682173066811e-10,50,b_scan
-0.9195979899497488,2.165896072595852,0.0011056303649839,-7.55396937769441e-07,1.4719912531756808e-10,-1.6361112607657655e-06,7.719436940814398e-10,50,b_scan
-0.9095477386934674,2.1856423768347764,0.0011317003363259,-7.27572565487182e-07,1.3945469523200906e-10,-1.5902134313511804e-06,7.649026051750261e-10,50,b_scan
-0.8994974874371859,2.1990985708975828,0.001150323931638,-7.093178638400175e-07,1.3537205528436355e-10,-1.5598599006827089e-06,7.596996466796821e-10,50,b_scan
-0.8894472361809045,2.2196288143480483,0.001176664977863,-6.824465868793746e-07,1.297074724930904e-10,-1.514778108490939e-06,7.496258040335311e-10,50,b_scan
-0.879396984924623,2.233474207513335,0.0011962689315551,-6.649195088823324e-07,1.2583408645406884e-10,-1.4850805731611234e-06,7.441165988809264e-10,50,b_scan
-0.8693467336683418,2.254814248074981,0.0012279340377481,-6.390388537033313e-07,1.2342512633038178e-10,-1.4409139124037748e-06,7.33688600361204e-10,50,b_scan
-0.8592964824120604,2.2692799579893594,0.0012544512150006,-6.221850090626926e-07,1.2469007372707723e-10,-1.4119119712273965e-06,7.274042344514968e-10,50,b_scan
-0.8492462311557789,2.2913374200831,0.0012927991501976,-5.973431695563306e-07,1.210044888590189e-10,-1.3687147570354642e-06,7.207549250825791e-10,50,b_scan
-0.8391959798994975,2.306317390396962,0.001317786211205,-5.81130292284678e-07,1.1565566394168892e-10,-1.3402708991826223e-06,7.178499320576158e-10,50,b_scan
-0.829145728643216,2.3291131545406665,0.0013523016758112,-5.573601880601487e-07,1.0850472546412716e-10,-1.298154945828152e-06,7.100881758040988e-10,50,b_scan
-0.8190954773869348,2.344591258661393,0.0013837621087213,-5.418512497055502e-07,1.0731944820196732e-10,-1.270419703554385e-06,7.063123525509502e-10,50,b_scan
-0.8090452261306533,2.3681466626620487,0.0014166791964505,-5.191020254384837e-07,9.719326295198252e-11,-1.2293097291232552e-06,6.984535970631869e-10,50,b_scan
-0.7989949748743719,2.383964259459398,0.00144785727185,-5.043191905206343e-07,9.514059053323516e-11,-1.2022789255606871e-06,6.940623012694752e-10,50,b_scan
-0.7889447236180904,2.408128477506708,0.0015011880376027,-4.826350854993087e-07,9.534318233923847e-11,-1.16224729363477e-06,6.871844127132947e-10,50,b_scan
-0.778894472361809,2.424400279060753,0.0015340208689707,-4.685536954090438e-07,9.19447954362326e-11,-1.135961709904633e-06,6.833320227407703e-10,50,b_scan
-0.7688442211055277,2.449124817883596,0.0015959576688569,-4.4789959653199153e-07,9.107666640289079e-11,-1.0969620177865495e-06,6.79135686625288e-10,50,b_scan
-0.7587939698492463,2.46566117758897,0.0016368959660984,-4.345234807297621e-07,8.796517997173124e-11,-1.071387677186203e-06,6.77393792627161e-10,50,b_scan
-0.7487437185929648,2.491521684791315,0.0017554625013883,-4.1489925713407467e-07,9.020518254623438e-11,-1.0337304961533547e-06,6.927968996978701e-10,50,b_scan
-0.7386934673366834,2.5079745235641773,0.0017186828098074,-4.021790567951954e-07,8.486909451110085e-11,-1.0086548283534205e-06,6.57630384258864e-10,50,b_scan
-0.728643216080402,2.5335756669690928,0.0017855791467857,-3.836525166048444e-07,8.137746139367173e-11,-9.720126806414896e-07,6.53279362511262e-10,50,b_scan
-0.7185929648241207,2.5506521763315315,0.0018344729672757,-3.716486827904202e-07,8.071435271570269e-11,-9.479465215901323e-07,6.499531000136581e-10,50,b_scan
-0.7085427135678393,2.5762022992931297,0.0018992707420645,-3.541916948273014e-07,8.063826014084038e-11,-9.124694586046244e-07,6.39825879096742e-10,50,b_scan
-0.6984924623115578,2.593478267810385,0.0019207479634625,-3.428112096519919e-07,7.218175290479075e-11,-8.890734221942306e-07,6.312820802781295e-10,50,b_scan
-0.6884422110552764,2.619240327318811,0.0020069938455564,-3.26341541705974e-07,7.747493118330023e-11,-8.547669265156807e-07,6.227367159117554e-10,50,b_scan
-0.6783919597989949,2.6362469822343675,0.0020493371887675,-3.156951504659816e-07,6.913984590662179e-11,-8.322503877219684e-07,6.207596272953676e-10,50,b_scan
-0.6683417085427137,2.6616448676713227,0.0021281884098269,-3.001938290951135e-07,6.26252315937662e-11,-7.99009364517611e-07,6.167409261366133e-10,50,b_scan
-0.6582914572864322,2.678255794014614,0.0021978822782464,-2.9026544354008097e-07,6.572121908356134e-11,-7.774051059634437e-07,6.132066337482652e-10,50,b_scan
-0.6482412060301508,2.7027444161631142,0.0022700656181739,-2.7579383272981776e-07,6.127682108593745e-11,-7.454002414227389e-07,6.03767541776422e-10,50,b_scan
-0.6381909547738693,2.719135864613679,0.0023173067283862,-2.664140758954877e-07,5.8038493746074355e-11,-7.244160686053312e-07,5.96851575254865e-10,50,b_scan
-0.6281407035175879,2.7425877301528,0.0024078129462991,-2.529643868085306e-07,6.033588688336286e-11,-6.937770234267029e-07,5.861819646781746e-10,50,b_scan
-0.6180904522613067,2.757728441734914,0.0024590204429082,-2.442610216647628e-07,5.436707253229214e-11,-6.736055666521444e-07,5.816295525915496e-10,50,b_scan
-0.6080402010050252,2.779419926157465,0.0025448714786485,-2.317650494645896e-07,4.86318601772654e-11,-6.441723966687508e-07,5.741149893901875e-10,50,b_scan
-0.5979899497487438,2.793186808777226,0.0026165523183793,-2.237338893256504e-07,4.941747197127939e-11,-6.249305483408305e-07,5.689056528958208e-10,50,b_scan
-0.5879396984924623,2.8122747975263875,0.002738274134153,-2.1216375829360882e-07,5.6395063815300096e-11,-5.96662790397596e-07,5.588953437651694e-10,50,b_scan
-0.5778894472361809,2.82396046799905,0.0028032980791561,-2.0475985866250306e-07,5.4689076255201456e-11,-5.782337462959815e-07,5.528360533444394e-10,50,b_scan
-0.5678391959798996,2.839892893402606,0.0029090857187972,-1.9407795964930301e-07,5.550345742927094e-11,-5.511606183741334e-07,5.421401371126036e-10,50,b_scan
-0.5577889447236182,2.849169775873832,0.0029707256663153,-1.872773176192224e-07,5.322164839969706e-11,-5.335848730674122e-07,5.352857826552465e-10,50,b_scan
-0.5477386934673367,2.860958216393283,0.0030697024831702,-1.7747003619425804e-07,4.752226731899552e-11,-5.077343582135759e-07,5.275420061544032e-10,50,b_scan
-0.5376884422110553,2.867211618063966,0.0031494375753878,-1.71211529215556e-07,4.603568724911977e-11,-4.908996857133403e-07,5.228152661515819e-10,50,b_scan
-0.5276381909547738,2.874271771400016,0.0032668324307038,-1.622276579793602e-07,4.5983130712353626e-11,-4.662863778704116e-07,5.13225511339822e-10,50,b_scan
-0.5175879396984926,2.877276366482361,0.0033442174856339,-1.5648983806165861e-07,4.681627531287696e-11,-4.502645126494622e-07,5.057031028709463e-10,50,b_scan
-0.5075376884422111,2.8790666966542,0.0034580889951932,-1.4825406764013173e-07,4.775115991663735e-11,-4.268333487862223e-07,4.938987966357136e-10,50,b_scan
-0.4974874371859297,2.878449716242444,0.0035213877407984,-1.4299782323857677e-07,4.523950081957541e-11,-4.116120437243685e-07,4.86421872627189e-10,50,b_scan
-0.4874371859296482,2.87452772136492,0.0036117932149432,-1.354332698382639e-07,4.2241552131004295e-11,-3.89306688545185e-07,4.738466252143306e-10,50,b_scan
-0.4773869346733668,2.870259911552786,0.0036894592078912,-1.3060059344818644e-07,4.397798549459788e-11,-3.7485764779933297e-07,4.6501782211719527e-10,50,b_scan
-0.4673366834170853,2.860911462180643,0.0037980366641528,-1.2362196833101032e-07,4.413895648579157e-11,-3.5367150617551986e-07,4.5222086171545205e-10,50,b_scan
-0.4572864321608041,2.8528382426021044,0.0038449450419974,-1.191694097076564e-07,4.065305107363017e-11,-3.399710493623206e-07,4.432792780118696e-10,50,b_scan
-0.4472361809045226,2.837462670361324,0.0039471827691528,-1.1273595159259633e-07,4.007032922849083e-11,-3.1988405425165324e-07,4.3021892272707007e-10,50,b_scan
-0.4371859296482412,2.82541770488904,0.0040217657050618,-1.086078487012993e-07,4.1322239205069815e-11,-3.068625386105611e-07,4.2090258520388684e-10,50,b_scan
-0.4271356783919597,2.804973149651089,0.00410582766566,-1.0264421862647705e-07,4.2297861545770496e-11,-2.879142772141843e-07,4.043942920757235e-10,50,b_scan
-0.4170854271356783,2.789632616824952,0.0041624275106658,-9.881078203101444e-08,4.213252162034992e-11,-2.756457804476988e-07,3.941413426530478e-10,50,b_scan
-0.4070351758793971,2.7644414712110623,0.0042479162999807,-9.326017146143793e-08,4.288916212893959e-11,-2.5781228560025337e-07,3.7800303908663056e-10,50,b_scan
-0.3969849246231156,2.74620569993513,0.0042930150836913,-8.965289076283059e-08,4.191848106620096e-11,-2.462052796285469e-07,3.6726240823329836e-10,50,b_scan
-0.3869346733668342,2.716541347010314,0.0043551001157496,-8.446170710181463e-08,3.880350343175072e-11,-2.2944371958115414e-07,3.5241186597461114e-10,50,b_scan
-0.3768844221105527,2.6958887399707905,0.0043955913052331,-8.10909916107757e-08,3.8433738057943416e-11,-2.186122911965561e-07,3.4105108133904554e-10,50,b_scan
-0.3668341708542713,2.663664159282968,0.0044562752910203,-7.61741471039602e-08,3.8569009067278256e-11,-2.029023455047673e-07,3.235334009173577e-10,50,b_scan
-0.35678391959799,2.641221448659979,0.0044866502862004,-7.302264403276381e-08,3.799151549346362e-11,-1.9286897365719842e-07,3.1188231018901296e-10,50,b_scan
-0.3467336683417086,2.60633903747484,0.0045382329958174,-6.839044671275327e-08,3.7144095993879774e-11,-1.782486910577917e-07,2.9488717518157326e-10,50,b_scan
-0.3366834170854271,2.582809543127705,0.0045819560459884,-6.537286912753218e-08,3.810915110349208e-11,-1.6884567024422869e-07,2.8290171180378447e-10,50,b_scan
-0.3266331658291457,2.546494440435178,0.0046233629519749,-6.101891796886567e-08,3.870683562219952e-11,-1.5538433536908662e-07,2.6433334856092193e-10,50,b_scan
-0.3165829145728642,2.5174974380384287,0.0055233351924746,-5.6785140439835146e-08,3.6333462226956376e-11,-1.429564455759374e-07,3.0000918215057984e-10,50,b_scan
-0.306532663316583,2.485315399891652,0.0046284329794384,-5.404671679993192e-08,3.682139822373007e-11,-1.3432313757645364e-07,2.3281158871767e-10,50,b_scan
-0.2964824120603015,2.4488496479037347,0.0046332387233577,-5.004351107801078e-08,3.5689022993793463e-11,-1.2254903448325338e-07,2.147613874026448e-10,50,b_scan
-0.2864321608040201,2.424720050183329,0.0045708208264419,-4.7460186745677053e-08,3.2107976432715854e-11,-1.1507766638768818e-07,2.0248069056834808e-10,50,b_scan
-0.2763819095477386,2.389111357495284,0.0045109510883475,-4.3690176102099286e-08,2.9256617138790357e-11,-1.043806959364945e-07,1.8427307389811102e-10,50,b_scan
-0.2663316582914572,2.3660417869291366,0.0045152762045672,-4.125489221658645e-08,2.9742130866479286e-11,-9.761079889970113e-08,1.724735122591297e-10,50,b_scan
-0.256281407035176,2.332629994926448,0.0045431612481514,-3.7720035724949854e-08,3.052084218495459e-11,-8.79868867417152e-08,1.5587976082428072e-10,50,b_scan
-0.2462311557788945,2.311237553519959,0.0045119642699945,-3.544539586884361e-08,2.9701803282698324e-11,-8.192273003145258e-08,1.4444563988461083e-10,50,b_scan
-0.2361809045226131,2.2811112249296963,0.0044042860765038,-3.2149979531451675e-08,2.7344419623525532e-11,-7.333767919045438e-08,1.2711879251155824e-10,50,b_scan
-0.2261306532663316,2.262095458052353,0.0043361784365726,-3.003657274576392e-08,2.5686822940824377e-11,-6.794559478365167e-08,1.165640216128293e-10,50,b_scan
-0.2160804020100502,2.235851884845263,0.0042616485135424,-2.6991834560564573e-08,2.4010585622394776e-11,-6.034974417766981e-08,1.0173421527116652e-10,50,b_scan
-0.2060301507537689,2.220131602783266,0.0042014432191534,-2.5056471729583472e-08,2.2893256223462617e-11,-5.562866474109374e-08,9.219105319820324e-11,50,b_scan
-0.1959798994974875,2.1988703102746734,0.0041475631610414,-2.22850290311738e-08,2.1823683727478467e-11,-4.9001888700257234e-08,7.899521715912277e-11,50,b_scan
-0.185929648241206,2.184847037790928,0.0040938857014725,-2.0553769221961128e-08,2.0847654547769665e-11,-4.490684180004012e-08,7.075053872119047e-11,50,b_scan
-0.1758793969849246,2.165079376641708,0.0040404423454369,-1.809672810385434e-08,1.950688265247755e-11,-3.9180852802347444e-08,5.968794241272553e-11,50,b_scan
-0.1658291457286431,2.15116560101474,0.0039496075576943,-1.6577313706159874e-08,1.7984218891992172e-11,-3.566054700192129e-08,5.2821803216355376e-11,50,b_scan
-0.1557788944723619,2.127407364313155,0.0037060946318433,-1.4481183336409784e-08,1.4818201668446872e-11,-3.0807376073847125e-08,4.343429224735683e-11,50,b_scan
-0.1457286432160804,2.1086861688770857,0.0034818419502435,-1.3190771883125677e-08,1.2323352570095547e-11,-2.7815198226759863e-08,3.786979625674123e-11,50,b_scan
-0.135678391959799,2.076051683695284,0.0031010551959165,-1.143197796317874e-08,8.747200185428157e-12,-2.373337709842461e-08,3.044691593491442e-11,50,b_scan
-0.1256281407035175,2.0502358166241312,0.0029674469511266,-1.0356529348866865e-08,7.866577764629997e-12,-2.123332740696584e-08,2.6160279756301525e-11,50,b_scan
-0.1155778894472361,2.0045368106494714,0.002710392742074,-8.891946637492265e-09,6.207006184866937e-12,-1.7824234353184036e-08,2.064060383324196e-11,50,b_scan
-0.1055276381909549,1.9693763985015853,0.0026660166543692,-8.010988560836981e-09,6.237615737894459e-12,-1.5776651800378532e-08,1.7471058232349934e-11,50,b_scan
-0.0954773869346734,1.912564119955221,0.0027673059615302,-6.7839475280043795e-09,6.797992510177772e-12,-1.2974734633720092e-08,1.3542293718633512e-11,50,b_scan
-0.085427135678392,1.8711997719316056,0.0028448234321048,-6.038169257126471e-09,6.881411802713239e-12,-1.1298620936819486e-08,1.1369398587121296e-11,50,b_scan
-0.0753768844221105,1.806241355023489,0.0028413704800654,-5.001769190666349e-09,6.318863860718518e-12,-9.034402360463926e-09,8.468291985402518e-12,50,b_scan
-0.0653266331658291,1.7630234403847689,0.0029758141312924,-4.357447099906029e-09,6.17264742527883e-12,-7.68228137737096e-09,7.050714427117002e-12,50,b_scan
-0.0552763819095476,1.7000154300220605,0.0034954276129957,-3.463101501612173e-09,6.358832217259571e-12,-5.887325988473263e-09,5.44729138968317e-12,50,b_scan
-0.0452261306532664,1.6630165298134931,0.0041755588236781,-2.9014924660196943e-09,6.7513065427104e-12,-4.825229932120067e-09,4.552388078179682e-12,50,b_scan
-0.0351758793969849,1.624038335909826,0.0049964406015897,-2.1024738132656527e-09,6.065318252461065e-12,-3.414498072989937e-09,3.650208947890138e-12,50,b_scan
-0.0251256281407035,1.614737920779042,0.0061774968970389,-1.597179968074601e-09,5.7886481996548615e-12,-2.579027060758718e-09,3.159126422773992e-12,50,b_scan
-0.015075376884422,1.6587761232118403,0.0115477010506048,-8.689380045407306e-10,5.7795734863194054e-12,-1.441373614483506e-09,2.962258350727404e-12,50,b_scan
-0.0050251256281406,1.8701851978508792,0.0308528559773381,-3.9493889544502686e-10,6.270230228212536e-12,-7.386088763168653e-10,3.31110888185444e-12,50,b_scan
0.0050251256281407,0.9448028084715618,0.0202799139957758,3.1769861340374406e-10,5.988092789346239e-12,3.001625421913784e-10,3.082678141513175e-12,50,b_scan
0.015075376884422,1.2756510819383269,0.0099612985116219,7.884501534015386e-10,5.843645747332935e-12,1.0057872912411124e-09,2.473104789925041e-12,50,b_scan
0.0251256281407035,1.4133417130660912,0.0066538295613795,1.5147099282865952e-09,6.9220385109389694e-12,2.140802724842793e-09,2.42229235387628e-12,50,b_scan
0.0351758793969849,1.4748334690373863,0.0051364269780804,2.011682078910851e-09,6.818419098768781e-12,2.966896059040431e-09,2.37574473082544e-12,50,b_scan
0.0452261306532663,1.5612864915982692,0.0034701168969338,2.788149553573352e-09,5.9339862475872415e-12,4.35310023454982e-09,2.7885125381729882e-12,50,b_scan
0.0552763819095477,1.6209468701858811,0.0031408129362809,3.327749572493233e-09,6.088542991937692e-12,5.394105254295311e-09,3.4408915955852906e-12,50,b_scan
0.0653266331658291,1.7156991802145012,0.0024997031589436,4.179397970902021e-09,5.341908881201089e-12,7.170589672466747e-09,5.014569309271201e-12,50,b_scan
0.0753768844221105,1.781869548481741,0.0026685979228732,4.7832886172965955e-09,6.306634524022898e-12,8.523196328760136e-09,6.054192766489319e-12,50,b_scan
0.085427135678392,1.8830525680114016,0.0029036783433507,5.756595131477303e-09,7.795145095990297e-12,1.0839971245330267e-08,7.99612285106528e-12,50,b_scan
0.0954773869346733,1.9541677744439296,0.0029280445478773,6.442060060522788e-09,8.306521139619156e-12,1.2588866171305945e-08,9.607830879136422e-12,50,b_scan
0.1055276381909547,2.062958716639401,0.0034748795761062,7.545587862924601e-09,1.1129585030683388e-11,1.5566236253988776e-08,1.2662268565797087e-11,50,b_scan
0.1155778894472361,2.135988697446924,0.0036674836856378,8.327772302492173e-09,1.249959199461528e-11,1.7788027513034832e-08,1.483158639998586e-11,50,b_scan
0.1256281407035175,2.246034165119548,0.0038955277541966,9.581458071729561e-09,1.4243819932617676e-11,2.152028218076505e-08,1.9226245369456367e-11,50,b_scan
0.135678391959799,2.3166563332329666,0.003908053450732,1.0470634029897734e-08,1.4799820410749625e-11,2.4256860638327207e-08,2.2335920151628627e-11,50,b_scan
0.1457286432160803,2.4172292279784675,0.0042310198035089,1.1883502694656194e-08,1.7589105554855547e-11,2.872515004428383e-08,2.6838866642901257e-11,50,b_scan
0.1557788944723618,2.4796740719137067,0.0042393560061348,1.2884035339943117e-08,1.8215586529491048e-11,3.1948208374076844e-08,3.071046604983976e-11,50,b_scan
0.1658291457286431,2.566203925296488,0.0044630776681733,1.4473350000507896e-08,2.085963694261053e-11,3.7141567583493284e-08,3.6154292167138695e-11,50,b_scan
0.1758793969849246,2.618960757087468,0.0046219151982016,1.559619299326269e-08,2.2841460613968423e-11,4.084581740931751e-08,4.021945885472452e-11,50,b_scan
0.185929648241206,2.693369991454625,0.0046714561681485,1.7376523064158912e-08,2.4529517710388708e-11,4.680140577682479e-08,4.7162556099173686e-11,50,b_scan
0.1959798994974874,2.7408406715696625,0.0047561697292924,1.861390728740401e-08,2.6319441372437127e-11,5.101775415014384e-08,5.1321699764226225e-11,50,b_scan
0.2060301507537688,2.807024014755608,0.0050710605148587,2.0581324606984043e-08,3.092114341803605e-11,5.7772272427284735e-08,5.7959505088376136e-11,50,b_scan
0.2160804020100502,2.848708440701857,0.0050770984787247,2.19503349335371e-08,3.2460804054228826e-11,6.253010440139999e-08,6.219979268466358e-11,50,b_scan
0.2261306532663316,2.909463023608497,0.0049577844208724,2.4100133288774572e-08,3.3536313332648246e-11,7.01184466677259e-08,6.896249720789829e-11,50,b_scan
0.2361809045226131,2.9467004544358404,0.0050874222111365,2.5600193353385884e-08,3.6443648158238706e-11,7.543610138806757e-08,7.368786903719186e-11,50,b_scan
0.2462311557788944,2.9988581712572144,0.0051448164805598,2.7944076212589712e-08,3.982563478363648e-11,8.3800321288359e-08,8.003202548431587e-11,50,b_scan
0.2562814070351759,3.032112213364638,0.0052144645058841,2.9562269859827042e-08,4.2403339149499685e-11,8.96361194967629e-08,8.504104127864407e-11,50,b_scan
0.2663316582914573,3.0789848885657163,0.0052869621645483,3.2085478131635014e-08,4.6198798561209233e-11,9.879070230970997e-08,9.242391409131731e-11,50,b_scan
0.2763819095477386,3.1080250374851213,0.0052746029167125,3.383393970042992e-08,4.7957476838226716e-11,1.0515673170569805e-07,9.813957576608155e-11,50,b_scan
0.2864321608040201,3.149041940977854,0.0052452884232617,3.654992050356861e-08,5.0827887599405e-11,1.1509723260514393e-07,1.0552564528031783e-10,50,b_scan
0.2964824120603014,3.1757176853654947,0.0051857692137681,3.84095047880812e-08,5.225901887670288e-11,1.219777436416401e-07,1.1014133422899359e-10,50,b_scan
0.3065326633165829,3.21371773353398,0.0051777247174176,4.130617477486216e-08,5.535451108352253e-11,1.327463863784285e-07,1.187225273302951e-10,50,b_scan
0.3165829145728643,3.237430427045402,0.0051930604498929,4.3298790810431974e-08,5.8009782397811945e-11,1.401768228239663e-07,1.2364929888449363e-10,50,b_scan
0.3266331658291457,3.271592042356525,0.0052566953771093,4.6408111042553764e-08,6.28187468146997e-11,1.5182840678761686e-07,1.3143762142731592e-10,50,b_scan
0.3366834170854271,3.293282090001785,0.0051828708475628,4.855202839718051e-08,6.406697258709859e-11,1.598955255536927e-07,1.3713166417189103e-10,50,b_scan
0.3467336683417085,3.3243713170927784,0.0052468953242129,5.1879456127049904e-08,6.904517693899989e-11,1.724665758951379e-07,1.4632599842678058e-10,50,b_scan
0.3567839195979899,3.366008343479109,0.0084967414133571,5.5166503255308274e-08,1.3148122064233126e-10,1.8569091023793506e-07,1.5442646368085416e-10,50,b_scan
0.3668341708542714,3.372557371594964,0.0050041541973324,5.777179771003886e-08,7.134896989727609e-11,1.9483870223728457e-07,1.6023779279506987e-10,50,b_scan
0.3768844221105527,3.3988517592158183,0.0050556188398766,6.154384241549177e-08,7.671161856603503e-11,2.091783970627953e-07,1.6978987341824176e-10,50,b_scan
0.3869346733668342,3.4145067137363028,0.00495446893984,6.417322417244809e-08,7.765913130577255e-11,2.1911990477892881e-07,1.7542711892086788e-10,50,b_scan
0.3969849246231155,3.4355173942234205,0.0048085793583874,6.831723762417855e-08,7.890857580806558e-11,2.3470505818316014e-07,1.8554599016036447e-10,50,b_scan
0.4070351758793969,3.4480656223454886,0.0047543335745149,7.121232716839437e-08,8.077404817279769e-11,2.455447771965602e-07,1.9250337776714112e-10,50,b_scan
0.4170854271356784,3.464245656309837,0.0045858110767116,7.578027819839875e-08,8.154643546081703e-11,2.62521499582754e-07,2.0238951917549223e-10,50,b_scan
0.4271356783919597,3.472783232593558,0.0044682712900365,7.899668713321109e-08,8.169474888945915e-11,2.743383705066548e-07,2.1000856148483234e-10,50,b_scan
0.4371859296482412,3.482291625985708,0.004369999703063,8.409414160416006e-08,8.416306963741154e-11,2.9284032510262284e-07,2.2170660061705048e-10,50,b_scan
0.4472361809045225,3.486153800572492,0.0042828040547577,8.76960443559785e-08,8.530229142907496e-11,3.057218983267683e-07,2.2941457640750168e-10,50,b_scan
0.457286432160804,3.48787226287252,0.0041070754608717,9.34427574239006e-08,8.531093027913163e-11,3.2591640178514805e-07,2.4237616835425246e-10,50,b_scan
0.4673366834170854,3.486690906772272,0.0040393639272052,9.748801034207317e-08,8.718500677205388e-11,3.399105591790277e-07,2.503238138703105e-10,50,b_scan
0.4773869346733668,3.481202858814813,0.0039302289188558,1.0394624132447464e-07,9.038409544128556e-11,3.618579524618156e-07,2.6057074493934116e-10,50,b_scan
0.4874371859296482,3.474771565799569,0.0038817172464924,1.0851073504073089e-07,9.319491122869131e-11,3.7705001670354266e-07,2.693503996155313e-10,50,b_scan
0.4974874371859297,3.4612198717925726,0.0036570806059512,1.1579659360294553e-07,9.127043180406131e-11,4.007974708644038e-07,2.820211343795517e-10,50,b_scan
0.507537688442211,3.449784676258043,0.0035405712799302,1.209384281667964e-07,9.124587369829472e-11,4.1721153626054826e-07,2.902792831871885e-10,50,b_scan
0.5175879396984925,3.4292564654332587,0.0033904637567246,1.2911123964540114e-07,9.260038667585624e-11,4.4275555331409474e-07,3.0130402136063725e-10,50,b_scan
0.5276381909547738,3.413426284390746,0.0033036030579078,1.3487441322660237e-07,9.369759114894944e-11,4.603838671994634e-07,3.1023034820480257e-10,50,b_scan
0.5376884422110553,3.386411018443785,0.0031143827080268,1.440184069887633e-07,9.185307063994544e-11,4.877055202854694e-07,3.2314742098586167e-10,50,b_scan
0.5477386934673367,3.366527520477985,0.0030274841064733,1.5045844910522552e-07,9.276037400953335e-11,5.06522509601178e-07,3.3161853858494037e-10,50,b_scan
0.5577889447236181,3.334312593959896,0.0029058384612892,1.6064190205938064e-07,9.423332465160376e-11,5.35630317154265e-07,3.4522158683249685e-10,50,b_scan
0.5678391959798995,3.311411433864749,0.0027928825042645,1.6775418904277437e-07,9.28915447067676e-11,5.555031396749516e-07,3.5339751850592886e-10,50,b_scan
0.5778894472361809,3.275086013123917,0.0027042240876203,1.790099339015741e-07,9.666497796046676e-11,5.862729307312823e-07,3.6620971752043984e-10,50,b_scan
0.5879396984924623,3.2499627670879763,0.0026588116275339,1.8685769990577178e-07,1.0047612951737744e-10,6.072805674374567e-07,3.7443125720070174e-10,50,b_scan
0.5979899497487438,3.2107781778735567,0.0025362025758202,1.9920655760775853e-07,1.0103658990305052e-10,6.396080680563026e-07,3.8731926750079255e-10,50,b_scan
0.6080402010050251,3.183794221484969,0.0024366789492172,2.078123102287631e-07,9.939932144876936e-11,6.616316324597776e-07,3.9529878553733837e-10,50,b_scan
0.6180904522613065,3.142272972958078,0.0023489356371267,2.2131160724172589e-07,1.0278933728535516e-10,6.954214820375885e-07,4.0732871291621535e-10,50,b_scan
0.6281407035175879,3.1142522002381954,0.0022784273425294,2.3069043207415145e-07,1.0302429718299551e-10,7.184281856608261e-07,4.1632521817346207e-10,50,b_scan
0.6381909547738693,3.071887933752065,0.0021897742104813,2.45329130503916e-07,1.0574033497150967e-10,7.53623595792865e-07,4.278910601307407e-10,50,b_scan
0.6482412060301508,3.043299966616397,0.0021299710654116,2.554981281096876e-07,1.0784765373065324e-10,7.77557444746764e-07,4.340898106290447e-10,50,b_scan
0.6582914572864322,3.000158275795389,0.0020351277318282,2.713656808878725e-07,1.0878337665136387e-10,8.141399932826015e-07,4.4551058812831246e-10,50,b_scan
0.6683417085427136,2.97151890840879,0.001975281225141,2.823002928280654e-07,1.0950756505688679e-10,8.388606579879348e-07,4.5283019328815744e-10,50,b_scan
0.6783919597989949,2.928488217604462,0.0019127313499376,2.993816107630742e-07,1.1491305423178798e-10,8.767355196871079e-07,4.6332054782452975e-10,50,b_scan
0.6884422110552764,2.899999048630057,0.0018774287301086,3.111487490064486e-07,1.192776108988925e-10,9.023310761011334e-07,4.707358060070283e-10,50,b_scan
0.6984924623115578,2.8575059013525865,0.001826290811068,3.294389186571694e-07,1.2579792547322479e-10,9.413736541980764e-07,4.824590983330214e-10,50,b_scan
0.7085427135678393,2.8292089054903555,0.001781646558558,3.4205542377345654e-07,1.2826880102099996e-10,9.677462511111407e-07,4.895908085200543e-10,50,b_scan
0.7185929648241206,2.787417072568488,0.0017216532394081,3.615889710660635e-07,1.3336083696905158e-10,1.0078992712020183e-06,4.99359332221371e-10,50,b_scan
0.728643216080402,2.760754167297073,0.0017660188141065,3.750185928694246e-07,1.364953166742919e-10,1.0353341430781485e-06,5.446347763016891e-10,50,b_scan
0.7386934673366834,2.7192734303761945,0.001594897680694,3.958087995419168e-07,1.3093621555867562e-10,1.0763123521034315e-06,5.212820357138527e-10,50,b_scan
0.7487437185929648,2.6925141713704783,0.0015637636762428,4.100906327437975e-07,1.347002816121899e-10,1.104174840208961e-06,5.288739967958697e-10,50,b_scan
0.7587939698492463,2.652908235768164,0.0015196910198561,4.321720529217246e-07,1.4142330140841846e-10,1.1465127984648775e-06,5.390564679085252e-10,50,b_scan
0.7688442211055276,2.627209061572908,0.0015051654165748,4.472260922360833e-07,1.4911367771996938e-10,1.1749564420944788e-06,5.47411772652439e-10,50,b_scan
0.778894472361809,2.589152189857981,0.0014607561819426,4.705427380669554e-07,1.5587439612500842e-10,1.218306760687828e-06,5.56388986945942e-10,50,b_scan
0.7889447236180904,2.564331791338491,0.0014350573724344,4.864618648615494e-07,1.6131394523351728e-10,1.2474496253382798e-06,5.62341463326456e-10,50,b_scan
0.7989949748743719,2.52793346029632,0.0014017333695807,5.109795440224686e-07,1.6986385480212387e-10,1.2917222868613546e-06,5.732677891694331e-10,50,b_scan
0.8090452261306533,2.5043626891093504,0.0013909568528318,5.276853338202671e-07,1.7874130612042701e-10,1.3215154616096897e-06,5.816892136880504e-10,50,b_scan
0.8190954773869347,2.469842283316929,0.0013460177551511,5.533617391260698e-07,1.8462295439089207e-10,1.3667162212633591e-06,5.88941654599134e-10,50,b_scan
0.8291457286432161,2.4474397803855905,0.0013209180689874,5.708626042785882e-07,1.9020419665728582e-10,1.397151846845934e-06,5.93218299227233e-10,50,b_scan
0.8391959798994975,2.41482916301018,0.0012869843675154,5.97646548402192e-07,1.9783139156537264e-10,1.4432143142539884e-06,6.028140760964635e-10,50,b_scan
0.8492462311557789,2.393684412446819,0.0012789489486074,6.158947534105155e-07,2.0822866082974616e-10,1.4742576709465282e-06,6.099441804574694e-10,50,b_scan
0.8592964824120604,2.3627668180185,0.001233987806992,6.438634281751127e-07,2.091653982681775e-10,1.5212991434277943e-06,6.221083737445173e-10,50,b_scan
0.8693467336683417,2.3428674381254364,0.0012057733696545,6.627876018398587e-07,2.1095894102651583e-10,1.5528234907438517e-06,6.28007484518482e-10,50,b_scan
0.8793969849246231,2.3138140095229467,0.0011764275992704,6.918293837892592e-07,2.2049479773577982e-10,1.6007645204112157e-06,6.341330133441435e-10,50,b_scan
0.8894472361809045,2.2950534067888406,0.0011640473295022,7.114860180268337e-07,2.2817639497450847e-10,1.6328984095551112e-06,6.41625480313332e-10,50,b_scan
0.8994974874371859,2.26769577930456,0.001136856141975,7.41539456273089e-07,2.3432336887086645e-10,1.6815858951782823e-06,6.544696207361413e-10,50,b_scan
0.9095477386934674,2.250069682686868,0.0011224614493154,7.618973628262694e-07,2.4162638816197647e-10,1.7143221574144658e-06,6.60139328645013e-10,50,b_scan
0.9195979899497488,2.224469995932691,0.0010966562026923,7.929192603112231e-07,2.4885731226339406e-10,1.763825103759459e-06,6.705880385310171e-10,50,b_scan
0.9296482412060302,2.20787730190922,0.0010730522595126,8.139505134577811e-07,2.497752171684707e-10,1.7971028635407897e-06,6.77292428481735e-10,50,b_scan
0.9396984924623116,2.183727782828184,0.0010471857679083,8.459875367589548e-07,2.5625032183635916e-10,1.8474064879469083e-06,6.868033170752942e-10,50,b_scan
0.949748743718593,2.1682284105040384,0.001040240536852,8.676391940120505e-07,2.6478305467647126e-10,1.881239950523753e-06,6.964196256795802e-10,50,b_scan
0.9597989949748744,2.145577501894706,0.0010119614070234,9.006400492084001e-07,2.67426511234641e-10,1.9323930268868844e-06,7.081279367144313e-10,50,b_scan
0.9698492462311558,2.131032118161306,0.0010082142005733,9.22847979589872e-07,2.7972026153582155e-10,1.966618684686287e-06,7.144021128007954e-10,50,b_scan
0.9798994974874372,2.109933041834517,0.0009939782871671,9.56699162804136e-07,2.903573618167956e-10,2.018571174695867e-06,7.27297950071702e-10,50,b_scan
0.9899497487437184,2.0964274481946736,0.0009803045061379,9.7937395245192e-07,2.9502435770664714e-10,2.05318643596711e-06,7.343186571229372e-10,50,b_scan
1.0,2.081554605114865,0.0009648189882116,1.0051565087397174e-06,3.01969526685091e-10,2.092288159628339e-06,7.385155911677871e-10,50,b_scan
-1.0,7.654437458494038,0.0280269324098176,-6.984135275759769e-09,2.4958500953754543e-11,-5.3459626669965167e-08,4.263956879668057e-11,5,b_scan
-0.9899497487437184,7.743486493165376,0.0288719507521939,-6.384237254636721e-09,2.3243939852399822e-11,-4.9436254950442655e-08,3.9746176889161205e-11,5,b_scan
-0.9798994974874372,7.836837880912049,0.0297131210105504,-5.830191047116056e-09,2.1569215494493047e-11,-4.5690262050993393e-08,3.790894751951082e-11,5,b_scan
-0.9698492462311558,7.8839095260736975,0.0302083159089184,-5.570138953302913e-09,2.079811677218427e-11,-4.3914471555499017e-08,3.7770787555960256e-11,5,b_scan
-0.9597989949748744,7.973255667281622,0.0310759853683169,-5.084097605784762e-09,1.926035156542472e-11,-4.0536810048336286e-08,3.7132945678330107e-11,5,b_scan
-0.949748743718593,8.056805207168972,0.0318807700917119,-4.639403439066276e-09,1.7806886273234587e-11,-3.737876978602681e-08,3.597269055592103e-11,5,b_scan
-0.9396984924623116,8.096029814458321,0.0323764780967476,-4.4316656866210324e-09,1.7167942431528825e-11,-3.5878897526595794e-08,3.5611537754703146e-11,5,b_scan
-0.9296482412060302,8.169279454211186,0.0328824436058158,-4.041989787588266e-09,1.5689879092346435e-11,-3.3020144125876256e-08,3.516203841451007e-11,5,b_scan
-0.9195979899497488,8.24198961008725,0.0342070878793735,-3.681791637935692e-09,1.4682779168551614e-11,-3.034528842637209e-08,3.4885905592454294e-11,5,b_scan
-0.9095477386934674,8.277135175146189,0.0352072177076885,-3.5137093093938163e-09,1.4341180752972123e-11,-2.9083446920022183e-08,3.4828690855741845e-11,5,b_scan
-0.8994974874371859,8.338709279119318,0.0371886718443194,-3.197136700319476e-09,1.3627767401404035e-11,-2.6659993469566938e-08,3.4970950217098175e-11,5,b_scan
-0.8894472361809045,8.402018371039993,0.0391401977451345,-2.904186478013697e-09,1.2880633418210492e-11,-2.4401028141197018e-08,3.4766084853436574e-11,5,b_scan
-0.8793969849246231,8.434271105114833,0.0396862675756075,-2.767241612298965e-09,1.2370331721957867e-11,-2.3339665971484552e-08,3.427861905491715e-11,5,b_scan
-0.8693467336683417,8.489159282890128,0.0411141514794489,-2.510159668855171e-09,1.1487212274853908e-11,-2.1309145254398288e-08,3.3783951425163395e-11,5,b_scan
-0.8592964824120604,8.53664544928472,0.0440099057999893,-2.276444651233201e-09,1.1042621848321098e-11,-1.9433200872498444e-08,3.392639341680867e-11,5,b_scan
-0.8492462311557789,8.559890037784724,0.0452393405217249,-2.1675290822208702e-09,1.0763930039807076e-11,-1.8553810597511097e-08,3.355396514288586e-11,5,b_scan
-0.8391959798994975,8.612737304585231,0.0470628593373143,-1.960988233848184e-09,1.0004522506247048e-11,-1.688947651551696e-08,3.305685669826354e-11,5,b_scan
-0.8291457286432161,8.671670131353128,0.0483047219281469,-1.7708332287882022e-09,9.104186147810898e-12,-1.5356081617690278e-08,3.292656686804721e-11,5,b_scan
-0.8190954773869347,8.70509183023292,0.0490935323355347,-1.680979680023056e-09,8.719744075500126e-12,-1.4633082479356256e-08,3.238312131113047e-11,5,b_scan
-0.8090452261306533,8.774168747396589,0.0509771623449482,-1.5123588375442411e-09,8.042366878252885e-12,-1.3269691647229712e-08,3.105358947815687e-11,5,b_scan
-0.7989949748743719,8.845525015184025,0.0529042881893959,-1.358854932383768e-09,7.392065848939537e-12,-1.2019785296406816e-08,2.987714361807618e-11,5,b_scan
-0.7889447236180904,8.885073258802677,0.0540528757053291,-1.2870097637884207e-09,7.1066687883932114e-12,-1.1435176036054446e-08,2.9196506362439104e-11,5,b_scan
-0.778894472361809,8.961324262867286,0.0568359244171554,-1.1534664096667307e-09,6.605445208388278e-12,-1.033658652334889e-08,2.817835760004757e-11,5,b_scan
-0.7688442211055276,9.0346474498422,0.0583256266790946,-1.033081426847608e-09,5.961555335123063e-12,-9.333526478548086e-09,2.7013344119355684e-11,5,b_scan
-0.7587939698492463,9.068180491767938,0.059055091696465,-9.77747673787937e-10,5.667238025940146e-12,-8.866392381315251e-09,2.6323572986871083e-11,5,b_scan
-0.7487437185929648,9.117881072032125,0.0615178570343743,-8.764487976589325e-10,5.2345931495132975e-12,-7.991355902779695e-09,2.5081269681020805e-11,5,b_scan
-0.7386934673366834,9.153532851729468,0.0639206734293717,-7.862568006057949e-10,4.827936157634008e-12,-7.197027454240849e-09,2.393492713702801e-11,5,b_scan
-0.728643216080402,9.171085778730143,0.0647695733581368,-7.445654328293461e-10,4.596089369064462e-12,-6.828473452355272e-09,2.3429698275476163e-11,5,b_scan
-0.7185929648241206,9.201688509837387,0.0671456989084572,-6.671354571600168e-10,4.223641663039321e-12,-6.138772670654441e-09,2.22745807922912e-11,5,b_scan
-0.7085427135678393,9.224097365769868,0.0702585614043789,-5.976155294564426e-10,3.938030545470333e-12,-5.512463831002337e-09,2.105872113009352e-11,5,b_scan
-0.6984924623115578,9.225829271091614,0.0711223342231741,-5.660653570939282e-10,3.757639166912682e-12,-5.222422340828091e-09,2.0470330250830095e-11,5,b_scan
-0.6884422110552764,9.21142253926569,0.0720353039986853,-5.082005445254514e-10,3.383635577004995e-12,-4.68124995030884e-09,1.9202168288202256e-11,5,b_scan
-0.6783919597989949,9.178464775596764,0.0726122802407288,-4.5647362070168116e-10,3.0310693325785524e-12,-4.189727048599499e-09,1.8017947614777967e-11,5,b_scan
-0.6683417085427136,9.16171215949479,0.0735802565787131,-4.3241438050086135e-10,2.9003589623254832e-12,-3.961656087775149e-09,1.749991591747044e-11,5,b_scan
-0.6582914572864322,9.116930564341487,0.0761585059702051,-3.878672418947808e-10,2.689060879379113e-12,-3.53615871253736e-09,1.6478537593661758e-11,5,b_scan
-0.6482412060301508,9.047663104323403,0.077707745372383,-3.4833332261442637e-10,2.467530035479489e-12,-3.151602551024926e-09,1.530570754996604e-11,5,b_scan
-0.6381909547738693,9.00226134786642,0.0780676465008612,-3.30419583731976e-10,2.357066499426804e-12,-2.97452344720848e-09,1.4667759927695353e-11,5,b_scan
-0.6281407035175879,8.921833409147636,0.079524786796183,-2.96811249014262e-10,2.1811652224232586e-12,-2.648100517666281e-09,1.3358535777226492e-11,5,b_scan
-0.6180904522613065,8.85289890730639,0.0835413627013188,-2.6609303236088127e-10,2.0986852097949755e-12,-2.355694715429489e-09,1.2205203299954223e-11,5,b_scan
-0.6080402010050251,8.811623087835825,0.08501518564,-2.521319561423538e-10,2.0399938421480267e-12,-2.2216917659251754e-09,1.1676340087071728e-11,5,b_scan
-0.5979899497487438,8.708821353046831,0.0867311854431173,-2.2662908866160536e-10,1.9003792647129747e-12,-1.9736722465577323e-09,1.0604067390079899e-11,5,b_scan
-0.5879396984924623,8.567687745708628,0.0888916088900283,-2.046718594424244e-10,1.7988119530910885e-12,-1.7535645820362583e-09,9.668931678759696e-12,5,b_scan
-0.5778894472361809,8.485354960590113,0.0888426045843253,-1.9479100264228871e-10,1.7234355114016756e-12,-1.6528708005490663e-09,9.253559924918886e-12,5,b_scan
-0.5678391959798995,8.332144318753613,0.0894751113581366,-1.7585747596185138e-10,1.6001103362099302e-12,-1.4652698692458903e-09,8.356702944232692e-12,5,b_scan
-0.5577889447236181,8.1518490356497,0.0919013661586524,-1.5920663701472327e-10,1.553662800065555e-12,-1.2978284704175042e-09,7.325793019726881e-12,5,b_scan
-0.5477386934673367,8.037841338450116,0.0931598768100314,-1.519207987475518e-10,1.5399314110451881e-12,-1.2211152763434323e-09,6.8627375237855935e-12,5,b_scan
-0.5376884422110553,7.781715439082631,0.0935700066244779,-1.3879086032902768e-10,1.4792860445284692e-12,-1.0800309806259562e-09,6.011775351860239e-12,5,b_scan
-0.5276381909547738,7.52366089473442,0.0957996029086722,-1.2692570930110196e-10,1.4595782178471056e-12,-9.549459956051295e-10,5.221233435564771e-12,5,b_scan
-0.5175879396984925,7.406701406592068,0.0991013972238327,-1.2127201696272143e-10,1.4809755041872606e-12,-8.98225618618046e-10,4.910769610768163e-12,5,b_scan
-0.507537688442211,7.148781894277678,0.1015743157058374,-1.1106691334261466e-10,1.453198928800227e-12,-7.939931391569914e-10,4.398888309262317e-12,5,b_scan
-0.4974874371859297,6.8219257243910905,0.0984706979509419,-1.0265760494097675e-10,1.3690524757210116e-12,-7.00322555951227e-10,3.867751552154614e-12,5,b_scan
-0.4874371859296482,6.643053925015477,0.099293953841156,-9.894056691992771e-11,1.3753000391843744e-12,-6.572675214206824e-10,3.611772021564108e-12,5,b_scan
-0.4773869346733668,6.265724626697144,0.1005712341882817,-9.219355869232534e-11,1.388665658217473e-12,-5.776594511213511e-10,3.2035936830802005e-12,5,b_scan
-0.4673366834170854,5.901885730089311,0.0977339232866046,-8.583721667326622e-11,1.3369739175545032e-12,-5.06601444194534e-10,2.84889097876854e-12,5,b_scan
-0.457286432160804,5.719037615995988,0.0972470949425802,-8.291292806361651e-11,1.3294757691504569e-12,-4.741821544481922e-10,2.683678816966129e-12,5,b_scan
-0.4472361809045225,5.325635275444027,0.0968852420377741,-7.787556740072978e-11,1.346951314750799e-12,-4.1473686884454555e-10,2.338731402617904e-12,5,b_scan
-0.4371859296482412,4.879595378497431,0.0926370761425961,-7.432715602573686e-11,1.349039907682546e-12,-3.626864470400431e-10,2.019054482256612e-12,5,b_scan
-0.4271356783919597,4.662764421070326,0.0904799132529248,-7.277062366441095e-11,1.3531453034765049e-12,-3.393122749215137e-10,1.882614955188242e-12,5,b_scan
-0.4170854271356784,4.288909266082133,0.0868392669087166,-6.918581651668009e-11,1.346455033145386e-12,-2.9673168953984754e-10,1.6577170102716522e-12,5,b_scan
-0.4070351758793969,3.9503575365056114,0.0822189012260612,-6.569689163728287e-11,1.3157685407325812e-12,-2.5952621100433287e-10,1.4696314346600073e-12,5,b_scan
-0.3969849246231155,3.7764051347380656,0.080225720902784,-6.436086913284239e-11,1.3171214051645172e-12,-2.430527166694706e-10,1.3856957298117098e-12,5,b_scan
-0.3869346733668342,3.4189556767053952,0.0778745814188375,-6.245813884034689e-11,1.3747878949377468e-12,-2.1354160834465767e-10,1.250740357931856e-12,5,b_scan
-0.3768844221105527,3.1016751261428865,0.0692347006845401,-6.060439139400832e-11,1.3028272354398558e-12,-1.879751333218236e-10,1.1298456773729277e-12,5,b_scan
-0.3668341708542714,2.963942069241155,0.067302451274567,-5.953957055052368e-11,1.3024277130980357e-12,-1.7647183793924888e-10,1.0748259719314492e-12,5,b_scan
-0.3567839195979899,2.7210717097259125,0.0672330792885053,-5.7345278697027474e-11,1.3673850250304042e-12,-1.5604061554882951e-10,1.0103845741862025e-12,5,b_scan
-0.3467336683417085,2.4988441143445588,0.0614531720527377,-5.556481438475676e-11,1.3092140434959214e-12,-1.3884780938999732e-10,9.781978801227629e-13,5,b_scan
-0.3366834170854271,2.271789581834208,0.0546536592070105,-5.4569108961804756e-11,1.2526958585062314e-12,-1.2396953322940375e-10,8.920714674944578e-13,5,b_scan
-0.3266331658291457,2.161229810070461,0.0534802873033429,-5.4262963651988786e-11,1.283463047992999e-12,-1.1727473462744804e-10,8.528223759085481e-13,5,b_scan
-0.3165829145728643,1.9712431003809527,0.0537290485868905,-5.326186589996309e-11,1.3904477592327805e-12,-1.0499208566871782e-10,8.226724298602924e-13,5,b_scan
-0.3065326633165829,1.8257944832046609,0.050034060294185,-5.1772416590023367e-11,1.3461206225129582e-12,-9.452579259223812e-11,8.18294812260279e-13,5,b_scan
-0.2964824120603014,1.757592715354274,0.0474530753834301,-5.124183030950176e-11,1.3055451913659337e-12,-9.006226767340013e-11,8.045665063837031e-13,5,b_scan
-0.2864321608040201,1.6150186707857292,0.0443032086001333,-5.102190653230095e-11,1.3188153368303728e-12,-8.24013316687504e-11,7.569941149484405e-13,5,b_scan
-0.2763819095477386,1.4905687761110584,0.0422120832677008,-5.095909300496842e-11,1.3597736382079265e-12,-7.595803289214538e-11,7.205006941599549e-13,5,b_scan
-0.2663316582914573,1.4476179485167238,0.0421936523115272,-5.046458709712535e-11,1.385495733952704e-12,-7.305344204628412e-11,7.149472301034191e-13,5,b_scan
-0.2562814070351759,1.3824578058334498,0.0407692028287572,-4.914081187798013e-11,1.3493846717372357e-12,-6.793509896570674e-11,7.30595760541862e-13,5,b_scan
-0.2462311557788944,1.3106853325028738,0.0382360468987616,-4.863301568027631e-11,1.2991904883877564e-12,-6.374258032752043e-11,7.471532427628377e-13,5,b_scan
-0.2361809045226131,1.2742459619824134,0.0379066895006917,-4.865754927262758e-11,1.3222412840827801e-12,-6.200168568060601e-11,7.504851805963888e-13,5,b_scan
-0.2261306532663316,1.210385869550307,0.0366201025280746,-4.862912847344344e-11,1.341792235131309e-12,-5.886000995280243e-11,7.304828568545528e-13,5,b_scan
-0.2160804020100502,1.167105940763662,0.0359802700721357,-4.796804481073363e-11,1.339869246077898e-12,-5.598379006542478e-11,7.30319983732171e-13,5,b_scan
-0.2060301507537688,1.151596775795542,0.0360185248276501,-4.758361187140599e-11,1.3472240762141542e-12,-5.479713401181762e-11,7.282852236108922e-13,5,b_scan
-0.1959798994974874,1.1192863249977534,0.0361284389989237,-4.7302456465311735e-11,1.3808692625752665e-12,-5.2944992660424994e-11,7.29187997532587e-13,5,b_scan
-0.185929648241206,1.079264514346025,0.0346759055398814,-4.7725275443955867e-11,1.376229766991937e-12,-5.150819622405133e-11,7.297857741335003e-13,5,b_scan
-0.1758793969849246,1.0645383683426528,0.0333875685858932,-4.776366829921131e-11,1.3375315448251453e-12,-5.08462575173021e-11,7.181570490738974e-13,5,b_scan
-0.1658291457286431,1.0510284558837928,0.0329386829760829,-4.721750208402104e-11,1.317478627275205e-12,-4.962693830605841e-11,7.081583130371189e-13,5,b_scan
-0.1557788944723618,1.042819976171672,0.0341871935521303,-4.6616624048114737e-11,1.3472326901945112e-12,-4.8612746779058814e-11,7.523624674930864e-13,5,b_scan
-0.1457286432160803,1.037149952883757,0.0339405649223739,-4.648394428647874e-11,1.3314217474769832e-12,-4.821082062657262e-11,7.630657248774064e-13,5,b_scan
-0.135678391959799,1.0255501043082744,0.0329886127436568,-4.658233747845991e-11,1.3144070155009298e-12,-4.777252105995781e-11,7.37786059493449e-13,5,b_scan
-0.1256281407035175,1.0079509109258633,0.0322384478579779,-4.6957442502890646e-11,1.331677109192863e-12,-4.733079694553748e-11,7.00014890484225e-13,5,b_scan
-0.1155778894472361,1.000897258424424,0.0327595166107171,-4.6939858754483454e-11,1.3725588970380905e-12,-4.6981975938192185e-11,6.908722135728369e-13,5,b_scan
-0.1055276381909547,1.0042575716641544,0.0336570159114515,-4.624157767751315e-11,1.3774130085951657e-12,-4.643845450833873e-11,7.132880069622844e-13,5,b_scan
-0.0954773869346733,1.0143227154388232,0.0340897878318358,-4.579400186460933e-11,1.3537827784783144e-12,-4.6449896322121065e-11,7.425998461473871e-13,5,b_scan
-0.085427135678392,1.0124486029422473,0.0337739526609455,-4.5913309801713076e-11,1.3419438218289436e-12,-4.6484866365199e-11,7.474370864899077e-13,5,b_scan
-0.0753768844221105,0.9982317990059092,0.0328804342942606,-4.632512946748251e-11,1.3422110670735404e-12,-4.624321732750672e-11,7.245299686686626e-13,5,b_scan
-0.0653266331658291,0.994537658063906,0.0324939849927491,-4.621431454961082e-11,1.3313826431255609e-12,-4.596187616119864e-11,7.083761848018429e-13,5,b_scan
-0.0552763819095477,0.9981252947633684,0.0329171692154124,-4.5940060090030726e-11,1.3338326662948285e-12,-4.585393601880878e-11,7.17184928377362e-13,5,b_scan
-0.0452261306532663,1.004861858105372,0.0340213879990693,-4.557588826885297e-11,1.353656997130276e-12,-4.579747177064242e-11,7.442933208183657e-13,5,b_scan
-0.0351758793969849,1.0012426359749025,0.03333025845983,-4.580098543951778e-11,1.3299954651430785e-12,-4.5857899391710894e-11,7.463876838223062e-13,5,b_scan
-0.0251256281407035,0.9943496428198272,0.0325937621076736,-4.614509107010336e-11,1.3187157612747117e-12,-4.588435482344567e-11,7.367007472070465e-13,5,b_scan
-0.015075376884422,0.9906348289979804,0.0381273900894226,-4.680261198400058e-11,1.5946707718870776e-12,-4.6364297519429256e-11,8.299009153748822e-13,5,b_scan
-0.0050251256281407,0.997974523568167,0.0699781897083405,-4.6420397789156816e-11,2.8765312355843745e-12,-4.6326374367478565e-11,1.520281575076188e-12,5,b_scan
0.0050251256281406,1.0018144315153512,0.074159082096433,-4.432183151343657e-11,2.894511809900359e-12,-4.4402250441352636e-11,1.5475337844608697e-12,5,b_scan
0.015075376884422,1.000361945305786,0.0405987502410883,-4.4983819041914376e-11,1.6087514168907066e-12,-4.500010072405292e-11,8.633473534157734e-13,5,b_scan
0.0251256281407035,0.995248247970687,0.0322408837483328,-4.5866214188590495e-11,1.3128840248515256e-12,-4.5648269312242956e-11,6.924089383728321e-13,5,b_scan
0.0351758793969849,0.9967243283496252,0.0325186274753267,-4.560452329007894e-11,1.3193989795079886e-12,-4.545513784600877e-11,6.854567476577332e-13,5,b_scan
0.0452261306532664,0.9991644199105724,0.0339208896640834,-4.5183357079528626e-11,1.3577276278328246e-12,-4.5145602765979466e-11,7.132325871342946e-13,5,b_scan
0.0552763819095476,1.0014491038872402,0.034201893749541,-4.5108959519523495e-11,1.353803479528145e-12,-4.51743270881126e-11,7.36321178108857e-13,5,b_scan
0.0653266331658291,1.0000334261119308,0.0339800550924813,-4.5217908909994944e-11,1.3519683095150832e-12,-4.521942036887944e-11,7.300091545750934e-13,5,b_scan
0.0753768844221105,0.9877092267465613,0.0334082256675052,-4.5721690497030216e-11,1.3716593659379828e-12,-4.5159735566367306e-11,7.054871689031514e-13,5,b_scan
0.085427135678392,0.9814406225117162,0.032570777073233,-4.5569188392823466e-11,1.3391441159441618e-12,-4.4723452623606337e-11,6.896094320380225e-13,5,b_scan
0.0954773869346734,0.984424904307801,0.0325919076398083,-4.520303276756291e-11,1.318548640379969e-12,-4.4498991206630506e-11,6.968781413599548e-13,5,b_scan
0.1055276381909549,0.997872346331028,0.0341356897133057,-4.4482690831778257e-11,1.338258220592216e-12,-4.438804707142428e-11,7.227448417877451e-13,5,b_scan
0.1155778894472361,0.9948582828115476,0.033621509267293,-4.454172266385831e-11,1.314407218338108e-12,-4.431270172283428e-11,7.29890478681762e-13,5,b_scan
0.1256281407035175,0.9850951279010554,0.0327713119840716,-4.4727260744882105e-11,1.2967959306443422e-12,-4.40606066441435e-11,7.187223616550031e-13,5,b_scan
0.135678391959799,0.9665323439141964,0.0325206684769887,-4.471729220605328e-11,1.3164925524698117e-12,-4.322070924941271e-11,7.040725978472104e-13,5,b_scan
0.1457286432160804,0.9632994837510412,0.03262566446984,-4.4086638221146986e-11,1.2984296988292918e-12,-4.246863583874981e-11,7.102290815142251e-13,5,b_scan
0.1557788944723619,0.9611362820832704,0.0328872040146673,-4.3823851923748175e-11,1.3033423662532817e-12,-4.21206941045591e-11,7.127080920958732e-13,5,b_scan
0.1658291457286431,0.9421089270756596,0.0327006524656191,-4.3910032115624475e-11,1.3231140169629776e-12,-4.136803324430873e-11,7.127164023821679e-13,5,b_scan
0.1758793969849246,0.9071134272467756,0.0311798336988346,-4.4373922868140167e-11,1.3069092407321894e-12,-4.0252181253302707e-11,7.133194007377347e-13,5,b_scan
0.185929648241206,0.8919997783536253,0.0305791671537552,-4.4214330751248425e-11,1.2903211925633458e-12,-3.943917323016748e-11,7.094236571346288e-13,5,b_scan
0.1959798994974875,0.8678156179662118,0.0306488572478138,-4.3250760600395256e-11,1.277510906884856e-12,-3.753368553794069e-11,7.266965912727518e-13,5,b_scan
0.2060301507537689,0.8343113691141626,0.0316197455237603,-4.253422763385662e-11,1.3310764406810198e-12,-3.5486789691416356e-11,7.586382094361353e-13,5,b_scan
0.2160804020100502,0.807042450042451,0.0307817842650051,-4.250740452420376e-11,1.3225632558448758e-12,-3.430527989215897e-11,7.568248467857036e-13,5,b_scan
0.2261306532663316,0.7385096967823448,0.028140625469922,-4.2624024674811954e-11,1.3043638097810265e-12,-3.147825553823856e-11,7.14703986293707e-13,5,b_scan
0.2361809045226131,0.6617788252035096,0.0263932606311306,-4.236109108458923e-11,1.3160130701729218e-12,-2.8033673092298318e-11,7.01103631240244e-13,5,b_scan
0.2462311557788945,0.618343023253311,0.0255540777410581,-4.1967167956222796e-11,1.301893386621408e-12,-2.5950105511430283e-11,7.085612914418468e-13,5,b_scan
0.256281407035176,0.5209917935646402,0.0240451637024032,-4.0999559605595307e-11,1.283587595407075e-12,-2.136043409427947e-11,7.243420454802008e-13,5,b_scan
0.2663316582914572,0.3976895897561034,0.021578339331309,-4.0631966664351735e-11,1.276178452440583e-12,-1.615891015372971e-11,7.149453075933305e-13,5,b_scan
0.2763819095477386,0.3219823770880741,0.020009895570115,-4.0688917932319875e-11,1.2626315039451696e-12,-1.3101114516989916e-11,7.054160374973812e-13,5,b_scan
0.2864321608040201,0.1452388699732195,0.0173784938070305,-4.0019827565689296e-11,1.2874853801946286e-12,-5.8124345321638166e-12,6.698746854842041e-13,5,b_scan
0.2964824120603015,0.0709348355604546,0.0177118199012473,-3.8595602395762375e-11,1.3064384934054617e-12,2.7377727093000925e-12,6.772876909934899e-13,5,b_scan
0.306532663316583,0.1953036464182354,0.0192079219070618,-3.8063531273984745e-11,1.321708126517928e-12,7.433946453363761e-12,6.840358406066159e-13,5,b_scan
0.3165829145728642,0.4790445827307073,0.0248472932214115,-3.753302106108752e-11,1.3420613940255732e-12,1.797999041283152e-11,6.755751706906776e-13,5,b_scan
0.3266331658291457,0.8276892282827917,0.0334389668764448,-3.670407545116828e-11,1.256680865543001e-12,3.037956788501083e-11,6.515253997810316e-13,5,b_scan
0.3366834170854271,1.2973992813182242,0.049628278013484,-3.493109940166818e-11,1.2510835679328586e-12,4.531958325937975e-11,6.087972795670707e-13,5,b_scan
0.3467336683417086,1.583630545706242,0.0618155663962532,-3.393738372628051e-11,1.2724079199776837e-12,5.374427751029174e-11,5.836855116110612e-13,5,b_scan
0.35678391959799,2.253379420489269,0.0948784727826026,-3.233840721460785e-11,1.3389332871348086e-12,7.287070130879902e-11,5.576059345811409e-13,5,b_scan
0.3668341708542713,3.080748632221943,0.1329565871203022,-3.103837320642627e-11,1.3284583188492825e-12,9.562142580209192e-11,5.294940966167383e-13,5,b_scan
0.3768844221105527,3.607257325902224,0.1581533866951989,-3.014087460802882e-11,1.3137683284124417e-12,1.0872589073891227e-10,5.138923972867877e-13,5,b_scan
0.3869346733668342,4.962168891604691,0.2324969829645654,-2.795546819855408e-11,1.3059030099959745e-12,1.3871975464510928e-10,5.024579737967631e-13,5,b_scan
0.3969849246231156,6.842012009682279,0.3518860170348688,-2.5371624059303275e-11,1.302586863811146e-12,1.7359295651889688e-10,5.276293782255857e-13,5,b_scan
0.4070351758793971,8.035866227283517,0.436405134919465,-2.401474470774241e-11,1.3024067045359212e-12,1.929792759537828e-10,5.452195095391987e-13,5,b_scan
0.4170854271356783,11.197499947033345,0.6831536873679882,-2.105760050707826e-11,1.2836689299497693e-12,2.3579248056265813e-10,5.79941430873235e-13,5,b_scan
0.4271356783919597,15.71187069117626,1.1343758634867072,-1.8125180598812905e-11,1.3080099957408329e-12,2.8478049382276504e-10,6.244078668341489e-13,5,b_scan
0.4371859296482412,18.80621557445408,1.514082537030679,-1.6589583410436596e-11,1.3351673610771453e-12,3.119872819070578e-10,6.554474021570987e-13,5,b_scan
0.4472361809045226,29.225974203734623,3.055490333067461,-1.275654104206107e-11,1.333440388079802e-12,3.728223394241588e-10,7.059466050254418e-13,5,b_scan
0.4572864321608041,52.09925228301791,7.991684143346987,-8.513506623856409e-12,1.3058248010100034e-12,4.435473294094392e-10,8.048054024331789e-13,5,b_scan
0.4673366834170853,75.77241369661857,15.721340881176202,-6.373163762000112e-12,1.3222592723245758e-12,4.829100011305702e-10,8.844116854009646e-13,5,b_scan
0.4773869346733668,378.0007594727392,333.812029684721,-1.510854255739514e-12,1.3342307773534245e-12,5.711040561221563e-10,1.0430138599574906e-12,5,b_scan
0.4874371859296482,156.01282940754675,49.83399541584848,4.320921795225724e-12,1.380175958180771e-12,6.741192349219014e-10,1.2521370390922325e-12,5,b_scan
0.4974874371859297,93.42616765021587,16.723211264083975,7.832218115397106e-12,1.4018867799618534e-12,7.317341227221479e-10,1.3472337762832777e-12,5,b_scan
0.5075376884422111,55.05551153426119,4.911470603374862,1.5624085036959382e-11,1.3935410004977686e-12,8.601919939645949e-10,1.5233423544947437e-12,5,b_scan
0.5175879396984926,42.50080643247304,2.4780480879733733,2.3722490797987324e-11,1.3825343964037413e-12,1.008224989501382e-09,1.7697763882116044e-12,5,b_scan
0.5276381909547738,38.72387365556799,1.8840047390596115,2.8146983589252767e-11,1.3685105694785457e-12,1.0899602362955695e-09,1.926898324793982e-12,5,b_scan
0.5376884422110553,32.82321540765759,1.1694710288168302,3.87317475252286e-11,1.378396895485183e-12,1.271300492135587e-09,2.174768303069368e-12,5,b_scan
0.5477386934673367,28.160943523088505,0.7803539578183223,5.2456424565850265e-11,1.4508552571926973e-12,1.4772224096220616e-09,2.511624302881197e-12,5,b_scan
0.5577889447236182,26.520712729866645,0.6791734958387659,5.992265007352514e-11,1.5310772888549897e-12,1.5891913886122827e-09,2.744061325222195e-12,5,b_scan
0.5678391959798996,24.257802471387365,0.518285742532878,7.563343665637829e-11,1.610333190669037e-12,1.8347009666426127e-09,3.2695144566148866e-12,5,b_scan
0.5778894472361809,22.53804517856722,0.4029311552799444,9.375155598268819e-11,1.6665997375041565e-12,2.1129768042988e-09,4.010762992985505e-12,5,b_scan
0.5879396984924623,21.810471766952485,0.3633432779137191,1.0382157977338691e-10,1.7180170287895673e-12,2.2643976344478603e-09,4.353981903897125e-12,5,b_scan
0.5979899497487438,20.45903208796102,0.2987768932904098,1.2686529571737448e-10,1.8371827914898468e-12,2.5955411559304283e-09,4.895281577226799e-12,5,b_scan
0.6080402010050252,19.23068632857874,0.2413830658523355,1.5411156143594808e-10,1.9142803780290962e-12,2.96367109758221e-09,5.3518830808525696e-12,5,b_scan
0.6180904522613067,18.745553685796875,0.2177033958922689,1.686357480684391e-10,1.934979600969266e-12,3.161170468761441e-09,5.668864949785161e-12,5,b_scan
0.6281407035175879,17.912665963562404,0.1791632713664019,2.0031170261995206e-10,1.9713861044441005e-12,3.5881166176236504e-09,6.402494946356739e-12,5,b_scan
0.6381909547738693,17.002321295894877,0.149604465527891,2.3889293253994137e-10,2.058079507355789e-12,4.0617343943626235e-09,7.270430208075594e-12,5,b_scan
0.6482412060301508,16.532338192687796,0.1325039535503586,2.61055869906461e-10,2.0374672390968643e-12,4.315863928479923e-09,7.868567420857023e-12,5,b_scan
0.6582914572864322,15.69408865379097,0.1049706859179274,3.0996340120832267e-10,1.9906511360061082e-12,4.864593097993996e-09,9.090238858937168e-12,5,b_scan
0.6683417085427137,14.992818292981838,0.0924352950681932,3.6506482999382307e-10,2.137743042469599e-12,5.473350661255695e-09,1.0557616973517686e-11,5,b_scan
0.6783919597989949,14.678754232319084,0.086285801376428,3.9522914214134446e-10,2.189092056082912e-12,5.801471442943101e-09,1.1421588317597256e-11,5,b_scan
0.6884422110552764,14.097135912195514,0.0724713924401327,4.6213327134907086e-10,2.1786986651821748e-12,6.5147555357553805e-09,1.3355262548995174e-11,5,b_scan
0.6984924623115578,13.554635821631,0.0623413919417664,5.393392152121577e-10,2.21046100899418e-12,7.3105466465250675e-09,1.5257641722779778e-11,5,b_scan
0.7085427135678393,13.306433737108794,0.0591188727058086,5.815042831366387e-10,2.276187490808559e-12,7.737748211402637e-09,1.626281910266369e-11,5,b_scan
0.7185929648241207,12.864107012806748,0.0532429691130577,6.7321676025502e-10,2.3897864539010383e-12,8.660332446735641e-09,1.843087619692245e-11,5,b_scan
0.728643216080402,12.484850397617192,0.050045161561029,7.75981219864182e-10,2.646198884902337e-12,9.688009441364806e-09,2.0411225771313038e-11,5,b_scan
0.7386934673366834,12.310539863607596,0.0460010219731061,8.31697929646132e-10,2.590840739724108e-12,1.0238650517388613e-08,2.1130050480662158e-11,5,b_scan
0.7487437185929648,11.97060705750041,0.0394059168944986,9.541183381275103e-10,2.5409335709805866e-12,1.142137571207974e-08,2.2100636970681145e-11,5,b_scan
0.7587939698492463,11.666265275091828,0.0389708848154848,1.0900747088858918e-09,3.020083140976081e-12,1.2717100723531313e-08,2.3733512189242048e-11,5,b_scan
0.7688442211055277,11.529035280483876,0.0401164785631648,1.1626262213832808e-09,3.442477541620092e-12,1.3403958724343502e-08,2.4498178757217755e-11,5,b_scan
0.778894472361809,11.238796646750382,0.0406353443082754,1.3224685660191254e-09,4.17219420303552e-12,1.4862955285208538e-08,2.6251911232926494e-11,5,b_scan
0.7889447236180904,10.924540568431356,0.0392238462882575,1.5058443520773131e-09,4.7817121975443196e-12,1.6450657714011842e-08,2.7565658463086645e-11,5,b_scan
0.7989949748743719,10.769123422965237,0.0387006964567057,1.6056912615305467e-09,5.158039395833827e-12,1.729188737459921e-08,2.7857102121089838e-11,5,b_scan
0.8090452261306533,10.460555915336496,0.0375295879890178,1.823809099745369e-09,5.95293528116594e-12,1.9078057066785963e-08,2.8412778953497283e-11,5,b_scan
0.8190954773869348,10.163759531960654,0.0359346615927395,2.0686832247502627e-09,6.7072020322247836e-12,2.1025598844162588e-08,2.964543574037174e-11,5,b_scan
0.829145728643216,10.025099732482875,0.0339436825094029,2.200469112379479e-09,6.8116637067578986e-12,2.2059922309852344e-08,3.026055485350245e-11,5,b_scan
0.8391959798994975,9.765094334740407,0.0291957442494952,2.484230855886337e-09,6.736060709579525e-12,2.4258748657002983e-08,3.055602603847836e-11,5,b_scan
0.8492462311557789,9.52722324720757,0.0273864439811628,2.797919203157512e-09,7.386605225774904e-12,2.6656400876130725e-08,3.03137345521286e-11,5,b_scan
0.8592964824120604,9.414909228729798,0.0277888070368038,2.966798300822464e-09,8.153943522896363e-12,2.79321367021933e-08,3.0059174438062256e-11,5,b_scan
0.8693467336683418,9.18476964931186,0.0253355578085459,3.335662822509669e-09,8.633921551438527e-12,3.063729465252474e-08,2.9214832862512986e-11,5,b_scan
0.879396984924623,8.958107578647388,0.0236074422376313,3.7464796680705496e-09,9.34488977672004e-12,3.356136790779114e-08,2.8542875323181848e-11,5,b_scan
0.8894472361809045,8.848056570601928,0.0221571885144505,3.9668682052341e-09,9.406949002625514e-12,3.5099074288033454e-08,2.8243592305236293e-11,5,b_scan
0.8994974874371859,8.628284864342712,0.0184604700723624,4.443755291955305e-09,8.941356764336499e-12,3.83419865264208e-08,2.7886267037371623e-11,5,b_scan
0.9095477386934674,8.403865209951645,0.0159412726457218,4.977055700665377e-09,8.779337980349764e-12,4.182650525081327e-08,2.917854805376942e-11,5,b_scan
0.9195979899497488,8.297594812763636,0.0147420341642072,5.261087724794372e-09,8.628256979350458e-12,4.365437421474823e-08,2.9828678034557307e-11,5,b_scan
0.92964824120603,8.089073235348375,0.0125874349346816,5.8713055317103334e-09,8.343145326095716e-12,4.7493420433110924e-08,3.012023774063983e-11,5,b_scan
0.9396984924623116,7.890667446129284,0.0119788553384911,6.539256215814607e-09,9.215840873547856e-12,5.15990961440269e-08,2.911967617666141e-11,5,b_scan
0.949748743718593,7.802405088417134,0.0125024986864497,6.888386620377471e-09,1.038630426049652e-11,5.37459828178177e-08,2.915174613398016e-11,5,b_scan
0.9597989949748744,7.630355953465647,0.0133634956006942,7.632219481550622e-09,1.2701560764581304e-11,5.823655135920629e-08,3.177437123486003e-11,5,b_scan
0.969849246231156,7.4609381088293,0.0121045321228282,8.445211742220412e-09,1.2950614104420907e-11,6.300920212466497e-08,3.337475437468892e-11,5,b_scan
0.9798994974874372,7.382383023493396,0.0113871240579772,8.873016220146926e-09,1.2864921068247582e-11,6.550400431079422e-08,3.4477341883987167e-11,5,b_scan
0.9899497487437184,7.228926723423202,0.0104505728838092,9.782253470954297e-09,1.3182008627777266e-11,7.07151935314809e-08,3.7020019982909166e-11,5,b_scan
1.0,7.07762930458438,0.010590936991104,1.0773914266291813e-08,1.5295314743019006e-11,7.625377133618664e-08,3.607066525579648e-11,5,b_scan
-1.0,1.9507152789979807,0.003166013806123,-1.1907739766639128e-06,1.76835013455661e-09,-2.32286099011148e-06,1.5210433343626727e-09,60,b_scan
-0.9899497487437184,1.9528923083275007,0.0034326392123923,-1.173329650774332e-06,1.750819052396666e-09,-2.2913864501297857e-06,2.12862380577664e-09,60,b_scan
-0.9798994974874372,1.9724142122637909,0.0032326562304779,-1.137080786346995e-06,1.7040689477827312e-09,-2.2427943034829e-06,1.488034942000517e-09,60,b_scan
-0.969849246231156,1.9883778656991955,0.003286214727822,-1.0996297653758388e-06,1.661019510965246e-09,-2.186479485937317e-06,1.466353092805689e-09,60,b_scan
-0.9597989949748744,1.999278883098248,0.0033077790811423,-1.0750370798852248e-06,1.623630020351674e-09,-2.149298932362134e-06,1.4518730336019172e-09,60,b_scan
-0.949748743718593,2.014569239385029,0.003719916783559,-1.0393406132504685e-06,1.783424555137618e-09,-2.0938236286979657e-06,1.4281202276620075e-09,60,b_scan
-0.9396984924623116,2.027626618701134,0.003365992071191,-1.014478755505124e-06,1.533573133910496e-09,-2.056984128768989e-06,1.41113005767622e-09,60,b_scan
-0.92964824120603,2.044692495673229,0.0034653845901587,-9.79416241451307e-07,1.514586943732983e-09,-2.0026050390359674e-06,1.3888960107929379e-09,60,b_scan
-0.9195979899497488,2.0565538748222663,0.0035000106923931,-9.561732669026896e-07,1.4836280381940463e-09,-1.966421837050191e-06,1.374867144043285e-09,60,b_scan
-0.9095477386934674,2.0746203544974224,0.0035511429487349,-9.220799990617672e-07,1.4366000600909155e-09,-1.9129659345285067e-06,1.356156682833527e-09,60,b_scan
-0.8994974874371859,2.0869377632088657,0.0035859487079915,-8.99675204813869e-07,1.406014741215332e-09,-1.8775661595487344e-06,1.341038308769978e-09,60,b_scan
-0.8894472361809045,2.10580188338566,0.0036505092420963,-8.666179960364117e-07,1.3665901371257262e-09,-1.8249258082293813e-06,1.3140764264188943e-09,60,b_scan
-0.879396984924623,2.118655131008779,0.0037002689418599,-8.449753776373504e-07,1.3424475328972692e-09,-1.790211419407453e-06,1.2986433857232671e-09,60,b_scan
-0.8693467336683418,2.1383631827407346,0.0037724906823434,-8.130019503774214e-07,1.3040801854414702e-09,-1.7384934381834875e-06,1.276900474854821e-09,60,b_scan
-0.8592964824120604,2.1517197599386018,0.003815654191349,-7.921623884954831e-07,1.2764130013437411e-09,-1.7045114644058902e-06,1.262160329785251e-09,60,b_scan
-0.8492462311557789,2.1721302171458747,0.0038760564097878,-7.613970813996569e-07,1.23260910737003e-09,-1.653853607754872e-06,1.2414846536320384e-09,60,b_scan
-0.8391959798994975,2.1859877351678465,0.0039180433534133,-7.413024791011403e-07,1.2048682554771775e-09,-1.6204781273646114e-06,1.224260770286643e-09,60,b_scan
-0.829145728643216,2.2070655914167623,0.0039922159449279,-7.11815952706057e-07,1.1671286406185934e-09,-1.5710244966390796e-06,1.1999904110643882e-09,60,b_scan
-0.8190954773869348,2.221434801839902,0.0040386492627961,-6.925211747225369e-07,1.140204780542949e-09,-1.5383906385396948e-06,1.186101161636619e-09,60,b_scan
-0.8090452261306533,2.243330385366374,0.0041154040438923,-6.641818980346845e-07,1.1022749338940299e-09,-1.4899794332715191e-06,1.1648060794700431e-09,60,b_scan
-0.7989949748743719,2.258033308293604,0.0041681382701395,-6.45732373145838e-07,1.077414801562622e-09,-1.4580852068067762e-06,1.1512944106209695e-09,60,b_scan
-0.7889447236180904,2.2803949368296017,0.0042357537222468,-6.18643005822806e-07,1.0371882495085375e-09,-1.4107503781833726e-06,1.1280214494473255e-09,60,b_scan
-0.778894472361809,2.2955086758173007,0.0042544307681511,-6.010292522493254e-07,1.0027344803339566e-09,-1.3796678629583113e-06,1.1136528051304331e-09,60,b_scan
-0.7688442211055277,2.318570065535574,0.0043071275072635,-5.751423287224607e-07,9.595535003037986e-10,-1.3335077867983185e-06,1.0894386189429618e-09,60,b_scan
-0.7587939698492463,2.3341942214586804,0.0043475837236859,-5.583350077455897e-07,9.324189955355371e-10,-1.303262348717843e-06,1.0748901573987404e-09,60,b_scan
-0.7487437185929648,2.35801385191926,0.0044279153064006,-5.336199736139989e-07,8.97157523677812e-10,-1.2582832894425994e-06,1.052404619898103e-09,60,b_scan
-0.7386934673366834,2.374082742583936,0.0045192003526763,-5.175641881381966e-07,8.830675643210033e-10,-1.2287402072383577e-06,1.0371116511095959e-09,60,b_scan
-0.728643216080402,2.398314977758178,0.004622874223105,-4.941459670071103e-07,8.531456427458992e-10,-1.1851176738719511e-06,1.015772292332395e-09,60,b_scan
-0.7185929648241207,2.4145053539564985,0.0046471498076176,-4.789442409938019e-07,8.227752644694761e-10,-1.156413434126166e-06,1.0036402751023323e-09,60,b_scan
-0.7085427135678393,2.439134080658452,0.0047109238199232,-4.567527629001254e-07,7.860734741387573e-10,-1.1140812304246053e-06,9.765980738965948e-10,60,b_scan
-0.6984924623115578,2.4556476150654505,0.0047763438980386,-4.422974039362986e-07,7.661636652170961e-10,-1.0861265651258117e-06,9.608108868029674e-10,60,b_scan
-0.6884422110552764,2.48115418586605,0.0048580910765453,-4.213132229877338e-07,7.344566940092543e-10,-1.0453430667767323e-06,9.319451874359878e-10,60,b_scan
-0.6783919597989949,2.496871807806293,0.0049441687466961,-4.076898832337967e-07,7.176093619725264e-10,-1.0179493757743066e-06,9.233233013671564e-10,60,b_scan
-0.6683417085427137,2.5220653441767995,0.0050501031594671,-3.87860011029805e-07,6.881459601426343e-10,-9.782082922103022e-07,9.080223713037212e-10,60,b_scan
-0.6582914572864322,2.5386554214236625,0.0050944046929715,-3.751356505640961e-07,6.645762659061761e-10,-9.523401530738352e-07,8.977013151373681e-10,60,b_scan
-0.6482412060301508,2.563297979982672,0.0051315993751176,-3.565166824041368e-07,6.272375383485631e-10,-9.138584918366476e-07,8.72962109252255e-10,60,b_scan
-0.6381909547738693,2.579603819761145,0.0051482342903947,-3.444601165215081e-07,6.01299023082303e-10,-8.885706323342512e-07,8.595686484290631e-10,60,b_scan
-0.6281407035175879,2.603407766374167,0.0052148918533558,-3.271235394226555e-07,5.703408351469702e-10,-8.516359630967473e-07,8.398944894021944e-10,60,b_scan
-0.6180904522613067,2.6192257420545846,0.0052300717649686,-3.158483924827002e-07,5.458231139315363e-10,-8.27278240177248e-07,8.276186445978883e-10,60,b_scan
-0.6080402010050252,2.6424726771634885,0.0053216176853378,-2.99599812769232e-07,5.20059118824728e-10,-7.916843193259922e-07,8.083494726255363e-10,60,b_scan
-0.5979899497487438,2.65767598711952,0.0053563670749835,-2.8912476341450066e-07,5.00918104367376e-10,-7.683999410083306e-07,7.912278852608816e-10,60,b_scan
-0.5879396984924623,2.679543349745732,0.0054020163403308,-2.7397608286798224e-07,4.717943163732588e-10,-7.341307908382874e-07,7.69599987909464e-10,60,b_scan
-0.5778894472361809,2.693480117799021,0.0054365995016246,-2.642671465534811e-07,4.539036885570096e-10,-7.117983050292814e-07,7.546162746143484e-10,60,b_scan
-0.5678391959798996,2.7133884030923663,0.0054719194426173,-2.5021845501953537e-07,4.253467787547383e-10,-6.789398540896961e-07,7.366290814484967e-10,60,b_scan
-0.5577889447236182,2.7255170825637003,0.0055212749045206,-2.412629579988489e-07,4.103641683946437e-10,-6.575663134157112e-07,7.235289814052829e-10,60,b_scan
-0.5477386934673367,2.742354154962084,0.0055762201938067,-2.2830974927686002e-07,3.8728856980792954e-10,-6.261061895477485e-07,7.019817541341532e-10,60,b_scan
-0.5376884422110553,2.752458775727114,0.005587201898854,-2.200322947979065e-07,3.7036604897641597e-10,-6.05629820759873e-07,6.8711451240221e-10,60,b_scan
-0.5276381909547738,2.7656874231289965,0.0056065889160671,-2.081382545956747e-07,3.4608693748062045e-10,-5.756453530072785e-07,6.675260071952451e-10,60,b_scan
-0.5175879396984926,2.773519775148824,0.0056187527982779,-2.0051283256784505e-07,3.30604352923463e-10,-5.561263062980233e-07,6.546181989482072e-10,60,b_scan
-0.5075376884422111,2.782408817342947,0.0056661925068049,-1.8959884139621002e-07,3.1169598809878636e-10,-5.275414880588214e-07,6.340176253906672e-10,60,b_scan
-0.4974874371859297,2.7867803633624866,0.0057120887591369,-1.826309738291159e-07,3.0098807659124447e-10,-5.089524116087483e-07,6.202503838929574e-10,60,b_scan
-0.4874371859296482,2.7907058282021784,0.0056988983119217,-1.7261185472841708e-07,2.796020214187287e-10,-4.817089090073812e-07,5.990098510424633e-10,60,b_scan
-0.4773869346733668,2.791565080144824,0.0057149981033629,-1.6623083047314249e-07,2.68256247565023e-10,-4.640441815922986e-07,5.84579680066092e-10,60,b_scan
-0.4673366834170853,2.7907832922398303,0.0056943015382036,-1.570059456946797e-07,2.4887020226513785e-10,-4.381695700270264e-07,5.629532692031105e-10,60,b_scan
-0.4572864321608041,2.788062781662562,0.0056405969698164,-1.5115000412067068e-07,2.3378293108722657e-10,-4.214157009369847e-07,5.495826504923892e-10,60,b_scan
-0.4472361809045226,2.780930552591583,0.0056150152547968,-1.427139676765488e-07,2.1610532038006592e-10,-3.968776329932821e-07,5.30073535843388e-10,60,b_scan
-0.4371859296482412,2.774484812843464,0.0056037472729314,-1.3731373122850438e-07,2.0543771224282798e-10,-3.809748618883546e-07,5.169185245054202e-10,60,b_scan
-0.4271356783919597,2.7623006676456483,0.0055710093969868,-1.2953540695518613e-07,1.9006193544196627e-10,-3.578157411160614e-07,4.951110516629131e-10,60,b_scan
-0.4170854271356783,2.7521586501303705,0.0056048415225149,-1.245616544003777e-07,1.8397454172434543e-10,-3.428134346325492e-07,4.806702981334601e-10,60,b_scan
-0.4070351758793971,2.734146522603348,0.0056655890666102,-1.1740413694445518e-07,1.7571089643413588e-10,-3.210001127659294e-07,4.600433336012036e-10,60,b_scan
-0.3969849246231156,2.720771132950154,0.0056286194521802,-1.127637768992886e-07,1.6584938759177746e-10,-3.0680442903001577e-07,4.46356050235448e-10,60,b_scan
-0.3869346733668342,2.6985488032933973,0.0056401751047581,-1.060903157704403e-07,1.560773934422344e-10,-2.862898946633403e-07,4.2502887620935856e-10,60,b_scan
-0.3768844221105527,2.6819135793352027,0.0056191194429962,-1.0180039896250888e-07,1.4857411110121368e-10,-2.730198723592938e-07,4.104193185236571e-10,60,b_scan
-0.3668341708542713,2.655031524477665,0.005555556710098,-9.557830278354754e-08,1.358738959805977e-10,-2.537634069463901e-07,3.8962920631477567e-10,60,b_scan
-0.35678391959799,2.636094414573573,0.0054954870674548,-9.159967851481957e-08,1.2716136368316027e-10,-2.414654009096508e-07,3.755409304698433e-10,60,b_scan
-0.3467336683417086,2.606098554542368,0.005530310779354,-8.576981470157209e-08,1.2096009869822668e-10,-2.2352459011713378e-07,3.5442919216585874e-10,60,b_scan
-0.3366834170854271,2.5849750000003824,0.0055290740351115,-8.200513465188237e-08,1.1608804503193615e-10,-2.1198122294678099e-07,3.3990003804937846e-10,60,b_scan
-0.3266331658291457,2.552732911006178,0.0055315884283454,-7.656659835489052e-08,1.092430647407461e-10,-1.954540755043205e-07,3.1876990699266136e-10,60,b_scan
-0.3165829145728642,2.5018989811763586,0.0100342604245821,-7.187256360146163e-08,2.5842742510023357e-10,-1.7981789364902985e-07,3.1948899452924424e-10,60,b_scan
-0.306532663316583,2.4970590264269505,0.0055064991519317,-6.791229148695399e-08,9.692307242420919e-11,-1.695810004628366e-07,2.850795687552893e-10,60,b_scan
-0.2964824120603015,2.46247653931032,0.0055132389408797,-6.2979525420416e-08,9.154541882268892e-11,-1.5508560380467225e-07,2.6409194985364664e-10,60,b_scan
-0.2864321608040201,2.4395051399195107,0.0054916477894378,-5.980009491419174e-08,8.723197936393259e-11,-1.4588263891084536e-07,2.5012436405827753e-10,60,b_scan
-0.2763819095477386,2.405698514000618,0.0054668758682834,-5.516475525719781e-08,8.122505373379304e-11,-1.3270976974744857e-07,2.29711744339558e-10,60,b_scan
-0.2663316582914572,2.3831281912138267,0.0054702363882758,-5.2182127406909e-08,7.799721276787721e-11,-1.243566989009165e-07,2.1663447476613118e-10,60,b_scan
-0.256281407035176,2.349593199579441,0.0055016360406088,-4.7866294038816206e-08,7.417179228578351e-11,-1.1246631896267249e-07,1.9742905468937927e-10,60,b_scan
-0.2462311557788945,2.328489239663501,0.0055272382454151,-4.507720036657188e-08,7.182616475311222e-11,-1.0496177600771825e-07,1.8467689538440239e-10,60,b_scan
-0.2361809045226131,2.297779187353556,0.0054368531287041,-4.105099196162417e-08,6.493441391946646e-11,-9.432611494963812e-08,1.6598452740753507e-10,60,b_scan
-0.2261306532663316,2.277525014985879,0.0054123244270227,-3.8479515018440826e-08,6.129281724518835e-11,-8.76380580190238e-08,1.5455326877410454e-10,60,b_scan
-0.2160804020100502,2.249645544295342,0.0054244889539111,-3.475754170707733e-08,5.727530573413823e-11,-7.819214883198605e-08,1.3764428254440215e-10,60,b_scan
-0.2060301507537689,2.231989664745881,0.0054090558432587,-3.239497286093767e-08,5.4149699294584286e-11,-7.23052446153362e-08,1.2687280365340588e-10,60,b_scan
-0.1959798994974875,2.206616132489432,0.005413849920784,-2.9006363308698506e-08,5.004231574652532e-11,-6.400590922182366e-08,1.1165498726029991e-10,60,b_scan
-0.185929648241206,2.189826053910621,0.005447913887119,-2.687925137069511e-08,4.7996311199216556e-11,-5.886088496116093e-08,1.0196419090659682e-10,60,b_scan
-0.1758793969849246,2.1656042061690384,0.0054009970107981,-2.3847073117620893e-08,4.3235282317206925e-11,-5.16433218483404e-08,8.844345637901019e-11,60,b_scan
-0.1658291457286431,2.149362251459651,0.0053027988733603,-2.195079813984992e-08,3.9222784823720153e-11,-4.718021691120414e-08,8.026179382686783e-11,60,b_scan
-0.1557788944723619,2.121665370661564,0.0053959875199096,-1.9319564706863494e-08,3.670951707263083e-11,-4.09896514148076e-08,6.929322424416575e-11,60,b_scan
-0.1457286432160804,2.101383236483618,0.0054364870053448,-1.767992612449803e-08,3.4830507104260875e-11,-3.715230038028895e-08,6.230018690748161e-11,60,b_scan
-0.135678391959799,2.067619443659749,0.0053600523483397,-1.542109542333128e-08,3.1025376782740646e-11,-3.188495673981213e-08,5.2127466481484085e-11,60,b_scan
-0.1256281407035175,2.0413975390468035,0.0052903366973294,-1.402757640301281e-08,2.844646632308732e-11,-2.8635859947901373e-08,4.6206332128716797e-11,60,b_scan
-0.1155778894472361,1.9969964042887351,0.0051111081536454,-1.2108710832528929e-08,2.4423418762987995e-11,-2.4181051993132333e-08,3.809707917075776e-11,60,b_scan
-0.1055276381909549,1.965133622175748,0.0049879891583245,-1.0935859149696168e-08,2.1987967165153665e-11,-2.1490424502446225e-08,3.329317435202191e-11,60,b_scan
-0.0954773869346734,1.91185022546462,0.0047582251203831,-9.30284541903787e-09,1.833661136598324e-11,-1.7785647111850057e-08,2.7026099847098265e-11,60,b_scan
-0.085427135678392,1.8735233253265031,0.0046052116949118,-8.300868338836956e-09,1.6207359250217672e-11,-1.55518704532753e-08,2.322279128091573e-11,60,b_scan
-0.0753768844221105,1.8157238524718216,0.0047156610308371,-6.8907924238532596e-09,1.485179845027577e-11,-1.2511776166422482e-08,1.8129956294284848e-11,60,b_scan
-0.0653266331658291,1.7784148809953757,0.0047635520386129,-6.0060950610413746e-09,1.3562842485445835e-11,-1.0681328833228808e-08,1.5387011059964298e-11,60,b_scan
-0.0552763819095476,1.7247671288334077,0.0043397285431581,-4.771710937731779e-09,9.760635758476067e-12,-8.230090173694608e-09,1.2058485888125536e-11,60,b_scan
-0.0452261306532664,1.6925073020342447,0.0045493022984091,-3.997335459479634e-09,9.024403790391314e-12,-6.765519453849693e-09,9.869464005233227e-12,60,b_scan
-0.0351758793969849,1.6562346097220406,0.0047508438952103,-2.9001399325507167e-09,7.1005883071500995e-12,-4.803312129327441e-09,7.178657644245296e-12,60,b_scan
-0.0251256281407035,1.6446744504037285,0.005018549006499,-2.207752571309816e-09,5.823141871689175e-12,-3.631034246846391e-09,5.571161162658562e-12,60,b_scan
-0.015075376884422,1.6818957004519373,0.0092376725530658,-1.201867890133291e-09,6.213124689494403e-12,-2.021416436926424e-09,3.750435166225953e-12,60,b_scan
-0.0050251256281406,1.850996133244615,0.0219296603946593,-5.519751095492782e-10,6.2747362556668514e-12,-1.021703793422987e-09,3.409558010301799e-12,60,b_scan
0.0050251256281407,1.0900168371455734,0.018560546840326,4.2441135517087755e-10,6.535084479858401e-12,4.6261552301202646e-10,3.363007233163561e-12,60,b_scan
0.015075376884422,1.370397868680984,0.0071107522384024,1.0714556352685095e-09,5.021555018192741e-12,1.4683205189581952e-09,3.269790257698572e-12,60,b_scan
0.0251256281407035,1.4920148679664504,0.0047167263334029,2.064028396200727e-09,5.679061847499621e-12,3.079561055036432e-09,4.794084769541875e-12,60,b_scan
0.0351758793969849,1.5464721644531172,0.0044280120974285,2.7463089015326555e-09,6.846987064313289e-12,4.247090271210069e-09,5.980160671657943e-12,60,b_scan
0.0452261306532663,1.6282314745661834,0.0040848514687444,3.801883836365234e-09,7.964875148862939e-12,6.190346925014303e-09,8.543934049256129e-12,60,b_scan
0.0552763819095477,1.6851318491553218,0.0041100070962074,4.534206540447266e-09,9.098622585116594e-12,7.640735851956057e-09,1.0592664231754382e-11,60,b_scan
0.0653266331658291,1.7721997380240744,0.0045160651215914,5.693018806601044e-09,1.2171875125775824e-11,1.00891664376245e-08,1.3989230401835174e-11,60,b_scan
0.0753768844221105,1.8331423325465024,0.0047562759875187,6.5075283038283114e-09,1.424326153219787e-11,1.1929225613992213e-08,1.6621472915988516e-11,60,b_scan
0.085427135678392,1.9290751151562988,0.0046731632247839,7.798415832691883e-09,1.5405683799400034e-11,1.50437299204868e-08,2.1092878928471924e-11,60,b_scan
0.0954773869346733,1.994140181080796,0.0048204377229197,8.705353883547192e-09,1.7116684122027096e-11,1.7359695969709212e-08,2.4410628563406503e-11,60,b_scan
0.1055276381909547,2.09216506735746,0.00527710449714,1.0156827179320393e-08,2.1176897904337885e-11,2.124975901976092e-08,3.0163402583454464e-11,60,b_scan
0.1155778894472361,2.156720227627685,0.0055768836622296,1.1180642716505758e-08,2.4155911370392924e-11,2.4113518304566123e-08,3.4260189388798054e-11,60,b_scan
0.1256281407035175,2.2522800276157464,0.0056619746899332,1.2814416639443342e-08,2.6411899693174358e-11,2.8861654662565132e-08,4.1539275719586646e-11,60,b_scan
0.135678391959799,2.313962653815435,0.0057642252155816,1.3963215297371815e-08,2.848059296272616e-11,3.231035872530277e-08,4.6205702622231386e-11,60,b_scan
0.1457286432160803,2.4021777678657594,0.005731001778214,1.5784323280503746e-08,3.0163214874762e-11,3.7916750465232033e-08,5.415656402964968e-11,60,b_scan
0.1557788944723618,2.457137352074382,0.0060111893553687,1.7071532183128816e-08,3.384647328249098e-11,4.194709938430573e-08,6.012003536813582e-11,60,b_scan
0.1658291457286431,2.535256209160194,0.006552490974629,1.910842175046833e-08,4.115718020633814e-11,4.844474489012652e-08,6.920486824278058e-11,60,b_scan
0.1758793969849246,2.584856176982078,0.0066260836803622,2.0537856664538043e-08,4.379482985975247e-11,5.30874056613037e-08,7.552670652818727e-11,60,b_scan
0.185929648241206,2.6558413601341595,0.0066620052137031,2.279622974511396e-08,4.7084141807763956e-11,6.054316981219425e-08,8.618043273108453e-11,60,b_scan
0.1959798994974874,2.700113250912278,0.0068240496705824,2.4374696870062477e-08,5.0928814470064886e-11,6.581444200582569e-08,9.357919527626711e-11,60,b_scan
0.2060301507537688,2.7636732118377902,0.0070297715238563,2.686852499460171e-08,5.687564136437559e-11,7.425582276917487e-08,1.0472898458078068e-10,60,b_scan
0.2160804020100502,2.8044841486131724,0.0070576567364543,2.8597817835571063e-08,5.982038270840373e-11,8.020212680478613e-08,1.1221227098425991e-10,60,b_scan
0.2261306532663316,2.863401663558177,0.0070602776421592,3.132079916859137e-08,6.384277925482804e-11,8.96840284433161e-08,1.2442448387462933e-10,60,b_scan
0.2361809045226131,2.9000966791020355,0.0071777003061046,3.3219706722116546e-08,6.83469618633034e-11,9.634036114555377e-08,1.3253620184368009e-10,60,b_scan
0.2462311557788944,2.9524613107540363,0.0072376492688712,3.618730469613338e-08,7.372694184022247e-11,1.068416170558017e-07,1.4565220822325798e-10,60,b_scan
0.2562814070351759,2.9857566530719666,0.0072183422116257,3.824396571150485e-08,7.662757720054601e-11,1.1418717506298173e-07,1.544751721523469e-10,60,b_scan
0.2663316582914573,3.033234863116332,0.0073144050642016,4.145912720390156e-08,8.312144906451733e-11,1.2575527002924898e-07,1.6849896978496856e-10,60,b_scan
0.2763819095477386,3.063327811840381,0.0073680915360538,4.36901695321144e-08,8.753942909230241e-11,1.338373114317473e-07,1.7809336593698083e-10,60,b_scan
0.2864321608040201,3.106201349174015,0.007484131392128,4.7168127470760166e-08,9.511731942224064e-11,1.4651370118768713e-07,1.9319679500049239e-10,60,b_scan
0.2964824120603014,3.133318257747897,0.0075294766162605,4.9572278076203046e-08,9.989620926032624e-11,1.5532572397432278e-07,2.0333443016595688e-10,60,b_scan
0.3065326633165829,3.17173389217232,0.0076277296443388,5.333372233733874e-08,1.0818210402167886e-10,1.691603747330452e-07,2.185496722617159e-10,60,b_scan
0.3165829145728643,3.1962834938139086,0.0077652957779148,5.59268289161371e-08,1.1536376822685718e-10,1.7875800012600342e-07,2.294355235910221e-10,60,b_scan
0.3266331658291457,3.230415729524462,0.0078041185870392,6.001155779725998e-08,1.2315925425361517e-10,1.9386228026153506e-07,2.4708453436691776e-10,60,b_scan
0.3366834170854271,3.251219710615964,0.0078545403311483,6.285149843983242e-08,1.2917471094706994e-10,2.043440305693317e-07,2.594810101435728e-10,60,b_scan
0.3467336683417085,3.2796651483489354,0.0079768819047651,6.730262303008387e-08,1.4006699715253175e-10,2.2073006714423245e-07,2.778501308461444e-10,60,b_scan
0.3567839195979899,3.3053807903480283,0.0079912897170726,7.200304025821819e-08,1.4908337644623088e-10,2.3799746611617015e-07,2.9707303913507905e-10,60,b_scan
0.3668341708542714,3.3204089819288938,0.0080115793941255,7.527890003416289e-08,1.5583110769320338e-10,2.4995673582316177e-07,3.0984918616781075e-10,60,b_scan
0.3768844221105527,3.3402265181504305,0.0080789799112911,8.045119948243365e-08,1.6743874204337032e-10,2.687252299282351e-07,3.31141773259676e-10,60,b_scan
0.3869346733668342,3.3510318165611346,0.0081156901764675,8.407377248618256e-08,1.7567126226387379e-10,2.817338865395199e-07,3.4498106491989616e-10,60,b_scan
0.3969849246231155,3.363239126422715,0.0082270738331285,8.982454830947656e-08,1.9070413857023727e-10,3.021014353876789e-07,3.6706673476196894e-10,60,b_scan
0.4070351758793969,3.368941092958777,0.0082634183356408,9.386719827424128e-08,2.0039561126859046e-10,3.1623306154700065e-07,3.8192427324731247e-10,60,b_scan
0.4170854271356784,3.3736934650152297,0.0081263492396511,1.0027469536711462e-07,2.0979170642379926e-10,3.382960844664275e-07,4.038143805197135e-10,60,b_scan
0.4271356783919597,3.374179803516106,0.0080957787611633,1.0480121564222424e-07,2.1852649849974003e-10,3.536181452039292e-07,4.197397500169751e-10,60,b_scan
0.4371859296482412,3.3706328089204973,0.0081737343718379,1.1199637609331978e-07,2.3775093909932716e-10,3.774986597403429e-07,4.4250865457299165e-10,60,b_scan
0.4472361809045225,3.365299023801032,0.0082185452527735,1.1709233262357138e-07,2.5150474090695136e-10,3.940507126726902e-07,4.5793300650443855e-10,60,b_scan
0.457286432160804,3.353292675722554,0.0082478836070665,1.2521103778493164e-07,2.724072123878095e-10,4.198692559238312e-07,4.81779957702027e-10,60,b_scan
0.4673366834170854,3.3427723606695805,0.0082574547262281,1.3092770667069626e-07,2.8713374653762904e-10,4.376615191046577e-07,4.975756418694e-10,60,b_scan
0.4773869346733668,3.3230217498817174,0.0082270650476205,1.400593039237874e-07,3.0910427218733737e-10,4.6542011321203933e-07,5.22191705495667e-10,60,b_scan
0.4874371859296482,3.3077601519621043,0.0082566241658754,1.4648241627865357e-07,3.2733668388025904e-10,4.845286995296553e-07,5.389060037252845e-10,60,b_scan
0.4974874371859297,3.281631165096208,0.0082178397448543,1.5669965036987326e-07,3.528788862898192e-10,5.142304562134555e-07,5.632484235002993e-10,60,b_scan
0.507537688442211,3.262285092739066,0.0081244545222692,1.6388527198089421e-07,3.674285395014472e-10,5.346404797027586e-07,5.797043006429305e-10,60,b_scan
0.5175879396984925,3.23087089231069,0.0079168424425318,1.7525920975702848e-07,3.8644098976730735e-10,5.662398794133571e-07,6.052276509824419e-10,60,b_scan
0.5276381909547738,3.208352549553706,0.0078073894107842,1.8325533778841608e-07,4.016157706686883e-10,5.879477302127902e-07,6.218817162410129e-10,60,b_scan
0.5376884422110553,3.17244876760931,0.0077416148962873,1.958801973757314e-07,4.3230284884207647e-10,6.214198907637075e-07,6.470380778115551e-10,60,b_scan
0.5477386934673367,3.147254184896772,0.0076477245206926,2.0474075753248534e-07,4.5046528797442127e-10,6.443712059630497e-07,6.646635619781653e-10,60,b_scan
0.5577889447236181,3.1083103003788763,0.007477644703884,2.1868582054931446e-07,4.769677462212956e-10,6.797433885602403e-07,6.899733217379065e-10,60,b_scan
0.5678391959798995,3.081700659124841,0.0073352401301361,2.2838468415355618e-07,4.92968579524333e-10,7.038132316900327e-07,7.060960408118312e-10,60,b_scan
0.5778894472361809,3.040644527329117,0.0071950338873777,2.436782747787619e-07,5.240498884446039e-10,7.409390126350432e-07,7.31359487927127e-10,60,b_scan
0.5879396984924623,3.012839006239824,0.0070966993620951,2.543131079706913e-07,5.449145870173435e-10,7.662044514921783e-07,7.496226552527891e-10,60,b_scan
0.5979899497487438,2.9708195030768003,0.0069326059847503,2.7097002398287414e-07,5.762440787717696e-10,8.050030319975108e-07,7.734395039321251e-10,60,b_scan
0.6080402010050251,2.942609513815039,0.0068415060174475,2.8252250065160215e-07,5.996213896159275e-10,8.3135339828422e-07,7.891345008935963e-10,60,b_scan
0.6180904522613065,2.900054475200192,0.0067192105507113,3.005750848550668e-07,6.374172341681341e-10,8.716841199676139e-07,8.134966740694576e-10,60,b_scan
0.6281407035175879,2.871704907149125,0.0066147264613592,3.130799153377417e-07,6.60616281552862e-10,8.990731292052252e-07,8.305508392594501e-10,60,b_scan
0.6381909547738693,2.8295010749955,0.0064410928606371,3.325312158682935e-07,6.937927607230436e-10,9.408974327688972e-07,8.566628796439301e-10,60,b_scan
0.6482412060301508,2.801388784630866,0.0063041903445587,3.459930265994271e-07,7.138300541438006e-10,9.692609842761235e-07,8.71089579450301e-10,60,b_scan
0.6582914572864322,2.7597315075753457,0.0061789955736448,3.669191963538478e-07,7.539618133966414e-10,1.0125984669119383e-06,9.003963584562733e-10,60,b_scan
0.6683417085427136,2.732836792464602,0.0060861908582312,3.812867082919848e-07,7.819771371028945e-10,1.0419943448980544e-06,9.045837105191595e-10,60,b_scan
0.6783919597989949,2.691764699318358,0.0059201158000591,4.0365407685267133e-07,8.16247225151725e-10,1.0865417948079605e-06,9.397430176839507e-10,60,b_scan
0.6884422110552764,2.665066071723245,0.0058021557365922,4.1901719174966617e-07,8.38993503254518e-10,1.1167085012007886e-06,9.54553428582925e-10,60,b_scan
0.6984924623115578,2.625648614320917,0.0056707413344694,4.428075493908233e-07,8.804248101962536e-10,1.162657028468856e-06,9.805429094771304e-10,60,b_scan
0.7085427135678393,2.599826295743051,0.0055872561479653,4.59126809287576e-07,9.093409759206003e-10,1.193649951866445e-06,9.95715943687284e-10,60,b_scan
0.7185929648241206,2.5618661219002195,0.0054438086647808,4.843081181964912e-07,9.485304538044195e-10,1.240732560568838e-06,1.0227861897498936e-09,60,b_scan
0.728643216080402,2.5370111378358926,0.0053414609373851,5.015832225294113e-07,9.73206084934174e-10,1.2725222221087351e-06,1.040149875414782e-09,60,b_scan
0.7386934673366834,2.500699002678067,0.0051997774222628,5.281637283314631e-07,1.0125196511052008e-09,1.3207785086892192e-06,1.06362148148287e-09,60,b_scan
0.7487437185929648,2.4769764338657416,0.0051005753951523,5.463666966223147e-07,1.0373503130737211e-09,1.3533374317825464e-06,1.0788315166837842e-09,60,b_scan
0.7587939698492463,2.442227862175621,0.0049558867209398,5.743954106370121e-07,1.0749223261245872e-09,1.4028044757635182e-06,1.1007491190416364e-09,60,b_scan
0.7688442211055276,2.4196920999408107,0.0048800168182029,5.934651191070292e-07,1.104376536636812e-09,1.4360028602937109e-06,1.1165049496848501e-09,60,b_scan
0.778894472361809,2.386548117453008,0.0047557426999539,6.228781479503368e-07,1.1452479324705834e-09,1.4865286713934923e-06,1.1421868033936408e-09,60,b_scan
0.7889447236180904,2.365102565570297,0.0046803204515672,6.428844331467608e-07,1.1738125792691843e-09,1.52048762220061e-06,1.1602996221404423e-09,60,b_scan
0.7989949748743719,2.333786573034583,0.0045749527373884,6.735689697870936e-07,1.21855456891273e-09,1.5719662177018556e-06,1.1867877934325666e-09,60,b_scan
0.8090452261306533,2.3135026272745205,0.0045193112220042,6.944467225108505e-07,1.2531898871249092e-09,1.6066043170310324e-06,1.201660527672413e-09,60,b_scan
0.8190954773869347,2.283945620250031,0.0044254934872086,7.264064050065494e-07,1.3005800849778342e-09,1.6590727272362786e-06,1.2291223757323627e-09,60,b_scan
0.8291457286432161,2.2648375943593337,0.00434891762598,7.481204905197192e-07,1.3269212489698756e-09,1.6943714120396057e-06,1.246499664728192e-09,60,b_scan
0.8391959798994975,2.236977106691449,0.0042563347413601,7.813018861083061e-07,1.3731896232481702e-09,1.7477544326391303e-06,1.27393723975427e-09,60,b_scan
0.8492462311557789,2.218971997993121,0.0041888216159402,8.03849338329623e-07,1.4015585154618232e-09,1.7837191723587318e-06,1.2906170424273103e-09,60,b_scan
0.8592964824120604,2.192751753804843,0.0040945937449642,8.382634888927399e-07,1.4456230032113163e-09,1.8381037354201217e-06,1.3163579028822787e-09,60,b_scan
0.8693467336683417,2.175896333021447,0.004034892908699,8.614980795187815e-07,1.4747666126589002e-09,1.874530512129936e-06,1.336282052169413e-09,60,b_scan
0.8793969849246231,2.151270151863671,0.0039529403647424,8.970925158284982e-07,1.522205327097192e-09,1.929888352762136e-06,1.3607744239199044e-09,60,b_scan
0.8894472361809045,2.135337512711581,0.0038999452716686,9.211400654817044e-07,1.5535911186542475e-09,1.966944936284685e-06,1.3783651484462959e-09,60,b_scan
0.8994974874371859,2.112209656205536,0.0038020553353969,9.578072610717258e-07,1.5906188769241291e-09,2.023089745619476e-06,1.4049171092432502e-09,60,b_scan
0.9095477386934674,2.0973971246712453,0.0037443201133825,9.82546525540217e-07,1.6177312459134763e-09,2.0607902575237738e-06,1.422038361617413e-09,60,b_scan
0.9195979899497488,2.07563810505563,0.0036527117800597,1.0203143793676305e-06,1.6546844318520975e-09,2.11780340495164e-06,1.4470388199842192e-09,60,b_scan
0.9296482412060302,2.061015269076984,0.0034837826962028,1.0461261515863077e-06,1.618696579080613e-09,2.156081971800124e-06,1.4670562439772495e-09,60,b_scan
0.9396984924623116,2.041145878242544,0.0035336975577372,1.0846207201326946e-06,1.7290982314801691e-09,2.213869112355309e-06,1.494490465040854e-09,60,b_scan
0.949748743718593,2.028003426084483,0.0034790204298076,1.110815795153139e-06,1.7537101454337895e-09,2.2527382383193247e-06,1.5119015475806142e-09,60,b_scan
0.9597989949748744,2.0088804972226484,0.0034144984116034,1.1506090196599785e-06,1.7995248800053802e-09,2.311436019523401e-06,1.538392827261166e-09,60,b_scan
0.9698492462311558,1.9965803706093,0.0033756793344467,1.177335803530302e-06,1.8318740288427075e-09,2.350645554944128e-06,1.5549720218448363e-09,60,b_scan
0.9798994974874372,1.9785604904237988,0.0033263051314074,1.2181112081022407e-06,1.8852897754645762e-09,2.410106709293496e-06,1.5821087593016392e-09,60,b_scan
0.9899497487437184,1.967044095208244,0.0032902372290174,1.2453793186412805e-06,1.918360437632415e-09,2.449716035027797e-06,1.597176459931056e-09,60,b_scan
1.0,1.9544529091730467,0.0032431124222862,1.2762746329801624e-06,1.949620733713937e-09,2.494418669331841e-06,1.616384466809174e-09,60,b_scan
-1.0,1.8634218316740423,0.0037380004261225,-1.377640006556016e-06,2.6940584761830143e-09,-2.567124464404051e-06,1.147385991586412e-09,70,b_scan
-0.9899497487437184,1.86437709747594,0.0030675748643061,-1.3612755506769483e-06,2.071469994884536e-09,-2.537930960036051e-06,1.588198570712565e-09,70,b_scan
-0.9798994974874372,1.8712557430151304,0.0008928608622759,-1.3266340956023908e-06,1.8321186534644086e-10,-2.482471670275657e-06,1.1338001378673695e-09,70,b_scan
-0.969849246231156,1.885146127229715,0.000910375912965,-1.2852347544092167e-06,1.8221974178596119e-10,-2.422855319855569e-06,1.1184854625141743e-09,70,b_scan
-0.9597989949748744,1.894614853348016,0.000929570790216,-1.2580156815551004e-06,1.9500253792656867e-10,-2.3834551960190208e-06,1.109519626138198e-09,70,b_scan
-0.949748743718593,1.9091544842038948,0.0009590373009892,-1.217612888305301e-06,2.0668425879579647e-10,-2.324611105732521e-06,1.0990472207365242e-09,70,b_scan
-0.9396984924623116,1.9190007274506589,0.0009871869296629,-1.1909876611742687e-06,2.2437362931661172e-10,-2.285506188178181e-06,1.0940483528064582e-09,70,b_scan
-0.92964824120603,1.9341435887180136,0.0010378957309774,-1.1517945229275906e-06,2.5695376984443056e-10,-2.2277359920409227e-06,1.087238924909508e-09,70,b_scan
-0.9195979899497488,1.9445643871895697,0.0010726428832113,-1.1258111893970898e-06,2.78292757259244e-10,-2.1892123456011125e-06,1.0795506205362003e-09,70,b_scan
-0.9095477386934674,1.9603145035409384,0.0011121284225167,-1.0877022596029996e-06,2.9418022396856816e-10,-2.132238515034011e-06,1.063354115312634e-09,70,b_scan
-0.8994974874371859,1.9710629944326887,0.0011474219792771,-1.062626645139513e-06,3.0799604985867806e-10,-2.0945040571326515e-06,1.057402906689278e-09,70,b_scan
-0.8894472361809045,1.98751400400944,0.0012060442568789,-1.0255904292904231e-06,3.31292093609887e-10,-2.038375340592769e-06,1.047084854011847e-09,70,b_scan
-0.879396984924623,1.99858810268935,0.0012149398732713,-1.0013579909731506e-06,3.158514269924529e-10,-2.0013021672918483e-06,1.040002568403536e-09,70,b_scan
-0.8693467336683418,2.0155266121707345,0.0012642462721232,-9.654879274484854e-07,3.2529500918951536e-10,-1.9459666115019896e-06,1.029580011107776e-09,70,b_scan
-0.8592964824120604,2.0270133911681327,0.0013068374850822,-9.4205479784726e-07,3.38561658624609e-10,-1.9095576904505846e-06,1.022092403778377e-09,70,b_scan
-0.8492462311557789,2.044900199888815,0.0013644397974527,-9.074039115872906e-07,3.59462759926208e-10,-1.855550440184744e-06,9.962757831447575e-10,70,b_scan
-0.8391959798994975,2.056433662546295,0.0014184478336241,-8.847466976758397e-07,3.65378310001341e-10,-1.819422891927267e-06,1.0051746040146195e-09,70,b_scan
-0.829145728643216,2.0746723088661416,0.0014883098069963,-8.51330066068027e-07,3.7987802795981377e-10,-1.7662309137765184e-06,9.920991474779642e-10,70,b_scan
-0.8190954773869348,2.0870388137559472,0.001544505491385,-8.294495831644516e-07,3.9355433035511366e-10,-1.731093474117902e-06,9.831341200128151e-10,70,b_scan
-0.8090452261306533,2.1056947195370883,0.0016541793530399,-7.973113935266233e-07,4.2308987813329036e-10,-1.678894391175768e-06,9.72515970844616e-10,70,b_scan
-0.7989949748743719,2.120710500526052,0.0022682508587058,-7.754260267754397e-07,6.932399063343982e-10,-1.64445411736387e-06,9.65514028101906e-10,70,b_scan
-0.7889447236180904,2.137796308004291,0.0017829091716215,-7.453141205291832e-07,4.3384398960240407e-10,-1.5933297751707531e-06,9.516204397007535e-10,70,b_scan
-0.778894472361809,2.15324850272996,0.0023571593002475,-7.243389261802291e-07,6.613923010596023e-10,-1.559681708266605e-06,9.417928202507615e-10,70,b_scan
-0.7688442211055277,2.1707326780176825,0.0019171107482693,-6.954530395474256e-07,4.3990859851405156e-10,-1.5096426389723206e-06,9.304320309455519e-10,70,b_scan
-0.7587939698492463,2.1866242837030865,0.0023693230107434,-6.753797386738404e-07,5.982680954224628e-10,-1.4768017373052642e-06,9.215542313432848e-10,70,b_scan
-0.7487437185929648,2.204259880474102,0.00210493138469,-6.477961931000956e-07,4.616406846607276e-10,-1.427911159174395e-06,9.076633213154875e-10,70,b_scan
-0.7386934673366834,2.2206272227955584,0.0024909133592133,-6.285362893007307e-07,5.771614045563193e-10,-1.3957447945361074e-06,8.991898292973616e-10,70,b_scan
-0.728643216080402,2.238678702619102,0.0022401639373827,-6.0220613667314e-07,4.5371001108888517e-10,-1.3481460527566872e-06,8.87829645133207e-10,70,b_scan
-0.7185929648241207,2.2555094996094804,0.0026467579386854,-5.838370271553216e-07,5.63286936316825e-10,-1.316849960972586e-06,8.796066797111186e-10,70,b_scan
-0.7085427135678393,2.273792964009807,0.0024277700218735,-5.587963942260417e-07,4.5881471525062405e-10,-1.270587309505224e-06,8.67221269998858e-10,70,b_scan
-0.6984924623115578,2.305625499417149,0.0039997698416396,-5.377985382062047e-07,8.555488002473828e-10,-1.2399620232374934e-06,8.579342113425295e-10,70,b_scan
-0.6884422110552764,2.309529866562777,0.0026122116466958,-5.173865452010124e-07,4.5655706120236917e-10,-1.1949196786994705e-06,8.4545115272589e-10,70,b_scan
-0.6783919597989949,2.3422447435723384,0.0041152966211701,-4.975115580109935e-07,7.97889682966729e-10,-1.165293831617734e-06,8.362217392789125e-10,70,b_scan
-0.6683417085427137,2.3455580045509707,0.0028087712654155,-4.781162412786619e-07,4.525000406262805e-10,-1.1214493768369888e-06,8.22761211482817e-10,70,b_scan
-0.6582914572864322,2.3789282426160065,0.0042271728287612,-4.5937203320409146e-07,7.414788745447207e-10,-1.0928131036571512e-06,8.11991614752681e-10,70,b_scan
-0.6482412060301508,2.3816837195280263,0.0030083963337719,-4.410719389464667e-07,4.50792738582473e-10,-1.0504938561294591e-06,7.79743181024994e-10,70,b_scan
-0.6381909547738693,2.415497958524971,0.0042172851178834,-4.232832219952639e-07,6.634309079155464e-10,-1.0224397586074325e-06,7.864769584310975e-10,70,b_scan
-0.6281407035175879,2.4206971516274187,0.0033122212689093,-4.055044943614948e-07,4.547413802324609e-10,-9.816035744729871e-07,7.69565974365057e-10,70,b_scan
-0.6180904522613067,2.451927009759934,0.0042536170865937,-3.893428572623208e-07,5.993884635571675e-10,-9.54640267778591e-07,7.634312783093261e-10,70,b_scan
-0.6080402010050252,2.45567254325769,0.0035182935320352,-3.726541219090345e-07,4.3773627719252166e-10,-9.1511649530382e-07,7.506737108960184e-10,70,b_scan
-0.5979899497487438,2.4872774802257105,0.004458379913684,-3.574979444513189e-07,5.674172653246541e-10,-8.891965864607475e-07,7.40647700734189e-10,70,b_scan
-0.5879396984924623,2.4892243918037296,0.0036044124183912,-3.418791065938817e-07,3.9994124230603925e-10,-8.510138111815576e-07,7.262166534649944e-10,70,b_scan
-0.5778894472361809,2.523996136614862,0.0047934335613227,-3.272850655497746e-07,5.530114635719914e-10,-8.260662410193729e-07,7.161979149529875e-10,70,b_scan
-0.5678391959798996,2.520621274773001,0.0038717591102359,-3.131272212171022e-07,3.9202211258002094e-10,-7.892751355103797e-07,7.024108350392343e-10,70,b_scan
-0.5577889447236182,2.555376005018116,0.0049971541667263,-2.995003118117684e-07,5.192582179977719e-10,-7.653359102992367e-07,6.923115885955733e-10,70,b_scan
-0.5477386934673367,2.549521341368148,0.0040399035881281,-2.863366360950402e-07,3.679415936663095e-10,-7.300213645398701e-07,6.768587669711715e-10,70,b_scan
-0.5376884422110553,2.5830286661340898,0.0051633018269376,-2.7368513923798005e-07,4.805197558968995e-10,-7.069365601466023e-07,6.755271901704097e-10,70,b_scan
-0.5276381909547738,2.574292342660337,0.0042990141413744,-2.615425881064515e-07,3.5869516589182926e-10,-6.732870818420047e-07,6.415431956610544e-10,70,b_scan
-0.5175879396984926,2.6063468368776856,0.0050492034134179,-2.498580395698416e-07,4.183185875808693e-10,-6.512167111013161e-07,6.347256272798573e-10,70,b_scan
-0.5075376884422111,2.5934959955817227,0.0046230275934412,-2.386333978510489e-07,3.52429717289251e-10,-6.188947617387554e-07,6.177603156578641e-10,70,b_scan
-0.4974874371859297,2.624285570811892,0.0050794419615871,-2.2781102673315682e-07,3.7536650819287447e-10,-5.978411903276653e-07,6.071589969027253e-10,70,b_scan
-0.4874371859296482,2.607430142681685,0.0046290690263984,-2.1743533270643053e-07,3.1247303112596333e-10,-5.669474405827679e-07,5.909896018541495e-10,70,b_scan
-0.4773869346733668,2.635386852391994,0.0053837753551143,-2.0751877104452885e-07,3.6222371947886256e-10,-5.468922408352957e-07,5.80475973700297e-10,70,b_scan
-0.4673366834170853,2.613273259051581,0.0046742265658759,-1.980058474295541e-07,2.8063709533963773e-10,-5.174433862235009e-07,5.645765918054687e-10,70,b_scan
-0.4572864321608041,2.6383061417051814,0.0053756879790496,-1.8890187445222014e-07,3.2292558753776827e-10,-4.983809755469135e-07,5.5256724947222e-10,70,b_scan
-0.4472361809045226,2.6115661845831726,0.0048346863366422,-1.801191156890552e-07,2.6408576918684076e-10,-4.703929917305609e-07,5.31668571798843e-10,70,b_scan
-0.4371859296482412,2.637945555570679,0.0061208372102273,-1.714260595192364e-07,3.456782515790465e-10,-4.522126118177643e-07,5.19079726268649e-10,70,b_scan
-0.4271356783919597,2.60194918010369,0.0050459273569695,-1.636092951078759e-07,2.519425844799636e-10,-4.2570307126328026e-07,5.018119977050401e-10,70,b_scan
-0.4170854271356783,2.625090440734239,0.0061517539332701,-1.556178049261386e-07,3.1339371417976884e-10,-4.08510812119652e-07,4.895432757199092e-10,70,b_scan
-0.4070351758793971,2.603895708916723,0.0051536230123516,-1.472713536594173e-07,2.2829719162789263e-10,-3.8347924584011386e-07,4.718760994163799e-10,70,b_scan
-0.3969849246231156,2.6023748234198623,0.0061182612595131,-1.4108186843840166e-07,2.8089898495374345e-10,-3.671479024651297e-07,4.5902596920073405e-10,70,b_scan
-0.3869346733668342,2.5771850509647134,0.0051043934361976,-1.3328265565615482e-07,2.0155234224476312e-10,-3.434940677099197e-07,4.3935119586113274e-10,70,b_scan
-0.3768844221105527,2.573130234316924,0.0061487365542235,-1.2753809753917845e-07,2.560008147899173e-10,-3.281721348053209e-07,4.2549993190310165e-10,70,b_scan
-0.3668341708542713,2.5424657324894864,0.0051365153493013,-1.203206664826632e-07,1.839100434911959e-10,-3.059111714424675e-07,4.0413372363873635e-10,70,b_scan
-0.35678391959799,2.535649765869044,0.0061038876546767,-1.15017172505138e-07,2.3006629224301072e-10,-2.916432665335726e-07,3.9058825194405456e-10,70,b_scan
-0.3467336683417086,2.501029067654816,0.0051995560336516,-1.0827271350070665e-07,1.6985175223673683e-10,-2.707932036991293e-07,3.69427508911733e-10,70,b_scan
-0.3366834170854271,2.4915466620392266,0.0061186850619297,-1.0328974970557425e-07,2.0945993438186847e-10,-2.573512311017907e-07,3.5645879882023785e-10,70,b_scan
-0.3266331658291457,2.453616870825808,0.0052572247870708,-9.701799931110244e-08,1.5580088084193295e-10,-2.380449998834875e-07,3.3765611765127037e-10,70,b_scan
-0.3165829145728642,2.414232397341192,0.0076285889452957,-9.19959583766867e-08,1.9292273697646127e-10,-2.2209962313744885e-07,5.249663339931883e-10,70,b_scan
-0.306532663316583,2.401927594967186,0.0053824629121286,-8.646088743074964e-08,1.4671092336460268e-10,-2.076727914052691e-07,3.039630967859408e-10,70,b_scan
-0.2964824120603015,2.345658583065541,0.0067201272119676,-8.12521183104856e-08,1.988602590335548e-10,-1.9058972870724737e-07,2.8383007521539283e-10,70,b_scan
-0.2864321608040201,2.347994181993219,0.0054919238787437,-7.65386639555997e-08,1.3688210702926509e-10,-1.797123376652822e-07,2.7091066171712763e-10,70,b_scan
-0.2763819095477386,2.289241386201761,0.0069621478026524,-7.167026449695559e-08,1.88424326730766e-10,-1.6407053564645745e-07,2.508351216503155e-10,70,b_scan
-0.2663316582914572,2.2965860610145064,0.0056329354952566,-6.71098474342778e-08,1.2808436178369988e-10,-1.5412354017437254e-07,2.374342754725415e-10,70,b_scan
-0.256281407035176,2.2317816387829983,0.0073120930582419,-6.268988510581278e-08,1.8068604194858806e-10,-1.399101345165687e-07,2.1797546508076074e-10,70,b_scan
-0.2462311557788945,2.2407034705976754,0.005663954935956,-5.8423551566229184e-08,1.1583803274839155e-10,-1.3090985475909197e-07,2.052550498205015e-10,70,b_scan
-0.2361809045226131,2.1749799994568275,0.0076645264088735,-5.430429004703346e-08,1.7100645328293074e-10,-1.1811074473700025e-07,1.8681597943276967e-10,70,b_scan
-0.2261306532663316,2.186885014006021,0.0055169595847353,-5.031391460309405e-08,9.877017694175964e-11,-1.1003074584148504e-07,1.7434158244899564e-10,70,b_scan
-0.2160804020100502,2.121576078686999,0.0082414106737906,-4.6460277422948e-08,1.6487262577429426e-10,-9.85690131896881e-08,1.5575023045372844e-10,70,b_scan
-0.2060301507537689,2.1368494748219966,0.0056239240811469,-4.277134777698863e-08,9.017221976004987e-11,-9.139593203468712e-08,1.4399147012794987e-10,70,b_scan
-0.1959798994974875,2.070859793583974,0.0086248890785053,-3.9230571214907626e-08,1.5139165082706304e-10,-8.1241012608285e-08,1.2727120388031822e-10,70,b_scan
-0.185929648241206,2.096044467981584,0.0063979943039028,-3.574268084021713e-08,9.378498919310414e-11,-7.491824844596848e-08,1.168439020036175e-10,70,b_scan
-0.1758793969849246,2.0231184954697903,0.0093095520994884,-3.2623838148076066e-08,1.4137956460113814e-10,-6.600189035058558e-08,1.0212730519236363e-10,70,b_scan
-0.1658291457286431,2.051942876075871,0.0067158249319699,-2.9463629387634552e-08,8.508254169884781e-11,-6.04576844252964e-08,9.313325760365607e-11,70,b_scan
-0.1557788944723619,1.9779478953712213,0.0100881562128653,-2.6656313271103093e-08,1.2987077533463943e-10,-5.2724798732934326e-08,7.954944749280453e-11,70,b_scan
-0.1457286432160804,2.011799990428833,0.0062777656334019,-2.3810235469701708e-08,6.540391487111114e-11,-4.790143149005416e-08,7.091973651410707e-11,70,b_scan
-0.135678391959799,1.9349453610681928,0.0113329248624351,-2.1315757850909588e-08,1.2096176062093408e-10,-4.1244826771270417e-08,5.978751471799305e-11,70,b_scan
-0.1256281407035175,1.9734343313539808,0.0061671754747804,-1.880983052026856e-08,5.2345827781443406e-11,-3.711996531564788e-08,5.2779827933928834e-11,70,b_scan
-0.1155778894472361,1.9332814865354144,0.0089505565997347,-1.6260245411178863e-08,7.194039089200816e-11,-3.1435631419954524e-08,4.287014758713681e-11,70,b_scan
-0.1055276381909549,1.936770295576772,0.0059534575716636,-1.4447968242681684e-08,4.0013422602769424e-11,-2.798239572386242e-08,3.732141310280079e-11,70,b_scan
-0.0954773869346734,1.897819068251545,0.0102321467470847,-1.2228398650617021e-08,6.405458601928012e-11,-2.3207288133322443e-08,2.962933946958248e-11,70,b_scan
-0.085427135678392,1.905534391475139,0.0063120241671078,-1.0663163582076838e-08,3.2789477047780646e-11,-2.031902492757265e-08,2.5023637880818167e-11,70,b_scan
-0.0753768844221105,1.878749318615337,0.0063235528667086,-8.714655242422856e-09,2.7588784919686383e-11,-1.6372652598669515e-08,1.871488453279205e-11,70,b_scan
-0.0653266331658291,1.8814211027996344,0.0070484502406126,-7.434778133080005e-09,2.66282666268694e-11,-1.3987948474209992e-08,1.5369967388402794e-11,70,b_scan
-0.0552763819095476,1.8570390100942689,0.0075779711615986,-5.809477781323824e-09,2.2923745307686883e-11,-1.078842686819424e-08,1.1219977543574124e-11,70,b_scan
-0.0452261306532664,1.8664434132064909,0.0088085318317622,-4.754507540482224e-09,2.189629773664421e-11,-8.874019281973638e-09,9.15117056351305e-12,70,b_scan
-0.0351758793969849,1.8396719648488893,0.0096191196352297,-3.4270357144808766e-09,1.7586112756611633e-11,-6.304621526466352e-09,6.3245393719930745e-12,70,b_scan
-0.0251256281407035,1.8572588507231425,0.013404978835795,-2.5645628741606662e-09,1.8309917220519446e-11,-4.763057096270877e-09,5.041362292940247e-12,70,b_scan
-0.015075376884422,1.823896488704889,0.0197590276994317,-1.4481485540406104e-09,1.5572269333099738e-11,-2.6412730628377315e-09,3.475059171275709e-12,70,b_scan
-0.0050251256281406,1.878998059247233,0.0474325101358185,-7.012126684208655e-10,1.7623876254535738e-11,-1.3175772430823792e-09,3.102840003221812e-12,70,b_scan
0.0050251256281407,1.959384615571838,0.0796296584532326,3.314919943267389e-10,1.3391447437229316e-11,6.495203138690392e-10,2.880151779266716e-12,70,b_scan
0.015075376884422,1.858569522445346,0.032298493140718,1.0704982345069206e-09,1.855607061504869e-11,1.989595392486114e-09,2.461522964423552e-12,70,b_scan
0.0251256281407035,1.926908238004892,0.0134870761725345,2.1540754183446523e-09,1.4927722138721695e-11,4.150705668892143e-09,4.079368116829868e-12,70,b_scan
0.0351758793969849,1.9318128039961404,0.0127674060108206,2.962728765969226e-09,1.9372508555998512e-11,5.723437364867036e-09,5.502119432155504e-12,70,b_scan
0.0452261306532663,2.002528741805217,0.0083969807861263,4.16763790898079e-09,1.6997301273770215e-11,8.345814698171027e-09,8.132229304437521e-12,70,b_scan
0.0552763819095477,2.021028422027313,0.0090521680133453,5.096889742176191e-09,2.227150994851503e-11,1.0300959032877543e-08,1.01333106279197e-11,70,b_scan
0.0653266331658291,2.0934743445200947,0.0071356757537563,6.4932219430380495e-09,2.102208043181066e-11,1.3593393551025074e-08,1.4490935444553756e-11,70,b_scan
0.0753768844221105,2.120762369331082,0.0075093709805686,7.570803704875334e-09,2.5497770129170823e-11,1.6055875602891948e-08,1.7551994039634492e-11,70,b_scan
0.085427135678392,2.196492953011535,0.0066086859465754,9.192360470200502e-09,2.5682496480934607e-11,2.0190954994337205e-08,2.2544264405816715e-11,70,b_scan
0.0954773869346733,2.219106119820112,0.0104840772129237,1.0479093973983252e-08,4.8010006435242555e-11,2.3254221567836282e-08,2.682154024816523e-11,70,b_scan
0.1055276381909547,2.30124138804925,0.0072189537896841,1.228940979164174e-08,3.3806354992170917e-11,2.828089844722369e-08,4.264201197669663e-11,70,b_scan
0.1155778894472361,2.326302833595979,0.0091050756150995,1.3761037458773625e-08,5.102282767417399e-11,3.201234043356549e-08,4.0131197075805294e-11,70,b_scan
0.1256281407035175,2.4090391866564578,0.0071997937934488,1.5819173995440485e-08,4.2829207775362526e-11,3.810901005555293e-08,4.823360378345408e-11,70,b_scan
0.135678391959799,2.431392392660664,0.0083327953634578,1.7484850196986395e-08,5.5556506863661125e-11,4.2512531755764026e-08,5.460125288697872e-11,70,b_scan
0.1457286432160803,2.509527164278232,0.0072165436123428,1.9780434141601706e-08,5.066249775160365e-11,4.9639536799566046e-08,6.490162843482474e-11,70,b_scan
0.1557788944723618,2.4884174580962046,0.0125797216568115,2.20025076966788e-08,1.0741749138524931e-10,5.4751424274311615e-08,7.184089998332919e-11,70,b_scan
0.1658291457286431,2.6034086264257024,0.0073936099225211,2.418760961986873e-08,6.086944616117154e-11,6.297023153698357e-08,8.288178463798954e-11,70,b_scan
0.1758793969849246,2.5834011138136264,0.0117440705352806,2.6641977620016293e-08,1.1585291137260144e-10,6.882691465774778e-08,9.121385212028726e-11,70,b_scan
0.185929648241206,2.692491703000384,0.0076870400223154,2.904856425221608e-08,7.357967974949829e-11,7.821301823316535e-08,1.0302004613517767e-10,70,b_scan
0.1959798994974874,2.6735275053195853,0.0107954381970576,3.172882636891012e-08,1.2116038433986888e-10,8.482789000879054e-08,1.1134025995592719e-10,70,b_scan
0.2060301507537688,2.776482388891329,0.0080048092198607,3.4357447286126725e-08,8.840258604295229e-11,9.539284731719305e-08,1.2407181891024707e-10,70,b_scan
0.2160804020100502,2.7576840931706976,0.0102175147590384,3.728407172104721e-08,1.2948312239674998e-10,1.0281769151376732e-07,1.3274715045212167e-10,70,b_scan
0.2261306532663316,2.8486860716412754,0.0072551029540329,4.0240173118636084e-08,8.873928018813165e-11,1.1463162068349229e-07,1.4604744019348189e-10,70,b_scan
0.2361809045226131,2.8373073116146004,0.0095983431839657,4.332199605510157e-08,1.3595320137339306e-10,1.2291781616087857e-07,1.5527276913397184e-10,70,b_scan
0.2462311557788944,2.922103831584033,0.0072774362221819,4.6536943577923056e-08,1.0035377316558763e-10,1.35985781139259e-07,1.6942548705457176e-10,70,b_scan
0.2562814070351759,2.909081427177924,0.0092635119479215,4.9885777965398674e-08,1.4653521158659278e-10,1.4512179015946293e-07,1.7842506881539982e-10,70,b_scan
0.2663316582914573,2.9883635213884587,0.0073452951174163,5.3374470704054834e-08,1.1418649250984072e-10,1.5950232122541444e-07,1.9304338912372368e-10,70,b_scan
0.2763819095477386,2.973909007941872,0.0087824469663788,5.700850494637286e-08,1.53883814171038e-10,1.6953810638931694e-07,2.0308494593781743e-10,70,b_scan
0.2864321608040201,3.0413282311440475,0.0067618141514569,6.092160715749299e-08,1.1498939937194876e-10,1.8528260373475065e-07,2.1769385194438927e-10,70,b_scan
0.2964824120603014,3.0311819551458896,0.0085401682540413,6.473621804915446e-08,1.6627154381247906e-10,1.9622725599498657e-07,2.2723750853763187e-10,70,b_scan
0.3065326633165829,3.0929747175270843,0.0066633688958959,6.899353282947525e-08,1.264371127896788e-10,2.1339525271444185e-07,2.4169784506632176e-10,70,b_scan
0.3165829145728643,3.0796139887393594,0.008183746519774,7.315513978392057e-08,1.7641921331579874e-10,2.2528959182674505e-07,2.514820971720756e-10,70,b_scan
0.3266331658291457,3.134692285350264,0.0067402157538149,7.782600709381583e-08,1.4397583152997974e-10,2.4396058403659936e-07,2.6735331548978697e-10,70,b_scan
0.3366834170854271,3.1177081901148243,0.0078731587402667,8.24011023893962e-08,1.8801201580890606e-10,2.569025917939108e-07,2.780185384711073e-10,70,b_scan
0.3467336683417085,3.165723446091965,0.0065487341562994,8.752621378673614e-08,1.5552790639322284e-10,2.770837871323283e-07,2.9347120445229085e-10,70,b_scan
0.3567839195979899,3.19158968783266,0.0078089881994536,9.3458305122953e-08,2.0700409839725166e-10,2.982805628727351e-07,3.100676712898518e-10,70,b_scan
0.3668341708542714,3.186024890614508,0.0064477994020144,9.821441831210014e-08,1.7142184604007282e-10,3.129135813595764e-07,3.2053461734932473e-10,70,b_scan
0.3768844221105527,3.2045675954431125,0.0078133256192801,1.0478805126335133e-07,2.329356120325599e-10,3.3580039346816736e-07,3.3636431664808893e-10,70,b_scan
0.3869346733668342,3.1943360161648204,0.0063990973741157,1.1007152526378657e-07,1.9167430176535428e-10,3.516054375043094e-07,3.4820053367017166e-10,70,b_scan
0.3969849246231155,3.205132873763337,0.0078138849626189,1.1738842623284002e-07,2.6257433002870344e-10,3.762455039182178e-07,3.6482726111111616e-10,70,b_scan
0.4070351758793969,3.1895447066504805,0.0063371529830549,1.232965739200538e-07,2.147316859671724e-10,3.932599346948472e-07,3.760634171786093e-10,70,b_scan
0.4170854271356784,3.192755379836354,0.0078496552772064,1.3145204635035605e-07,2.988596668525e-10,4.19694228175597e-07,3.9274746308439135e-10,70,b_scan
0.4271356783919597,3.1725060263588407,0.0063516757889656,1.380434823497471e-07,2.452599590845461e-10,4.379437796541329e-07,4.0418964945007727e-10,70,b_scan
0.4371859296482412,3.16842906884486,0.007745947961683,1.471576926919749e-07,3.3421006026923957e-10,4.662587112293921e-07,4.2190460795389325e-10,70,b_scan
0.4472361809045225,3.114688135132594,0.0063398813810164,1.559656355485535e-07,2.8538865759441e-10,4.857843145314939e-07,4.331227703546256e-10,70,b_scan
0.457286432160804,3.133642577689449,0.0077492724366824,1.646858467663515e-07,3.8108422654069337e-10,5.160665813698793e-07,4.501165020577667e-10,70,b_scan
0.4673366834170854,3.0765331539625858,0.0060449424508014,1.744881565233152e-07,3.0829394022266027e-10,5.368185985177922e-07,4.6144756148394375e-10,70,b_scan
0.4773869346733668,3.08357088125141,0.006663345257155,1.845294070369644e-07,3.6720317266445504e-10,5.690095062737723e-07,4.793518543301357e-10,70,b_scan
0.4874371859296482,3.029963027050832,0.00570650092289,1.950773296664441e-07,3.2984681823058933e-10,5.91077096305132e-07,4.90292293186454e-10,70,b_scan
0.4974874371859297,3.0298422268974106,0.0067146517273676,2.064182097079258e-07,4.2658290987971685e-10,6.254146081736386e-07,5.005670855184311e-10,70,b_scan
0.507537688442211,2.9806579744922934,0.0065789516561637,2.175925850509815e-07,4.4454921486294486e-10,6.485690738226005e-07,5.417803995477136e-10,70,b_scan
0.5175879396984925,2.974586339212004,0.0065889460566271,2.300784733303844e-07,4.697242475293471e-10,6.843882837153147e-07,5.881433252279972e-10,70,b_scan
0.5276381909547738,2.9155809708577336,0.0046485152292294,2.431598763889287e-07,3.3587685782956576e-10,7.089523084756793e-07,5.645081763551571e-10,70,b_scan
0.5376884422110553,2.914279749963529,0.005264665403215,2.562035261687031e-07,4.177145148536454e-10,7.466487481827026e-07,5.808802744678716e-10,70,b_scan
0.5477386934673367,2.858240174397951,0.0049108116965486,2.7031607532034485e-07,4.1392701349428476e-10,7.726282662661921e-07,6.020364519217956e-10,70,b_scan
0.5577889447236181,2.850115151599345,0.0064988891547381,2.849796099223985e-07,6.058407487050176e-10,8.122247041366988e-07,6.697348222677291e-10,70,b_scan
0.5678391959798995,2.791888446914383,0.0043238615505547,3.004037861480687e-07,4.1698758463809325e-10,8.386938599561319e-07,5.76047698838861e-10,70,b_scan
0.5778894472361809,2.78722152005017,0.00570519967597,3.1583125643549145e-07,6.03794096030125e-10,8.802916746414856e-07,6.43889677654499e-10,70,b_scan
0.5879396984924623,2.7332502446637705,0.004231520865301,3.32386412794521e-07,4.5699725903837686e-10,9.084952440935376e-07,6.46546099200225e-10,70,b_scan
0.5979899497487438,2.719601541931984,0.0057324525876424,3.49619414812541e-07,6.94134250346764e-10,9.508254996135444e-07,6.73092949839112e-10,70,b_scan
0.6080402010050251,2.669273399027308,0.003968617862722,3.672638343826293e-07,4.8227944113954e-10,9.803275835423232e-07,6.834910358365336e-10,70,b_scan
0.6180904522613065,2.652550614660941,0.0051559280752452,3.8621297876504425e-07,7.042993515979593e-10,1.0244494742132511e-06,6.892667233273881e-10,70,b_scan
0.6281407035175879,2.6058830667195867,0.0037455927578061,4.048330375972676e-07,5.127982511989068e-10,1.0549475575233733e-06,7.166652012820282e-10,70,b_scan
0.6381909547738693,2.588829218179174,0.0046122037597896,4.2491189001347977e-07,7.03311135238504e-10,1.100024316018632e-06,7.249821625578278e-10,70,b_scan
0.6482412060301508,2.542762244094316,0.0035178907916502,4.449596800291499e-07,5.487663771503299e-10,1.1314266745224098e-06,7.09318840248859e-10,70,b_scan
0.6582914572864322,2.529318052828298,0.0048907466267804,4.660397208556433e-07,8.499681239174282e-10,1.1787626792952391e-06,7.571766581882426e-10,70,b_scan
0.6683417085427136,2.4835538001107227,0.0033397909735266,4.874316334586518e-07,5.836374420548976e-10,1.2105626855704114e-06,7.41004088206499e-10,70,b_scan
0.6783919597989949,2.468557304941587,0.0053134711997282,5.100587020438634e-07,1.051288559519287e-09,1.2591091348794034e-06,7.81153532140118e-10,70,b_scan
0.6884422110552764,2.425979456233029,0.0035097914754253,5.324673234963359e-07,7.02668441539489e-10,1.2917547879174973e-06,7.65986033935988e-10,70,b_scan
0.6984924623115578,2.4136169595708097,0.0043358546109178,5.558100363057844e-07,9.471698101536076e-10,1.3415125299273088e-06,7.62493850535911e-10,70,b_scan
0.7085427135678393,2.371248877863639,0.0025803621308654,5.799475395914589e-07,5.348814739834346e-10,1.3751999524760251e-06,7.942023977703532e-10,70,b_scan
0.7185929648241206,2.3580733002195813,0.0046980719223595,6.047571093160485e-07,1.1475926889357483e-09,1.4260615925961486e-06,8.65653195058192e-10,70,b_scan
0.728643216080402,2.317065045356626,0.0024789253074859,6.302828581887284e-07,5.770531325844889e-10,1.4604063793965696e-06,8.08340229181359e-10,70,b_scan
0.7386934673366834,2.2934004528685947,0.0026708676137853,6.595589359120964e-07,6.76934390950745e-10,1.5126327623143303e-06,8.324760060515266e-10,70,b_scan
0.7487437185929648,2.26908021572644,0.0021455195557611,6.820148879276597e-07,5.159506529596194e-10,1.5475464890275374e-06,8.778158870650404e-10,70,b_scan
0.7587939698492463,2.24301934795188,0.0025063249896045,7.137067660526062e-07,6.955888287895906e-10,1.6008580850201618e-06,8.74902210936442e-10,70,b_scan
0.7688442211055276,2.220339693673056,0.0020031141541333,7.369647121484113e-07,5.261565734939376e-10,1.6363120032194554e-06,9.024628183986211e-10,70,b_scan
0.778894472361809,2.1969919987646644,0.0024583570974357,7.695821291340158e-07,7.66322442561195e-10,1.6907657800997076e-06,8.63012949182032e-10,70,b_scan
0.7889447236180904,2.176777794916565,0.0016427582105782,7.936577161614245e-07,4.430993986338412e-10,1.7276164933043828e-06,8.77237928638669e-10,70,b_scan
0.7989949748743719,2.152908692137188,0.0025943897448141,8.274925683269681e-07,8.94970097863415e-10,1.7815159430300554e-06,9.46783461579583e-10,70,b_scan
0.8090452261306533,2.1339597175650824,0.0017419941720177,8.527452369262624e-07,5.470983238698663e-10,1.8197239849461363e-06,9.18487643980191e-10,70,b_scan
0.8190954773869347,2.111698310572211,0.0025437887460529,8.882553977787661e-07,9.59378299781131e-10,1.875727422846068e-06,1.0005760445721323e-09,70,b_scan
0.8291457286432161,2.0935768508557047,0.0019689830278052,9.136567575671192e-07,7.19877303381365e-10,1.912810637270404e-06,9.82295139689524e-10,70,b_scan
0.8391959798994975,2.070876568581603,0.0013956266255385,9.514197196171786e-07,4.4874122531737294e-10,1.9702728042416933e-06,9.48445105068213e-10,70,b_scan
0.8492462311557789,2.0549587732851435,0.0015396002933474,9.7726090587778e-07,5.622540490472036e-10,2.008230872322131e-06,9.637556255749315e-10,70,b_scan
0.8592964824120604,2.034001496967267,0.001527555443256,1.0158163899964817e-06,5.867493801905382e-10,2.0661720578967283e-06,9.917163409911615e-10,70,b_scan
0.8693467336683417,2.019142349410314,0.0016524182612899,1.0425168288580842e-06,6.993197387979239e-10,2.1049898791203024e-06,9.868067037235939e-10,70,b_scan
0.8793969849246231,2.000205059932569,0.0016542305982374,1.081898124815835e-06,7.454852802477155e-10,2.164018103588191e-06,9.897520692886064e-10,70,b_scan
0.8894472361809045,1.986387706913454,0.0017274596470689,1.1091949831612658e-06,8.13262534639278e-10,2.203291279121614e-06,1.0303908793184859e-09,70,b_scan
0.8994974874371859,1.966849267675156,0.0009344202669871,1.1502987512806803e-06,2.1848478887073878e-10,2.262464256564052e-06,9.852229850647112e-10,70,b_scan
0.9095477386934674,1.953500878045696,0.001133845067098,1.1787947050268255e-06,4.5273437640284403e-10,2.302776491305521e-06,1.002111487075078e-09,70,b_scan
0.9195979899497488,1.936621376536287,0.0012675396770231,1.2202789275122109e-06,6.087178745668382e-10,2.3632182563569217e-06,1.0013690809180256e-09,70,b_scan
0.9296482412060302,1.926193522754126,0.0011949519376196,1.2479374891063768e-06,5.421495857730396e-10,2.4037691083187507e-06,1.064528887774726e-09,70,b_scan
0.9396984924623116,1.9072596689567447,0.0009719993553155,1.292047274380092e-06,3.106751129961722e-10,2.4642696568106392e-06,1.1072966293298346e-09,70,b_scan
0.949748743718593,1.897046065441763,0.0009329940251775,1.3208651554335888e-06,2.6966221642085943e-10,2.5057420460944123e-06,1.121166411039391e-09,70,b_scan
0.9597989949748744,1.8803050125451253,0.0008339114275933,1.365229818035538e-06,1.7225568977958324e-10,2.567048470128291e-06,1.0914355598646983e-09,70,b_scan
0.9698492462311558,1.8702048123654471,0.0007722583658164,1.394954561629159e-06,1.4768198845014074e-10,2.6088507341899856e-06,1.0412572214135843e-09,70,b_scan
0.9798994974874372,1.855339665423302,0.0008222370126517,1.4400758539646405e-06,1.4197165071740608e-10,2.671829853078932e-06,1.154413965904093e-09,70,b_scan
0.9899497487437184,1.8461029622056344,0.0008388372599109,1.469468229390726e-06,2.7303902359561035e-10,2.712789651145288e-06,1.1248725906347247e-09,70,b_scan
1.0,1.8472640662482496,0.0035836025524527,1.494009682371844e-06,2.8345053094028314e-09,2.759830400872469e-06,1.1171878706129561e-09,70,b_scan
-1.0,4.680874791534533,0.0308332800584604,-1.728432855892186e-08,1.1240886015855936e-10,-8.090577784005777e-08,8.461874794669928e-11,7,b_scan
-0.9899497487437184,4.695904611979604,0.0304842574515184,-1.6453391301491538e-08,1.0535164724522332e-10,-7.726355609537923e-08,8.259980904899183e-11,7,b_scan
-0.9798994974874372,4.708783681917267,0.0300491506911408,-1.5744086044259556e-08,9.897957134010412e-11,-7.413549545191078e-08,8.121460315345233e-11,7,b_scan
-0.9698492462311558,4.728182287432378,0.0290900725664249,-1.4724767058915606e-08,8.914226551903267e-11,-6.962138279453253e-08,7.637351593126441e-11,7,b_scan
-0.9597989949748744,4.741357197444716,0.0285189470296459,-1.4081707306895736e-08,8.328797383703146e-11,-6.676640429185993e-08,7.303738700542063e-11,7,b_scan
-0.949748743718593,4.763491717189958,0.0274434700237598,-1.3159268264615056e-08,7.437192721741784e-11,-6.268406538277448e-08,7.008512068053161e-11,7,b_scan
-0.9396984924623116,4.77811184707422,0.0264728725871845,-1.2575320087841316e-08,6.816245098820005e-11,-6.0086285892465e-08,6.894261527997334e-11,7,b_scan
-0.9296482412060302,4.801351384080689,0.0255175797690516,-1.1740955328541276e-08,6.079126884292995e-11,-5.6372452117121206e-08,6.757619217885095e-11,7,b_scan
-0.9195979899497488,4.818732136853406,0.0248593197554487,-1.1211688927430869e-08,5.6200544704706016e-11,-5.4026125743014615e-08,6.588675018440822e-11,7,b_scan
-0.9095477386934674,4.842440505635935,0.0237870522511533,-1.0462701916901757e-08,4.964896437467267e-11,-5.0665011560799806e-08,6.431848038709344e-11,7,b_scan
-0.8994974874371859,4.8586597198619135,0.0232512168298008,-9.987508828590947e-09,4.5987940291681294e-11,-4.8525906847240084e-08,6.325828153840816e-11,7,b_scan
-0.8894472361809045,4.885633277631679,0.0222699475828301,-9.3083359670592e-09,4.0548738499202886e-11,-4.547711596004028e-08,6.103771615367269e-11,7,b_scan
-0.8793969849246231,4.902752177289662,0.021482914832406,-8.880759460639848e-09,3.6984743679860394e-11,-4.354016278163777e-08,5.932343985667375e-11,7,b_scan
-0.8693467336683417,4.92921626322861,0.0206180765310588,-8.270094839538008e-09,3.263337010862549e-11,-4.076508598149376e-08,5.656749368727608e-11,7,b_scan
-0.8592964824120604,4.947563680907401,0.0199213653855362,-7.885924852836868e-09,2.9770091376887726e-11,-3.9016115392260737e-08,5.464183538880415e-11,7,b_scan
-0.8492462311557789,4.975205151541107,0.0188879311582795,-7.337151855721863e-09,2.5767959616807128e-11,-3.6503835710226814e-08,5.2630337936010715e-11,7,b_scan
-0.8391959798994975,4.992953607461738,0.0185627529455708,-6.9903101681630115e-09,2.3846374505713755e-11,-3.490229437140597e-08,5.1587824931138194e-11,7,b_scan
-0.8291457286432161,5.020807448369664,0.0181910636543613,-6.496125210541624e-09,2.137663168915329e-11,-3.261579384262933e-08,4.944893338901503e-11,7,b_scan
-0.8190954773869347,5.0394120822710455,0.0179071223001007,-6.183121736608062e-09,1.977963209389448e-11,-3.11592983856154e-08,4.8204726698385405e-11,7,b_scan
-0.8090452261306533,5.06601832630018,0.0171244641484247,-5.7397238915178825e-09,1.7024019339829154e-11,-2.9077546422332578e-08,4.7146981298165985e-11,7,b_scan
-0.7989949748743719,5.08518483564819,0.0166707802613105,-5.458932715608238e-09,1.5437018722402738e-11,-2.7759681864234813e-08,4.603894951949226e-11,7,b_scan
-0.7889447236180904,5.113637187780821,0.0161795443005852,-5.060133112380327e-09,1.346847479514639e-11,-2.5875684858589148e-08,4.426429160593901e-11,7,b_scan
-0.778894472361809,5.130017864520341,0.016015451235696,-4.81128442638138e-09,1.2502039518801395e-11,-2.468197505862498e-08,4.270913270033401e-11,7,b_scan
-0.7688442211055276,5.158486161799893,0.0157842720019953,-4.455420031206777e-09,1.1102143463802572e-11,-2.2983222575986212e-08,4.0814246224843027e-11,7,b_scan
-0.7587939698492463,5.180308311652343,0.0157798893071127,-4.230731945255537e-09,1.0364249758368788e-11,-2.1916495860380348e-08,3.967801461353029e-11,7,b_scan
-0.7487437185929648,5.214031651536367,0.0159428874074947,-3.9101916200975505e-09,9.55891403849902e-12,-2.0387862870760887e-08,3.744556439343427e-11,7,b_scan
-0.7386934673366834,5.237106154269598,0.0161412156774866,-3.708557632354258e-09,9.096409524067703e-12,-1.9422109999865972e-08,3.624684337528113e-11,7,b_scan
-0.728643216080402,5.274094252197522,0.016319106631174,-3.423125835946589e-09,8.274338370762569e-12,-1.8053888295914747e-08,3.4873837576531326e-11,7,b_scan
-0.7185929648241206,5.300372310604784,0.0163324343459554,-3.242808294902994e-09,7.694496648707964e-12,-1.7188091294903342e-08,3.3790006092810115e-11,7,b_scan
-0.7085427135678393,5.3380817639558185,0.0167715061344331,-2.988452249497439e-09,7.186859078335628e-12,-1.595260245549502e-08,3.225367352071185e-11,7,b_scan
-0.6984924623115578,5.362236880837369,0.0171376573622519,-2.8294066556916323e-09,6.89434523363107e-12,-1.5171948720036393e-08,3.1376851729214844e-11,7,b_scan
-0.6884422110552764,5.401765044054607,0.0175377076940239,-2.6032928466464904e-09,6.348470218923905e-12,-1.4062376298452422e-08,3.014042177348656e-11,7,b_scan
-0.6783919597989949,5.429420940852528,0.0177732759818888,-2.461661382468627e-09,5.989923641010173e-12,-1.3365395859263146e-08,2.926688069011541e-11,7,b_scan
-0.6683417085427136,5.470694639635145,0.0181428283994025,-2.2618870324910033e-09,5.494584093741718e-12,-1.2374093264108776e-08,2.793712014928792e-11,7,b_scan
-0.6582914572864322,5.496740308446228,0.0180611769601919,-2.1378869118798197e-09,5.014716874815424e-12,-1.1751409163429434e-08,2.7039559633339197e-11,7,b_scan
-0.6482412060301508,5.531667690483261,0.0187329988707403,-1.964342325656289e-09,4.761914240791044e-12,-1.0866088975881645e-08,2.5694920682458534e-11,7,b_scan
-0.6381909547738693,5.553615538895803,0.019133536028782,-1.856382828015269e-09,4.573894208587645e-12,-1.0309636519804938e-08,2.482674879140101e-11,7,b_scan
-0.6281407035175879,5.587328342545782,0.0194537527123977,-1.7039547443762963e-09,4.193492222223174e-12,-9.520554637669034e-09,2.344837416776921e-11,7,b_scan
-0.6180904522613065,5.604970070098757,0.0195155025861279,-1.609823810306217e-09,3.912983877362791e-12,-9.023014274898689e-09,2.2493960114089564e-11,7,b_scan
-0.6080402010050251,5.6230678099583615,0.0197656757060123,-1.4791579389112395e-09,3.6099302578914762e-12,-8.317405392136149e-09,2.1041187676539768e-11,7,b_scan
-0.5979899497487438,5.630481319312631,0.0196004723219973,-1.3983562334948127e-09,3.3143584662098804e-12,-7.873418650436914e-09,2.0074203120034755e-11,7,b_scan
-0.5879396984924623,5.6362434556508765,0.0196930853895918,-1.2852724028016742e-09,2.9814947229560468e-12,-7.244108169019613e-09,1.8927672737105797e-11,7,b_scan
-0.5778894472361809,5.638232819273962,0.0200315607754022,-1.2150576446380927e-09,2.8834226898362583e-12,-6.850777889308214e-09,1.8113751194251944e-11,7,b_scan
-0.5678391959798995,5.639437780008022,0.0211865332358668,-1.116395137739095e-09,2.9469663860548693e-12,-6.295840917183112e-09,1.6829850002916476e-11,7,b_scan
-0.5577889447236181,5.6370254725987605,0.020911786844171,-1.055644319630095e-09,2.691391422862451e-12,-5.950693919759033e-09,1.6035929337847254e-11,7,b_scan
-0.5477386934673367,5.6398612983649725,0.02036999090053,-9.685887840332655e-10,2.285871389316493e-12,-5.462706397099602e-09,1.4935695796080743e-11,7,b_scan
-0.5376884422110553,5.639853893731855,0.0208494467067361,-9.144104713478671e-10,2.235752718162144e-12,-5.15714145730045e-09,1.4299562659540176e-11,7,b_scan
-0.5276381909547738,5.631133420195662,0.0209451262303756,-8.396693564664943e-10,2.0240478164939148e-12,-4.7282901751126625e-09,1.3393830824376298e-11,7,b_scan
-0.5175879396984925,5.62068799322547,0.0207307639645504,-7.937321324773133e-10,1.850484524703769e-12,-4.461320666852483e-09,1.2750512097162037e-11,7,b_scan
-0.507537688442211,5.608570014354249,0.0201140102352584,-7.287370958166772e-10,1.593956577666286e-12,-4.0871730239450145e-09,1.1616002600220011e-11,7,b_scan
-0.4974874371859297,5.5921515373346455,0.0200019434798052,-6.892418338913362e-10,1.4864297005689977e-12,-3.854344780990787e-09,1.0998347868829777e-11,7,b_scan
-0.4874371859296482,5.564356176131184,0.0211920506160139,-6.343871322114553e-10,1.5453318263097022e-12,-3.529955957178962e-09,1.0334467245254082e-11,7,b_scan
-0.4773869346733668,5.55581436466822,0.021371608603813,-5.992114618615677e-10,1.4777443181046685e-12,-3.329107647284342e-09,9.828083508183809e-12,7,b_scan
-0.4673366834170854,5.553908505689588,0.0209101094974279,-5.481441798945979e-10,1.2744784162492972e-12,-3.0443426230608507e-09,9.014930713028534e-12,7,b_scan
-0.457286432160804,5.545503919515549,0.021344773705008,-5.168558935610959e-10,1.2594989755075709e-12,-2.866226383567768e-09,8.539601358547464e-12,7,b_scan
-0.4472361809045225,5.516977933176648,0.0225639319597612,-4.739690095737716e-10,1.2821014439640166e-12,-2.61487656682809e-09,8.021385989733918e-12,7,b_scan
-0.4371859296482412,5.502235954922173,0.0234254653691401,-4.4671786168226463e-10,1.2674462521505984e-12,-2.457947080254106e-09,7.802152330113607e-12,7,b_scan
-0.4271356783919597,5.47440444188674,0.023319293071689,-4.0850516816896764e-10,1.1357321727787009e-12,-2.236322507157887e-09,7.217263126573469e-12,7,b_scan
-0.4170854271356784,5.439745554660419,0.0236039762718829,-3.855600761972729e-10,1.1065824601357966e-12,-2.0973487105486476e-09,6.825610685919268e-12,7,b_scan
-0.4070351758793969,5.391178215078804,0.0272359696647199,-3.5271122563728465e-10,1.3249326025090157e-12,-1.9015290758694742e-09,6.423537762440505e-12,7,b_scan
-0.3969849246231155,5.364424678427059,0.0282496494833016,-3.3190825129328206e-10,1.3285121418373025e-12,-1.780496814211252e-09,6.093024451068273e-12,7,b_scan
-0.3869346733668342,5.318215510269496,0.0264450256599125,-3.0318739694457976e-10,1.0830036290637528e-12,-1.612415916948899e-09,5.577773980238419e-12,7,b_scan
-0.3768844221105527,5.285082802031129,0.0260293306209939,-2.85387362353929e-10,9.87545089996326e-13,-1.5082958406937762e-09,5.285934268993716e-12,7,b_scan
-0.3668341708542714,5.221018464706951,0.0304023820674176,-2.609185054244264e-10,1.184020770654784e-12,-1.3622603346046707e-09,4.970983293245708e-12,7,b_scan
-0.3567839195979899,5.165852786690126,0.0311502958504532,-2.4629956524418867e-10,1.1677189523982757e-12,-1.2723472954772583e-09,4.740890446710177e-12,7,b_scan
-0.3467336683417085,5.0974790581927785,0.030143760020172,-2.2511678053836096e-10,1.02983176567739e-12,-1.1475280744420744e-09,4.300028893103364e-12,7,b_scan
-0.3366834170854271,5.011954278274953,0.0318606081611447,-2.0603669190812675e-10,1.0518523372511585e-12,-1.032646479490554e-09,3.911496826780895e-12,7,b_scan
-0.3266331658291457,4.938961767876259,0.0341223609281684,-1.9451577882249616e-10,1.116454148704105e-12,-9.60705994852983e-10,3.6944124230088914e-12,7,b_scan
-0.3165829145728643,4.802299641210225,0.035052965289803,-1.7895790662008738e-10,1.1049425748880905e-12,-8.594094907533786e-10,3.3457650238145098e-12,7,b_scan
-0.3065326633165829,4.703743037315927,0.0334525546420006,-1.6924681784079888e-10,1.0042103518042021e-12,-7.960935410065345e-10,3.121439001758713e-12,7,b_scan
-0.2964824120603014,4.513770232752578,0.0337113222190985,-1.5656517361683208e-10,9.858061401619226e-13,-7.06699220157396e-10,2.838597046100734e-12,7,b_scan
-0.2864321608040201,4.374080187078814,0.0358671695641496,-1.4891975514464655e-10,1.053999018320212e-12,-6.513869504428266e-10,2.697250541048155e-12,7,b_scan
-0.2763819095477386,4.153992809283606,0.0382857000247387,-1.383155851672097e-10,1.1335470381125259e-12,-5.74561946196443e-10,2.42283395891003e-12,7,b_scan
-0.2663316582914573,4.020314112001824,0.0368687690622075,-1.3108338004810879e-10,1.0682659415626484e-12,-5.269963626563101e-10,2.2162476147845107e-12,7,b_scan
-0.2562814070351759,3.801836435971758,0.037212364851721,-1.2108351624237123e-10,1.072783827100043e-12,-4.60339723845825e-10,1.915126762970226e-12,7,b_scan
-0.2462311557788944,3.636480219423458,0.0408259959603292,-1.1523865417313484e-10,1.1987093921852692e-12,-4.190630864135853e-10,1.770001823418924e-12,7,b_scan
-0.2361809045226131,3.394422849845668,0.041537946038967,-1.0682751710567332e-10,1.2181805887853933e-12,-3.626177650557765e-10,1.6099967270190396e-12,7,b_scan
-0.2261306532663316,3.249697755115702,0.0385329104873738,-1.0106125879393068e-10,1.1090588322372813e-12,-3.284185458318035e-10,1.474819447653971e-12,7,b_scan
-0.2160804020100502,3.013948136109754,0.0348005680883784,-9.365485589303455e-11,1.001644832572335e-12,-2.8227087835643916e-10,1.228360195844034e-12,7,b_scan
-0.2060301507537688,2.832742653834415,0.0374494327778298,-9.01063778449596e-11,1.1216487497575982e-12,-2.5524817990393743e-10,1.1363505200288953e-12,7,b_scan
-0.1959798994974874,2.572710326552772,0.0357102142736297,-8.515031634198128e-11,1.1179862912740928e-12,-2.1906709816225046e-10,9.86526007126845e-13,7,b_scan
-0.185929648241206,2.4300319745607224,0.0298643164254513,-8.140289955189706e-11,9.332686324393762e-13,-1.9781164873306455e-10,8.756247789089219e-13,7,b_scan
-0.1758793969849246,2.2012554254685823,0.0268746925511917,-7.671818484615077e-11,8.73355714467046e-13,-1.6887632062469095e-10,7.449842112044514e-13,7,b_scan
-0.1658291457286431,2.0520346275223766,0.0305810751206378,-7.386706031155339e-11,1.0450684138072537e-12,-1.515777655925914e-10,7.098112615240823e-13,7,b_scan
-0.1557788944723618,1.842655246352007,0.03027297327426,-6.954137886566022e-11,1.0794437466820457e-12,-1.281407866053614e-10,6.896945518737792e-13,7,b_scan
-0.1457286432160803,1.705650721397577,0.0261693718042411,-6.688777374074016e-11,9.505161264178056e-13,-1.1408717953357135e-10,6.599181665811717e-13,7,b_scan
-0.135678391959799,1.5070654760863254,0.024746805486348,-6.350218552910219e-11,9.54373129334514e-13,-9.570195146693856e-11,6.331055385337716e-13,7,b_scan
-0.1256281407035175,1.3870854726308353,0.0270540246377478,-6.126762307657167e-11,1.1104579728810005e-12,-8.498342991213428e-11,6.122911151076369e-13,7,b_scan
-0.1155778894472361,1.2459510631033466,0.0279091029938455,-5.841349163245129e-11,1.216772890469929e-12,-7.278035199903112e-11,5.99498590895776e-13,7,b_scan
-0.1055276381909547,1.1968399658034754,0.0264992141479559,-5.6391404103099386e-11,1.145491786967086e-12,-6.749148615836343e-11,5.94521782089411e-13,7,b_scan
-0.0954773869346733,1.145596454726626,0.0252760770134877,-5.3755600407356334e-11,1.0661316644942733e-12,-6.158222524836859e-11,5.953461385774141e-13,7,b_scan
-0.085427135678392,1.1194431758730523,0.0266693588805623,-5.21952808012178e-11,1.114749675949611e-12,-5.842965090570102e-11,6.168088427982068e-13,7,b_scan
-0.0753768844221105,1.0768285108649531,0.0270173654853622,-5.0800106237362835e-11,1.1381315527755244e-12,-5.4703002751360834e-11,6.178083935799559e-13,7,b_scan
-0.0653266331658291,1.0652609856230613,0.0258724675062285,-4.962916245503464e-11,1.066549096407863e-12,-5.2868010512497225e-11,5.982359373301794e-13,7,b_scan
-0.0552763819095477,1.0514509266170358,0.025286898678627,-4.779940889000964e-11,1.0166359148347577e-12,-5.0258732769147205e-11,5.641933680352428e-13,7,b_scan
-0.0452261306532663,1.028288331897628,0.0254596758511062,-4.723710717078501e-11,1.039765698563001e-12,-4.8573366136316e-11,5.506385644572562e-13,7,b_scan
-0.0351758793969849,1.003203779750422,0.0273267538238402,-4.6933763792733336e-11,1.1434090050167594e-12,-4.708412923478359e-11,5.737186968014306e-13,7,b_scan
-0.0251256281407035,1.0072376227412303,0.0269103996326913,-4.6379246625355054e-11,1.0961922417343096e-12,-4.671492211545186e-11,5.819101743184919e-13,7,b_scan
-0.015075376884422,1.0137833741820703,0.0284857417994263,-4.595636575546594e-11,1.123825725532251e-12,-4.6589799540721605e-11,6.44752120069945e-13,7,b_scan
-0.0050251256281407,0.9938580101749503,0.0499578449875197,-4.758771981689348e-11,2.1023781003734626e-12,-4.7295436525980806e-11,1.1340502751785516e-12,7,b_scan
0.0050251256281406,0.9868656940296126,0.054365087817521,-4.4339424627048557e-11,2.146699923554539e-12,-4.375705705744597e-11,1.1500128121360798e-12,7,b_scan
0.015075376884422,0.9999363773751349,0.0284925887818373,-4.4939517196805294e-11,1.1096738420809196e-12,-4.4936658026761056e-11,6.389956120738054e-13,7,b_scan
0.0251256281407035,0.9843328082870924,0.0242302220497554,-4.5093899047775857e-11,9.648161415260146e-13,-4.4387404286311846e-11,5.402973404389955e-13,7,b_scan
0.0351758793969849,0.9558239367455472,0.0253322356287433,-4.506224875319016e-11,1.049556069774697e-12,-4.307157600188135e-11,5.446955395213928e-13,7,b_scan
0.0452261306532664,0.9272437458286112,0.0260758485091215,-4.4562279023289525e-11,1.0986746042399756e-12,-4.132009452421472e-11,5.589389590567537e-13,7,b_scan
0.0552763819095476,0.91981876990044,0.0247389250158137,-4.3561591593748095e-11,1.0043637118899956e-12,-4.006876959466673e-11,5.548868254737839e-13,7,b_scan
0.0653266331658291,0.8749148513643595,0.024490698248888,-4.2581054809948926e-11,1.0160057284690622e-12,-3.725479723998412e-11,5.452876975518897e-13,7,b_scan
0.0753768844221105,0.8312248071355474,0.0256687535620065,-4.2076470866739145e-11,1.1047721115342082e-12,-3.497500638114972e-11,5.685144145861441e-13,7,b_scan
0.085427135678392,0.7761461641312386,0.0257456808842747,-4.0491189412466596e-11,1.0916626919031526e-12,-3.142708134359737e-11,6.073305814252365e-13,7,b_scan
0.0954773869346734,0.7376057159346862,0.0247590476415466,-3.8493127438618746e-11,9.939712125626353e-13,-2.8392750822927488e-11,6.08924018515664e-13,7,b_scan
0.1055276381909549,0.5981035535304124,0.0233039306526428,-3.525622442711618e-11,9.64272322358107e-13,-2.1086873113923915e-11,5.851647540936323e-13,7,b_scan
0.1155778894472361,0.4043402635157979,0.0229202174983256,-3.332239165785702e-11,1.1523791470683908e-12,-1.3473584623914534e-11,6.051540880316541e-13,7,b_scan
0.1256281407035175,0.0324141944253687,0.0216594715354541,-2.9351987679651274e-11,1.1903882150442076e-12,9.51421035419244e-13,6.345765275629633e-13,7,b_scan
0.135678391959799,0.4669520652369388,0.031069133638035,-2.6073747204720628e-11,1.060253181605992e-12,1.2175190105710156e-11,6.411959251429176e-13,7,b_scan
0.1457286432160804,1.4802073193081735,0.0811722010941982,-2.14080635031316e-11,1.0911482660711074e-12,3.1688372289549565e-11,6.411771803495079e-13,7,b_scan
0.1557788944723619,2.5191465998139244,0.1649374111484294,-1.8666765313903167e-11,1.1940666924163418e-12,4.7024318370043655e-11,6.565561029423874e-13,7,b_scan
0.1658291457286431,5.09264362400075,0.4447963440495068,-1.4323792255533196e-11,1.2423248024122328e-12,7.294596930165246e-11,7.513045343691831e-13,7,b_scan
0.1758793969849246,8.245750880752857,0.8435004056101749,-1.1158939217084498e-11,1.1369932420681506e-12,9.201383287754207e-11,8.360846344401611e-13,7,b_scan
0.185929648241206,20.65535008331387,3.69418046608034,-6.025551570772096e-12,1.076739701437181e-12,1.2445987713935944e-10,9.204633909454193e-13,7,b_scan
0.1959798994974875,56.438669860410656,24.27296237377928,-2.6354995372890964e-12,1.1333375496043157e-12,1.4874408830232436e-10,9.675444761184317e-13,7,b_scan
0.2060301507537689,107.77611348892825,69.05189642918764,1.751875982405842e-12,1.1223782361216193e-12,1.8881038469829968e-10,1.0770421892299397e-12,7,b_scan
0.2160804020100502,39.944118717664864,7.348022316471815,5.457281489565375e-12,1.0034794806077712e-12,2.1798629969491428e-10,1.1717305875790957e-12,7,b_scan
0.2261306532663316,21.12196031794326,1.6695844731120255,1.2561641200548006e-11,9.91135676927784e-13,2.653264869662161e-10,1.2618144852234126e-12,7,b_scan
0.2361809045226131,16.682316407457876,1.0037229072829907,1.7878130319079852e-11,1.0727174346000757e-12,2.982486267566558e-10,1.3289479685816964e-12,7,b_scan
0.2462311557788945,14.022285669832046,0.6360316606028206,2.506057653239605e-11,1.1315447501787869e-12,3.5140656318794634e-10,1.5182869866912454e-12,7,b_scan
0.256281407035176,12.837874017799068,0.4380588243664245,3.045348521728232e-11,1.0310834041239374e-12,3.909580066223767e-10,1.6585325206208182e-12,7,b_scan
0.2663316582914572,11.487483965425632,0.2711341308998187,3.973560584628407e-11,9.236710885275749e-13,4.5646213501566126e-10,1.867115459867957e-12,7,b_scan
0.2763819095477386,11.008043499879944,0.24685265632077,4.581325164161419e-11,1.0113216833945877e-12,5.043142669418352e-10,1.9899371699782603e-12,7,b_scan
0.2864321608040201,10.51631051591278,0.215981301057889,5.530752730821773e-11,1.1160544705417799e-12,5.816311310405431e-10,2.222720641829727e-12,7,b_scan
0.2964824120603015,10.167392025658325,0.1808263948483429,6.261513120472291e-11,1.0873860372472594e-12,6.366325856964492e-10,2.4424999961115586e-12,7,b_scan
0.306532663316583,9.632409044389748,0.143155608814528,7.548993303961251e-11,1.0861340312416446e-12,7.2714991377114e-10,2.707732366795162e-12,7,b_scan
0.3165829145728642,9.34563034732007,0.1352797119279922,8.487181391008875e-11,1.189387807421517e-12,7.93180599710227e-10,2.875282113156236e-12,7,b_scan
0.3266331658291457,9.007425923686617,0.1122463536404985,1.0017880188955264e-10,1.1979544788913358e-12,9.023531371438223e-10,3.163669156189073e-12,7,b_scan
0.3366834170854271,8.826903031287342,0.0892132926776464,1.1595934651198116e-10,1.102082093848409e-12,1.0235619072327059e-09,3.5196550929682426e-12,7,b_scan
0.3467336683417086,8.786412261937562,0.079916820864132,1.2658403981959436e-10,1.0698633593951668e-12,1.1122195596364763e-09,3.737978535511913e-12,7,b_scan
0.35678391959799,8.745206748558722,0.0746813529718742,1.4355586952390604e-10,1.1343501775777153e-12,1.2554257589556783e-09,4.06568308179851e-12,7,b_scan
0.3668341708542713,8.711925646932695,0.0647243971041352,1.5586994600832535e-10,1.0469377744979485e-12,1.3579273802159442e-09,4.3115910484993296e-12,7,b_scan
0.3768844221105527,8.70342901251203,0.0549547717624854,1.7536011076146786e-10,9.619334332570133e-13,1.5262342756386824e-09,4.772522886118804e-12,7,b_scan
0.3869346733668342,8.721276909107718,0.0531283170759522,1.8897067618951266e-10,9.892574589703732e-13,1.648065594750069e-09,5.134216291710568e-12,7,b_scan
0.3969849246231156,8.760698273836992,0.05430712729095,2.1077744334195168e-10,1.1387637843619896e-12,1.8465575840496102e-09,5.6124382679048244e-12,7,b_scan
0.4070351758793971,8.80773166049283,0.0511392818805157,2.2603921502843934e-10,1.1258254868409334e-12,1.990892750718932e-09,5.940977476240519e-12,7,b_scan
0.4170854271356783,8.87636148613674,0.0432356537093957,2.5031967484135086e-10,9.722656785648217e-13,2.2219279209840387e-09,6.530815662853385e-12,7,b_scan
0.4271356783919597,8.91633328530667,0.0421284939059511,2.6787023253841156e-10,9.98954538316468e-13,2.388420270525077e-09,6.929334747358068e-12,7,b_scan
0.4371859296482412,8.962174541205767,0.0404763306922021,2.965083229706097e-10,1.044593487441783e-12,2.657359343382816e-09,7.509581324101449e-12,7,b_scan
0.4472361809045226,8.982974280454341,0.0412850678275128,3.1734070770547043e-10,1.1600679327943318e-12,2.8506634154594196e-09,7.940604870992746e-12,7,b_scan
0.4572864321608041,8.956545947975041,0.036719153702455,3.5327140355159565e-10,1.0763346189211712e-12,3.1640915580154997e-09,8.679519486297176e-12,7,b_scan
0.4673366834170853,8.936428075206537,0.0359763453340761,3.7928005090348975e-10,1.1285080949366557e-12,3.3894088952597115e-09,9.191583352940288e-12,7,b_scan
0.4773869346733668,8.916398270024734,0.0350902202643321,4.2117163728688437e-10,1.2243155491381285e-12,3.755334058088261e-09,9.962397225653208e-12,7,b_scan
0.4874371859296482,8.883971416913182,0.0352469411358427,4.5206114752343535e-10,1.3484768586216013e-12,4.016098313295174e-09,1.050565501984594e-11,7,b_scan
0.4974874371859297,8.820287678499252,0.0363101976002548,5.029294773769325e-10,1.6095246932776648e-12,4.435982672461828e-09,1.1486577184737547e-11,7,b_scan
0.5075376884422111,8.779065849826635,0.036074793040872,5.394696714068065e-10,1.735009726861695e-12,4.736039769264693e-09,1.2113375255858212e-11,7,b_scan
0.5175879396984926,8.73352108564592,0.0393272469588767,5.97574364327845e-10,2.237044170721928e-12,5.2189283110986915e-09,1.3061005054537867e-11,7,b_scan
0.5276381909547738,8.691539391841685,0.0415231060189406,6.402073723713801e-10,2.6211564319129084e-12,5.564387595913305e-09,1.3699008178000596e-11,7,b_scan
0.5376884422110553,8.59038926599564,0.0453379676244604,7.118112813181522e-10,3.338931762398998e-12,6.1147359904500574e-09,1.4791494557717805e-11,7,b_scan
0.5477386934673367,8.516104360339424,0.0467596901671433,7.637580346103568e-10,3.7748314783514095e-12,6.504243128789529e-09,1.5556484139485145e-11,7,b_scan
0.5577889447236182,8.404255297502367,0.0506774641966727,8.479586758222276e-10,4.705273678679587e-12,7.126461193342051e-09,1.6818841428742998e-11,7,b_scan
0.5678391959798996,8.319048800786403,0.0547579038832595,9.095103257055643e-10,5.595473494963228e-12,7.566260784363726e-09,1.7706376429557986e-11,7,b_scan
0.5778894472361809,8.166957951115169,0.0575612578871818,1.0122446717033675e-09,6.737503408522831e-12,8.266959670041782e-09,1.9162340346201606e-11,7,b_scan
0.5879396984924623,8.05905823258509,0.0593034042197455,1.087106730580165e-09,7.607640161181543e-12,8.761056446780741e-09,1.993242861313789e-11,7,b_scan
0.5979899497487438,7.896678525536582,0.0606810206949459,1.2090606893927735e-09,8.888282427016148e-12,9.547563581998371e-09,2.1363040762934727e-11,7,b_scan
0.6080402010050252,7.779349850381029,0.0619725017925663,1.298898973509006e-09,9.940447918986936e-12,1.010458953522736e-08,2.2352758882694547e-11,7,b_scan
0.6180904522613067,7.599987652241348,0.0626404943208639,1.4465660759354442e-09,1.1497511739551957e-11,1.0993884315260596e-08,2.3987436526994502e-11,7,b_scan
0.6281407035175879,7.47989999630718,0.0623855189156623,1.5549117038157003e-09,1.2524167341375905e-11,1.1630584047629048e-08,2.517773917242782e-11,7,b_scan
0.6381909547738693,7.301071922249831,0.0620967390766797,1.7307291190927893e-09,1.4259337540684663e-11,1.2636177776428552e-08,2.6679543257496736e-11,7,b_scan
0.6482412060301508,7.176598781514151,0.0615038582485383,1.860854403895617e-09,1.5469970053116664e-11,1.3354605447572533e-08,2.7801198543117142e-11,7,b_scan
0.6582914572864322,7.003469120630001,0.059602956221399,2.069968138406748e-09,1.711494381359218e-11,1.4496957938019637e-08,2.922871742712405e-11,7,b_scan
0.6683417085427137,6.898344509299887,0.0586996032692724,2.2180943880614762e-09,1.835982716342556e-11,1.5301179242992782e-08,3.019163071901839e-11,7,b_scan
0.6783919597989949,6.763592634471475,0.0572052327114022,2.4536936588568358e-09,2.0194740021162143e-11,1.659578435829346e-08,3.2334683477939964e-11,7,b_scan
0.6884422110552764,6.684785047771428,0.0569066688316052,2.61931600702269e-09,2.1721929611653617e-11,1.7509564479133642e-08,3.365928222596209e-11,7,b_scan
0.6984924623115578,6.5724128369975725,0.0561732813997033,2.8849277002031183e-09,2.4057983077537966e-11,1.8960935850624866e-08,3.550328373827845e-11,7,b_scan
0.7085427135678393,6.499066295788063,0.0545227036339241,3.0755617807308006e-09,2.517612414577064e-11,1.998827990976146e-08,3.6705811651115956e-11,7,b_scan
0.7185929648241207,6.397232059380573,0.0526705572118877,3.377169484956068e-09,2.7155727170873315e-11,2.160453689912273e-08,3.8225820752155716e-11,7,b_scan
0.728643216080402,6.332515991177973,0.0522027254490353,3.591811439983528e-09,2.8944503318313628e-11,2.2745203380991682e-08,3.9513857273294624e-11,7,b_scan
0.7386934673366834,6.235498228274832,0.0508152709527512,3.937033712446856e-09,3.1383536293356494e-11,2.4549366738620656e-08,4.1583948082857904e-11,7,b_scan
0.7487437185929648,6.171272489331011,0.0495651430631156,4.183814081870482e-09,3.2879323738258914e-11,2.5819456743922992e-08,4.2796208883607687e-11,7,b_scan
0.7587939698492463,6.080495830555685,0.0468508493129711,4.575444909999308e-09,3.448740229043694e-11,2.7820973698188026e-08,4.446795946066086e-11,7,b_scan
0.7688442211055277,6.022413490328858,0.0453651109173467,4.852716050540754e-09,3.575173699459577e-11,2.9225062607512013e-08,4.587193929170868e-11,7,b_scan
0.778894472361809,5.936695515510004,0.0438448707726073,5.297875348954746e-09,3.828902533934186e-11,3.1451872825870645e-08,4.7814198870266106e-11,7,b_scan
0.7889447236180904,5.883020502715589,0.0426414710231767,5.612456559398763e-09,3.980322126406864e-11,3.3018197009543525e-08,4.9429777550852015e-11,7,b_scan
0.7989949748743719,5.8018067944369625,0.0410134477991785,6.1187484022692436e-09,4.2288184079762347e-11,3.5499796053736e-08,5.273337936040774e-11,7,b_scan
0.8090452261306533,5.747496336841127,0.0390870106822598,6.478833705261394e-09,4.304017794355607e-11,3.723707298799269e-08,5.418556141370701e-11,7,b_scan
0.8190954773869348,5.665318838080402,0.0370144021230601,7.057914694183295e-09,4.504529470698669e-11,3.99853370745211e-08,5.589014791730025e-11,7,b_scan
0.829145728643216,5.609307033709026,0.0359526148483081,7.472782835597448e-09,4.6791376106479955e-11,4.1917133321096846e-08,5.737975005821479e-11,7,b_scan
0.8391959798994975,5.524652881677949,0.0342224819339004,8.137983817656626e-09,4.9250261145914046e-11,4.49595357492652e-08,5.941441968601585e-11,7,b_scan
0.8492462311557789,5.467189832579783,0.0330896787852367,8.614473853522082e-09,5.0930107907046616e-11,4.709696386500032e-08,6.10100274503535e-11,7,b_scan
0.8592964824120604,5.384486291545976,0.0312177458504481,9.374187850106206e-09,5.3117259056303846e-11,5.047518597327372e-08,6.194777848524276e-11,7,b_scan
0.8693467336683418,5.330453330487315,0.0299874215991201,9.912690332168332e-09,5.4498790930398735e-11,5.2839133195196096e-08,6.299999121745237e-11,7,b_scan
0.879396984924623,5.250060788111982,0.0286884178023165,1.0775574265299942e-08,5.746911920296411e-11,5.657241991963981e-08,6.73139781563004e-11,7,b_scan
0.8894472361809045,5.197438680747969,0.0276934222150053,1.1385167597325065e-08,5.914004373536939e-11,5.91737104571357e-08,7.021395268107052e-11,7,b_scan
0.8994974874371859,5.122831645013849,0.0259904323549323,1.235408075565601e-08,6.101199100279813e-11,6.328787584013123e-08,7.353460285485213e-11,7,b_scan
0.9095477386934674,5.077390019061885,0.0246878257341245,1.3034379026317187e-08,6.166938036422467e-11,6.618062597289248e-08,7.419765974678719e-11,7,b_scan
0.9195979899497488,5.015611533437909,0.0230615794934299,1.4094995876802964e-08,6.307868681897392e-11,7.069502388345272e-08,7.459362143730105e-11,7,b_scan
0.92964824120603,4.974681146954864,0.0221075379889198,1.4847860714266844e-08,6.423527582584922e-11,7.386337276787506e-08,7.507074546725228e-11,7,b_scan
0.9396984924623116,4.916596718971179,0.0202672750796474,1.6025155672403473e-08,6.413315215045906e-11,7.878922779994128e-08,7.785491320483278e-11,7,b_scan
0.949748743718593,4.880900733369512,0.0191475639946564,1.685311496330433e-08,6.408451873385812e-11,8.225838118395283e-08,7.93415271969689e-11,7,b_scan
0.9597989949748744,4.833471019021456,0.0174327666893626,1.8140799728321715e-08,6.332585866519124e-11,8.768302974871532e-08,7.951882016265791e-11,7,b_scan
0.969849246231156,4.802744871327195,0.0166623947663261,1.9038751416911065e-08,6.389062216439007e-11,9.143826572404297e-08,8.048904892736063e-11,7,b_scan
0.9798994974874372,4.759032805870612,0.0157877257601375,2.0450544090609413e-08,6.556528108613186e-11,9.732481022511357e-08,8.296038007106119e-11,7,b_scan
0.9899497487437184,4.716770012772467,0.0150772537297063,2.1924468461286856e-08,6.773373044827593e-11,1.0341267538417357e-07,8.485355083851156e-11,7,b_scan
1.0,4.696201963836002,0.0149367667433248,2.260077107436185e-08,6.958074863299951e-11,1.0613778550362605e-07,8.477251994256269e-11,7,b_scan
-1.0,1.7680115325748456,0.0028738529388436,-1.632619525187482e-06,2.531910868489888e-09,-2.8864901488383365e-06,1.4054968433952298e-09,80,b_scan
-0.9899497487437184,1.7575274944574273,0.0018631087034399,-1.623715602049773e-06,1.3798289921280835e-09,-2.8537248137819707e-06,1.808462364471121e-09,80,b_scan
-0.9798994974874372,1.7514635721515417,0.0016411627755279,-1.5967998000016145e-06,1.2700999171684078e-09,-2.7967366817216947e-06,1.3852934677201e-09,80,b_scan
-0.969849246231156,1.7623462332369475,0.0017397777000523,-1.5510260837702324e-06,1.318974171199178e-09,-2.733444976384724e-06,1.370522442969125e-09,80,b_scan
-0.9597989949748744,1.76991891297792,0.0017988577863782,-1.520754554531774e-06,1.340448185710405e-09,-2.691612248063098e-06,1.3619618340287075e-09,80,b_scan
-0.949748743718593,1.781537497900597,0.0018872652298354,-1.475712223161903e-06,1.3687310320152191e-09,-2.629036661673184e-06,1.3455645752287943e-09,80,b_scan
-0.9396984924623116,1.7894442964942534,0.0019596336941805,-1.44594692972885e-06,1.3959722525311503e-09,-2.587441486436668e-06,1.3374582450599702e-09,80,b_scan
-0.92964824120603,1.8014782062866368,0.0020744866560702,-1.4021533624906304e-06,1.437533783164561e-09,-2.525948724398397e-06,1.3245169094650567e-09,80,b_scan
-0.9195979899497488,1.809630412829756,0.0021476115534856,-1.3731401682490697e-06,1.4585445028281191e-09,-2.484876209541684e-06,1.3152421174466291e-09,80,b_scan
-0.9095477386934674,1.8222692263687583,0.0022734087052983,-1.3304044411739193e-06,1.4958605538273951e-09,-2.4243550717755584e-06,1.3105742155548548e-09,80,b_scan
-0.8994974874371859,1.830829666201508,0.0023480278533381,-1.3021293535612329e-06,1.513944376288273e-09,-2.3839770497316976e-06,1.2904193871692363e-09,80,b_scan
-0.8894472361809045,1.843953826125916,0.0024709286556517,-1.2603523200873817e-06,1.5413598927687982e-09,-2.3240314828918018e-06,1.2729548809874426e-09,80,b_scan
-0.879396984924623,1.8523383546782075,0.0027144760261752,-1.2332698494577808e-06,1.673367676431364e-09,-2.284433043818866e-06,1.2645882731224524e-09,80,b_scan
-0.8693467336683418,1.8662417794623785,0.0027813262831861,-1.192391542036184e-06,1.645813810711367e-09,-2.2252909132254976e-06,1.250870988940075e-09,80,b_scan
-0.8592964824120604,1.875423303322804,0.002899317981975,-1.1657816972819691e-06,1.6762305881340851e-09,-2.186334161669816e-06,1.2416622680269923e-09,80,b_scan
-0.8492462311557789,1.8892176966188825,0.0030889925314218,-1.1264977001446873e-06,1.724423627400803e-09,-2.128199390313814e-06,1.2228142071570762e-09,80,b_scan
-0.8391959798994975,1.900858860112894,0.0031630237468676,-1.0993596138224598e-06,1.713588028146201e-09,-2.089727462384712e-06,1.2172459409915828e-09,80,b_scan
-0.829145728643216,1.9132986889148984,0.0033958156999997,-1.0623759807699302e-06,1.777647981445237e-09,-2.0326425711417867e-06,1.2029331593834894e-09,80,b_scan
-0.8190954773869348,1.9292554953807628,0.003945629580808,-1.034020352947196e-06,2.0222620379027514e-09,-1.9948894482589337e-06,1.1932631143235883e-09,80,b_scan
-0.8090452261306533,1.9384923473541933,0.0038322364144999,-1.0001288733009872e-06,1.881520992958478e-09,-1.9387421672619355e-06,1.177676400594339e-09,80,b_scan
-0.7989949748743719,1.9689089830568955,0.0045775647565214,-9.658547754134928e-07,2.165728928796133e-09,-1.9016801436400264e-06,1.1682544208184512e-09,80,b_scan
-0.7889447236180904,1.964149320132064,0.0042395310107921,-9.401067842059308e-07,1.942548509555043e-09,-1.8465101010496204e-06,1.1521295633131883e-09,80,b_scan
-0.778894472361809,1.995768274584804,0.0049586063547338,-9.070211330511632e-07,2.180130582452252e-09,-1.8102040017214733e-06,1.13865852777298e-09,80,b_scan
-0.7688442211055277,1.9909112433663512,0.004735155066104,-8.8216128344393e-07,2.0184718406999117e-09,-1.7563048176710108e-06,1.1400092044863431e-09,80,b_scan
-0.7587939698492463,2.0235439786315568,0.005456189486291,-8.503070076631298e-07,2.2251821425980804e-09,-1.7206336253449434e-06,1.1178438715537291e-09,80,b_scan
-0.7487437185929648,2.018272280915016,0.0052864877911015,-8.262824277241533e-07,2.094623243487257e-09,-1.667662920082823e-06,1.099386764916237e-09,80,b_scan
-0.7386934673366834,2.052312904135318,0.0060153484795841,-7.955660540101896e-07,2.270911677204701e-09,-1.6327504787371277e-06,1.086574250293465e-09,80,b_scan
-0.728643216080402,2.046575136860642,0.005915539305283,-7.725214274316167e-07,2.1708702442635852e-09,-1.5810231460736397e-06,1.0700015488687223e-09,80,b_scan
-0.7185929648241207,2.082048870348341,0.006671150444682,-7.429705277249943e-07,2.325599161765849e-09,-1.546900947951935e-06,1.059011387205513e-09,80,b_scan
-0.7085427135678393,2.0783712988250764,0.0061967564239523,-7.201010269914074e-07,2.08701618204181e-09,-1.4966373067534028e-06,1.047526441624724e-09,80,b_scan
-0.6984924623115578,2.117694376962535,0.0071692999645027,-6.909057782700145e-07,2.2879076944197303e-09,-1.463127281653334e-06,1.029756120621727e-09,80,b_scan
-0.6884422110552764,2.108383202822863,0.0069316830305302,-6.705879043651562e-07,2.1516028723970462e-09,-1.4138562735796795e-06,1.0137867093745771e-09,80,b_scan
-0.6783919597989949,2.1493684217882363,0.0080157432001329,-6.426972273480416e-07,2.351047195187505e-09,-1.3813931252327356e-06,1.0022313248008043e-09,80,b_scan
-0.6683417085427137,2.1447014812216767,0.0080300421950548,-6.216645062544068e-07,2.2818936860978387e-09,-1.3332847873867686e-06,9.843467506057628e-10,80,b_scan
-0.6582914572864322,2.18207705895148,0.0089978285815588,-5.966397268819203e-07,2.419587299066378e-09,-1.3019138604881149e-06,9.720484227648586e-10,80,b_scan
-0.6482412060301508,2.176937498847737,0.0089292623712019,-5.765755069804526e-07,2.324075509027662e-09,-1.2551688420628923e-06,9.532915850295079e-10,80,b_scan
-0.6381909547738693,2.215536210719993,0.0100462267343911,-5.526136027362723e-07,2.469462201878332e-09,-1.2243354473986444e-06,9.419795022452254e-10,80,b_scan
-0.6281407035175879,2.230045788596082,0.0108003612326883,-5.286994421603178e-07,2.526999789143407e-09,-1.1790239644227145e-06,9.2133865543436e-10,80,b_scan
-0.6180904522613067,2.250137600244358,0.0112412355003088,-5.107715379492162e-07,2.518553467545782e-09,-1.1493062426741691e-06,9.226185047948199e-10,80,b_scan
-0.6080402010050252,2.264624116695793,0.012025074275003,-4.880738344352033e-07,2.5612240070050907e-09,-1.105303776190151e-06,8.967640666170267e-10,80,b_scan
-0.5979899497487438,2.284589264724688,0.0125446819148731,-4.7114925233521643e-07,2.5579243317710634e-09,-1.0763825239680983e-06,8.848508595707721e-10,80,b_scan
-0.5879396984924623,2.2999529717977163,0.0133904088808038,-4.4959138566304e-07,2.586890334201233e-09,-1.034039043550362e-06,9.185409833564783e-10,80,b_scan
-0.5778894472361809,2.323401682818598,0.0131595724720201,-4.329696268518434e-07,2.425005270857913e-09,-1.0059623596369134e-06,8.47838246804924e-10,80,b_scan
-0.5678391959798996,2.334791834200762,0.0148534292047597,-4.132063843409777e-07,2.604544973021786e-09,-9.647508919989364e-07,8.305900876814084e-10,80,b_scan
-0.5577889447236182,2.358993714244036,0.0146746971514814,-3.975680404481802e-07,2.4486346209559048e-09,-9.378605084015756e-07,8.197439396493933e-10,80,b_scan
-0.5477386934673367,2.369844866400221,0.0164828394748635,-3.789550687798101e-07,2.613908647981721e-09,-8.980647243441755e-07,8.019725102459534e-10,80,b_scan
-0.5376884422110553,2.394307608935133,0.0164048173650554,-3.642142328293962e-07,2.473519822242921e-09,-8.720409089458956e-07,7.903242805780415e-10,80,b_scan
-0.5276381909547738,2.4042121338958657,0.0183308291827036,-3.468006956203801e-07,2.624689923738767e-09,-8.337824404540446e-07,7.702300382328154e-10,80,b_scan
-0.5175879396984926,2.43612695628476,0.0184133885472026,-3.319778670913811e-07,2.4899801419064833e-09,-8.087402309112328e-07,7.56005951585948e-10,80,b_scan
-0.5075376884422111,2.4373614871456333,0.0202717229832582,-3.166880988033599e-07,2.616410291804575e-09,-7.718833754606805e-07,7.389988127154093e-10,80,b_scan
-0.4974874371859297,2.4693085281089657,0.0203942122225603,-3.0284445096202855e-07,2.483875680930183e-09,-7.478163854510145e-07,7.26006473765123e-10,80,b_scan
-0.4874371859296482,2.468961164735601,0.0223531219718215,-2.885467858948605e-07,2.5967774687585528e-09,-7.124108085836888e-07,7.043946548279321e-10,80,b_scan
-0.4773869346733668,2.50066169840392,0.0225250762879637,-2.756592064097166e-07,2.467621499087628e-09,-6.893304192811988e-07,6.90902626669956e-10,80,b_scan
-0.4673366834170853,2.497757082445743,0.0246162829635948,-2.6237441694648824e-07,2.571876357004373e-09,-6.553475581806634e-07,6.691829744239847e-10,80,b_scan
-0.4572864321608041,2.528717543272301,0.0247892872628345,-2.5043133546180805e-07,2.441282224819654e-09,-6.332701113673848e-07,6.554738636573674e-10,80,b_scan
-0.4472361809045226,2.527289923984568,0.0259770118196315,-2.3770030221558214e-07,2.43029628409822e-09,-6.007375787175274e-07,6.344417360897707e-10,80,b_scan
-0.4371859296482412,2.5826850275084494,0.0289973987107428,-2.243965690992691e-07,2.507934150056634e-09,-5.795456592369475e-07,6.211236893659725e-10,80,b_scan
-0.4271356783919597,2.548579054467672,0.0284015962911175,-2.152210121945312e-07,2.38684936421252e-09,-5.485077637603136e-07,6.00278322692545e-10,80,b_scan
-0.4170854271356783,2.6042307113140177,0.0315409706815616,-2.0286450569927722e-07,2.4466446184028863e-09,-5.283059759775952e-07,5.862820609793802e-10,80,b_scan
-0.4070351758793971,2.574120897849816,0.0311053811014323,-1.93765913905993e-07,2.3311269762461483e-09,-4.987768882763847e-07,5.652049366761571e-10,80,b_scan
-0.3969849246231156,2.619549776302897,0.0342222259027462,-1.8302277358870665e-07,2.381777461017647e-09,-4.794372656126322e-07,5.50763052386427e-10,80,b_scan
-0.3869346733668342,2.5849627633366987,0.0337549419266689,-1.7459595164600145e-07,2.270677469861038e-09,-4.5132403363424854e-07,5.297749812489065e-10,80,b_scan
-0.3768844221105527,2.629193896967048,0.0369618122146489,-1.6470038182488792e-07,2.3070974479974793e-09,-4.330292387221378e-07,5.149409917313258e-10,80,b_scan
-0.3668341708542713,2.599230258196841,0.0363282312939664,-1.563125915484095e-07,2.176469343892453e-09,-4.062924176897898e-07,4.927009042811884e-10,80,b_scan
-0.35678391959799,2.6337771034827435,0.0396010699078304,-1.477258135071733e-07,2.2136981901704736e-09,-3.890768652085549e-07,4.798473643619952e-10,80,b_scan
-0.3467336683417086,2.599249222589988,0.0390444391540091,-1.399574955958366e-07,2.0949708020827594e-09,-3.6378441162312e-07,4.5780671061456844e-10,80,b_scan
-0.3366834170854271,2.6315572679000447,0.0422572132519316,-1.3200199006609256e-07,2.1129912822574504e-09,-3.473707963356954e-07,4.4249293423294806e-10,80,b_scan
-0.3266331658291457,2.5921652248934426,0.041373695622535,-1.248564587151189e-07,1.9862084586109343e-09,-3.2364857038467505e-07,4.21106636427972e-10,80,b_scan
-0.3165829145728642,2.573457625186868,0.0426674012385343,-1.1725631422605117e-07,1.9346484602935216e-09,-3.017541559463388e-07,4.923623820559048e-10,80,b_scan
-0.306532663316583,2.5788474451569527,0.0439516158577326,-1.1087936950347352e-07,1.8837623578427422e-09,-2.859409787646464e-07,3.8701523531313366e-10,80,b_scan
-0.2964824120603015,2.547301970345522,0.0449309859343891,-1.0383110447923073e-07,1.8258390161176662e-09,-2.6448917702309625e-07,3.6461960947129975e-10,80,b_scan
-0.2864321608040201,2.5611795720137844,0.0466473580897624,-9.789221070275096e-08,1.777691028599349e-09,-2.507195303111549e-07,3.49923860653056e-10,80,b_scan
-0.2763819095477386,2.5257856239941567,0.0474925879421065,-9.136643576336392e-08,1.713072076131033e-09,-2.3077202996669014e-07,3.2748816638377775e-10,80,b_scan
-0.2663316582914572,2.5733553903662365,0.0503627323746862,-8.470276562923765e-08,1.6532366694864075e-09,-2.179703185109267e-07,3.129839510224241e-10,80,b_scan
-0.256281407035176,2.5003508929988567,0.0501934932619717,-7.98016028988331e-08,1.597712246696763e-09,-1.995320090708375e-07,2.9230748874227336e-10,80,b_scan
-0.2462311557788945,2.554689981117801,0.0550418585882077,-7.348492100785139e-08,1.5795243708634367e-09,-1.8773119146199097e-07,2.7780556032444124e-10,80,b_scan
-0.2361809045226131,2.469868124039931,0.0526477283423217,-6.914965564561514e-08,1.470311579808133e-09,-1.707905302674427e-07,2.57197941257596e-10,80,b_scan
-0.2261306532663316,2.5270903421001423,0.0576082750671392,-6.331040106449195e-08,1.4400076012865402e-09,-1.599911030845641e-07,2.440398693056019e-10,80,b_scan
-0.2160804020100502,2.449212092814089,0.0554808249205721,-5.900041767233176e-08,1.333393677032188e-09,-1.4450453644415705e-07,2.2333873092581115e-10,80,b_scan
-0.2060301507537689,2.4956247232496014,0.0602646820702883,-5.397586461592636e-08,1.3007165097193591e-09,-1.3470350219427916e-07,2.0926087651509583e-10,80,b_scan
-0.1959798994974875,2.4134684042104584,0.0576103988970438,-5.000645203628641e-08,1.1911081549851767e-09,-1.20688991996243e-07,1.8874769392940023e-10,80,b_scan
-0.185929648241206,2.4715038518360744,0.0604322784829988,-4.5261465560143785e-08,1.104426260367186e-09,-1.118638864716412e-07,1.7586809167414452e-10,80,b_scan
-0.1758793969849246,2.374926443763354,0.0590769595902538,-4.179790771486329e-08,1.0376225995159647e-09,-9.926695632600917e-08,1.5731041722026075e-10,80,b_scan
-0.1658291457286431,2.4359588218971937,0.0617170525291393,-3.7503395020489024e-08,9.48303131108659e-10,-9.135672595125553e-08,1.4540304586220505e-10,80,b_scan
-0.1557788944723619,2.331601527823921,0.0597542574911617,-3.440013082106525e-08,8.798995310103436e-10,-8.02073975797385e-08,1.2783983479504389e-10,80,b_scan
-0.1457286432160804,2.3956892032671013,0.061845843236717,-3.054248143818866e-08,7.869577712379663e-10,-7.317029302245442e-08,1.1687605924242045e-10,80,b_scan
-0.135678391959799,2.2821762103873064,0.0587523704098385,-2.7761704209922123e-08,7.133218669896801e-10,-6.335710090769339e-08,1.011551658856377e-10,80,b_scan
-0.1256281407035175,2.3571491242430738,0.0580374738359084,-2.4271388012640373e-08,5.963523885733321e-10,-5.7211280998159095e-08,9.12487347760493e-11,80,b_scan
-0.1155778894472361,2.2697354337868387,0.0503443825485037,-2.143739257277874e-08,4.742856713655853e-10,-4.8657209530434723e-08,7.698580879224894e-11,80,b_scan
-0.1055276381909549,2.30260429350941,0.054385648125215,-1.885574194116333e-08,4.4437898586117484e-10,-4.341731235102815e-08,6.793604273973822e-11,80,b_scan
-0.0954773869346734,2.119309950722564,0.0661274390358115,-1.703968511007541e-08,5.310298935762244e-10,-3.6112374210961926e-08,5.5624495717310814e-11,80,b_scan
-0.085427135678392,2.227220061956199,0.0496066412988628,-1.4213990752102758e-08,3.1585313788671047e-10,-3.165768536354314e-08,4.797370986820346e-11,80,b_scan
-0.0753768844221105,2.1881691069555784,0.0447419789490328,-1.1672297344924602e-08,2.380480903593071e-10,-2.5540960457363643e-08,3.755698284197403e-11,80,b_scan
-0.0653266331658291,2.2038400821879147,0.0364241285106068,-9.906972234384886e-09,1.6312434128255295e-10,-2.1833382503260176e-08,3.1217660463572517e-11,80,b_scan
-0.0552763819095476,2.1398778807804977,0.0302539652068707,-7.87550036316036e-09,1.1081134425344063e-10,-1.6852609027205633e-08,2.3303831748453e-11,80,b_scan
-0.0452261306532664,2.1522556040134684,0.0277946700181874,-6.443915529515429e-09,8.275852503485884e-11,-1.3868953310188996e-08,1.879619260514954e-11,80,b_scan
-0.0351758793969849,2.088552380599693,0.0251590235932245,-4.721636308249237e-09,5.653034915215916e-11,-9.861384751919894e-09,1.3105767703534952e-11,80,b_scan
-0.0251256281407035,2.1266325923940927,0.0286174770944824,-3.504586718260119e-09,4.6923979299039e-11,-7.452968337923424e-09,1.0025703008100458e-11,80,b_scan
-0.015075376884422,2.057979550768137,0.0384923808688213,-2.006025431052562e-09,3.741628783423085e-11,-4.128359315427011e-09,5.754725542469559e-12,80,b_scan
-0.0050251256281406,2.230641158654018,0.0930172574164383,-9.149794272240431e-10,3.8113293259623436e-11,-2.0409907696876292e-09,3.951826080072959e-12,80,b_scan
0.0050251256281407,2.205442734860117,0.1541279159110549,4.955494945194981e-10,3.459783066635615e-11,1.0929060324516304e-09,3.3721198963563885e-12,80,b_scan
0.015075376884422,2.072370446733487,0.0487571916419076,1.5732205998328908e-09,3.694624400307319e-11,3.260295877286012e-09,4.624242736324636e-12,80,b_scan
0.0251256281407035,2.2432470050018702,0.0261785962921373,3.035934186051505e-09,3.518999099356081e-11,6.810350270242831e-09,9.220340864290971e-12,80,b_scan
0.0351758793969849,2.244720340503496,0.0193360954214023,4.20138470788089e-09,3.573734755076402e-11,9.430933712060572e-09,1.282064599525181e-11,80,b_scan
0.0452261306532663,2.3823369706612723,0.0141560178822627,5.809446153114152e-09,3.359667078794307e-11,1.384005834962975e-08,1.8894845374870903e-11,80,b_scan
0.0552763819095477,2.407877806483981,0.0128913344845369,7.118616899387504e-09,3.6790001879428555e-11,1.7140759644896982e-08,2.395836514451604e-11,80,b_scan
0.0653266331658291,2.5356099305641204,0.0127345412080821,8.945983601642871e-09,4.306068042795401e-11,2.2683524858989443e-08,3.2512544726857926e-11,80,b_scan
0.0753768844221105,2.5517839193389444,0.0205123534584565,1.0502531138797629e-08,8.303682182786376e-11,2.680019007234032e-08,3.889160121157414e-11,80,b_scan
0.085427135678392,2.657791042511168,0.0170168359599986,1.2668387519109618e-08,7.894071208643858e-11,3.366992687134982e-08,4.953377110104286e-11,80,b_scan
0.0954773869346733,2.6742304592712256,0.0302977292149858,1.4535640588426132e-08,1.6153647082220818e-10,3.8871652806588296e-08,8.566062725074981e-11,80,b_scan
0.1055276381909547,2.7803717697258894,0.0230486750858302,1.6792446309052242e-08,1.3524864484883808e-10,4.6689243662326564e-08,9.162727823902484e-11,80,b_scan
0.1155778894472361,2.743028509528049,0.0267203891634756,1.921885584019137e-08,1.8492047014186744e-10,5.271786949015457e-08,8.014949751193129e-11,80,b_scan
0.1256281407035175,2.901772190914337,0.0282811224387523,2.1484721229235138e-08,2.0690396110450557e-10,6.234376659254141e-08,9.341540400414128e-11,80,b_scan
0.135678391959799,2.855450267038275,0.0305583104850777,2.4238197991424664e-08,2.5685520231268217e-10,6.921096892714012e-08,1.0331628039819135e-10,80,b_scan
0.1457286432160803,2.99402817772023,0.0325511490499405,2.6789462706628605e-08,2.885194879408257e-10,8.020840620963131e-08,1.1925075202057604e-10,80,b_scan
0.1557788944723618,2.925613168305094,0.0331198968235403,3.0082348325555025e-08,3.3762678996051595e-10,8.800931439478447e-08,1.3031348837361596e-10,80,b_scan
0.1658291457286431,3.067555234884168,0.0355464329710785,3.2740478883142254e-08,3.763384606042177e-10,1.0043322739059758e-07,1.4736976693016143e-10,80,b_scan
0.1758793969849246,2.9993223374358093,0.0355392616242394,3.6405094462216335e-08,4.2810377888112126e-10,1.0919061301698613e-07,1.5885295786643932e-10,80,b_scan
0.185929648241206,3.1271964090423463,0.0373867523327879,3.9354990153747e-08,4.671118335251719e-10,1.230707838866945e-07,1.7633620674789768e-10,80,b_scan
0.1959798994974874,3.058328820785864,0.0369467726261111,4.34062707120319e-08,5.20752658331825e-10,1.327506487214405e-07,1.8826465183677959e-10,80,b_scan
0.2060301507537688,3.163848300933875,0.0409290907369097,4.679677605847585e-08,6.018327901385812e-10,1.4805790042179188e-07,2.0721423075712022e-10,80,b_scan
0.2160804020100502,3.103251420624749,0.0374169737016902,5.114003068084525e-08,6.125294361192976e-10,1.587003728611263e-07,2.1985583775784483e-10,80,b_scan
0.2261306532663316,3.1972524717530706,0.0406516415143879,5.488111776324683e-08,6.93769759535121e-10,1.754687894211123e-07,2.3911033579745377e-10,80,b_scan
0.2361809045226131,3.1202636241613697,0.0366240606632367,5.997074353371416e-08,6.992857118403592e-10,1.871245295621589e-07,2.51236218518142e-10,80,b_scan
0.2462311557788944,3.219198549787678,0.0396417072049395,6.378348267863427e-08,7.809397064248096e-10,2.0533169493946693e-07,2.702708522848259e-10,80,b_scan
0.2562814070351759,3.1413964773829584,0.0357402368210425,6.938117649516496e-08,7.842043856654773e-10,2.179537834385965e-07,2.8300803389652247e-10,80,b_scan
0.2663316582914573,3.230178625312929,0.0383714331104207,7.35757069122864e-08,8.689782807231047e-10,2.376626758103563e-07,3.024756238128572e-10,80,b_scan
0.2763819095477386,3.151279227051556,0.0343017384041685,7.974513188946698e-08,8.622299963619067e-10,2.512991775817639e-07,3.156154721360654e-10,80,b_scan
0.2864321608040201,3.18030242565186,0.0335920040931546,8.56893443664524e-08,8.989529352202824e-10,2.7251802974114616e-07,3.347808556480058e-10,80,b_scan
0.2964824120603014,3.150054249859449,0.0323611101775506,9.115629273386733e-08,9.299434461225695e-10,2.871472673277508e-07,3.4756153365624437e-10,80,b_scan
0.3065326633165829,3.171366730362722,0.0315123716439946,9.772011248264477e-08,9.64057499524154e-10,3.099063136147626e-07,3.6754108295916317e-10,80,b_scan
0.3165829145728643,3.1380051013769736,0.030347147179368,1.0374135225548837e-07,9.958825894361015e-10,3.2554089260146814e-07,3.8124761239625435e-10,80,b_scan
0.3266331658291457,3.1521988849996427,0.0294792696622282,1.1100305707681457e-07,1.030268551821736e-09,3.499037127490865e-07,4.0111839680082755e-10,80,b_scan
0.3366834170854271,3.109534674556492,0.0298641441522986,1.1791259065341577e-07,1.1245877164015426e-09,3.66653289203582e-07,4.139391202824085e-10,80,b_scan
0.3467336683417085,3.123947578407343,0.027116120997448,1.2566362778412381e-07,1.0818754967824662e-09,3.9256658571009533e-07,4.342835970559313e-10,80,b_scan
0.3567839195979899,3.147070642888104,0.0281078336709576,1.3330537194153314e-07,1.1818536535732163e-09,4.195214225764784e-07,4.5352377776651085e-10,80,b_scan
0.3668341708542714,3.0868243853485,0.0247916616688325,1.4188554171906285e-07,1.12946535803729e-09,4.379757501067852e-07,4.668464996307094e-10,80,b_scan
0.3768844221105527,3.10374472625279,0.0256460311360699,1.5033268380850117e-07,1.2322756286446743e-09,4.665942745540638e-07,4.861061958137766e-10,80,b_scan
0.3869346733668342,3.0307062099780606,0.0225074165140926,1.6042259621326214e-07,1.1799041059666811e-09,4.861937585643365e-07,4.997751759287e-10,80,b_scan
0.3969849246231155,3.0541641712014127,0.0232696625111119,1.691159910268006e-07,1.277220992794948e-09,5.16508000571274e-07,5.194160668332398e-10,80,b_scan
0.4070351758793969,2.9803777314240745,0.020249316677674,1.802694785143975e-07,1.2116496040717996e-09,5.37271139419741e-07,5.332565128103843e-10,80,b_scan
0.4170854271356784,2.999119104331287,0.0209695500315779,1.898153212943588e-07,1.314300042073712e-09,5.692787563886927e-07,5.52981539350354e-10,80,b_scan
0.4271356783919597,2.925537994843314,0.0181352117128024,2.020874826842585e-07,1.2376420182858863e-09,5.912146088750385e-07,5.67027710299618e-10,80,b_scan
0.4371859296482412,2.939897843316567,0.0187975856681289,2.1258469956098922e-07,1.3444863045541792e-09,6.249772997614523e-07,5.875264196849506e-10,80,b_scan
0.4472361809045225,2.8568676673570392,0.0160684714810058,2.268524104456212e-07,1.2584740602698706e-09,6.480873166641035e-07,6.0094699014046e-10,80,b_scan
0.457286432160804,2.8680382662292376,0.0199423355575154,2.38378201398584e-07,1.6433746175668102e-09,6.836778034460389e-07,6.1964052315947e-10,80,b_scan
0.4673366834170854,2.792201353970982,0.0153717666145503,2.5352981211773057e-07,1.3771931747405675e-09,7.079062846671359e-07,6.333011050963582e-10,80,b_scan
0.4773869346733668,2.780343296301454,0.0134585954170114,2.68034381677662e-07,1.276013572508785e-09,7.452275962757928e-07,6.5308539836038e-10,80,b_scan
0.4874371859296482,2.7313551870032704,0.0136854197820965,2.821449270632065e-07,1.392496400648614e-09,7.706380100207483e-07,6.659961334500595e-10,80,b_scan
0.4974874371859297,2.718063418682843,0.0122323199169793,2.980248848703724e-07,1.3169358056503803e-09,8.100505374233251e-07,6.906539559795673e-10,80,b_scan
0.507537688442211,2.668906144180172,0.0121033678581825,3.1335476315005824e-07,1.3948840264045815e-09,8.363144526793129e-07,7.244518277023601e-10,80,b_scan
0.5175879396984925,2.657130645399821,0.0105399021046274,3.300362169152609e-07,1.2770456301973771e-09,8.769493460573625e-07,7.654911558170824e-10,80,b_scan
0.5276381909547738,2.610473878023626,0.010564388866104,3.466132002822751e-07,1.3719359670579503e-09,9.048247051150504e-07,7.62898529665619e-10,80,b_scan
0.5376884422110553,2.586808553148496,0.0089835335549284,3.659811426893046e-07,1.2380433717101203e-09,9.467231501997532e-07,7.437258173943981e-10,80,b_scan
0.5477386934673367,2.549110124338485,0.0103274507016451,3.82714922887369e-07,1.5192560680419424e-09,9.755824846676149e-07,7.898193729768816e-10,80,b_scan
0.5577889447236181,2.5297116317348567,0.0074554678743466,4.031513813276961e-07,1.146469932089788e-09,1.0198567386946474e-06,7.891406660925619e-10,80,b_scan
0.5678391959798995,2.491668627738145,0.0078382626051071,4.2129621050706834e-07,1.2834185389355021e-09,1.0497305507054276e-06,8.236849033659641e-10,80,b_scan
0.5778894472361809,2.470839346924859,0.0082602365843431,4.432448600185722e-07,1.4423058031115748e-09,1.0951868404560894e-06,8.397451959728081e-10,80,b_scan
0.5879396984924623,2.4375441080626463,0.0080179987656265,4.620028184555201e-07,1.480681602052184e-09,1.1261522480345891e-06,8.340280247738954e-10,80,b_scan
0.5979899497487438,2.4111535000635778,0.0067852488255399,4.864627620083044e-07,1.321063224236954e-09,1.1729363912669183e-06,8.654710560162543e-10,80,b_scan
0.6080402010050251,2.3839857791765247,0.0062369716481258,5.05459512609859e-07,1.271817983265998e-09,1.2050082900114012e-06,8.634162773576226e-10,80,b_scan
0.6180904522613065,2.356428498925711,0.0063678905730348,5.317337120578641e-07,1.381533320958322e-09,1.2529924729327092e-06,9.311102766343371e-10,80,b_scan
0.6281407035175879,2.330599929944663,0.0060994502950663,5.517189541628221e-07,1.389791453374294e-09,1.2858361559210158e-06,9.126998969725251e-10,80,b_scan
0.6381909547738693,2.3064896423738355,0.0049622194973786,5.790925751477645e-07,1.1845205866846331e-09,1.335671026553911e-06,8.906189811675016e-10,80,b_scan
0.6482412060301508,2.258848948916387,0.0052498764308156,6.062049582536183e-07,1.3462855027123607e-09,1.369325432779088e-06,9.382399890558447e-10,80,b_scan
0.6582914572864322,2.256979693095725,0.0047962962956612,6.293746792709862e-07,1.269519283268767e-09,1.4204858704632512e-06,9.500147333115238e-10,80,b_scan
0.6683417085427136,2.2116675078937007,0.0046191048325706,6.57814257368531e-07,1.3038702600376114e-09,1.4548664192512044e-06,9.57432563944271e-10,80,b_scan
0.6783919597989949,2.2092369107697336,0.0038203255224364,6.822459268754101e-07,1.094518756295723e-09,1.5072428838754646e-06,9.728088920398904e-10,80,b_scan
0.6884422110552764,2.1694078965471792,0.0045829916007062,7.110178465738677e-07,1.435669964562042e-09,1.5424877309433192e-06,9.581001924691195e-10,80,b_scan
0.6984924623115578,2.167239984410002,0.0040013418656671,7.364466055781833e-07,1.2701759597147621e-09,1.5960565299920609e-06,1.0515247699322875e-09,80,b_scan
0.7085427135678393,2.1199712908976784,0.0032471925185541,7.700105548129751e-07,1.0713339354850967e-09,1.6324002698917004e-06,1.045717956323543e-09,80,b_scan
0.7185929648241206,2.1229710932244643,0.0031927599083375,7.943898371627211e-07,1.0886260371213843e-09,1.6864666610477463e-06,1.0447556805983647e-09,80,b_scan
0.728643216080402,2.080378026458527,0.0031004858917833,8.285018495057809e-07,1.1227715527990288e-09,1.723597042592076e-06,1.068928286238371e-09,80,b_scan
0.7386934673366834,2.0787630331243463,0.0035711073033202,8.56132564732673e-07,1.370860285211718e-09,1.7796967270202172e-06,1.107511377498659e-09,80,b_scan
0.7487437185929648,2.0397869475172365,0.0029252855968829,8.905543428236545e-07,1.1605713626221711e-09,1.8165411245464809e-06,1.0874209760087143e-09,80,b_scan
0.7587939698492463,2.040697834069152,0.0036125002939953,9.183128159395676e-07,1.5242714999411699e-09,1.8739989744858188e-06,1.1530331113983754e-09,80,b_scan
0.7688442211055276,2.0042311634216747,0.0025809865037811,9.53880727701658e-07,1.1063601548881696e-09,1.911797480647008e-06,1.0697404174321734e-09,80,b_scan
0.778894472361809,2.0050093132676903,0.0034616539244191,9.823197694319111e-07,1.602420046337239e-09,1.969560286317952e-06,1.11380091188703e-09,80,b_scan
0.7889447236180904,1.969820225796688,0.0022108883846878,1.0196094604690938e-06,1.0025337438787183e-09,2.008447337645669e-06,1.0870744009217243e-09,80,b_scan
0.7989949748743719,1.970773412890551,0.0033053302895242,1.0490740863267373e-06,1.6543950493051744e-09,2.0674873174851806e-06,1.180404109300922e-09,80,b_scan
0.8090452261306533,1.9384555554144347,0.0023472924557224,1.0869603307901628e-06,1.156886287450761e-09,2.1070242917353026e-06,1.2167909447963e-09,80,b_scan
0.8190954773869347,1.936514644841553,0.0035151417648528,1.1186771678912915e-06,1.9367208160417003e-09,2.166334718471359e-06,1.181901372889878e-09,80,b_scan
0.8291457286432161,1.907314748462014,0.0020425454629551,1.1569316710884176e-06,1.0841538453936895e-09,2.206632839229743e-06,1.143801934715098e-09,80,b_scan
0.8391959798994975,1.895423081049811,0.0025370188732644,1.1960211912949644e-06,1.453795575321592e-09,2.266966171405166e-06,1.2704527815974143e-09,80,b_scan
0.8492462311557789,1.879246371789664,0.0017857471171014,1.2280747775274743e-06,9.972036727291487e-10,2.3078550699549046e-06,1.1390966735605762e-09,80,b_scan
0.8592964824120604,1.8644328633817544,0.0018901131452938,1.2708266707713187e-06,1.11020509596135e-09,2.369371008648072e-06,1.2186615157789244e-09,80,b_scan
0.8693467336683417,1.8520095118123543,0.0014713040787201,1.3015149932046828e-06,7.936324184542202e-10,2.410418147181464e-06,1.227428056190264e-09,80,b_scan
0.8793969849246231,1.8362665445110944,0.0014400714319345,1.3466283437657472e-06,8.0055116157369e-10,2.472768575547427e-06,1.2647850636072952e-09,80,b_scan
0.8894472361809045,1.8258035572586424,0.0014559939763482,1.3770602707039668e-06,8.738843458077434e-10,2.514241540810852e-06,1.214182522969137e-09,80,b_scan
0.8994974874371859,1.8119076030374108,0.0012982659530492,1.4228250346289492e-06,7.748039894998854e-10,2.5780274980361604e-06,1.2005446041178663e-09,80,b_scan
0.9095477386934674,1.8024347551684377,0.0012980019981084,1.4535943629210622e-06,7.403660667285705e-10,2.6200089996458457e-06,1.333831838154841e-09,80,b_scan
0.9195979899497488,1.788435573292697,0.0012643207333017,1.5004870737461103e-06,7.605976700979561e-10,2.6835244599534064e-06,1.322352156405662e-09,80,b_scan
0.9296482412060302,1.7796017834015003,0.0012546237266133,1.5320392269353568e-06,8.108077427353034e-10,2.726419740495217e-06,1.269878317120602e-09,80,b_scan
0.9396984924623116,1.7661507801061391,0.0012149924020973,1.5802873417981715e-06,7.87051845131426e-10,2.791025721508698e-06,1.324498891669528e-09,80,b_scan
0.949748743718593,1.7581819336844613,0.0011087633432409,1.612348022393608e-06,6.74053754882015e-10,2.834801163784311e-06,1.3384438379054175e-09,80,b_scan
0.9597989949748744,1.7454430015540057,0.0010739427943481,1.6612030627164914e-06,6.426881205399595e-10,2.89953525997858e-06,1.387230332719247e-09,80,b_scan
0.9698492462311558,1.736816975750259,0.0011052045384751,1.694410785193622e-06,7.240382647033161e-10,2.9428814156186083e-06,1.3876358710819264e-09,80,b_scan
0.9798994974874372,1.7273441990328615,0.0011697655399156,1.742456388834252e-06,8.616290977462224e-10,3.009821935320593e-06,1.3926233296055135e-09,80,b_scan
0.9899497487437184,1.724511384579295,0.0019803801839397,1.7700617961097809e-06,1.878070969749593e-09,3.0524917188001914e-06,1.3409935858018167e-09,80,b_scan
1.0,1.744708825664074,0.0037014910753373,1.778407842981263e-06,3.692333549075179e-09,3.1028038592796186e-06,1.3537985664653039e-09,80,b_scan
-1.0,1.6184255046175504,0.0015989461913414,-1.9619742658172544e-06,1.6566743605538779e-09,-3.175309191201938e-06,1.6286456351311702e-09,90,b_scan
-0.9899497487437184,1.6170661857294977,0.0020490440459507,-1.9388722733960987e-06,1.990197953204512e-09,-3.1352847917573087e-06,2.3293942619000524e-09,90,b_scan
-0.9798994974874372,1.6292499964040226,0.0009306676236518,-1.8926981512084896e-06,4.474934057066424e-10,-3.0836784560503324e-06,1.603505876630595e-09,90,b_scan
-0.969849246231156,1.638007030388263,0.0009378420418402,-1.8431273854361264e-06,4.1853887352557877e-10,-3.019055615245513e-06,1.5867961745184363e-09,90,b_scan
-0.9597989949748744,1.643932342219585,0.0009464844271169,-1.8104750314531377e-06,4.0634503958816247e-10,-2.976298458986833e-06,1.5780207271579022e-09,90,b_scan
-0.949748743718593,1.653073616168816,0.0009565921790695,-1.761837838989543e-06,3.813590487936542e-10,-2.9124476476014955e-06,1.5630152870671447e-09,90,b_scan
-0.9396984924623116,1.6593136067745848,0.0009682883623236,-1.729601763106577e-06,3.7732546948794647e-10,-2.869951739824055e-06,1.553317629291359e-09,90,b_scan
-0.92964824120603,1.6687327351494667,0.0009801334590795,-1.6821039392678095e-06,3.5097305089836935e-10,-2.806981907380064e-06,1.5411506642296787e-09,90,b_scan
-0.9195979899497488,1.675183184325063,0.0009923325103653,-1.650569442075804e-06,3.540166853131765e-10,-2.765006173926188e-06,1.5267814470532243e-09,90,b_scan
-0.9095477386934674,1.6849655777249082,0.0010073687365714,-1.604103858674512e-06,3.4130834697995317e-10,-2.7028597849622534e-06,1.5101254507437332e-09,90,b_scan
-0.8994974874371859,1.6916783022119384,0.001019691585365,-1.5733520548140503e-06,3.3394007369747887e-10,-2.6616055328694978e-06,1.5015836404861847e-09,90,b_scan
-0.8894472361809045,1.7018993235316162,0.0010342662081486,-1.5277603482173863e-06,3.1460989268137305e-10,-2.6000943031495967e-06,1.4866272249462788e-09,90,b_scan
-0.879396984924623,1.708836777216539,0.0010444120172182,-1.4977633380978171e-06,2.9974007702949835e-10,-2.559433075708159e-06,1.4780468166533031e-09,90,b_scan
-0.8693467336683418,1.7194232393116986,0.0010799278814819,-1.453148474841943e-06,3.020377991741419e-10,-2.498577257813588e-06,1.4808727305985655e-09,90,b_scan
-0.8592964824120604,1.7267143351799887,0.001084090365311,-1.423861787248676e-06,3.0234736133208615e-10,-2.458602559357288e-06,1.4526288401387707e-09,90,b_scan
-0.8492462311557789,1.7375542106800692,0.0011134336756207,-1.3806116958674049e-06,3.3002846364947455e-10,-2.39888766546856e-06,1.426256581315946e-09,90,b_scan
-0.8391959798994975,1.7450430448503718,0.0011204606746866,-1.3519454274491435e-06,3.0568487444384307e-10,-2.3592029651873902e-06,1.417770468034021e-09,90,b_scan
-0.829145728643216,1.7564495884725149,0.0011386316085051,-1.3096504082796613e-06,2.90103158997482e-10,-2.300334920665672e-06,1.401450149517003e-09,90,b_scan
-0.8190954773869348,1.764052304833626,0.0011480466614011,-1.2818565995339115e-06,2.7164834190060957e-10,-2.261262088873991e-06,1.391425137260801e-09,90,b_scan
-0.8090452261306533,1.775857646882195,0.0011644259573081,-1.240763298244023e-06,2.581210056419598e-10,-2.2034189911574223e-06,1.370132359119768e-09,90,b_scan
-0.7989949748743719,1.7838269822684951,0.0011802675006914,-1.2137089291411775e-06,2.6229394680185087e-10,-2.1650467364222342e-06,1.3539355366499727e-09,90,b_scan
-0.7889447236180904,1.796046117644578,0.0012238783394104,-1.1736752614681272e-06,2.958446184183951e-10,-2.1079748967353148e-06,1.3345464283264167e-09,90,b_scan
-0.778894472361809,1.804258466614107,0.0012431337746011,-1.1474519720477795e-06,2.9858513753027714e-10,-2.0702999356002603e-06,1.3207937582085075e-09,90,b_scan
-0.7688442211055277,1.8167527013916407,0.0012666026139027,-1.1086539029588791e-06,2.8958099266455354e-10,-2.014149973108929e-06,1.301947288783237e-09,90,b_scan
-0.7587939698492463,1.825243293718676,0.0012837876208651,-1.0832550586257211e-06,2.8388535405992307e-10,-1.977204031143429e-06,1.2905316182247383e-09,90,b_scan
-0.7487437185929648,1.8381152423510831,0.0013888895886921,-1.0456722436735714e-06,3.866970303574755e-10,-1.9220660895998475e-06,1.2664972379323124e-09,90,b_scan
-0.7386934673366834,1.847340195090033,0.0013242331610577,-1.020773237826747e-06,2.7449405181616856e-10,-1.885715432309548e-06,1.2530250356155236e-09,90,b_scan
-0.728643216080402,1.86073966699336,0.0013725329718759,-9.84455446909966e-07,2.918794342276612e-10,-1.8318153004530487e-06,1.2372407170412675e-09,90,b_scan
-0.7185929648241207,1.8698440896929256,0.0013959215680088,-9.606234279132738e-07,2.8834140708490937e-10,-1.7962160391041932e-06,1.2277922214049656e-09,90,b_scan
-0.7085427135678393,1.883765350734754,0.0014264167632388,-9.25519466880771e-07,2.8580809866638145e-10,-1.743461503140498e-06,1.2054029802812886e-09,90,b_scan
-0.6984924623115578,1.8952692409087268,0.0020848637443157,-9.014234737342803e-07,7.674663211682004e-10,-1.7084401828016772e-06,1.190044923329466e-09,90,b_scan
-0.6884422110552764,1.9077803451434787,0.0014961182474285,-8.684064293054895e-07,2.9741062848103327e-10,-1.6567287174252426e-06,1.1687964278026828e-09,90,b_scan
-0.6783919597989949,1.9197588781970367,0.0021345541830611,-8.451950357204214e-07,7.217050127230534e-10,-1.6225706736323403e-06,1.1555173426502628e-09,90,b_scan
-0.6683417085427137,1.932717418616438,0.0015618564403285,-8.1327925997629e-07,2.930340685438126e-10,-1.5718389919556622e-06,1.136977594726463e-09,90,b_scan
-0.6582914572864322,1.9450198893383897,0.0022068596371658,-7.910883996642685e-07,6.86875417346038e-10,-1.5386826715718795e-06,1.123846807243336e-09,90,b_scan
-0.6482412060301508,1.9584920407196296,0.0016320964324257,-7.60368524067662e-07,2.9289369358275524e-10,-1.489175702400248e-06,1.10046201355712e-09,90,b_scan
-0.6381909547738693,1.9713798835670475,0.0022327729403033,-7.387962323520894e-07,6.30464256068749e-10,-1.4564480305140352e-06,1.084573722602903e-09,90,b_scan
-0.6281407035175879,1.9853428756576268,0.0017183859785724,-7.093726745059532e-07,3.0242775868768913e-10,-1.4083479855165908e-06,1.0608464047892442e-09,90,b_scan
-0.6180904522613067,1.998780415971929,0.0023119781682245,-6.886570230537599e-07,6.0008634946219e-10,-1.3764741710013848e-06,1.0470506854263079e-09,90,b_scan
-0.6080402010050252,2.013182352923973,0.0018008189168748,-6.60438081917568e-07,2.9827682242544005e-10,-1.329582291715405e-06,1.026606742153941e-09,90,b_scan
-0.5979899497487438,2.0270505587791763,0.0024010110839361,-6.406671474383095e-07,5.724126345455667e-10,-1.298664699206286e-06,1.0098970031850627e-09,90,b_scan
-0.5879396984924623,2.04186831865582,0.0018869165335503,-6.135976596926739e-07,2.945388215566657e-10,-1.252885621727826e-06,9.893558481183768e-10,90,b_scan
-0.5778894472361809,2.057934025471425,0.0033129266297932,-5.939369702075093e-07,8.137748545858341e-10,-1.2222830999754414e-06,1.033015226257016e-09,90,b_scan
-0.5678391959798996,2.0717567102603565,0.0020014573921653,-5.687282185561246e-07,3.0042294314817863e-10,-1.1782665031080697e-06,9.530517373875323e-10,90,b_scan
-0.5577889447236182,2.088444950821841,0.0034238284088388,-5.499829016707559e-07,7.647106186047096e-10,-1.148609014032635e-06,9.976363833713203e-10,90,b_scan
-0.5477386934673367,2.1023687029248608,0.0021191407133932,-5.259762283159331e-07,2.9843958403923465e-10,-1.1057959608938788e-06,9.212513371146652e-10,90,b_scan
-0.5376884422110553,2.119496470746735,0.003529885292445,-5.080608283888081e-07,7.130751952585415e-10,-1.0768331326947414e-06,9.654328950486767e-10,90,b_scan
-0.5276381909547738,2.1347297452577765,0.0023145527346828,-4.852077660911742e-07,2.9717986077070237e-10,-1.0357874509049072e-06,9.266902470578704e-10,90,b_scan
-0.5175879396984926,2.151910453772574,0.003666013214238,-4.681719040760945e-07,6.7475817735597e-10,-1.0074640145439586e-06,9.151009313847811e-10,90,b_scan
-0.5075376884422111,2.166685535066557,0.0023602168316041,-4.464807137292788e-07,2.907433037424166e-10,-9.673833041234208e-07,8.447721352914043e-10,90,b_scan
-0.4974874371859297,2.185124133277583,0.0037676764841524,-4.303095766736262e-07,6.232351848082349e-10,-9.40279840770001e-07,8.797058489299865e-10,90,b_scan
-0.4874371859296482,2.200043044277195,0.0025114517190357,-4.097251783399216e-07,2.8778986655557416e-10,-9.014130286719776e-07,8.111548899433181e-10,90,b_scan
-0.4773869346733668,2.218713726925069,0.0038975000943311,-3.944683073734581e-07,5.804949457240995e-10,-8.752122484063888e-07,8.395843886098843e-10,90,b_scan
-0.4673366834170853,2.233613849501813,0.00266803578154,-3.749984469032519e-07,2.8451317582857323e-10,-8.376017245447735e-07,7.727664599906053e-10,90,b_scan
-0.4572864321608041,2.252737853034835,0.004000073226855,-3.60591575385245e-07,5.330568372256229e-10,-8.123182913558056e-07,7.99053479223648e-10,90,b_scan
-0.4472361809045226,2.2676350914585184,0.002833785308896,-3.422127528854094e-07,2.786598980482742e-10,-7.760136471875767e-07,7.356176002971084e-10,90,b_scan
-0.4371859296482412,2.287086655685753,0.0041251902537352,-3.286007361785696e-07,4.907845270454402e-10,-7.515383587625212e-07,7.599727665735763e-10,90,b_scan
-0.4271356783919597,2.301681508593433,0.0030030007032648,-3.1134316433690346e-07,2.7022575665121977e-10,-7.16612804181217e-07,6.980730655714207e-10,90,b_scan
-0.4170854271356783,2.321393981519274,0.0043450463230671,-2.9855916525176205e-07,4.6448744596783477e-10,-6.930734493428587e-07,7.21266454110592e-10,90,b_scan
-0.4070351758793971,2.3389956985223592,0.0032698165224374,-2.819573279991095e-07,2.744991172616813e-10,-6.594969773567751e-07,6.616331027710755e-10,90,b_scan
-0.3969849246231156,2.354804269919969,0.0044438682340784,-2.703972575079098e-07,4.2077169685672904e-10,-6.367326165542754e-07,6.797882735503217e-10,90,b_scan
-0.3869346733668342,2.3720028586136253,0.0033298215731618,-2.548144137176331e-07,2.4295837915850847e-10,-6.044205177541808e-07,6.22743964083678e-10,90,b_scan
-0.3768844221105527,2.3874076485318594,0.0045742553998938,-2.4404396340646177e-07,3.82940708282056e-10,-5.826324248146161e-07,6.405797011299291e-10,90,b_scan
-0.3668341708542713,2.40395465117056,0.003533073002053,-2.2942282491029778e-07,2.3240003195826984e-10,-5.515220670277993e-07,5.872796922745283e-10,90,b_scan
-0.35678391959799,2.419096212335344,0.0047989091610617,-2.1940968826670893e-07,3.567207092049806e-10,-5.307731458356741e-07,6.033135209915307e-10,90,b_scan
-0.3467336683417086,2.434305320378248,0.00367925159199,-2.058068427921131e-07,2.1327625856142724e-10,-5.009966923790906e-07,5.512054100714306e-10,90,b_scan
-0.3366834170854271,2.44877547124306,0.0049181374304542,-1.9640576853515933e-07,3.1994734079774917e-10,-4.809536283995401e-07,5.64996310272355e-10,90,b_scan
-0.3266331658291457,2.4627011967021746,0.0038190220590424,-1.837853559403486e-07,1.9442973731057126e-10,-4.526084160106316e-07,5.131911493195402e-10,90,b_scan
-0.3165829145728642,2.4647904995101784,0.0093026648225246,-1.729887914179018e-07,5.823901879661904e-10,-4.2638112960859217e-07,7.274157798339983e-10,90,b_scan
-0.306532663316583,2.4890577918825225,0.0040888528319518,-1.632798961413831e-07,1.8811433978140727e-10,-4.064130977484786e-07,4.759091044682883e-10,90,b_scan
-0.2964824120603015,2.498316620710022,0.0045562905681406,-1.520049992067886e-07,2.0971648478036169e-10,-3.797566159493335e-07,4.529397067373693e-10,90,b_scan
-0.2864321608040201,2.512918228683195,0.0042145038280004,-1.442485943875174e-07,1.6757801598571404e-10,-3.624849222983209e-07,4.384666250698945e-10,90,b_scan
-0.2763819095477386,2.520861205215507,0.0048701186070777,-1.337690096362535e-07,1.9897024240844667e-10,-3.372131068521308e-07,4.157349388855387e-10,90,b_scan
-0.2663316582914572,2.53441025937503,0.004412470942993,-1.2658819703737037e-07,1.5363744007272957e-10,-3.208264252872993e-07,4.0047444726376246e-10,90,b_scan
-0.256281407035176,2.540131078534847,0.0052020844894338,-1.1690587254620065e-07,1.8748325623713782e-10,-2.96956240117838e-07,3.782255959686319e-10,90,b_scan
-0.2462311557788945,2.553146375210253,0.0046274685635978,-1.102593113974189e-07,1.3993891870015138e-10,-2.8150816122749853e-07,3.642440550716427e-10,90,b_scan
-0.2361809045226131,2.557165562500474,0.0056946714802544,-1.0130172323288885e-07,1.81963177460508e-10,-2.590452780730975e-07,3.4099443499670155e-10,90,b_scan
-0.2261306532663316,2.570013300457173,0.004849555452357,-9.514934430992e-08,1.2677943128790167e-10,-2.4453508040627346e-07,3.267379593879797e-10,90,b_scan
-0.2160804020100502,2.5718683329992333,0.0061602765178009,-8.688765332481735e-08,1.7096967703460628e-10,-2.234636041147133e-07,3.0520234300513985e-10,90,b_scan
-0.2060301507537689,2.58370748823606,0.0051445251966217,-8.1257077048686e-08,1.1622409220844435e-10,-2.099445184428645e-07,2.908174582015644e-10,90,b_scan
-0.1959798994974875,2.5828235088702978,0.0066744736805232,-7.369027676248319e-08,1.5956903245639298e-10,-1.9032897919730014e-07,2.684251678143254e-10,90,b_scan
-0.185929648241206,2.5987563637284947,0.0071138114939833,-6.833366696140729e-08,1.5593315161811024e-10,-1.775825518728608e-07,2.6850044014047207e-10,90,b_scan
-0.1758793969849246,2.591402590753596,0.0073666562266993,-6.160904289857093e-08,1.5034031391756265e-10,-1.5965383338120618e-07,2.3280909460424223e-10,90,b_scan
-0.1658291457286431,2.6074920800833223,0.0073413687058446,-5.671008040019808e-08,1.327943930142521e-10,-1.47871085504405e-07,2.3115823368836563e-10,90,b_scan
-0.1557788944723619,2.597282649254426,0.008201672763553,-5.063071843427821e-08,1.4051092507016495e-10,-1.3150228650863705e-07,1.9812122295980647e-10,90,b_scan
-0.1457286432160804,2.6128774621146613,0.0077949667636755,-4.619731633819057e-08,1.1578386048896792e-10,-1.2070792667023956e-07,1.9532768439093248e-10,90,b_scan
-0.135678391959799,2.5979519169105907,0.0093182258740701,-4.074476704359642e-08,1.31655875439798e-10,-1.058529456449868e-07,1.6480331001473506e-10,90,b_scan
-0.1256281407035175,2.613710944778532,0.0082243368658922,-3.6772886488143524e-08,9.793114832458847e-11,-9.61136958851593e-08,1.6108400971320563e-10,90,b_scan
-0.1155778894472361,2.607564262484207,0.0071155991839764,-3.173542706227312e-08,7.007061541950949e-11,-8.275216546225755e-08,1.326983638366845e-10,90,b_scan
-0.1055276381909549,2.6128330859744384,0.0089003998751922,-2.839184848181264e-08,8.304501239728676e-11,-7.41831610852532e-08,1.2951899273883692e-10,90,b_scan
-0.0954773869346734,2.602343569773905,0.0077851864953074,-2.3985480126130584e-08,5.949959699047486e-11,-6.241845997417572e-08,1.0437289415160151e-10,90,b_scan
-0.085427135678392,2.606739036439589,0.0097599936223719,-2.1070220143648023e-08,6.886148333366877e-11,-5.4924565354823055e-08,1.0034090899486087e-10,90,b_scan
-0.0753768844221105,2.5908922718362266,0.008939598678541,-1.7289967849329254e-08,5.1505119575893325e-11,-4.4796444081124e-08,7.799420429130869e-11,90,b_scan
-0.0653266331658291,2.595113741641176,0.0107221749091725,-1.4793085802369387e-08,5.4166452059056566e-11,-3.8389740247005784e-08,7.347806515593459e-11,90,b_scan
-0.0552763819095476,2.5775058686387218,0.0105390080848387,-1.1609971604928432e-08,4.22487738254912e-11,-2.9924769946431953e-08,5.579371802586175e-11,90,b_scan
-0.0452261306532664,2.583918772150227,0.0133172673897793,-9.535687061280962e-09,4.496364089089468e-11,-2.4639440802993912e-08,5.1263357205818826e-11,90,b_scan
-0.0351758793969849,2.562181285070096,0.0136592728168469,-6.8940353682359635e-09,3.3681824369475245e-11,-1.766376839910551e-08,3.768305810734112e-11,90,b_scan
-0.0251256281407035,2.572790322481286,0.0194964936146119,-5.166682694913173e-09,3.6764782076890805e-11,-1.3292791236804144e-08,3.464204543226661e-11,90,b_scan
-0.015075376884422,2.52043155106624,0.0271343923451225,-2.917067861895729e-09,2.968679788825183e-11,-7.352269875723333e-09,2.5818857701301883e-11,90,b_scan
-0.0050251256281406,2.4654760618994973,0.0603212207657924,-1.3998634476910103e-09,3.262366747419455e-11,-3.451329820210285e-09,2.5708275602383208e-11,90,b_scan
0.0050251256281407,3.280787829916871,0.1416321728578868,7.017576760097091e-10,2.935194900042584e-11,2.302318043003401e-09,2.4605922401058705e-11,90,b_scan
0.015075376884422,2.900820595184193,0.0439509226296706,2.2216730350070606e-09,3.21493480849401e-11,6.444674895713855e-09,2.893322084862723e-11,90,b_scan
0.0251256281407035,2.925452014255906,0.0235664375189497,4.4638644905796454e-09,3.3755567124422616e-11,1.3058821365331637e-08,3.626112768049125e-11,90,b_scan
0.0351758793969849,2.9320067005525514,0.0184036403273234,6.168043274749913e-09,3.583062045205285e-11,1.8084744210864853e-08,4.299822335625712e-11,90,b_scan
0.0452261306532663,3.000547554568211,0.0158506067772763,8.746300037928897e-09,4.2169494113455873e-11,2.6243689190327403e-08,5.664973284732181e-11,90,b_scan
0.0552763819095477,3.019577403560447,0.0133668576592846,1.0751237970762593e-08,4.2671579987670046e-11,3.24641952368158e-08,6.364183195074873e-11,90,b_scan
0.0653266331658291,3.074629530914609,0.0129622386329651,1.3809664868076488e-08,5.180859861844221e-11,4.2459603415421976e-08,8.166072104132574e-11,90,b_scan
0.0753768844221105,3.087332366596649,0.0112160529946272,1.618608803823706e-08,5.1347833316753666e-11,4.997183348903213e-08,8.847123524519522e-11,90,b_scan
0.085427135678392,3.1267596344765813,0.011538353680099,1.9801637692411362e-08,6.388114123941119e-11,6.191496143316185e-08,1.1093185543737339e-10,90,b_scan
0.0954773869346733,3.1451384593185367,0.0112358743076763,2.2585990539226403e-08,5.954136783720616e-11,7.103606748672557e-08,1.7126709123563447e-10,90,b_scan
0.1055276381909547,3.139398878156053,0.0112618912140709,2.6797052856869414e-08,7.802908230728169e-11,8.412663767674428e-08,1.762581079185667e-10,90,b_scan
0.1155778894472361,3.142868193359419,0.0086139378417668,3.0016196756460977e-08,6.743271995925036e-11,9.433695007149937e-08,1.481108485482164e-10,90,b_scan
0.1256281407035175,3.151505865464326,0.0098341154080117,3.4862932800696073e-08,9.281052015991512e-11,1.0987073720868233e-07,1.7886127498354002e-10,90,b_scan
0.135678391959799,3.1413451522143263,0.0079065203036147,3.8547594760761455e-08,7.788808028699756e-11,1.2109129993124034e-07,1.817255688660896e-10,90,b_scan
0.1457286432160803,3.140269233545536,0.0091233154998088,4.402396298315172e-08,1.0799153774495667e-10,1.382470964947389e-07,2.1520742346660467e-10,90,b_scan
0.1557788944723618,3.1146706875199786,0.0102435541872215,4.8345163150231043e-08,1.4299352196376928e-10,1.5057926254739566e-07,2.1653582394073846e-10,90,b_scan
0.1658291457286431,3.117404749340671,0.0083878713713757,5.4320802494984114e-08,1.2166805275403602e-10,1.6933992768586005e-07,2.524762586925639e-10,90,b_scan
0.1758793969849246,3.090006967357741,0.0092186357772158,5.914246837549305e-08,1.5627816451780328e-10,1.8275063934700842e-07,2.531088162822498e-10,90,b_scan
0.185929648241206,3.0861298559044714,0.007890613442424,6.580139903434308e-08,1.3928620637939278e-10,2.0307166212016986e-07,2.9121634995687445e-10,90,b_scan
0.1959798994974874,3.057195230230219,0.0083763944454927,7.11326042249907e-08,1.70390806083699e-10,2.1746625835049562e-07,2.8924648613045725e-10,90,b_scan
0.2060301507537688,3.0484237494386,0.0075169206891169,7.847707311867652e-08,1.6038276775544758e-10,2.392313734814031e-07,3.300780031172406e-10,90,b_scan
0.2160804020100502,3.018657026876398,0.0075507827186057,8.434768952349654e-08,1.812198569521302e-10,2.546167456808916e-07,3.2615461221689757e-10,90,b_scan
0.2261306532663316,3.0007904295360333,0.0056763250501711,9.267910745342977e-08,1.3122924949044756e-10,2.781105786641937e-07,3.488337842989027e-10,90,b_scan
0.2361809045226131,2.97508029890476,0.0067406312860698,9.88977782710142e-08,1.877901131867195e-10,2.942288317395456e-07,3.6368242660155694e-10,90,b_scan
0.2462311557788944,2.9546867955947733,0.0053330666171438,1.079961808223852e-07,1.4447035531430436e-10,3.190948894505671e-07,3.8665995959877084e-10,90,b_scan
0.2562814070351759,2.928268330925024,0.0062465973958713,1.1479014627885857e-07,2.0284867103974767e-10,3.3613635005063254e-07,4.0165548124127934e-10,90,b_scan
0.2663316582914573,2.905459728789579,0.0050132610020057,1.2474097788672265e-07,1.5800758546764863e-10,3.624298877797041e-07,4.24635418393869e-10,90,b_scan
0.2763819095477386,2.878529478708064,0.0057684335058082,1.3216007830986057e-07,2.1629196495884166e-10,3.804266813232999e-07,4.39947018314269e-10,90,b_scan
0.2864321608040201,2.853949665704699,0.0046944960139964,1.430036202591164e-07,1.7046020712415642e-10,4.08125134233067e-07,4.6261902058589366e-10,90,b_scan
0.2964824120603014,2.826658488990849,0.0053305481381264,1.5106922829898185e-07,2.2917394582655223e-10,4.270211165966136e-07,4.783706600606308e-10,90,b_scan
0.3065326633165829,2.80059577478057,0.0044701745415056,1.6286724636597005e-07,1.8860488960779075e-10,4.5612532202268187e-07,5.010468143378639e-10,90,b_scan
0.3165829145728643,2.7730774418109,0.0049071130286677,1.7162298129287568e-07,2.3978366066056203e-10,4.759238179196076e-07,5.168293325750855e-10,90,b_scan
0.3266331658291457,2.7459706437789166,0.0042406264649363,1.844439312348304e-07,2.0595686604869358e-10,5.064776205940214e-07,5.402983814616922e-10,90,b_scan
0.3366834170854271,2.718497486185821,0.0045379849203446,1.939637248939252e-07,2.5099570703500447e-10,5.27289898535374e-07,5.56043185770461e-10,90,b_scan
0.3467336683417085,2.6906174465114385,0.0040516304469794,2.078214027351319e-07,2.2778356964338827e-10,5.591678919576257e-07,5.773821529385346e-10,90,b_scan
0.3567839195979899,2.658800478690059,0.0052428630226543,2.22349876979684e-07,3.621413603836739e-10,5.911839593502596e-07,6.571685002621457e-10,90,b_scan
0.3668341708542714,2.63534276007593,0.0038350605000431,2.330863629141282e-07,2.4706112204149705e-10,6.142624589781784e-07,6.124855931820531e-10,90,b_scan
0.3768844221105527,2.605570976208885,0.0049366862315582,2.487494860224287e-07,3.937975837755953e-10,6.481344411269177e-07,6.74659070005846e-10,90,b_scan
0.3869346733668342,2.580548340539844,0.0036826796739136,2.603416297672499e-07,2.721164225642885e-10,6.71824160669315e-07,6.527729487500851e-10,90,b_scan
0.3969849246231155,2.550802872112667,0.0047254719040548,2.772042255471019e-07,4.3035237801584556e-10,7.070933346873151e-07,7.147379794870237e-10,90,b_scan
0.4070351758793969,2.5262955123990616,0.0035255466776816,2.896650790623739e-07,2.980305549695714e-10,7.317795893339945e-07,6.89947653461973e-10,90,b_scan
0.4170854271356784,2.497207093261188,0.0045549514979518,3.077207690536045e-07,4.721801465112268e-10,7.684424872244491e-07,7.578128230726865e-10,90,b_scan
0.4271356783919597,2.473262178283484,0.003374659739109,3.210912284734348e-07,3.244000803591767e-10,7.94142791161927e-07,7.28288476333883e-10,90,b_scan
0.4371859296482412,2.4447723028792345,0.0043312357048056,3.4044353957028364e-07,5.076058056528533e-10,8.323069362356001e-07,7.963911768317869e-10,90,b_scan
0.4472361809045225,2.4175739412097306,0.0030316787505692,3.553149308376594e-07,3.1338318233192566e-10,8.59000117715863e-07,7.657432396054811e-10,90,b_scan
0.457286432160804,2.393642609059852,0.0042167789372966,3.7542406234702106e-07,5.61803769464767e-10,8.98631032100172e-07,8.35326639610231e-10,90,b_scan
0.4673366834170854,2.3675217649654865,0.0028051336477643,3.912346496130753e-07,3.177621813995229e-10,9.262565481676016e-07,7.990380639280335e-10,90,b_scan
0.4773869346733668,2.34418373238076,0.0040461162775343,4.126429247098244e-07,6.07922379435654e-10,9.673108313867887e-07,8.698909976911695e-10,90,b_scan
0.4874371859296482,2.3190609930199924,0.0026176984651689,4.294716066238264e-07,3.2280482328608327e-10,9.95970850530942e-07,8.387363471082722e-10,90,b_scan
0.4974874371859297,2.297122895085775,0.0039145878876706,4.522304103727457e-07,6.57404075911157e-10,1.0388288295212691e-06,9.238128482453843e-10,90,b_scan
0.507537688442211,2.270593797090817,0.0026332990295257,4.704266117991398e-07,3.8665878529371716e-10,1.0681477467375766e-06,8.73941292568021e-10,90,b_scan
0.5175879396984925,2.252299944891321,0.0038011792097455,4.937694455904598e-07,7.203615608126176e-10,1.1121168950924103e-06,9.43592503761945e-10,90,b_scan
0.5276381909547738,2.226319835058991,0.0023970112651923,5.132358715444593e-07,3.7454125522166237e-10,1.1426272008832185e-06,9.045262027290423e-10,90,b_scan
0.5376884422110553,2.205230307719669,0.004040025446004,5.385596676881232e-07,8.715398853485551e-10,1.1876481017012829e-06,1.0199047828865007e-09,90,b_scan
0.5477386934673367,2.185013622264329,0.0023423373043105,5.580675867059341e-07,3.9540604415229176e-10,1.219385279096646e-06,9.809618527852603e-10,90,b_scan
0.5577889447236181,2.163637236173214,0.00350100551431,5.850888024768641e-07,8.100154155486174e-10,1.2659199195069378e-06,1.060379184196418e-09,90,b_scan
0.5678391959798995,2.143014872937387,0.0020543948119918,6.059552801602672e-07,3.453738613944414e-10,1.2985711777183935e-06,1.0009473444083715e-09,90,b_scan
0.5778894472361809,2.122178384913893,0.0034763782840611,6.343720976352039e-07,8.974443303231646e-10,1.3462507535939157e-06,1.1118290044760732e-09,90,b_scan
0.5879396984924623,2.1017685819209766,0.0022418748829898,6.564391881434746e-07,4.997555866630789e-10,1.3796832615816675e-06,1.0307709116587956e-09,90,b_scan
0.5979899497487438,2.083435392762856,0.0031798138622976,6.857131797564739e-07,8.939518996063916e-10,1.428639107988596e-06,1.133775535532383e-09,90,b_scan
0.6080402010050251,2.065899185376727,0.0022522480604679,7.081034865708296e-07,5.81234263127864e-10,1.4628704160690968e-06,1.0495779649499371e-09,90,b_scan
0.6180904522613065,2.0455135932792867,0.0023378145018507,7.401155863470119e-07,6.593884815168493e-10,1.5139164924706826e-06,1.0837647019337727e-09,90,b_scan
0.6281407035175879,2.0274042157509986,0.0017731687657696,7.636115892830794e-07,4.026846682262738e-10,1.5481493553088352e-06,1.0802002726032764e-09,90,b_scan
0.6381909547738693,2.009311435821672,0.00233590002048,7.967236335604985e-07,7.451597372033663e-10,1.6008659081025047e-06,1.105345191386754e-09,90,b_scan
0.6482412060301508,1.9923543303496496,0.0016205169943017,8.209137629633443e-07,3.2197704658416603e-10,1.6355510904836451e-06,1.1654175873718856e-09,90,b_scan
0.6582914572864322,1.973861827672103,0.0022122155383789,8.556746341479857e-07,7.707954023131993e-10,1.688983497252001e-06,1.12624097680198e-09,90,b_scan
0.6683417085427136,1.9591835203108792,0.0015134220022167,8.80488944242024e-07,3.2655914265947465e-10,1.725039429374898e-06,1.1689151978216203e-09,90,b_scan
0.6783919597989949,1.942230371475512,0.0021384510412369,9.16245841912812e-07,8.013850893266959e-10,1.779560501901214e-06,1.19013756828898e-09,90,b_scan
0.6884422110552764,1.927077671121764,0.0013905203380938,9.423920888988364e-07,3.194564374052837e-10,1.816062751958744e-06,1.1568075417157027e-09,90,b_scan
0.6984924623115578,1.91092933772524,0.0021127199377619,9.796154455374531e-07,8.669177066043114e-10,1.8719758945663013e-06,1.2405962678153723e-09,90,b_scan
0.7085427135678393,1.897034414295952,0.0014526339931831,1.0062868506416835e-06,3.9776069437020895e-10,1.908960786320764e-06,1.251955201005103e-09,90,b_scan
0.7185929648241206,1.880598188465905,0.0020610795587237,1.0450434444614818e-06,9.339337914299935e-10,1.9653068085224323e-06,1.246828502709498e-09,90,b_scan
0.728643216080402,1.867825861304533,0.0012896711654783,1.0728460683882703e-06,3.236501958797541e-10,2.003889631734504e-06,1.244569580973572e-09,90,b_scan
0.7386934673366834,1.8509789998028248,0.0011978520683391,1.1135863289318616e-06,3.210256037524153e-10,2.0612249093203965e-06,1.194249933483111e-09,90,b_scan
0.7487437185929648,1.84033555111392,0.0012498508013874,1.1410687628064e-06,3.397467679202234e-10,2.099949410458195e-06,1.281800879570976e-09,90,b_scan
0.7587939698492463,1.823698846493488,0.0012355859317487,1.1835288390675673e-06,3.253860633063843e-10,2.1584001785992982e-06,1.3365407771760523e-09,90,b_scan
0.7688442211055276,1.814055721527421,0.001231511852902,1.2115983886134137e-06,3.7889401451592943e-10,2.197906989057567e-06,1.3243589286892382e-09,90,b_scan
0.778894472361809,1.7980393661173548,0.0011904751771434,1.255096640500238e-06,3.4157515342571136e-10,2.2567131679010698e-06,1.3621009233320459e-09,90,b_scan
0.7889447236180904,1.7886789397232512,0.0011408030745023,1.284367833725852e-06,3.242902993638058e-10,2.297321695043406e-06,1.3455048059124863e-09,90,b_scan
0.7989949748743719,1.7730514794480627,0.0013973990775111,1.3296753983999404e-06,7.28791017573594e-10,2.3575829323187067e-06,1.3351960460372487e-09,90,b_scan
0.8090452261306533,1.7661580060112296,0.0013386791991054,1.3577631530651176e-06,6.307630823578414e-10,2.398024263053008e-06,1.4361917625616979e-09,90,b_scan
0.8190954773869347,1.7512476286123126,0.0010145960676686,1.4041418989718077e-06,2.8448573000507007e-10,2.4590001708095675e-06,1.334684220978775e-09,90,b_scan
0.8291457286432161,1.7427613552886143,0.0010416082029004,1.4349351028136985e-06,2.8205802012460057e-10,2.5007494445308083e-06,1.411495021172595e-09,90,b_scan
0.8391959798994975,1.7296474208589636,0.0010310619182385,1.4814768179625375e-06,2.837842029071598e-10,2.562432557251248e-06,1.4464814303438279e-09,90,b_scan
0.8492462311557789,1.7213136492747343,0.0010335587880632,1.5127797884828665e-06,3.797007080668476e-10,2.6039684982625034e-06,1.420389621143661e-09,90,b_scan
0.8592964824120604,1.7091414692287077,0.0009468678073677,1.5607162063982364e-06,2.7660593884971917e-10,2.6674847900525363e-06,1.4001315027167795e-09,90,b_scan
0.8693467336683417,1.7006061086627746,0.0010344500202888,1.59269564299734e-06,2.6437081888928004e-10,2.708547939721862e-06,1.585034867887042e-09,90,b_scan
0.8793969849246231,1.689107423290439,0.0009327855665582,1.64160509008338e-06,2.20837472483424e-10,2.7728473437712072e-06,1.4851368784098502e-09,90,b_scan
0.8894472361809045,1.6816982261285292,0.0009578982192818,1.6743136151504902e-06,3.18478459996957e-10,2.8156902365814243e-06,1.5117520220177915e-09,90,b_scan
0.8994974874371859,1.670796751931507,0.0010834348977089,1.7234864025314716e-06,6.329002510262304e-10,2.8795954833477004e-06,1.5390122939568703e-09,90,b_scan
0.9095477386934674,1.6629988763719934,0.000984329119998,1.7577202454611696e-06,4.616905123741145e-10,2.9230867931782296e-06,1.5504849507881347e-09,90,b_scan
0.9195979899497488,1.6534641933591778,0.0010548565737976,1.8073838152804927e-06,7.035091977219246e-10,2.988444422223194e-06,1.5105501079454161e-09,90,b_scan
0.9296482412060302,1.645392334884943,0.0009875245264148,1.8427013753071589e-06,5.328908037681641e-10,3.0319667184123417e-06,1.594537900572701e-09,90,b_scan
0.9396984924623116,1.6372220801514312,0.0010908327363032,1.892105862008576e-06,8.634997720718879e-10,3.097797495264397e-06,1.503766284167964e-09,90,b_scan
0.949748743718593,1.6290704931763054,0.0010021808089986,1.9284942274996306e-06,6.199158283154873e-10,3.141653042280481e-06,1.6478646819953847e-09,90,b_scan
0.9597989949748744,1.6196544778700368,0.0009511083175782,1.98087942914075e-06,6.032834958279681e-10,3.208340237528458e-06,1.6108466379295107e-09,90,b_scan
0.9698492462311558,1.6137736457995022,0.001020518664868,2.015621806584024e-06,8.279827600257225e-10,3.25275735136408e-06,1.5639044268520104e-09,90,b_scan
0.9798994974874372,1.604662173711353,0.0009239471787769,2.069151555488301e-06,6.244271395823251e-10,3.3202892327680845e-06,1.628169323735795e-09,90,b_scan
0.9899497487437184,1.5992707064945122,0.0009663363686917,2.103711174767036e-06,7.621834691232996e-10,3.364403656730078e-06,1.6269121946929355e-09,90,b_scan
1.0,1.5943105532048725,0.0018450139075942,2.141411944947677e-06,2.218197222727316e-09,3.414075662589053e-06,1.76155822009066e-09,90,b_scan
-1.0,1.4860442908155729,0.0035736736115559,-2.467369577188972e-06,5.715303809916558e-09,-3.666620473513705e-06,2.369651622296841e-09,100,c_scan
-0.9899497487437184,1.491252953507188,0.0036030938493486,-2.4258476099844763e-06,5.677170732786723e-09,-3.617552413147703e-06,2.1731361602015803e-09,100,c_scan
-0.9798994974874372,1.4958907566387123,0.0036823084853131,-2.389163646669455e-06,5.688781372235367e-09,-3.573927815150076e-06,2.231996378026958e-09,100,c_scan
-0.9698492462311558,1.502876517572448,0.003777957951712,-2.3342033891101667e-06,5.6803297174427405e-09,-3.5080194607316933e-06,2.211062538511605e-09,100,c_scan
-0.9597989949748744,1.5073558739184847,0.0038222958852484,-2.29792232083168e-06,5.633806945141774e-09,-3.46378670811403e-06,2.2428551223507543e-09,100,c_scan
-0.949748743718593,1.5144026542937077,0.0039563196181027,-2.243784754636597e-06,5.668436090701856e-09,-3.3979935880854173e-06,2.26126422031434e-09,100,c_scan
-0.9396984924623116,1.5194161573606435,0.0040735593672021,-2.207924893838454e-06,5.729202490790655e-09,-3.354756757936931e-06,2.2619240319653182e-09,100,c_scan
-0.9296482412060302,1.5272621718870325,0.0041100483188516,-2.154416153653417e-06,5.612403728764426e-09,-3.2903582939772245e-06,2.221293852529537e-09,100,c_scan
-0.9195979899497488,1.5324656010651756,0.0040902518545397,-2.118924675782824e-06,5.468901958962476e-09,-3.247179176885357e-06,2.208216119945225e-09,100,c_scan
-0.9095477386934674,1.5401698157868968,0.0041576350937356,-2.0662630646624385e-06,5.385229877757076e-09,-3.182396003668417e-06,2.237869671313307e-09,100,c_scan
-0.8994974874371859,1.5457247845829103,0.0042393152403318,-2.031348034601621e-06,5.381087059741369e-09,-3.1399050031975093e-06,2.230372795977347e-09,100,c_scan
-0.8894472361809045,1.5548324232531257,0.0039659644924955,-1.978116808538497e-06,4.8296156206786095e-09,-3.075640150897651e-06,2.271014725072288e-09,100,c_scan
-0.8793969849246231,1.558908319732872,0.0056641673126809,-1.946499233184188e-06,6.913511669891099e-09,-3.034413848964485e-06,2.324222402645722e-09,100,c_scan
-0.8693467336683417,1.568062399111218,0.0036744690413303,-1.8946026584658177e-06,4.200564003522309e-09,-2.970855189996402e-06,2.253766713312304e-09,100,c_scan
-0.8592964824120604,1.572873280188451,0.0054959089109811,-1.862632525624212e-06,6.349371184757191e-09,-2.929684930364253e-06,2.248994198465332e-09,100,c_scan
-0.8492462311557789,1.5828551833695548,0.0048951999568881,-1.8109664545324752e-06,5.404124012356771e-09,-2.866497639465113e-06,2.327874284148285e-09,100,c_scan
-0.8391959798994975,1.589401293688203,0.0049651393397328,-1.7779358242845045e-06,5.356813735366797e-09,-2.825853499212393e-06,2.331934463468242e-09,100,c_scan
-0.8291457286432161,1.5986708604761075,0.0050553466138073,-1.7288946542784235e-06,5.270459620582383e-09,-2.7639335046278305e-06,2.323251490586841e-09,100,c_scan
-0.8190954773869347,1.6048759534067425,0.0051957871812522,-1.6965973370274229e-06,5.294022570842908e-09,-2.7228282688092253e-06,2.3496312280315382e-09,100,c_scan
-0.8090452261306533,1.6152123118604411,0.0052581663247959,-1.6482531978394091e-06,5.179238264395465e-09,-2.662278858213557e-06,2.2650580504494844e-09,100,c_scan
-0.7989949748743719,1.623361825700808,0.0048008669209911,-1.6150985936069267e-06,4.563284340281876e-09,-2.621889401604548e-06,2.2904452492007047e-09,100,c_scan
-0.7889447236180904,1.6320654175746394,0.0061313327348485,-1.5696302484181162e-06,5.719133031239093e-09,-2.5617392468222977e-06,2.344439559256444e-09,100,c_scan
-0.778894472361809,1.6385609793399878,0.0051321970815855,-1.5392100354235928e-06,4.620375408032468e-09,-2.5220895030536194e-06,2.2552276268945124e-09,100,c_scan
-0.7688442211055276,1.649274016896767,0.005486520592197,-1.49274262365264e-06,4.760911301137415e-09,-2.461941623104609e-06,2.328271762707189e-09,100,c_scan
-0.7587939698492463,1.6569912035640009,0.0057530264065602,-1.462385741811424e-06,4.885233992289473e-09,-2.423160310398946e-06,2.292458784724874e-09,100,c_scan
-0.7487437185929648,1.6682143754283325,0.0060130955057067,-1.4173985639002763e-06,4.9133288604096284e-09,-2.364524660009915e-06,2.3363104801465928e-09,100,c_scan
-0.7386934673366834,1.675410511270293,0.0061320716093266,-1.3877087610678073e-06,4.885361090439877e-09,-2.32498184487488e-06,2.3276828635646863e-09,100,c_scan
-0.728643216080402,1.68808014825408,0.0067623133270545,-1.3432824468393872e-06,5.208135317225369e-09,-2.267568432007736e-06,2.284443519153921e-09,100,c_scan
-0.7185929648241206,1.6952893540705356,0.0065442570454132,-1.3150597987293409e-06,4.9005241937934406e-09,-2.2294068767519926e-06,2.2461356128469463e-09,100,c_scan
-0.7085427135678393,1.7073343714975342,0.0067643674972664,-1.272392420415672e-06,4.858367050578016e-09,-2.1723993134086177e-06,2.296647404829537e-09,100,c_scan
-0.6984924623115578,1.7155269520503709,0.006970931120249,-1.2439980614831992e-06,4.880830410272756e-09,-2.1341122027728422e-06,2.2561321216258567e-09,100,c_scan
-0.6884422110552764,1.728663664183666,0.0072148456541275,-1.2023460729311208e-06,4.8343326172011255e-09,-2.078451968049953e-06,2.326536574637477e-09,100,c_scan
-0.6783919597989949,1.737519083023198,0.0070692326952835,-1.1745765357216448e-06,4.599953620805402e-09,-2.040849145287637e-06,2.250673334543742e-09,100,c_scan
-0.6683417085427136,1.7486682571905912,0.0089087972103239,-1.1357877862580771e-06,5.633091038389458e-09,-1.986116048734272e-06,2.313779703643939e-09,100,c_scan
-0.6582914572864322,1.7587462591588747,0.0079487515041764,-1.1081788191986986e-06,4.838025025178062e-09,-1.9490053527448103e-06,2.278471610401625e-09,100,c_scan
-0.6482412060301508,1.7736724286836476,0.0081363499633982,-1.0687621094451244e-06,4.735500460681973e-09,-1.8956338863445925e-06,2.2517376160405983e-09,100,c_scan
-0.6381909547738693,1.7826199871217177,0.0084669466384577,-1.0428454727646948e-06,4.7963217427515325e-09,-1.8589971832297411e-06,2.2047849814849168e-09,100,c_scan
-0.6281407035175879,1.7945339895690835,0.0075049466416487,-1.0061626412262708e-06,4.024399606218862e-09,-1.8055930587151465e-06,2.205542903623228e-09,100,c_scan
-0.6180904522613065,1.8058285971355512,0.0084123803600168,-9.80221122939946e-07,4.4086742881317106e-09,-1.7701113353212774e-06,2.148008542883821e-09,100,c_scan
-0.6080402010050251,1.8230850350285643,0.0101965172880093,-9.422319281981224e-07,5.127107076290073e-09,-1.717768927824106e-06,2.221372920828458e-09,100,c_scan
-0.5979899497487438,1.8283423911298904,0.0079510150632035,-9.202875434276934e-07,3.816053564952276e-09,-1.6826007276776416e-06,2.2050960763646393e-09,100,c_scan
-0.5879396984924623,1.8467660068190013,0.0092893585345976,-8.837059864684916e-07,4.284374485572148e-09,-1.6319981758324628e-06,2.1875095178926316e-09,100,c_scan
-0.5778894472361809,1.856351552950387,0.0095625067920765,-8.60419140675245e-07,4.2645958310532385e-09,-1.5972404079807285e-06,2.2413646586817403e-09,100,c_scan
-0.5678391959798995,1.8733404186651388,0.0096896212453095,-8.259036438968213e-07,4.1286319239245e-09,-1.547198678034735e-06,2.055041442862117e-09,100,c_scan
-0.5577889447236181,1.8860414111565087,0.0091309868398867,-8.026795126172792e-07,3.703211034378587e-09,-1.5138868006831126e-06,2.221715622452541e-09,100,c_scan
-0.5477386934673367,1.8995926106006165,0.0111620338375184,-7.710030296692889e-07,4.403693736430369e-09,-1.464591657910469e-06,2.021288302283827e-09,100,c_scan
-0.5376884422110553,1.9116586744087545,0.0108751009542,-7.489341850799529e-07,4.1094650087882124e-09,-1.4317065314693436e-06,2.149797386020803e-09,100,c_scan
-0.5276381909547738,1.929813065059669,0.0112408248456998,-7.17147043355079e-07,4.033728089197311e-09,-1.3839597338355444e-06,2.094989762892987e-09,100,c_scan
-0.5175879396984925,1.9413046659855744,0.0115146100313931,-6.964070428512308e-07,3.988743073670049e-09,-1.35193824171231e-06,2.083826764448945e-09,100,c_scan
-0.507537688442211,1.9604405354528185,0.0118780888050758,-6.658869042385618e-07,3.907298263879622e-09,-1.305431679096466e-06,1.97069036925918e-09,100,c_scan
-0.4974874371859297,1.9715489256125789,0.0122227065187109,-6.45971886343371e-07,3.8707031467307515e-09,-1.2735651784962038e-06,2.025553650165914e-09,100,c_scan
-0.4874371859296482,1.991029594938809,0.0125905664551104,-6.166731671454166e-07,3.776497423680947e-09,-1.2278145261911714e-06,1.935630533615511e-09,100,c_scan
-0.4773869346733668,2.003277076645537,0.0129269649597304,-5.975895900345756e-07,3.728148634474739e-09,-1.1971375269582697e-06,1.974137135693947e-09,100,c_scan
-0.4673366834170854,2.0237597871921613,0.0132881738860298,-5.694959096387023e-07,3.621769181921492e-09,-1.1525229208972263e-06,1.882836383255949e-09,100,c_scan
-0.457286432160804,2.036525742882837,0.0136966478330591,-5.512589136060866e-07,3.585548202119006e-09,-1.1226529685524217e-06,1.920528610984097e-09,100,c_scan
-0.4472361809045225,2.05798770462982,0.0141764905075956,-5.24391565522973e-07,3.501309767718636e-09,-1.079191394257861e-06,1.8284980923832401e-09,100,c_scan
-0.4371859296482412,2.071705212613312,0.0144751712583268,-5.068813880437536e-07,3.427161358008294e-09,-1.0501088137869152e-06,1.850260166045926e-09,100,c_scan
-0.4271356783919597,2.0936471308624887,0.0148967191264626,-4.812761381520411e-07,3.317722789509772e-09,-1.0076224057945997e-06,1.7753683285202612e-09,100,c_scan
-0.4170854271356784,2.1076346654080744,0.0152459776438921,-4.645951514332185e-07,3.2499404020452642e-09,-9.791968465411648e-07,1.803777379836118e-09,100,c_scan
-0.4070351758793969,2.1309764806685614,0.0158166980693506,-4.402154042041636e-07,3.167567372650651e-09,-9.380886727870768e-07,1.708007290546899e-09,100,c_scan
-0.3969849246231155,2.1456893434396345,0.0161615813918967,-4.243324960765853e-07,3.0920211335094462e-09,-9.104857149066694e-07,1.7360190695375731e-09,100,c_scan
-0.3869346733668342,2.1703611687165285,0.0167438394924466,-4.010777777906372e-07,2.999990443899608e-09,-8.704836345519154e-07,1.644719546802682e-09,100,c_scan
-0.3768844221105527,2.185806494264771,0.0171169406508968,-3.859873516311567e-07,2.924683782438789e-09,-8.43693659899442e-07,1.6684202877804399e-09,100,c_scan
-0.3668341708542714,2.211912525072796,0.0176907878749538,-3.638698516269985e-07,2.8215561133201514e-09,-8.048482823101376e-07,1.576802395726308e-09,100,c_scan
-0.3567839195979899,2.2359288912262203,0.0153818664486733,-3.477770622132945e-07,2.273646880164368e-09,-7.776047811084838e-07,1.665109745700773e-09,100,c_scan
-0.3467336683417085,2.255606237406801,0.0187391886460762,-3.2858675053383057e-07,2.6472121411863143e-09,-7.411623240333407e-07,1.5035038483637516e-09,100,c_scan
-0.3366834170854271,2.282668965854888,0.0193201435393306,-3.0837783939374174e-07,2.529955864132638e-09,-7.039245237414771e-07,1.464718050105075e-09,100,c_scan
-0.3266331658291457,2.3013921017449626,0.0197582786142532,-2.952390128901027e-07,2.457031510227795e-09,-6.794607323922615e-07,1.4332849580748951e-09,100,c_scan
-0.3165829145728643,2.3302009751285286,0.0204669836082528,-2.760591547721411e-07,2.350600781099601e-09,-6.432733116432006e-07,1.386363245893858e-09,100,c_scan
-0.3065326633165829,2.3498745595403294,0.0208742794322631,-2.6369954465731975e-07,2.270504002201485e-09,-6.196608513526047e-07,1.3540493272117994e-09,100,c_scan
-0.2964824120603014,2.3804728470498926,0.0216221645258251,-2.456236162743174e-07,2.16264028252361e-09,-5.847003491352146e-07,1.304917568229478e-09,100,c_scan
-0.2864321608040201,2.401227204109995,0.0222657087955237,-2.339819687265993e-07,2.1036506877977514e-09,-5.618438685775243e-07,1.2750217079214947e-09,100,c_scan
-0.2763819095477386,2.433443300788792,0.0230149264826463,-2.170100617868851e-07,1.989808942331883e-09,-5.280816810590574e-07,1.2243071138398415e-09,100,c_scan
-0.2663316582914573,2.4556167240105733,0.0235455399768606,-2.0604408102631146e-07,1.9151494022337936e-09,-5.059652912516e-07,1.191324562830395e-09,100,c_scan
-0.2562814070351759,2.489575643443866,0.0243941190917449,-1.901563865506545e-07,1.8059984472086462e-09,-4.734087084018061e-07,1.1410400853519824e-09,100,c_scan
-0.2462311557788944,2.513144172024397,0.0250066215100219,-1.7990873380621576e-07,1.735105439249374e-09,-4.521365858613798e-07,1.107075385636192e-09,100,c_scan
-0.2361809045226131,2.5493792650365426,0.0258589605023426,-1.6506842355677596e-07,1.6222093092299111e-09,-4.208220163279142e-07,1.0567237187373535e-09,100,c_scan
-0.2261306532663316,2.574271307094895,0.0265532985621197,-1.5551287811717553e-07,1.5543817771833347e-09,-4.003323400207905e-07,1.020084791553329e-09,100,c_scan
-0.2160804020100502,2.612906924166134,0.0275545334346079,-1.4168184776421593e-07,1.4474892875976664e-09,-3.70201481051772e-07,9.67648319198636e-10,100,c_scan
-0.2060301507537688,2.637428328871616,0.0281328349003823,-1.3285532650549992e-07,1.3689800343809296e-09,-3.503964017670935e-07,9.66071730211345e-10,100,c_scan
-0.1959798994974874,2.6803305784014104,0.0290930719241661,-1.2007188818766034e-07,1.2613747892294283e-09,-3.218323535157811e-07,8.788467326092043e-10,100,c_scan
-0.185929648241206,2.7062839237744374,0.0297769861258728,-1.119347854055277e-07,1.1883583099871222e-09,-3.0292731025412106e-07,8.755255046867756e-10,100,c_scan
-0.1758793969849246,2.752267419535183,0.0308336264101667,-1.0017113826710976e-07,1.0850163049474195e-09,-2.7569776023032016e-07,7.886536631432945e-10,100,c_scan
-0.1658291457286431,2.779610902080566,0.0316204668520286,-9.270699268688133e-08,1.0165131556979764e-09,-2.576893675715586e-07,7.809086616341745e-10,100,c_scan
-0.1557788944723618,2.8280272306590164,0.0327123787385746,-8.20231658936479e-08,9.164780472386727e-10,-2.3196374669209818e-07,6.941616979589262e-10,100,c_scan
-0.1457286432160803,2.856641189969879,0.0335326457381355,-7.526041790296272e-08,8.503490434582259e-10,-2.1499200975594978e-07,6.842763230313302e-10,100,c_scan
-0.135678391959799,2.907808191553106,0.0346260818049708,-6.563568265893037e-08,7.535992698583596e-10,-1.9085597569381788e-07,6.027455807658632e-10,100,c_scan
-0.1256281407035175,2.937640128988114,0.0357069488269002,-5.956992146512126e-08,6.955129061062412e-10,-1.7499499177661058e-07,5.91485399510564e-10,100,c_scan
-0.1155778894472361,2.990996289641686,0.0367563653548585,-5.098643756899806e-08,6.027851664242795e-10,-1.525002455909207e-07,5.114794723656733e-10,100,c_scan
-0.1055276381909547,3.014418609759048,0.0379489794716138,-4.5663811012365695e-08,5.444048162869628e-10,-1.376498417081953e-07,5.566274251572801e-10,100,c_scan
-0.0954773869346733,3.087847510800189,0.0389286681982354,-3.8180497883924016e-08,4.600593964626633e-10,-1.1789555535198665e-07,4.370924826582593e-10,100,c_scan
-0.085427135678392,3.1048705952504965,0.0397698716819331,-3.356783194501324e-08,4.1077597948817376e-10,-1.0422377435238189e-07,3.943764923283886e-10,100,c_scan
-0.0753768844221105,3.1566216145288832,0.0409671016728722,-2.7136071256879283e-08,3.369509392225613e-10,-8.56583090628611e-08,3.2333357911139144e-10,100,c_scan
-0.0653266331658291,3.181455153185721,0.0420845868474932,-2.320421926033564e-08,2.9161429507783154e-10,-7.382318294144616e-08,3.0478811501045874e-10,100,c_scan
-0.0552763819095477,3.229244357324107,0.044558669563872,-1.7825585390278398e-08,2.351126251334428e-10,-5.756317103755557e-08,2.3334132978973976e-10,100,c_scan
-0.0452261306532663,3.248603186104888,0.0452929765393607,-1.4551895405145852e-08,1.9191525010345192e-10,-4.7273333777021895e-08,2.1380608342240787e-10,100,c_scan
-0.0351758793969849,3.297783606009282,0.0462595424539929,-1.0090929594064956e-08,1.3434093519653424e-10,-3.327770218470131e-08,1.4707375347404194e-10,100,c_scan
-0.0251256281407035,3.3186843889515387,0.0479520145673908,-7.379836625922054e-09,9.962285882124348e-11,-2.449134860346032e-08,1.2618310762230202e-10,100,c_scan
-0.015075376884422,3.445852451188925,0.0518838175750601,-3.630726963479653e-09,5.0694560923959417e-11,-1.2510949406704086e-08,7.050047910602079e-11,100,c_scan
-0.0050251256281407,3.782129837818162,0.0725858729565561,-1.3012879061878827e-09,2.0570965762851126e-11,-4.921639817585113e-09,5.355939102548005e-11,100,c_scan
0.0050251256281406,2.7705271481530085,0.0475381785641283,2.101072812421712e-09,3.0542970152073266e-11,5.8210792670605465e-09,5.3063009383314036e-11,100,c_scan
0.015075376884422,2.974222658572524,0.0438694834022715,4.372573613423381e-09,6.06031018283521e-11,1.3005007517320157e-08,6.562671108371408e-11,100,c_scan
0.0251256281407035,3.003551004495779,0.045919281364087,7.93940499207206e-09,1.148366321904866e-10,2.3846407839036842e-08,1.1808627939673638e-10,100,c_scan
0.0351758793969849,3.0110241352132032,0.044930074606281,1.0478676150607808e-08,1.4959460681437188e-10,3.155154679456309e-08,1.3700375765348727e-10,100,c_scan
0.0452261306532664,2.9835305207905374,0.0444545656156678,1.4619156095677508e-08,2.0765533813087367e-10,4.361669839965488e-08,1.962585589865324e-10,100,c_scan
0.0552763819095476,2.9715962451773725,0.044573295125553,1.7640790423360237e-08,2.54584361389135e-10,5.242130658401825e-08,2.1437137128219543e-10,100,c_scan
0.0653266331658291,2.933528108191634,0.0437321671376824,2.259907599377577e-08,3.232849585731042e-10,6.62950246469e-08,2.7812358270970063e-10,100,c_scan
0.0753768844221105,2.915375276765626,0.0425631981955969,2.6228799988884402e-08,3.6926514729938384e-10,7.646679502682412e-08,2.95559771694593e-10,100,c_scan
0.085427135678392,2.875484493579638,0.0420949118560587,3.211930773459433e-08,4.5280074880010784e-10,9.235857133533856e-08,3.6442369205846203e-10,100,c_scan
0.0954773869346734,2.8556020530583903,0.0413509431468657,3.634354092345647e-08,5.092467874534355e-10,1.0378269007643393e-07,3.7922494288881175e-10,100,c_scan
0.1055276381909549,2.814924919826067,0.0402066877840938,4.318312122644585e-08,5.956178415402512e-10,1.215572440561924e-07,4.511230934077181e-10,100,c_scan
0.1155778894472361,2.793891719825177,0.0392220151416882,4.8021701985685007e-08,6.532667136382458e-10,1.341674355497176e-07,4.6519456440162767e-10,100,c_scan
0.1256281407035175,2.7534419406992057,0.0380607192482707,5.58183648949583e-08,7.463178320994713e-10,1.5369262696303034e-07,5.391247620482998e-10,100,c_scan
0.135678391959799,2.7316703899544352,0.0373355700969573,6.134203771560293e-08,8.137581249761184e-10,1.6756622808718077e-07,5.512079975245206e-10,100,c_scan
0.1457286432160804,2.693642987625606,0.0362164764866175,7.002028453335258e-08,9.122323371203508e-10,1.886096484248149e-07,6.267034994140385e-10,100,c_scan
0.1557788944723619,2.672502216217688,0.0353895117194064,7.616558371029187e-08,9.799995371279623e-10,2.035526912652689e-07,6.372534818942386e-10,100,c_scan
0.1658291457286431,2.635057133576906,0.03399034001028,8.580852772114245e-08,1.0730444113490024e-09,2.2611037309332814e-07,7.155185846226482e-10,100,c_scan
0.1758793969849246,2.614723231151656,0.0333184892314544,9.254814354077009e-08,1.1464475543737083e-09,2.419877809160096e-07,7.228451165083935e-10,100,c_scan
0.185929648241206,2.5796072106436245,0.0321359521047651,1.0314056236000377e-07,1.246690247305816e-09,2.660621383737041e-07,8.022303437434956e-10,100,c_scan
0.1959798994974875,2.559847302535208,0.0312942358181229,1.1048770943923445e-07,1.3133426890211994e-09,2.8283166497131814e-07,8.07738366492246e-10,100,c_scan
0.2060301507537689,2.527420015976754,0.0299000495441869,1.220450178686751e-07,1.403346274719786e-09,3.0845902101153e-07,8.580199085572247e-10,100,c_scan
0.2160804020100502,2.506597961368416,0.0292373549093857,1.3002403461484834e-07,1.474287203306126e-09,3.2591798009447506e-07,8.919269661783581e-10,100,c_scan
0.2261306532663316,2.475399122758538,0.0283381386289411,1.425422745047608e-07,1.586845859306948e-09,3.528490212650916e-07,9.417139473418707e-10,100,c_scan
0.2361809045226131,2.4554257491918383,0.0275340543980248,1.5118047376004714e-07,1.6483690450753443e-09,3.712124280454408e-07,9.723681905534296e-10,100,c_scan
0.2462311557788945,2.4257505866041105,0.026537954061117,1.6464331656707538e-07,1.751465075585865e-09,3.993836217430293e-07,1.0198059485888578e-09,100,c_scan
0.256281407035176,2.406456880330362,0.025968388444423,1.7393618219701904e-07,1.8254578086299926e-09,4.185699223864119e-07,1.050914703324812e-09,100,c_scan
0.2663316582914572,2.377996040958985,0.0253372836863422,1.883726659841667e-07,1.953268350365557e-09,4.479494539352377e-07,1.0978833254023634e-09,100,c_scan
0.2763819095477386,2.3592597125909225,0.0247699915984028,1.983474059935871e-07,2.026873916982105e-09,4.679530440575853e-07,1.1275708261338015e-09,100,c_scan
0.2864321608040201,2.331781635177768,0.0238927835791934,2.138074655993113e-07,2.1323194123870637e-09,4.985523217483764e-07,1.1723936786437884e-09,100,c_scan
0.2964824120603015,2.314094185087488,0.023339233010273,2.244071515806325e-07,2.2027719153418884e-09,5.192992845647881e-07,1.2031633686623002e-09,100,c_scan
0.306532663316583,2.2881402916170086,0.0224861295837268,2.4084187339355776e-07,2.3031679107579237e-09,5.51079994420322e-07,1.247454593150976e-09,100,c_scan
0.3165829145728642,2.266894627117327,0.0310796263147738,2.535392924372943e-07,3.418331040644165e-09,5.747468597892312e-07,1.4303785197036783e-09,100,c_scan
0.3266331658291457,2.2462946457616964,0.0212262152119786,2.6956957792708815e-07,2.4790526412705467e-09,6.055326995578584e-07,1.3154436885598935e-09,100,c_scan
0.3366834170854271,2.220939381551125,0.0204905765342422,2.875987140900588e-07,2.57745107139652e-09,6.38739310206074e-07,1.399953543944799e-09,100,c_scan
0.3467336683417086,2.2060619760311933,0.0200141277009903,3.000250505070704e-07,2.6482509535692042e-09,6.618738557804862e-07,1.387634946820559e-09,100,c_scan
0.35678391959799,2.182102651984274,0.0192718597418191,3.19120859598126e-07,2.736656387321989e-09,6.963544740325718e-07,1.4704966208385263e-09,100,c_scan
0.3668341708542713,2.167785528819754,0.0188581659862601,3.321350747636641e-07,2.8105156908336367e-09,7.199976086861381e-07,1.4529948221692974e-09,100,c_scan
0.3768844221105527,2.1441914495479413,0.0183303172515917,3.5237185929487106e-07,2.9260796170612244e-09,7.555527277613728e-07,1.5348620872256631e-09,100,c_scan
0.3869346733668342,2.130475443087434,0.0178345244151174,3.661698212896337e-07,2.9816444116552075e-09,7.801158122572789e-07,1.5149244911804884e-09,100,c_scan
0.3969849246231156,2.1082839412038914,0.0172261778200448,3.873769506587898e-07,3.072936856251214e-09,8.167006042664587e-07,1.598965586252289e-09,100,c_scan
0.4070351758793971,2.0948189415144016,0.016885012652246,4.019929834585293e-07,3.151272158917941e-09,8.421025161048124e-07,1.579408636621356e-09,100,c_scan
0.4170854271356783,2.073717215980748,0.0163272260706825,4.2423179347364793e-07,3.2421258027074913e-09,8.797367736926925e-07,1.6657361561711507e-09,100,c_scan
0.4271356783919597,2.061020699835382,0.0158789695469859,4.394657932771262e-07,3.29104405374477e-09,9.05748096813734e-07,1.6396038443233463e-09,100,c_scan
0.4371859296482412,2.040715617317346,0.0153890444973389,4.628441938803732e-07,3.386317246088127e-09,9.445333748363352e-07,1.7257247561721063e-09,100,c_scan
0.4472361809045226,2.028430021776169,0.014991681092953,4.788484084290703e-07,3.4388104566145876e-09,9.713104875372632e-07,1.696564399109242e-09,100,c_scan
0.4572864321608041,2.0088138504102058,0.0144736596363347,5.033865736011372e-07,3.517134002196843e-09,1.011209921160501e-06,1.7791981712850579e-09,100,c_scan
0.4673366834170853,1.997568195010022,0.0141310767958242,5.200873042932691e-07,3.573189497778964e-09,1.0389098576847336e-06,1.7512774336460652e-09,100,c_scan
0.4773869346733668,1.9785629606765407,0.0136295222464121,5.457338805871447e-07,3.6429592978409054e-09,1.079768842515999e-06,1.836431853977187e-09,100,c_scan
0.4874371859296482,1.967600839065875,0.0133282838930879,5.631214238060571e-07,3.702932945115361e-09,1.1079981859767682e-06,1.8020576349577387e-09,100,c_scan
0.4974874371859297,1.9500847686903056,0.012811830239856,5.897872301751107e-07,3.751501373939877e-09,1.1501350943325268e-06,1.891252910326229e-09,100,c_scan
0.5075376884422111,1.9395578097829869,0.0124622329583574,6.079351633813497e-07,3.7871557722535e-09,1.1791253939779929e-06,1.8558672508591078e-09,100,c_scan
0.5175879396984926,1.9225215792144088,0.0120593928927346,6.357519366987854e-07,3.857478220758753e-09,1.222246817330768e-06,1.9445394443889264e-09,100,c_scan
0.5276381909547738,1.9122897184744547,0.0117982986115869,6.54711098725709e-07,3.914648114011685e-09,1.251997302664287e-06,1.9047907777459024e-09,100,c_scan
0.5376884422110553,1.896112219110111,0.0113691404073254,6.836032418546738e-07,3.962722818861751e-09,1.2961884599039317e-06,1.986704680220246e-09,100,c_scan
0.5477386934673367,1.886595246218575,0.0111642355645718,7.032078427929323e-07,4.0313829995259795e-09,1.326668573316765e-06,1.9467271155712183e-09,100,c_scan
0.5577889447236182,1.8711916283993668,0.0108553692769162,7.332477985725478e-07,4.112773720147364e-09,1.3720471422312166e-06,2.0325567373622664e-09,100,c_scan
0.5678391959798996,1.862028910036944,0.0105467672398809,7.535802426681114e-07,4.133274673714468e-09,1.403188197880679e-06,1.983786563767315e-09,100,c_scan
0.5778894472361809,1.8471480045148647,0.0102558032948479,7.847952152371758e-07,4.209522399233389e-09,1.449632915778163e-06,2.078829722533664e-09,100,c_scan
0.5879396984924623,1.8383141374276928,0.0100781955402053,8.059115940148257e-07,4.278626402737233e-09,1.4815186767943417e-06,2.025739208186809e-09,100,c_scan
0.5979899497487438,1.8246846601984703,0.0097501569495073,8.381262375133559e-07,4.336519231675561e-09,1.5293160889004803e-06,2.041383153688239e-09,100,c_scan
0.6080402010050252,1.815740049339435,0.0095341903729188,8.599735424358327e-07,4.371306621982034e-09,1.5614884023730476e-06,2.056120494255785e-09,100,c_scan
0.6180904522613067,1.8025913789816448,0.0092227947562373,8.932675415390415e-07,4.422153446030019e-09,1.6101963695024044e-06,2.080726866465176e-09,100,c_scan
0.6281407035175879,1.7939730738010773,0.0089649165775171,9.159644202295308e-07,4.425024651519124e-09,1.643215506451593e-06,2.100396659345372e-09,100,c_scan
0.6381909547738693,1.7814740272325194,0.008766182946472,9.502710309874088e-07,4.5232469561016195e-09,1.6928831605355372e-06,2.112093554448194e-09,100,c_scan
0.6482412060301508,1.773433572654066,0.0086161996864929,9.73602959182218e-07,4.576790571894908e-09,1.726620174249092e-06,2.1193169190945503e-09,100,c_scan
0.6582914572864322,1.7615157175567155,0.0083081500339855,1.0090558359043049e-06,4.6021164237896395e-09,1.777467714837763e-06,2.1360221513989648e-09,100,c_scan
0.6683417085427137,1.7527230658575366,0.0087600047015145,1.0335071486777708e-06,5.017614747153971e-09,1.8114518182161832e-06,2.1501909859867753e-09,100,c_scan
0.6783919597989949,1.742117472141268,0.007802247380667,1.0696057712502696e-06,4.625101896346291e-09,1.863378902398231e-06,2.172942049756665e-09,100,c_scan
0.6884422110552764,1.734501271671357,0.0075610218625266,1.0944170935043955e-06,4.6010136680772104e-09,1.8982678404222448e-06,2.1877739640849604e-09,100,c_scan
0.6984924623115578,1.7231865435687757,0.0073807136737793,1.1321863364953929e-06,4.677656600736004e-09,1.950968259861291e-06,2.2039091376682068e-09,100,c_scan
0.7085427135678393,1.7158032051328052,0.0072228755609801,1.157817688635992e-06,4.700722567682683e-09,1.986587301121091e-06,2.209851566408004e-09,100,c_scan
0.7185929648241207,1.704962141843086,0.0071190902568387,1.1966182310713872e-06,4.824499233899325e-09,2.040188782215957e-06,2.215899810831144e-09,100,c_scan
0.728643216080402,1.6979849463542167,0.0070065311801548,1.2228026651345035e-06,4.873883469429689e-09,2.076300517760203e-06,2.217049443116077e-09,100,c_scan
0.7386934673366834,1.687905977061583,0.006796182621804,1.26257293791071e-06,4.911863278379319e-09,2.13110440837569e-06,2.211616500295676e-09,100,c_scan
0.7487437185929648,1.6808891385718314,0.0067115519221652,1.2896013583099748e-06,4.974344906781611e-09,2.1676769162707174e-06,2.2363439603480474e-09,100,c_scan
0.7587939698492463,1.670756890138854,0.0064879195568473,1.330643417387162e-06,4.9874974788700774e-09,2.223181657917512e-06,2.2568544971890313e-09,100,c_scan
0.7688442211055277,1.6643284009849384,0.0063715863443023,1.3581618584169531e-06,5.021277908395399e-09,2.26042735409782e-06,2.246153560231167e-09,100,c_scan
0.778894472361809,1.6546263330904294,0.0062494435653565,1.400237238529494e-06,5.110082442949245e-09,2.3168694074447256e-06,2.2545741919612467e-09,100,c_scan
0.7889447236180904,1.64836225743761,0.0060867669015332,1.428493275217508e-06,5.09468010090824e-09,2.3546743998719764e-06,2.25322472761145e-09,100,c_scan
0.7989949748743719,1.638982692136547,0.0059310875360621,1.4715890372493989e-06,5.144988346010824e-09,2.411908961989649e-06,2.2521748711926833e-09,100,c_scan
0.8090452261306533,1.63297009019709,0.0058144432784879,1.5005880670962008e-06,5.159281004838416e-09,2.45041543127476e-06,2.2687629637682315e-09,100,c_scan
0.8190954773869348,1.6238769200434746,0.0056123706105634,1.54456284319258e-06,5.151319276100802e-09,2.50817995261716e-06,2.273897718129385e-09,100,c_scan
0.829145728643216,1.6182019225682227,0.0054561415465587,1.5741484940072153e-06,5.118065800235816e-09,2.547290119410348e-06,2.2747544029439296e-09,100,c_scan
0.8391959798994975,1.6095212060699513,0.0053077379506166,1.6191936923482835e-06,5.1491962602475824e-09,2.606126584569268e-06,2.2747723166423304e-09,100,c_scan
0.8492462311557789,1.603879729437081,0.0051606798846465,1.649567489498164e-06,5.117624012524879e-09,2.64570785874452e-06,2.257687135286882e-09,100,c_scan
0.8592964824120604,1.595284554995945,0.0050587687347794,1.695807746318014e-06,5.1855862699522e-09,2.705295905943609e-06,2.2715766945896204e-09,100,c_scan
0.8693467336683418,1.589767334080353,0.0050066725513822,1.726748772008562e-06,5.2460191751893485e-09,2.745128791902576e-06,2.2772470289542907e-09,100,c_scan
0.879396984924623,1.5814968129562217,0.0048647361561561,1.7739848051885058e-06,5.263100476060621e-09,2.805551315638385e-06,2.279127061831254e-09,100,c_scan
0.8894472361809045,1.5761369568647658,0.0047873731665043,1.805665399812408e-06,5.290644855236004e-09,2.8459759683763287e-06,2.278219142246101e-09,100,c_scan
0.8994974874371859,1.568290506445623,0.004633510453563,1.8535913179181607e-06,5.279466925862649e-09,2.906969666721083e-06,2.282671204009836e-09,100,c_scan
0.9095477386934674,1.5631526910088385,0.0045606491260422,1.8858416006025125e-06,5.305087510880112e-09,2.9478583727982324e-06,2.281040152795273e-09,100,c_scan
0.9195979899497488,1.5554979514851648,0.0044954098264039,1.9347243925482174e-06,5.396126037262129e-09,3.009459829297132e-06,2.278337937577836e-09,100,c_scan
0.92964824120603,1.5504226418221445,0.004451468242111,1.967874675127986e-06,5.454916581170936e-09,3.051037452586826e-06,2.28217976210402e-09,100,c_scan
0.9396984924623116,1.5430772180033367,0.0043071275074826,2.0175871797844823e-06,5.433836748838157e-09,3.1132928124610367e-06,2.2827225184720434e-09,100,c_scan
0.949748743718593,1.5382820881867345,0.0042058840957152,2.051203036569746e-06,5.4071842674931685e-09,3.15532889038948e-06,2.2895112761884876e-09,100,c_scan
0.9597989949748744,1.5310823620225895,0.0040722319690377,2.102060855633239e-06,5.386227571591571e-09,3.2184282999581656e-06,2.294763948282687e-09,100,c_scan
0.969849246231156,1.526420784023388,0.0040416032852876,2.136095887736828e-06,5.452963780701529e-09,3.260581159708384e-06,2.2917468043491646e-09,100,c_scan
0.9798994974874372,1.5195738839114254,0.0039520267219782,2.187626169580729e-06,5.488417066827652e-09,3.324259595056063e-06,2.277967479101714e-09,100,c_scan
0.9899497487437184,1.509293512363332,0.0038893637378451,2.238739993472215e-06,5.488682069851461e-09,3.378915748015942e-06,2.681684724733048e-09,100,c_scan
1.0,1.5100239485860945,0.0038113406126492,2.261215865055641e-06,5.509023660830891e-09,3.414490109156841e-06,2.2522750593390264e-09,100,c_scan
-1.0,2.943474935752494,0.008175742956635,-4.053251714062573e-08,1.1030536570580863e-10,-1.1930644828639018e-07,6.631125172841785e-11,10,c_scan
-0.9899497487437184,2.948126445096406,0.0069126522760221,-3.900046663260635e-08,8.878299829925261e-11,-1.1497830705068677e-07,6.459643163429573e-11,10,c_scan
-0.9798994974874372,2.9523939470632645,0.0062612667029236,-3.7675125662612767e-08,7.673691197404156e-11,-1.112318129611458e-07,6.570875348891849e-11,10,c_scan
-0.9698492462311558,2.957609117456539,0.0057376840400795,-3.576772299931072e-08,6.580068465234936e-11,-1.0578694365342133e-07,6.513633033550021e-11,10,c_scan
-0.9597989949748744,2.9623802918475675,0.0051139761412165,-3.4536765440569935e-08,5.5514445209696106e-11,-1.0231103328530653e-07,6.441490108588759e-11,10,c_scan
-0.949748743718593,2.97009895656909,0.0042275609890102,-3.2743207511679985e-08,4.1718412034329986e-11,-9.725056646516589e-08,6.170925430649074e-11,10,c_scan
-0.9396984924623116,2.9745481085067964,0.0038862346721156,-3.160209220020123e-08,3.575905941199153e-11,-9.400194357896597e-08,6.139316896607321e-11,10,c_scan
-0.9296482412060302,2.983426110934169,0.0044227652423364,-2.9937098659295364e-08,3.966673217557651e-11,-8.93151218257541e-08,5.938021894660263e-11,10,c_scan
-0.9195979899497488,2.989833622983827,0.0044236963374037,-2.88664012781993e-08,3.7955119738602336e-11,-8.630573711610359e-08,5.855529433350896e-11,10,c_scan
-0.9095477386934674,3.0022285961504864,0.0048397766152451,-2.7302895391486928e-08,3.969205366953199e-11,-8.196953330202738e-08,5.7102983495189216e-11,10,c_scan
-0.8994974874371859,3.010074183190257,0.0044583332926076,-2.6304316674991612e-08,3.4325262524123884e-11,-7.917794452985323e-08,5.5477045935215375e-11,10,c_scan
-0.8894472361809045,3.021568062910623,0.0039337334649454,-2.486709195162235e-08,2.7479200573524148e-11,-7.51376108584839e-08,5.171871986868375e-11,10,c_scan
-0.8793969849246231,3.0304820596258426,0.0041249494080688,-2.394123687595368e-08,2.7900205133231064e-11,-7.255348883783029e-08,5.1028826291984376e-11,10,c_scan
-0.8693467336683417,3.044212182267532,0.0041404169347415,-2.260454155151008e-08,2.608875238713692e-11,-6.881302076567959e-08,4.9517840050460765e-11,10,c_scan
-0.8592964824120604,3.053875315700547,0.0043404076082013,-2.174884514017647e-08,2.6824079661373144e-11,-6.641826131857874e-08,4.691144711233928e-11,10,c_scan
-0.8492462311557789,3.070058744198348,0.0060440510234752,-2.051057931890428e-08,3.7692293839996186e-11,-6.29686833865759e-08,4.4466405980164806e-11,10,c_scan
-0.8391959798994975,3.080758261133836,0.0063213896005789,-1.9722941278124282e-08,3.784340062241671e-11,-6.07616142764389e-08,4.4179432233923896e-11,10,c_scan
-0.8291457286432161,3.0979362398730976,0.0075595693895478,-1.858480595773965e-08,4.2939675116854735e-11,-5.757454388749111e-08,4.5197733553031606e-11,10,c_scan
-0.8190954773869347,3.109814149191966,0.0085221182425991,-1.7857622798436012e-08,4.663582053583817e-11,-5.5533888049509344e-08,4.611801481669654e-11,10,c_scan
-0.8090452261306533,3.127107195534729,0.0100011442686393,-1.681150384800841e-08,5.195577787997692e-11,-5.2571374650866894e-08,4.326910556515195e-11,10,c_scan
-0.7989949748743719,3.1396220789691363,0.0107097910884101,-1.613850430259903e-08,5.335961521577163e-11,-5.066880442997832e-08,4.251698876057784e-11,10,c_scan
-0.7889447236180904,3.159908340527212,0.0106730824282045,-1.5168577732051708e-08,4.9575867180700297e-11,-4.7931315289445536e-08,4.085702016458644e-11,10,c_scan
-0.778894472361809,3.1731868484468144,0.0109957057851765,-1.4550628112946218e-08,4.8892753126018864e-11,-4.617186176464144e-08,3.908943870737567e-11,10,c_scan
-0.7688442211055276,3.193246990853514,0.0104957537049199,-1.3665503834543753e-08,4.342121135663622e-11,-4.3637328998154e-08,3.670128213221565e-11,10,c_scan
-0.7587939698492463,3.208214989347459,0.0106232725200381,-1.3100209925967872e-08,4.201762558551525e-11,-4.2028289848088496e-08,3.458347585877528e-11,10,c_scan
-0.7487437185929648,3.231304877266108,0.0111721020492478,-1.2284855236473454e-08,4.1178412772921953e-11,-3.969611264212476e-08,3.3644523653427e-11,10,c_scan
-0.7386934673366834,3.248367694066559,0.0106677377849564,-1.1761081678439302e-08,3.735660368205995e-11,-3.820431777152033e-08,3.187343592966418e-11,10,c_scan
-0.728643216080402,3.274848427282654,0.0105065484770542,-1.1011404228808841e-08,3.4117589133410143e-11,-3.60606798208882e-08,3.0017107480366226e-11,10,c_scan
-0.7185929648241206,3.291844266790517,0.0110962026401037,-1.0538137312964468e-08,3.439768597843002e-11,-3.4689906896333314e-08,2.9188217221796955e-11,10,c_scan
-0.7085427135678393,3.317547146731932,0.0107268791267751,-9.863641533245674e-09,3.0746358597521943e-11,-3.2723095825005765e-08,2.811440825141133e-11,10,c_scan
-0.6984924623115578,3.335315334668932,0.0100909509244086,-9.434187656957421e-09,2.7352836950356087e-11,-3.1465990762394446e-08,2.720388487004e-11,10,c_scan
-0.6884422110552764,3.36237742367458,0.0108734046828628,-8.817940922527482e-09,2.7498031716155118e-11,-2.9649245481202602e-08,2.5388016107480644e-11,10,c_scan
-0.6783919597989949,3.380870784018174,0.0117956626315634,-8.428262701482055e-09,2.8488942315662617e-11,-2.849486712747077e-08,2.4630890853782314e-11,10,c_scan
-0.6683417085427136,3.406116141876476,0.0105800757265944,-7.876354292279885e-09,2.3334889201399244e-11,-2.6827777494072583e-08,2.5040151429038e-11,10,c_scan
-0.6582914572864322,3.4230559103718137,0.0105601406602563,-7.526004498953627e-09,2.214427213948195e-11,-2.5761934181628072e-08,2.388676472529781e-11,10,c_scan
-0.6482412060301508,3.4450507781397257,0.0108243145364776,-7.029022656655027e-09,2.11130345568939e-11,-2.4215339972871164e-08,2.2324407041154075e-11,10,c_scan
-0.6381909547738693,3.456492122928566,0.0098102676323477,-6.720463928210739e-09,1.7909412607736022e-11,-2.3229230630285987e-08,2.2685503252966394e-11,10,c_scan
-0.6281407035175879,3.4757274840318093,0.0089902241060939,-6.276377343055749e-09,1.4866299442746034e-11,-2.181497723141341e-08,2.2671223626528654e-11,10,c_scan
-0.6180904522613065,3.48918584837874,0.0085980496828189,-5.993404133527393e-09,1.335370914222404e-11,-2.0912100886318426e-08,2.201234578048705e-11,10,c_scan
-0.6080402010050251,3.51229433515057,0.0085437903091284,-5.588348206124194e-09,1.191944394772764e-11,-1.9627923747218857e-08,2.295659278220718e-11,10,c_scan
-0.5979899497487438,3.523961934251528,0.0077594522465261,-5.336634300718601e-09,9.821359826771826e-12,-1.880609613275337e-08,2.2734909686045343e-11,10,c_scan
-0.5879396984924623,3.541751290196256,0.0055040505362142,-4.9727393978092665e-09,4.580272078058161e-12,-1.761220617800072e-08,2.2044706090083902e-11,10,c_scan
-0.5778894472361809,3.555948984375702,0.0063324535099021,-4.740630525672327e-09,5.963591596809551e-12,-1.6857440303064962e-08,2.124819177248293e-11,10,c_scan
-0.5678391959798995,3.5629667237972784,0.0055259490322971,-4.4284549977574715e-09,4.029136943779726e-12,-1.5778437794843622e-08,1.9818290996552726e-11,10,c_scan
-0.5577889447236181,3.572630173002267,0.0064377747276955,-4.225103278333574e-09,5.58188525206925e-12,-1.5094731456225323e-08,1.8497850780605785e-11,10,c_scan
-0.5477386934673367,3.585380163954434,0.0075658055594673,-3.935377994543882e-09,6.670942393102054e-12,-1.4109826199300416e-08,1.773259646016357e-11,10,c_scan
-0.5376884422110553,3.587632737488131,0.008471579393756,-3.757977399037501e-09,7.454325614004116e-12,-1.3482242743527436e-08,1.7272018721150224e-11,10,c_scan
-0.5276381909547738,3.596395816269796,0.0095665784371576,-3.4981360396964766e-09,8.147633501548795e-12,-1.2580681817907001e-08,1.6164936869070485e-11,10,c_scan
-0.5175879396984925,3.5955579617504574,0.0111485226029258,-3.339823108610092e-09,9.398662561738043e-12,-1.2008527569001178e-08,1.563270276011839e-11,10,c_scan
-0.507537688442211,3.5981737917400225,0.0145877459363224,-3.111282491454867e-09,1.1843764326492932e-11,-1.1194935119452505e-08,1.5614944244579574e-11,10,c_scan
-0.4974874371859297,3.6010604297393627,0.0125177538046994,-2.966433527373174e-09,9.344228728916704e-12,-1.0682306392875696e-08,1.5703562141191432e-11,10,c_scan
-0.4874371859296482,3.6086352050494703,0.0123655345585968,-2.7567199460461502e-09,8.459397035303119e-12,-9.947996647764214e-09,1.5169805330030794e-11,10,c_scan
-0.4773869346733668,3.618778857463867,0.0158331911478386,-2.620281348190289e-09,1.0733057184655583e-11,-9.482218743437938e-09,1.4581375348746767e-11,10,c_scan
-0.4673366834170854,3.6214316890113474,0.0147539583649277,-2.433802032754977e-09,9.15226642615942e-12,-8.813847806199108e-09,1.3815016909358392e-11,10,c_scan
-0.457286432160804,3.628736286252642,0.0141943511226045,-2.312027976422996e-09,8.273765932943543e-12,-8.389739812877395e-09,1.3251582243145288e-11,10,c_scan
-0.4472361809045225,3.62883225901978,0.0152457952413087,-2.144493254598432e-09,8.298487388762552e-12,-7.782006301537109e-09,1.2731401411690908e-11,10,c_scan
-0.4371859296482412,3.620436280163619,0.0131186677460939,-2.0435428706600913e-09,6.5686924175406486e-12,-7.3985167490075045e-09,1.237487801192798e-11,10,c_scan
-0.4271356783919597,3.614500530743043,0.0154502904656393,-1.894451372742713e-09,7.483840183219583e-12,-6.847495492245423e-09,1.1180405556711044e-11,10,c_scan
-0.4170854271356784,3.595763198410875,0.0135484631809461,-1.8070112178060006e-09,6.15563562171881e-12,-6.497584436102437e-09,1.046213044379304e-11,10,c_scan
-0.4070351758793969,3.5742973913424634,0.0129401031297141,-1.678681721841309e-09,5.414872794582009e-12,-6.000107699271665e-09,9.862427687185752e-12,10,c_scan
-0.3969849246231155,3.55623562125584,0.0117268971343817,-1.5984262397750863e-09,4.540588267591533e-12,-5.684380331838191e-09,9.51949052566762e-12,10,c_scan
-0.3869346733668342,3.523016470978488,0.0182605790965681,-1.4861176232384255e-09,7.196864904807809e-12,-5.2356168644803765e-09,9.673535583544358e-12,10,c_scan
-0.3768844221105527,3.4985445977296386,0.0208850013470384,-1.415239184906241e-09,7.984361471672355e-12,-4.951277404849028e-09,9.661461534528468e-12,10,c_scan
-0.3668341708542714,3.44165833754787,0.0200275249300024,-1.3201951899926167e-09,7.196924148168831e-12,-4.5436607828286845e-09,9.250162361361796e-12,10,c_scan
-0.3567839195979899,3.402998645479501,0.0226039879228328,-1.2596147700114816e-09,7.937340364524773e-12,-4.286467356175045e-09,9.005096494959983e-12,10,c_scan
-0.3467336683417085,3.3246170747544985,0.0210975817476997,-1.1769382453886616e-09,7.017047880586456e-12,-3.912868986550744e-09,8.50377239514379e-12,10,c_scan
-0.3366834170854271,3.275597103280625,0.0165979925416046,-1.087524639042244e-09,4.964109498084936e-12,-3.562292557393082e-09,7.837560685210661e-12,10,c_scan
-0.3266331658291457,3.2267331349638493,0.0142631599747886,-1.035272228709091e-09,3.897156828006819e-12,-3.340547204083497e-09,7.740121151323049e-12,10,c_scan
-0.3165829145728643,3.141486674265724,0.0173997288727357,-9.638289943212364e-10,4.818241669044944e-12,-3.0278559419310987e-09,7.220332741567924e-12,10,c_scan
-0.3065326633165829,3.0977288833667465,0.0178958951863339,-9.142821870952059e-10,4.802448414633213e-12,-2.8321983385125397e-09,6.811461695098036e-12,10,c_scan
-0.2964824120603014,3.017441990463859,0.0200334324861496,-8.457151908398173e-10,5.199003813376824e-12,-2.551896528813221e-09,6.399004767520891e-12,10,c_scan
-0.2864321608040201,2.9745226192484866,0.017758072058658,-7.9910685025573e-10,4.333127109025202e-12,-2.376961401282082e-09,5.936928506123084e-12,10,c_scan
-0.2763819095477386,2.899541255657629,0.0231022855754321,-7.33882196119681e-10,5.546916446112358e-12,-2.127921704441638e-09,5.363841623531145e-12,10,c_scan
-0.2663316582914573,2.8604948714187106,0.0304434024896961,-6.891851968065178e-10,7.1237609913029626e-12,-1.9714107209227392e-09,4.996655882559598e-12,10,c_scan
-0.2562814070351759,2.7889426419182777,0.0297131454301117,-6.270737225496871e-10,6.4994319313184266e-12,-1.748872644445253e-09,4.311875025734596e-12,10,c_scan
-0.2462311557788944,2.719711962664598,0.031393080358946,-5.913633445341888e-10,6.661589300242195e-12,-1.6083379624109795e-09,4.0498319048663696e-12,10,c_scan
-0.2361809045226131,2.656875555599697,0.027172068841572,-5.307517493034424e-10,5.248386443873247e-12,-1.4101413488160947e-09,3.6795978557414244e-12,10,c_scan
-0.2261306532663316,2.6036540330909075,0.026088176484075,-4.939759599561016e-10,4.780656934450533e-12,-1.2861425003896571e-09,3.3377850350408724e-12,10,c_scan
-0.2160804020100502,2.531243428491429,0.0229874332676624,-4.3858948512625905e-10,3.8371672239131246e-12,-1.1101767520312826e-09,2.703533670308147e-12,10,c_scan
-0.2060301507537688,2.46525167449427,0.0264815799602294,-4.0549192233780415e-10,4.2632306020750736e-12,-9.996396405371723e-10,2.201661899281982e-12,10,c_scan
-0.1959798994974874,2.3102898184137435,0.03198972215019,-3.664324858696409e-10,5.0074420877912196e-12,-8.465652412406692e-10,1.8903746680531773e-12,10,c_scan
-0.185929648241206,2.215675807695189,0.0292808298091925,-3.3951788097319536e-10,4.4161385054655876e-12,-7.522615551522439e-10,1.7577764914069344e-12,10,c_scan
-0.1758793969849246,2.0531881279842303,0.0258355811597998,-3.027274023251605e-10,3.751953135695232e-12,-6.215563084695255e-10,1.3516000318027253e-12,10,c_scan
-0.1658291457286431,1.943891364914987,0.0158254205845708,-2.7931691762981756e-10,2.194544465207437e-12,-5.42961744255273e-10,1.157902951118488e-12,10,c_scan
-0.1557788944723618,1.806154013015449,0.0226028507596276,-2.4116870917127545e-10,2.953527900541276e-12,-4.355878318834549e-10,1.1213047775967853e-12,10,c_scan
-0.1457286432160803,1.694299800392854,0.0280255021353969,-2.1981634721636647e-10,3.574008430782434e-12,-3.72434793211776e-10,1.1326674696066041e-12,10,c_scan
-0.135678391959799,1.5789548791692007,0.0447068055613776,-1.8410677041824287e-10,5.15236223393218e-12,-2.9069628343996847e-10,1.250044437197886e-12,10,c_scan
-0.1256281407035175,1.4705292843954385,0.0417177460629253,-1.6843618799762967e-10,4.706793963457993e-12,-2.4769034700245003e-10,1.2119191626834189e-12,10,c_scan
-0.1155778894472361,1.4019241286492434,0.0269655915579043,-1.4104193208724524e-10,2.569518577552883e-12,-1.9773008774441703e-10,1.2200747284354469e-12,10,c_scan
-0.1055276381909547,1.3607459287172248,0.0321531011357786,-1.2660091321179136e-10,2.855392107515799e-12,-1.7227167722482782e-10,1.213695850428794e-12,10,c_scan
-0.0954773869346733,1.2899758840741264,0.0477429410539185,-1.0925586081474843e-10,3.950241176824136e-12,-1.4093742564478482e-10,1.114621873829305e-12,10,c_scan
-0.085427135678392,1.3092727703536269,0.0458665505365007,-9.467829329128504e-11,3.2234113261160163e-12,-1.2395971134983394e-10,1.0231057488181124e-12,10,c_scan
-0.0753768844221105,1.2353275656707845,0.045680906282117,-8.266547254911048e-11,2.909791502047218e-12,-1.0211893696911776e-10,1.1572305470636744e-12,10,c_scan
-0.0653266331658291,1.2665221249460044,0.0643907960945187,-7.044526290745366e-11,3.4417459090622346e-12,-8.922048406992817e-11,1.254688494464886e-12,10,c_scan
-0.0552763819095477,1.177911030002209,0.041935648995467,-6.285757678427165e-11,2.0433661389264497e-12,-7.404063301340439e-11,1.0747886271005265e-12,10,c_scan
-0.0452261306532663,1.1216048465289836,0.0514810911157055,-5.741797679344671e-11,2.453987717733422e-12,-6.440028104941854e-11,1.0778920247384317e-12,10,c_scan
-0.0351758793969849,1.071864199061458,0.0784041182364623,-5.0832739120791206e-11,3.5629797901857804e-12,-5.448579320380691e-11,1.1398180862721453e-12,10,c_scan
-0.0251256281407035,1.0192180573048768,0.0982860276240401,-4.9593576826039785e-11,4.644182894703389e-12,-5.054666902743643e-11,1.1635873746645785e-12,10,c_scan
-0.015075376884422,1.0832116349063807,0.0898248198096701,-4.516290873623816e-11,3.5996877364189495e-12,-4.89209882093082e-11,1.1194984201654104e-12,10,c_scan
-0.0050251256281407,1.0296695288371014,0.1441076743710644,-4.757228538962459e-11,6.4526352915072886e-12,-4.8983732682838866e-11,1.6895224505341208e-12,10,c_scan
0.0050251256281406,0.9712491233843626,0.1242972677507155,-4.597620581513784e-11,5.67394262769662e-12,-4.4654349594491655e-11,1.5129246398017181e-12,10,c_scan
0.015075376884422,1.014432376819545,0.0616930119229831,-4.4264422182117335e-11,2.5209006529237853e-12,-4.490326300274907e-11,9.579150498546228e-13,10,c_scan
0.0251256281407035,0.9524175879700087,0.0786273671806401,-4.2996126081436455e-11,3.45455506013102e-12,-4.09502666945361e-11,7.76959868169932e-13,10,c_scan
0.0351758793969849,0.8611244970543536,0.0739562322463087,-4.2432862167468085e-11,3.561247910313788e-12,-3.653997709253767e-11,6.660533414315213e-13,10,c_scan
0.0452261306532664,0.6657487952419737,0.033500813146911,-4.0793690925294495e-11,1.688560810142433e-12,-2.7158350586988253e-11,7.771264375643683e-13,10,c_scan
0.0552763819095476,0.5061566692011485,0.0560894130837292,-3.753439019813737e-11,3.914517878301096e-12,-1.899828192318545e-11,7.116369515908834e-13,10,c_scan
0.0653266331658291,0.1599235955333208,0.0303514529311947,-2.555254836885792e-11,2.408895714627396e-12,-4.08645541018685e-12,6.731116711334238e-13,10,c_scan
0.0753768844221105,0.3848657513020419,0.0564696210417492,-2.0845030413098688e-11,2.5866508761196025e-12,8.022538290851142e-12,6.281269260981724e-13,10,c_scan
0.085427135678392,16.59890313116592,14.656770412314827,-1.8166332861846013e-12,1.6034719539697033e-12,3.015411994222981e-11,7.33358848040574e-13,10,c_scan
0.0954773869346734,4.875953660926136,1.302922861393479,1.0153283024204728e-11,2.709788005471377e-12,4.950693753229023e-11,6.53353582978171e-13,10,c_scan
0.1055276381909549,2.6209940010433592,0.2408337615891978,3.287697738490015e-11,3.0150588699079905e-12,8.617036049826148e-11,4.94151475065441e-13,10,c_scan
0.1155778894472361,2.410381076364136,0.149417494018933,4.8551407507506785e-11,2.999854802609272e-12,1.17027393886938e-10,5.851311119773583e-13,10,c_scan
0.1256281407035175,2.4875026938632465,0.1183079213870998,7.25103043732808e-11,3.434192488646117e-12,1.8036957746137992e-10,7.84871286857561e-13,10,c_scan
0.135678391959799,2.548755296861818,0.0631640969932047,9.314350443867327e-11,2.283424801662773e-12,2.3740000030634084e-10,8.616177972234204e-13,10,c_scan
0.1457286432160804,2.8419986727411257,0.0414985879143089,1.2071391248251642e-10,1.7286430360687842e-12,3.4306877905670017e-10,9.793072856558376e-13,10,c_scan
0.1557788944723619,2.934516512791051,0.0533008339005291,1.4408468718251268e-10,2.5840001133800555e-12,4.2281889377741644e-10,1.2170170789394902e-12,10,c_scan
0.1658291457286431,3.175732166247516,0.0600847373358691,1.7499711385812668e-10,3.2850625270865986e-12,5.557439634797321e-10,1.3120100065519088e-12,10,c_scan
0.1758793969849246,3.2558798206690565,0.0845669513087898,2.0050366101250758e-10,5.187474076069619e-12,6.528158238608923e-10,1.4967603684496912e-12,10,c_scan
0.185929648241206,3.3986217068537576,0.0475737485168832,2.3784523302428907e-10,3.290195161519792e-12,8.08345971828039e-10,1.7301753577658349e-12,10,c_scan
0.1959798994974875,3.5008777769886343,0.0388189332299879,2.619280682232377e-10,2.8525423694034297e-12,9.169781532122955e-10,1.9118790010560693e-12,10,c_scan
0.2060301507537689,3.559873095375916,0.0246410835391544,3.0544155599833145e-10,2.035769653543501e-12,1.0873331774082162e-09,2.0314204445063915e-12,10,c_scan
0.2160804020100502,3.6161296659278985,0.0320517781596299,3.332482687608538e-10,2.892062811565349e-12,1.2050689507852367e-09,2.171798802664512e-12,10,c_scan
0.2261306532663316,3.716595819214324,0.0435569808550036,3.744130774280837e-10,4.3324025836611395e-12,1.3915420782283846e-09,2.587109415818237e-12,10,c_scan
0.2361809045226131,3.81379887913719,0.0297520471167387,3.996391044055925e-10,3.031480386890429e-12,1.524143168441439e-09,2.7761053258539575e-12,10,c_scan
0.2462311557788945,3.990741873875044,0.0545851280682058,4.335742950228929e-10,5.879650211028513e-12,1.730283094583711e-09,3.08965811772213e-12,10,c_scan
0.256281407035176,4.069017656678393,0.0391505898047893,4.6041436409206787e-10,4.3570550404144755e-12,1.8734341768789783e-09,3.256276057120562e-12,10,c_scan
0.2663316582914572,4.142687867503984,0.0369219456817008,5.065636892495972e-10,4.442563412403429e-12,2.098535249572365e-09,3.331846281530013e-12,10,c_scan
0.2763819095477386,4.180948440794468,0.0356694309886023,5.39312387711221e-10,4.520085855982317e-12,2.2548372865023708e-09,3.5940453725340136e-12,10,c_scan
0.2864321608040201,4.223043400285839,0.029501859301528,5.917775726000658e-10,4.039367294524676e-12,2.499102372405882e-09,3.716283667619287e-12,10,c_scan
0.2964824120603015,4.24259844162507,0.033689920971056,6.289333302374242e-10,4.918176652281312e-12,2.668311566751361e-09,3.6848298843747926e-12,10,c_scan
0.306532663316583,4.262592751332843,0.0225728588967617,6.884901258323144e-10,3.5202878264527255e-12,2.934753019737061e-09,4.044993077124676e-12,10,c_scan
0.3165829145728642,4.286194631624018,0.0243553990930961,7.281962018592005e-10,4.026373644291084e-12,3.1211906511779046e-09,4.088507607655502e-12,10,c_scan
0.3266331658291457,4.324617856586724,0.0227663743252637,7.89283341570357e-10,4.040011959933372e-12,3.4133488328616044e-09,4.199486478119777e-12,10,c_scan
0.3366834170854271,4.358618682585746,0.0230830025839396,8.542134909885527e-10,4.404073228303137e-12,3.7231908807394974e-09,4.5075655628665176e-12,10,c_scan
0.3467336683417086,4.376984792374647,0.0265341578605298,9.011980446373011e-10,5.356979046349864e-12,3.944530136295235e-09,4.69338245281446e-12,10,c_scan
0.35678391959799,4.383077376689879,0.0231578958241968,9.80852529701275e-10,5.058338411811899e-12,4.299152532802696e-09,4.938669996725353e-12,10,c_scan
0.3668341708542713,4.421480782085202,0.0190731488090439,1.0297458693518023e-09,4.289406060658609e-12,4.553001571770613e-09,5.104693624419784e-12,10,c_scan
0.3768844221105527,4.470567578295629,0.0190406274218111,1.1110149892472683e-09,4.570838584610785e-12,4.966867589929306e-09,5.472779182379194e-12,10,c_scan
0.3869346733668342,4.516026141785091,0.0129850780904114,1.16616880494931e-09,3.099464076407206e-12,5.2664488088853655e-09,5.777618026066727e-12,10,c_scan
0.3969849246231156,4.618108550774767,0.0102170141592688,1.24551542282323e-09,2.4041142540738265e-12,5.751925424261809e-09,6.218714790776755e-12,10,c_scan
0.4070351758793971,4.686624214705732,0.0079951437722597,1.301500850137546e-09,1.7425500400018305e-12,6.0996453997147214e-09,6.448541936107152e-12,10,c_scan
0.4170854271356783,4.773988189251107,0.0167598062808488,1.392755700937379e-09,4.679273419643325e-12,6.648999266787196e-09,6.77066435465483e-12,10,c_scan
0.4271356783919597,4.803090072568447,0.016532576339051,1.4653401500758352e-09,4.837605081045929e-12,7.038160727765205e-09,6.8560508207811e-12,10,c_scan
0.4371859296482412,4.860393638821299,0.0148124729395634,1.5746370165729955e-09,4.567070711202659e-12,7.653355738803938e-09,7.161066563589655e-12,10,c_scan
0.4472361809045226,4.881385665261479,0.0165441905117872,1.6570304592769831e-09,5.406539305176282e-12,8.088604730816311e-09,7.418470076484212e-12,10,c_scan
0.4572864321608041,4.918414937892275,0.0106766840469979,1.785290211365851e-09,3.520183881852904e-12,8.780798044054661e-09,7.972193376974207e-12,10,c_scan
0.4673366834170853,4.934761574668756,0.0120636926327613,1.8780837875827606e-09,4.260358954108928e-12,9.267895708971764e-09,8.445127266434645e-12,10,c_scan
0.4773869346733668,4.943432188836397,0.0100134438675923,2.031768797235801e-09,3.669932098510052e-12,1.0043911272528869e-08,9.20786517502964e-12,10,c_scan
0.4874371859296482,4.951111787514225,0.0104707066784707,2.1388565056731028e-09,4.087031734345887e-12,1.0589717657039586e-08,9.595925353992996e-12,10,c_scan
0.4974874371859297,4.94630222469594,0.0120784021552015,2.315891339734177e-09,5.254359474336801e-12,1.145509848588122e-08,1.03433946733278e-11,10,c_scan
0.5075376884422111,4.94100406810839,0.0093334564709784,2.4414079775210984e-09,4.045369057752762e-12,1.2063006748844025e-08,1.0941187338448476e-11,10,c_scan
0.5175879396984926,4.917604744119814,0.0161810632897706,2.648367968065919e-09,8.337820781695278e-12,1.3023626883935914e-08,1.245961244910387e-11,10,c_scan
0.5276381909547738,4.90276525135471,0.0145501678311457,2.794191962745453e-09,7.827639145394429e-12,1.3699267260563021e-08,1.3420402095596254e-11,10,c_scan
0.5376884422110553,4.869833139693788,0.0166774297043122,3.031718179622734e-09,9.937130378252365e-12,1.4763961661338918e-08,1.4650593584925657e-11,10,c_scan
0.5477386934673367,4.849227831944118,0.0133615378027427,3.199182051450766e-09,8.248080059568981e-12,1.5513562643351138e-08,1.5082249970318622e-11,10,c_scan
0.5577889447236182,4.818433006304761,0.0143622644312989,3.465418615312448e-09,9.778012204451062e-12,1.669788743668445e-08,1.6043176911175548e-11,10,c_scan
0.5678391959798996,4.788009711045183,0.013331775815443,3.6601423354831557e-09,9.532335960071332e-12,1.7524797046100947e-08,1.7261967747526233e-11,10,c_scan
0.5778894472361809,4.732917178337045,0.0136004610774756,3.9794674392374676e-09,1.069849418940359e-11,1.883448980379994e-08,1.911394616582141e-11,10,c_scan
0.5879396984924623,4.688177130930626,0.0136154189868955,4.212303059055701e-09,1.1432427868989815e-11,1.9748022870014056e-08,2.041122535897652e-11,10,c_scan
0.5979899497487438,4.616418778030686,0.0122936167228299,4.590137273794803e-09,1.1237041096688354e-11,2.1189995904484907e-08,2.220972564884015e-11,10,c_scan
0.6080402010050252,4.562979537068678,0.0125955640453532,4.864277513998097e-09,1.2451913974189992e-11,2.219559875899662e-08,2.2924686575960527e-11,10,c_scan
0.6180904522613067,4.48611439088767,0.0099583512129118,5.30051497894652e-09,1.0505466471875518e-11,2.377871652616764e-08,2.3771309326392847e-11,10,c_scan
0.6281407035175879,4.4340629489085,0.0094107235720241,5.614215020200355e-09,1.0569254229199071e-11,2.4893782808275983e-08,2.439486439533665e-11,10,c_scan
0.6381909547738693,4.361263647403472,0.0072357127056568,6.105573164876823e-09,8.366032897985714e-12,2.6628014290539457e-08,2.4908796224228056e-11,10,c_scan
0.6482412060301508,4.308845414141575,0.006545217195581,6.462907938200444e-09,7.823581517810105e-12,2.7847671231534173e-08,2.555349963165216e-11,10,c_scan
0.6582914572864322,4.231556247603724,0.0074067489231935,7.032454989646805e-09,1.0624394868060119e-11,2.9758228847431924e-08,2.6304449131670935e-11,10,c_scan
0.6683417085427137,4.180002523106273,0.0060644530305476,7.435454862144959e-09,8.624426631866986e-12,3.1080220084208735e-08,2.7086416318757493e-11,10,c_scan
0.6783919597989949,4.106795366164032,0.0042517844633755,8.077470905668252e-09,4.741875893558002e-12,3.317252008572316e-08,2.8288761405288785e-11,10,c_scan
0.6884422110552764,4.0626646928420085,0.0034625508650127,8.523502212149868e-09,6.571785296299369e-13,3.4628131496662026e-08,2.9392045919973966e-11,10,c_scan
0.6984924623115578,3.997687571876309,0.0036603492399816,9.232822478804672e-09,4.109770823687116e-12,3.6909939676857664e-08,2.9532946206164416e-11,10,c_scan
0.7085427135678393,3.95892921922145,0.003613023199957,9.728246869348063e-09,4.7568201360436056e-12,3.8513440782861655e-08,2.967773134895028e-11,10,c_scan
0.7185929648241207,3.9008872908758176,0.0049298964591857,1.0514804949521329e-08,1.0769912985060792e-11,4.101706899362589e-08,3.036507563731528e-11,10,c_scan
0.728643216080402,3.864995595894732,0.0060118737716791,1.1063756580048208e-08,1.5108919519454028e-11,4.2761370455937686e-08,3.1843648600237985e-11,10,c_scan
0.7386934673366834,3.80995910673042,0.0064373511851027,1.1939806962892723e-08,1.815339762557544e-11,4.5490176270876414e-08,3.352542521435701e-11,10,c_scan
0.7487437185929648,3.7726276218567065,0.0061923049854246,1.2559373035142752e-08,1.861665313526028e-11,4.7381837625581846e-08,3.3401028148070733e-11,10,c_scan
0.7587939698492463,3.722119588202944,0.0064107586944854,1.3526325836758452e-08,2.121816334926481e-11,5.0346602353414194e-08,3.580538508754971e-11,10,c_scan
0.7688442211055277,3.689829192702866,0.0067166246715904,1.4202014303263312e-08,2.3743786428449305e-11,5.2403006971364624e-08,3.773026841308128e-11,10,c_scan
0.778894472361809,3.641796103452896,0.0063378519648787,1.527368742376354e-08,2.439096490207108e-11,5.562365534521954e-08,3.8476966159747116e-11,10,c_scan
0.7889447236180904,3.6118258204776894,0.0072831373301777,1.601694364453933e-08,3.0411267826167416e-11,5.78504106204832e-08,3.928348733312958e-11,10,c_scan
0.7989949748743719,3.567310635334237,0.0075647522209722,1.718957683659814e-08,3.4641716821642384e-11,6.13205602660916e-08,4.046737620604029e-11,10,c_scan
0.8090452261306533,3.5399103351883965,0.008821559936791,1.8005479044524143e-08,4.325808023916651e-11,6.373778135972912e-08,4.219352065905468e-11,10,c_scan
0.8190954773869348,3.4978298625353017,0.0084744747874238,1.9298770106101378e-08,4.4980293541914535e-11,6.750381438732497e-08,4.46519725919673e-11,10,c_scan
0.829145728643216,3.4696475606583843,0.0076783777603444,2.020912327014896e-08,4.2693139385323166e-11,7.011853525731695e-08,4.6219121882938615e-11,10,c_scan
0.8391959798994975,3.431822236392149,0.0074419735043485,2.16218406550893e-08,4.4714159613587305e-11,7.420231355186326e-08,4.842040445822448e-11,10,c_scan
0.8492462311557789,3.4052497773478008,0.0077246115857966,2.262063319406909e-08,4.924114970515245e-11,7.702890614757005e-08,4.915771757060576e-11,10,c_scan
0.8592964824120604,3.369059366307397,0.007657841769447,2.4180816017463693e-08,5.2795994067103e-11,8.146660468859198e-08,5.1480506513216076e-11,10,c_scan
0.8693467336683418,3.347295266021944,0.0076636964052772,2.5252961496898404e-08,5.5334558077546055e-11,8.452911847160246e-08,5.610171289696155e-11,10,c_scan
0.879396984924623,3.31059362016042,0.0077359723811613,2.6975180235258007e-08,6.057992231434978e-11,8.93038595895226e-08,5.76586399787316e-11,10,c_scan
0.8894472361809045,3.286458201246756,0.0078611658088409,2.8175701100120013e-08,6.507744771514177e-11,9.259826395636664e-08,5.759607589011852e-11,10,c_scan
0.8994974874371859,3.2511731228416765,0.007567653988699,3.0067865828151526e-08,6.766434828043456e-11,9.775583724169592e-08,5.8146068495400303e-11,10,c_scan
0.9095477386934674,3.227350765914863,0.0078313371592684,3.139623422348164e-08,7.398429212024207e-11,1.0132666056799589e-07,5.866512663823816e-11,10,c_scan
0.9195979899497488,3.194577743172,0.0074601968636378,3.34559128971022e-08,7.569144021298053e-11,1.0687751471858373e-07,6.185239700769615e-11,10,c_scan
0.92964824120603,3.174883047043522,0.0069328145619267,3.4879310312952545e-08,7.350377453584244e-11,1.107377310051633e-07,6.335064697860334e-11,10,c_scan
0.9396984924623116,3.1449561717206604,0.006105387752454,3.710473007717857e-08,6.878473907104951e-11,1.1669274985625199e-07,6.725556260539813e-11,10,c_scan
0.949748743718593,3.1263771352704994,0.0049364236874063,3.8657039820968224e-08,5.684936654593117e-11,1.2085648541351626e-07,6.947144950843782e-11,10,c_scan
0.9597989949748744,3.101678289405243,0.0030873746394107,4.1050285573401444e-08,3.356680348811668e-11,1.2732477953690454e-07,7.226905665989283e-11,10,c_scan
0.969849246231156,3.084794032717789,0.003067055386294,4.271869635869968e-08,3.530924238177547e-11,1.3177837961279988e-07,7.281795225377857e-11,10,c_scan
0.9798994974874372,3.060343711009827,0.0028213931807328,4.5326604671706126e-08,3.3916901955637605e-11,1.3871498954848448e-07,7.470251797242657e-11,10,c_scan
0.9899497487437184,3.038881215734763,0.002623641513592,4.798451208230765e-08,3.19454749030087e-11,1.458192324131225e-07,8.015674102822747e-11,10,c_scan
1.0,3.030625771155918,0.0032458822280099,4.9167130549495394e-08,4.4989717245963166e-11,1.4900717293708816e-07,8.293788600015054e-11,10,c_scan
-0.4974874371859297,1.6669689829032563,0.0014988771245252,-8.385336999941093e-07,1.1039346225690751e-10,-1.3978096690092846e-06,1.243314210510976e-09,110,c_scan
-0.4874371859296482,1.674695735772569,0.001521249368235,-8.126098004831005e-07,1.0721912700111307e-10,-1.3608741677160465e-06,1.223071835044614e-09,110,c_scan
-0.4773869346733668,1.6829624207831877,0.0015499359158254,-7.856256315137188e-07,1.0780077518076738e-10,-1.3221784146416487e-06,1.20407799605649e-09,110,c_scan
-0.4673366834170854,1.691452654323521,0.0015819108261251,-7.590681544391238e-07,1.09009031646775e-10,-1.2839278446385124e-06,1.1865373161956923e-09,110,c_scan
-0.457286432160804,1.7002459949387712,0.0016104756162286,-7.329078693146072e-07,1.0824237747424119e-10,-1.2461236694612692e-06,1.1658941947261283e-09,110,c_scan
-0.4472361809045225,1.7092092142274034,0.001644988724845,-7.070832406201725e-07,1.1711967909095358e-10,-1.208553190093771e-06,1.145788383967502e-09,110,c_scan
-0.4371859296482412,1.7184500353188823,0.0016786197400066,-6.817051635955279e-07,1.1823712596594314e-10,-1.1714762624577993e-06,1.126140689798598e-09,110,c_scan
-0.4271356783919597,1.7280127300351174,0.0017099975230377,-6.566474074585157e-07,1.2476260323375656e-10,-1.1346950792328718e-06,1.1019742100323248e-09,110,c_scan
-0.4170854271356784,1.7377334615849067,0.0017460065720207,-6.320776014983262e-07,1.273063430881001e-10,-1.0983823984419717e-06,1.081211537928415e-09,110,c_scan
-0.4070351758793969,1.747863721141371,0.0017804973876163,-6.079070921888273e-07,1.269271910518507e-10,-1.062538752261394e-06,1.0593969461124684e-09,110,c_scan
-0.3969849246231155,1.7582910772821507,0.0018172072949643,-5.840318981041098e-07,1.2668321222847384e-10,-1.0268980752846145e-06,1.03766894499251e-09,110,c_scan
-0.3869346733668342,1.7688951685643013,0.0018561113470096,-5.606340329265676e-07,1.26976605417712e-10,-9.91702832176525e-07,1.0160697732662643e-09,110,c_scan
-0.3768844221105527,1.7799742669013263,0.0018915464168701,-5.376042305191066e-07,1.179515573402377e-10,-9.569216961012984e-07,9.949940318521919e-10,110,c_scan
-0.3668341708542714,1.791495498547477,0.0019233879902854,-5.149875789913699e-07,1.0523131668084859e-10,-9.225979295709024e-07,9.724152263334583e-10,110,c_scan
-0.3567839195979899,1.809799555165013,0.0022669476678231,-4.884289269597913e-07,1.1975176431281875e-10,-8.839584547415549e-07,1.0858251228642652e-09,110,c_scan
-0.3467336683417085,1.81815348355737,0.0020283319219726,-4.666402365235631e-07,1.22221308794763e-10,-8.484235716033514e-07,9.200457863830475e-10,110,c_scan
-0.3366834170854271,1.8308465239660168,0.0020748566289658,-4.454079313551737e-07,1.1648232318310558e-10,-8.154735628685139e-07,8.992146040861032e-10,110,c_scan
-0.3266331658291457,1.8441189786676715,0.0021278594230948,-4.244882383726335e-07,1.2095748287150312e-10,-7.828068166041798e-07,8.752754699668725e-10,110,c_scan
-0.3165829145728643,1.858002571571715,0.0021774987502835,-4.039147682391086e-07,1.1549879677927211e-10,-7.50474678084057e-07,8.529422004349458e-10,110,c_scan
-0.3065326633165829,1.872277667039136,0.002240965681523,-3.838951276526988e-07,1.2411196371863686e-10,-7.187582739892859e-07,8.283188402900004e-10,110,c_scan
-0.2964824120603014,1.8871547994829283,0.0022955793328544,-3.641940232584687e-07,1.2381161065590126e-10,-6.872904989352164e-07,8.027225824105823e-10,110,c_scan
-0.2864321608040201,1.9025652884785564,0.0023582009832508,-3.45022901496584e-07,1.229280571323475e-10,-6.564285961175569e-07,7.792945502022087e-10,110,c_scan
-0.2763819095477386,1.9187651168337647,0.0024484872746254,-3.2619285804669865e-07,1.3539697663746649e-10,-6.258874773803134e-07,7.552448637957321e-10,110,c_scan
-0.2663316582914573,1.935808910439564,0.0025136483125046,-3.077305742507092e-07,1.3275833739827718e-10,-5.957075876492066e-07,7.29586758546466e-10,110,c_scan
-0.2562814070351759,1.9533991149095355,0.0025979489984033,-2.898377359166357e-07,1.3339838264191003e-10,-5.661687768069398e-07,7.064575727646836e-10,110,c_scan
-0.2462311557788944,1.9719917994568432,0.0026662741288702,-2.722682238296575e-07,1.2547439469136983e-10,-5.369107046447648e-07,6.824716566614923e-10,110,c_scan
-0.2361809045226131,1.991367604881051,0.002773430367376,-2.552363296051764e-07,1.3057120745538896e-10,-5.082693583644907e-07,6.583968542427986e-10,110,c_scan
-0.2261306532663316,2.0118312336440614,0.0028836674254031,-2.385886320102434e-07,1.3359054896428118e-10,-4.80000061870617e-07,6.333445411761586e-10,110,c_scan
-0.2160804020100502,2.032809529306708,0.0029149622107615,-2.224249136152923e-07,1.119817715668314e-10,-4.521474839523875e-07,6.070849113802949e-10,110,c_scan
-0.2060301507537688,2.0550200051291387,0.0030106641030292,-2.0677223814871014e-07,1.0914357591925795e-10,-4.249210859009258e-07,5.807119165381399e-10,110,c_scan
-0.1959798994974874,2.0788555944046614,0.0031311261687897,-1.914771968497823e-07,1.1006214486351476e-10,-3.980534418720926e-07,5.541627683036964e-10,110,c_scan
-0.185929648241206,2.103719363300497,0.0032533266847684,-1.7675905658866936e-07,1.0714587605183216e-10,-3.718514499843121e-07,5.290376675220666e-10,110,c_scan
-0.1758793969849246,2.129842210575657,0.0033441211157662,-1.6248216530927534e-07,9.65534576576259e-11,-3.460613741414263e-07,5.029421741867183e-10,110,c_scan
-0.1658291457286431,2.1579033293698955,0.0034786365272362,-1.486534475478587e-07,9.402310212210196e-11,-3.207797693858374e-07,4.756454934335615e-10,110,c_scan
-0.1557788944723618,2.1869588991627102,0.0039105776092552,-1.354246026911248e-07,1.2826524839910796e-10,-2.9616804002092973e-07,4.4919658259692524e-10,110,c_scan
-0.1457286432160803,2.21770068059612,0.0040016061045247,-1.2265595938250104e-07,1.1255858392799658e-10,-2.720142046017426e-07,4.2260421830763836e-10,110,c_scan
-0.135678391959799,2.250962974740577,0.0043099334046639,-1.1043698669062281e-07,1.1777502131551318e-10,-2.485895680825099e-07,3.9531174255969903e-10,110,c_scan
-0.1256281407035175,2.28694509306966,0.0044200772830876,-9.867002417786029e-08,1.0229138398144652e-10,-2.2565292762662226e-07,3.6808034374704127e-10,110,c_scan
-0.1155778894472361,2.3248821659714736,0.0046059120778117,-8.750522500032102e-08,9.330227147614524e-11,-2.034393370325675e-07,3.3969023481136576e-10,110,c_scan
-0.1055276381909547,2.365484292395346,0.0048444983073468,-7.692230325621241e-08,8.639549097169888e-11,-1.819585000874419e-07,3.1161202741205416e-10,110,c_scan
-0.0954773869346733,2.4083287171391063,0.0052279668597217,-6.688751412022257e-08,8.496321399374547e-11,-1.6108712107377946e-07,2.8356836237971355e-10,110,c_scan
-0.085427135678392,2.4533641209908508,0.0055261599921691,-5.7499577064081893e-08,7.720177245743333e-11,-1.4106739934116694e-07,2.5513202189483507e-10,110,c_scan
-0.0753768844221105,2.50138942070261,0.0056808916974713,-4.865159462354644e-08,6.331051726795273e-11,-1.2169658409165104e-07,2.2651516595442328e-10,110,c_scan
-0.0653266331658291,2.5519779403414105,0.0063183854889822,-4.043539046571424e-08,6.359681852760827e-11,-1.0319022447759413e-07,1.9731385233333423e-10,110,c_scan
-0.0552763819095477,2.604215761644288,0.0066064241597788,-3.2841520734097366e-08,5.2481952943376e-11,-8.552640593210403e-08,1.6850503242952744e-10,110,c_scan
-0.0452261306532663,2.6569580378040945,0.0067972010152647,-2.5810270315471387e-08,4.0382643459543964e-11,-6.857680517258812e-08,1.3880250449977888e-10,110,c_scan
-0.0351758793969849,2.705465234450379,0.0077350039241732,-1.9397284971570967e-08,3.8158796912142495e-11,-5.247868013331208e-08,1.0887370790853611e-10,110,c_scan
-0.0251256281407035,2.7517877767814376,0.0078467966400383,-1.3424252195064565e-08,2.5615060473339568e-11,-3.694069310281005e-08,7.827845284445797e-11,110,c_scan
-0.015075376884422,2.7835183015660405,0.0079882013149662,-7.878332338179776e-09,1.4962691291369775e-11,-2.1929482249142984e-08,4.718069769423861e-11,110,c_scan
-0.0050251256281407,2.777932910664352,0.0080415953499634,-2.5984984221813916e-09,4.9506420682093775e-12,-7.218454285287079e-09,1.5732551797836978e-11,110,c_scan
0.0050251256281406,2.8571563469268653,0.0071642833582731,2.657770365786228e-09,3.497121014023931e-12,7.593665469280258e-09,1.6208761389878922e-11,110,c_scan
0.015075376884422,2.816434548812342,0.006791480805371,8.084036108411581e-09,9.50076148226191e-12,2.2768158589576853e-08,4.794045984966368e-11,110,c_scan
0.0251256281407035,2.7771546651010843,0.0066362276599489,1.3906975689609616e-08,1.670431214725057e-11,3.862182241384672e-08,7.978309987356949e-11,110,c_scan
0.0351758793969849,2.7291073169750923,0.0065244934453445,2.0268246363832592e-08,2.6139886404858502e-11,5.531421945378933e-08,1.1134737921937028e-10,110,c_scan
0.0452261306532664,2.6739478408569672,0.0058078523272146,2.729925752184563e-08,2.577854054441984e-11,7.299679070753744e-08,1.4278203765749286e-10,110,c_scan
0.0552763819095476,2.615303484869821,0.0055607045583447,3.5069593797307244e-08,3.409134482618067e-11,9.17176308710667e-08,1.7343638147785743e-10,110,c_scan
0.0653266331658291,2.5563587595831585,0.0050029236485765,4.3612772505665774e-08,3.0292023340420414e-11,1.114898930245663e-07,2.0398760291914646e-10,110,c_scan
0.0753768844221105,2.499382269483804,0.0047871009965394,5.293285767779547e-08,3.8848103658322215e-11,1.3229944595299165e-07,2.3405407380242646e-10,110,c_scan
0.085427135678392,2.4457448537435087,0.0044131720200237,6.300408920094744e-08,3.5375082503019707e-11,1.5409192692801416e-07,2.6424456010443776e-10,110,c_scan
0.0954773869346734,2.3954497433437845,0.0041121104825343,7.378654958327982e-08,3.136211679283697e-11,1.7675197126149108e-07,2.939707128311644e-10,110,c_scan
0.1055276381909549,2.3485930870007565,0.0039217342606989,8.528013252194033e-08,3.719310051092418e-11,2.0028832969953746e-07,3.2283720550092673e-10,110,c_scan
0.1155778894472361,2.3049623715305234,0.0037413126813231,9.746041772961012e-08,4.081073981603475e-11,2.246425955803976e-07,3.5228726888149007e-10,110,c_scan
0.1256281407035175,2.264338635597547,0.003560167125355,1.1030953652890056e-07,4.158990456319208e-11,2.497781454372484e-07,3.812618904018723e-10,110,c_scan
0.135678391959799,2.226862878020443,0.003377243933274,1.2378534286745337e-07,3.721068529116849e-11,2.756529848745645e-07,4.0975879228456607e-10,110,c_scan
0.1457286432160804,2.19191724046937,0.0032336383905449,1.378340729530605e-07,3.5958368187274536e-11,3.0212088082992613e-07,4.386812016993432e-10,110,c_scan
0.1557788944723619,2.159317690249784,0.0031002159686045,1.524777827733423e-07,3.387165010893136e-11,3.292479737125418e-07,4.670215956617625e-10,110,c_scan
0.1658291457286431,2.1288854911175825,0.0029962229039147,1.676998277835543e-07,3.8593425555393206e-11,3.570137302313259e-07,4.957032572202415e-10,110,c_scan
0.1758793969849246,2.100749084160296,0.0028957597729049,1.8343510986574774e-07,4.2179609520315705e-11,3.8535113905331283e-07,5.237412906205522e-10,110,c_scan
0.185929648241206,2.074184672406174,0.002785594383198,1.997296242966604e-07,3.826900481293075e-11,4.142761253415766e-07,5.50674230812761e-10,110,c_scan
0.1959798994974875,2.0494008117837845,0.0026903099519005,2.164972435792762e-07,3.784513787426884e-11,4.436896267403204e-07,5.77257554642395e-10,110,c_scan
0.2060301507537689,2.0259782181689925,0.0026124787886755,2.3377037427549385e-07,3.806503708934117e-11,4.736136863353635e-07,6.058314652262742e-10,110,c_scan
0.2160804020100502,2.004135288442033,0.0025241803543194,2.5147892905641245e-07,3.4239656609950154e-11,5.039977960215667e-07,6.31058237794395e-10,110,c_scan
0.2261306532663316,1.9833300084000265,0.0024616545680356,2.6976364468022737e-07,3.880653797404021e-11,5.350303316696571e-07,6.595895775426231e-10,110,c_scan
0.2361809045226131,1.9635518764337008,0.0023972323730751,2.884841684648455e-07,4.5038474047678236e-11,5.664536303105633e-07,6.85885835576429e-10,110,c_scan
0.2462311557788945,1.9450138185751635,0.0023194302960295,3.075767702366425e-07,3.198288256938227e-11,5.982410683829877e-07,7.106855414169521e-10,110,c_scan
0.256281407035176,1.9273190250381125,0.0022668079973145,3.272256074828066e-07,4.116767899206939e-11,6.306681387812669e-07,7.375018788080813e-10,110,c_scan
0.2663316582914572,1.910576928213404,0.0022046905692014,3.472132746438537e-07,3.051187735341512e-11,6.633776717039709e-07,7.63274911322602e-10,110,c_scan
0.2763819095477386,1.8945233834041308,0.002154104454954,3.676890688222844e-07,2.8358620402442662e-11,6.965955387059085e-07,7.902163744405861e-10,110,c_scan
0.2864321608040201,1.879154514434012,0.0020973259875858,3.8866516863916666e-07,1.2673602501025168e-11,7.303619062515467e-07,8.148095850561751e-10,110,c_scan
0.2964824120603015,1.8645939828937348,0.0020458321742102,4.099338430388382e-07,9.037321595124095e-12,7.643601771147225e-07,8.384865371458326e-10,110,c_scan
0.306532663316583,1.8505026188303744,0.0019962200544613,4.316973296549229e-07,1.1715389484495912e-11,7.988570390685144e-07,8.614901300592661e-10,110,c_scan
0.3165829145728642,1.836891198497609,0.0019542616865585,4.539169097224609e-07,1.079765187757228e-11,8.337959763184222e-07,8.868506617166542e-10,110,c_scan
0.3266331658291457,1.8389580551507871,0.0019225881894553,4.765296553823808e-07,2.4725144358317283e-11,8.763180482836578e-07,9.150413163610239e-10,110,c_scan
0.3366834170854271,1.8091499421116983,0.0018665595955233,5.041969522236307e-07,2.6919448802766994e-11,9.121678869282762e-07,9.398527017832747e-10,110,c_scan
0.3467336683417086,1.7972972161242475,0.0018296664588925,5.277003326543198e-07,2.793133395014982e-11,9.484343388274484e-07,9.642096456065402e-10,110,c_scan
0.35678391959799,1.7858079233317368,0.0017902565060452,5.516225041606479e-07,2.796314709657253e-11,9.85091838618179e-07,9.86282402065021e-10,110,c_scan
0.3668341708542713,1.7746344987269291,0.0017598559761573,5.759770058236519e-07,2.710076111229181e-11,1.022148665008094e-06,1.0124949778896482e-09,110,c_scan
0.3768844221105527,1.763895507955496,0.0017191137809947,6.00717295897381e-07,3.2024205957320364e-11,1.0596025397845628e-06,1.0311553340990202e-09,110,c_scan
0.3869346733668342,1.7533690564194513,0.0016901213598016,6.259120072197097e-07,1.7909557561416412e-11,1.0974547455004272e-06,1.057401075672023e-09,110,c_scan
0.3969849246231156,1.7433302673189053,0.0016594371517781,6.514893323036176e-07,2.7547271554351443e-11,1.1357610718402807e-06,1.0800384339765322e-09,110,c_scan
0.4070351758793971,1.7334029992623938,0.0016245214049415,6.775228354800675e-07,2.7588607346700943e-11,1.1744201150899104e-06,1.099610944571396e-09,110,c_scan
0.4170854271356783,1.723817824060627,0.0015950149706693,7.039525556397095e-07,4.400206029150829e-11,1.2134859627047617e-06,1.1202498673610455e-09,110,c_scan
0.4271356783919597,1.71452398961221,0.0015636761058406,7.30802470588e-07,3.318493362883905e-11,1.2529783674909976e-06,1.141321061826303e-09,110,c_scan
0.4371859296482412,1.7055101019960768,0.0015355787690991,7.580583509382672e-07,2.89505101081024e-11,1.292876175427702e-06,1.163010670152532e-09,110,c_scan
0.4472361809045226,1.6965928505446266,0.0015070960583548,7.8574629616309e-07,3.842430609684301e-11,1.3330915484122192e-06,1.1823994057531623e-09,110,c_scan
0.4572864321608041,1.6879909869385834,0.0014802500882163,8.138237451939317e-07,4.330415826512959e-11,1.373727146843959e-06,1.2024429193724415e-09,110,c_scan
0.4673366834170853,1.6795676604455652,0.0014529994817233,8.423524751089946e-07,3.2246273316855494e-11,1.414787975889345e-06,1.2227388248008915e-09,110,c_scan
0.4773869346733668,1.6713086109739286,0.001427881750316,8.712653310605594e-07,2.550758537604469e-11,1.4561532502445636e-06,1.2433332201279026e-09,110,c_scan
0.4874371859296482,1.6631869563057686,0.0014036719442163,9.00629216439642e-07,3.853843757805897e-11,1.4979147652502974e-06,1.2625620099195791e-09,110,c_scan
0.4974874371859297,1.6556929582456197,0.0013822969593917,9.288275492363614e-07,4.166051661825143e-11,1.53785323269518e-06,1.2820612987980191e-09,110,c_scan
-0.4974874371859297,1.4730500682205214,0.0017168412316914,-1.077727065363155e-06,8.261863894523034e-10,-1.5875459271562982e-06,1.3937131618582167e-09,120,c_scan
-0.4874371859296482,1.477652164259537,0.0017549115637227,-1.0478731945344953e-06,8.285507454898962e-10,-1.548392093773452e-06,1.3721187551048083e-09,120,c_scan
-0.4773869346733668,1.4825209863081668,0.0017851281438769,-1.0166886694555297e-06,8.164817299661522e-10,-1.5072622890095493e-06,1.3523093769999367e-09,120,c_scan
-0.4673366834170854,1.4875285846695427,0.0018222494010884,-9.858989227147917e-07,8.11661828293035e-10,-1.466552829133161e-06,1.3303618098218955e-09,120,c_scan
-0.457286432160804,1.4926454654089327,0.0018290940680618,-9.554959142490027e-07,7.759303534238223e-10,-1.4262166436205365e-06,1.308825972227196e-09,120,c_scan
-0.4472361809045225,1.4978496808130466,0.0018521263152167,-9.25341899423134e-07,7.57028460072634e-10,-1.3860230686938794e-06,1.285114487914498e-09,120,c_scan
-0.4371859296482412,1.5032881278116992,0.0018916181672803,-8.955521245946259e-07,7.537009488136691e-10,-1.3462728767396448e-06,1.2593745624842147e-09,120,c_scan
-0.4271356783919597,1.5088260563118543,0.0019212757700467,-8.660726049899065e-07,7.381264859302206e-10,-1.3067529130666552e-06,1.2363007608437991e-09,120,c_scan
-0.4170854271356784,1.514495932082938,0.0019701493704527,-8.36984412160804e-07,7.367392187347386e-10,-1.267609487434367e-06,1.2141520397802371e-09,120,c_scan
-0.4070351758793969,1.5202953549943885,0.0020085897865874,-8.082996882104204e-07,7.270869699147312e-10,-1.2288542614297146e-06,1.1891215033612035e-09,120,c_scan
-0.3969849246231155,1.5263613607163582,0.0020562271979031,-7.798408515954037e-07,7.20583251534891e-10,-1.190318943383364e-06,1.1668733409679332e-09,120,c_scan
-0.3869346733668342,1.5325945214108267,0.002077095490518,-7.518008924272146e-07,6.95050765316025e-10,-1.1522059289257194e-06,1.1418229141755656e-09,120,c_scan
-0.3768844221105527,1.539038866496408,0.0020699263502632,-7.240621956403327e-07,6.497380085501244e-10,-1.114359860851198e-06,1.1163886893739083e-09,120,c_scan
-0.3668341708542714,1.5456793937518876,0.0021130307199474,-6.967384338765397e-07,6.391430338795351e-10,-1.0769342400779297e-06,1.091555649198184e-09,120,c_scan
-0.3567839195979899,1.551767806516492,0.0030675497207107,-6.658214125389058e-07,1.0926509961171272e-09,-1.03320023286721e-06,1.1387292347406095e-09,120,c_scan
-0.3467336683417085,1.561016114561298,0.0022226494508012,-6.378543346064098e-07,6.172171434963623e-10,-9.9570089506338e-07,1.0400209520695904e-09,120,c_scan
-0.3366834170854271,1.5683913097679434,0.0022591994827641,-6.117628605975124e-07,6.011395734464554e-10,-9.594835541999162e-07,1.0105796750798816e-09,120,c_scan
-0.3266331658291457,1.5762054923997746,0.0023218487034519,-5.85892029685969e-07,5.947809030178669e-10,-9.23486235144276e-07,9.8572757113935e-10,120,c_scan
-0.3165829145728643,1.5843744045253425,0.0023765107448914,-5.603413166518084e-07,5.810553222989175e-10,-8.877904399011551e-07,9.621795718782923e-10,120,c_scan
-0.3065326633165829,1.592759015810892,0.0024461901966555,-5.353460380797879e-07,5.74394782374914e-10,-8.526772287302232e-07,9.369904615412336e-10,120,c_scan
-0.2964824120603014,1.601549546353301,0.0024574893345916,-5.106010473447465e-07,5.39250416157231e-10,-8.17752875742499e-07,9.103004939849843e-10,120,c_scan
-0.2864321608040201,1.6107206675391887,0.0025228863052905,-4.863692917368094e-07,5.278515189491958e-10,-7.83405070256876e-07,8.847520654678592e-10,120,c_scan
-0.2763819095477386,1.6203132364525026,0.0025805961329388,-4.624477215763608e-07,5.127660579771008e-10,-7.493101644374791e-07,8.566701760631781e-10,120,c_scan
-0.2663316582914573,1.6303351902145469,0.0026236641998095,-4.388845275857427e-07,4.897092953155562e-10,-7.155288897637234e-07,8.29754224541337e-10,120,c_scan
-0.2562814070351759,1.6407660595537954,0.0026847047470568,-4.158760724261241e-07,4.73131694527368e-10,-6.823553446173202e-07,8.02460575906394e-10,120,c_scan
-0.2462311557788944,1.6518588744880731,0.0027476017708319,-3.931313274117546e-07,4.563022444067463e-10,-6.49397472024383e-07,7.737113266130734e-10,120,c_scan
-0.2361809045226131,1.6634019296183942,0.0028160991510955,-3.709499834196745e-07,4.3927915272212364e-10,-6.170389182121977e-07,7.465498078326416e-10,120,c_scan
-0.2261306532663316,1.6756208139543038,0.0028665490750041,-3.491184733472091e-07,4.1519861472756575e-10,-5.849901804765343e-07,7.193824328913256e-10,120,c_scan
-0.2160804020100502,1.6885245756937377,0.0029455033327173,-3.2768629559754664e-07,4.000215578744746e-10,-5.533063632345002e-07,6.894820558334422e-10,120,c_scan
-0.2060301507537688,1.7020679401469223,0.0030336676114746,-3.0681864810120573e-07,3.8378569437489716e-10,-5.222261843722827e-07,6.630638310850244e-10,120,c_scan
-0.1959798994974874,1.7162950157676669,0.0030872380790661,-2.863283720979773e-07,3.5875150569363697e-10,-4.914239579046283e-07,6.342529171419216e-10,120,c_scan
-0.185929648241206,1.7315323951734305,0.0031806783118897,-2.6639886414338093e-07,3.4269147226546475e-10,-4.612782633016697e-07,6.04867850785511e-10,120,c_scan
-0.1758793969849246,1.7476215153558996,0.0032808729322453,-2.469027310033523e-07,3.2585543980745697e-10,-4.314925249015885e-07,5.761017089406895e-10,120,c_scan
-0.1658291457286431,1.764821195156327,0.0033890273371839,-2.278694630837695e-07,3.097934762407626e-10,-4.021488581791286e-07,5.45403783787247e-10,120,c_scan
-0.1557788944723618,1.7830189511910004,0.0034678900935627,-2.0944764458644505e-07,2.8639243745399385e-10,-3.734491195799486e-07,5.16541795508976e-10,120,c_scan
-0.1457286432160803,1.8028476092373724,0.0035975183610144,-1.9143716481729575e-07,2.7000946200428794e-10,-3.4513203491004245e-07,4.871810705153818e-10,120,c_scan
-0.135678391959799,1.8234918510693945,0.0036465897890475,-1.7411744470377542e-07,2.41434103490883e-10,-3.175017415463604e-07,4.57514493951746e-10,120,c_scan
-0.1256281407035175,1.845777347958764,0.0038668489805329,-1.57262324441434e-07,2.3414791152224033e-10,-2.902712361413408e-07,4.278008413564087e-10,120,c_scan
-0.1155778894472361,1.8693892790151767,0.0039842535269053,-1.4106437687811777e-07,2.1288891639130748e-10,-2.6370423378690977e-07,3.9686624728041935e-10,120,c_scan
-0.1055276381909547,1.894719663528151,0.0041605385795398,-1.255041038156808e-07,1.966311551505721e-10,-2.377950933530488e-07,3.658610419295315e-10,120,c_scan
-0.0954773869346733,1.9217337767272125,0.0043184136635509,-1.1051719808205818e-07,1.77362721610089e-10,-2.1238463246354322e-07,3.340681753235761e-10,120,c_scan
-0.085427135678392,1.950436132030788,0.0045603992696117,-9.625335129886573e-08,1.6347123257464086e-10,-1.8773601420236025e-07,3.0169734818811436e-10,120,c_scan
-0.0753768844221105,1.9807740879903848,0.004627481065764,-8.25806559602725e-08,1.3707312687230102e-10,-1.635736234953565e-07,2.6891101567957486e-10,120,c_scan
-0.0653266331658291,2.0122262992313664,0.0048519089958348,-6.964369584853667e-08,1.2034613161745088e-10,-1.4013887636209577e-07,2.356617708633581e-10,120,c_scan
-0.0552763819095477,2.043441248933129,0.0048971808285908,-5.7438762983791697e-08,9.605665958137627e-11,-1.1737273756877325e-07,2.0148125230373727e-10,120,c_scan
-0.0452261306532663,2.074137539394933,0.0051132709892229,-4.584771667964963e-08,7.938430789877807e-11,-9.509447026080454e-08,1.668752163487026e-10,120,c_scan
-0.0351758793969849,2.102593889458316,0.0053645879052655,-3.4941112547435644e-08,6.363698272489558e-11,-7.346696973311346e-08,1.312719825246842e-10,120,c_scan
-0.0251256281407035,2.1266158777143103,0.0056173293437638,-2.451613501011765e-08,4.7208455061885295e-11,-5.2136401972703874e-08,9.426808644596892e-11,120,c_scan
-0.015075376884422,2.143591831158304,0.0060027560681624,-1.4526827849915365e-08,3.074997362527823e-11,-3.113958951172151e-08,5.7089194818756974e-11,120,c_scan
-0.0050251256281407,2.156830538762251,0.0063801085601962,-4.7864567814886275e-09,1.1065867213169451e-11,-1.0323576158780344e-08,1.9050804376796324e-11,120,c_scan
0.0050251256281406,2.131774872171348,0.0047162453575913,4.999092908789492e-09,6.534833692237455e-12,1.0656940646607409e-08,1.9021185094886727e-11,120,c_scan
0.015075376884422,2.12303868819295,0.0051378454246282,1.5042764044780255e-08,2.4537384965928947e-11,3.193637004442634e-08,5.7092694931130976e-11,120,c_scan
0.0251256281407035,2.100712017581752,0.0051365855937808,2.558675063484053e-08,4.345248466153989e-11,5.3750394549477024e-08,9.455797249047935e-11,120,c_scan
0.0351758793969849,2.070993899617517,0.0049901840445273,3.6784944129987625e-08,6.182060298042294e-11,7.618139489097557e-08,1.3154431204906892e-10,120,c_scan
0.0452261306532664,2.037674173944592,0.0047993144623754,4.8767135244927024e-08,8.023612586747434e-11,9.93715320258508e-08,1.6747599017482002e-10,120,c_scan
0.0552763819095476,2.0026199218289538,0.0045695702123553,6.160450509576735e-08,9.754039489024038e-11,1.23370409179197e-07,2.0270521906061117e-10,120,c_scan
0.0653266331658291,1.968017609074892,0.0043414955707058,7.531361849599695e-08,1.1428094326911875e-10,1.482185274032705e-07,2.3733670129447336e-10,120,c_scan
0.0753768844221105,1.9343934571766817,0.0041783965070912,8.99196302949943e-08,1.3445342226164194e-10,1.7393994451438317e-07,2.711471669385176e-10,120,c_scan
0.085427135678392,1.9028175754568235,0.0040751952151169,1.0537089845672908e-07,1.5885017064045724e-10,2.0050159752514041e-07,3.0500409320208016e-10,120,c_scan
0.0954773869346734,1.8732884803065808,0.0038842676444146,1.2160242820047176e-07,1.7684294897834655e-10,2.277964279252519e-07,3.3668476859004125e-10,120,c_scan
0.1055276381909549,1.8456765943388649,0.0037120508883419,1.3863674240336753e-07,1.945099151256568e-10,2.5587859056928185e-07,3.6872463968404527e-10,120,c_scan
0.1155778894472361,1.8201656152375865,0.0035980645067296,1.5640893305359376e-07,2.1656261925906084e-10,2.8469016186014893e-07,4.0166116457588047e-10,120,c_scan
0.1256281407035175,1.7966529523974677,0.0034537164725856,1.748940513107323e-07,2.339030158828194e-10,3.1422391364418134e-07,4.3388228846097176e-10,120,c_scan
0.135678391959799,1.7747602299035228,0.0033258648826399,1.9407546934603768e-07,2.5233274523924046e-10,3.444374245952079e-07,4.6484205828700997e-10,120,c_scan
0.1457286432160804,1.754622021735244,0.00327169251849,2.1382954680139325e-07,2.809524262440338e-10,3.751900317153916e-07,4.963906844078722e-10,120,c_scan
0.1557788944723619,1.7358842075841248,0.0031451087619395,2.342086390097586e-07,2.966766693037131e-10,4.065590777368113e-07,5.266644821447857e-10,120,c_scan
0.1658291457286431,1.718555738199831,0.003049160868428,2.551663692634985e-07,3.155950879958265e-10,4.3851762809340233e-07,5.578428216447953e-10,120,c_scan
0.1758793969849246,1.702292431563502,0.002960120436438,2.766848462674206e-07,3.3479624446253784e-10,4.709985197293413e-07,5.882044301978096e-10,120,c_scan
0.185929648241206,1.6873136204225658,0.0028668696064077,2.987376558061507e-07,3.5101121211950647e-10,5.040641155748264e-07,6.186386054456954e-10,120,c_scan
0.1959798994974875,1.673161481810806,0.0028047271698511,3.21278128353372e-07,3.7422286427096015e-10,5.375501893091302e-07,6.480210684857092e-10,120,c_scan
0.2060301507537689,1.659921040926181,0.0027137535363199,3.4430596241643666e-07,3.8842504912614866e-10,5.715207115313822e-07,6.762562823679997e-10,120,c_scan
0.2160804020100502,1.647457375241724,0.0026619830207144,3.677730999144319e-07,4.1212050999370285e-10,6.058905058695423e-07,7.05321082116568e-10,120,c_scan
0.2261306532663316,1.6357071658237294,0.0026180902037988,3.9182158399734953e-07,4.3690303555286414e-10,6.40905372668869e-07,7.359329510139144e-10,120,c_scan
0.2361809045226131,1.624622864374468,0.002566691859366,4.162559777065145e-07,4.5980550907016575e-10,6.762589788145522e-07,7.638426412501013e-10,120,c_scan
0.2462311557788945,1.6141667830386743,0.0024924254955191,4.410412940312073e-07,4.71368975759155e-10,7.119142067735679e-07,7.93383801976205e-10,120,c_scan
0.256281407035176,1.6042057783653283,0.0023909802555654,4.663953775695637e-07,4.695986904388296e-10,7.481941596999732e-07,8.22211337057204e-10,120,c_scan
0.2663316582914572,1.59485403059468,0.0023651536920678,4.920221543746285e-07,4.984104655816401e-10,7.847035160462542e-07,8.499194950205979e-10,120,c_scan
0.2763819095477386,1.5859039497956071,0.0023306613795483,5.181294336931079e-07,5.20494411826451e-10,8.217035153992611e-07,8.814109164315101e-10,120,c_scan
0.2864321608040201,1.5773579815390786,0.0022899608942206,5.447086349441428e-07,5.426481572036675e-10,8.592005129423999e-07,9.07336515948291e-10,120,c_scan
0.2964824120603015,1.569087084883233,0.002265162207437,5.715691043857078e-07,5.705302303737486e-10,8.968416998098906e-07,9.353265718894095e-10,120,c_scan
0.306532663316583,1.5613131047783262,0.002197182404732,5.988102030535609e-07,5.759451524693247e-10,9.349302173024952e-07,9.604364072066419e-10,120,c_scan
0.3165829145728642,1.5538164586615768,0.0021655453566199,6.264794340745249e-07,5.978046800403876e-10,9.73434055677987e-07,9.88805718861237e-10,120,c_scan
0.3266331658291457,1.5451158716291835,0.0021396337876809,6.602289046842014e-07,6.298312057213231e-10,1.020130159535911e-06,1.0239775011104394e-09,120,c_scan
0.3366834170854271,1.5381521474942612,0.0020985831119964,6.887390959417117e-07,6.448541025360022e-10,1.0593855194859998e-06,1.0513225681885484e-09,120,c_scan
0.3467336683417086,1.5315422457503398,0.0020657124459161,7.175782663221398e-07,6.62170413534146e-10,1.0990014295046457e-06,1.0810920733111802e-09,120,c_scan
0.35678391959799,1.5250036278171413,0.0019962690485443,7.46879932217784e-07,6.569841125852504e-10,1.1389946061759412e-06,1.1041700160022386e-09,120,c_scan
0.3668341708542713,1.5187961482578185,0.0019800731351738,7.764951597248606e-07,6.87600930967515e-10,1.1793378577309578e-06,1.1284250542049243e-09,120,c_scan
0.3768844221105527,1.5128043453711106,0.0019363757354616,8.064706599780213e-07,6.936675161737905e-10,1.2200323188290582e-06,1.1564963323009099e-09,120,c_scan
0.3869346733668342,1.5071020301522402,0.0018863029705325,8.367528877785328e-07,6.930918012160175e-10,1.2610719759067765e-06,1.1832769857372694e-09,120,c_scan
0.3969849246231156,1.5013808218117202,0.0018515657628942,8.674768587405773e-07,7.09447713889375e-10,1.3024131190785774e-06,1.2022065987503099e-09,120,c_scan
0.4070351758793971,1.495850391699644,0.0018419474712285,8.985310486604313e-07,7.388082159499737e-10,1.344068021092998e-06,1.232003097136353e-09,120,c_scan
0.4170854271356783,1.4905465226942778,0.0018221431542304,9.299308174132956e-07,7.63980839559109e-10,1.386105146241635e-06,1.2547786310224223e-09,120,c_scan
0.4271356783919597,1.4853530597429747,0.0017793031584618,9.61672250756343e-07,7.652327764368853e-10,1.4284228201308473e-06,1.279035945540571e-09,120,c_scan
0.4371859296482412,1.4802811956882287,0.0017800424840319,9.937974474206995e-07,8.077323938141763e-10,1.4710996737398229e-06,1.3037398576693831e-09,120,c_scan
0.4472361809045226,1.4752960974865903,0.0017846233797286,1.0262391501192503e-06,8.510683290863614e-10,1.5140066132588854e-06,1.3333172627127286e-09,120,c_scan
0.4572864321608041,1.4704825789472844,0.0017404367224281,1.0590463739582064e-06,8.540026188259981e-10,1.5573092432028335e-06,1.3492125517327131e-09,120,c_scan
0.4673366834170853,1.4657359775468228,0.0016936202839883,1.0922232529636605e-06,8.48822211037683e-10,1.6009109173820615e-06,1.368902866480154e-09,120,c_scan
0.4773869346733668,1.4610648520149778,0.0016814238040172,1.125739943853026e-06,8.806479460264588e-10,1.644779064472971e-06,1.388276142233489e-09,120,c_scan
0.4874371859296482,1.456476512964843,0.0016180143866762,1.1596159827025478e-06,8.50053038029711e-10,1.6889534428649063e-06,1.409809000989541e-09,120,c_scan
0.4974874371859297,1.452215383021539,0.0016143371391685,1.1920859374676792e-06,8.83381643930108e-10,1.731165536274216e-06,1.4344666626506723e-09,120,c_scan
-0.4974874371859297,1.3339997220120396,0.0102249872200182,-1.2867113672584382e-06,9.683968450219416e-09,-1.716472606232488e-06,2.492181136317329e-09,130,c_scan
-0.4874371859296482,1.336717212056729,0.0104047392179882,-1.253797311468812e-06,9.582683702892398e-09,-1.6759724466708127e-06,2.470668640323461e-09,130,c_scan
-0.4773869346733668,1.3396603996344114,0.0105396234604042,-1.2192675067831107e-06,9.418021847461593e-09,-1.6334043953983146e-06,2.439466097123389e-09,130,c_scan
-0.4673366834170854,1.3427053392948902,0.0107188946916872,-1.1850660605683915e-06,9.288608973907164e-09,-1.5911945269423417e-06,2.410101769349222e-09,130,c_scan
-0.457286432160804,1.345729056703768,0.0108727482647628,-1.1512931658242325e-06,9.13204564783266e-09,-1.5493286660341392e-06,2.38063903573462e-09,130,c_scan
-0.4472361809045225,1.348788126152696,0.0110357535986567,-1.1177152298958894e-06,8.977785037171029e-09,-1.5075610305036065e-06,2.348829929117278e-09,130,c_scan
-0.4371859296482412,1.3519946269476342,0.0112236861601539,-1.0844501551957113e-06,8.837789387648587e-09,-1.4661707830171296e-06,2.3186226146726827e-09,130,c_scan
-0.4271356783919597,1.3553213087175426,0.0113944209962672,-1.0513967484953297e-06,8.678122106258016e-09,-1.424980417152059e-06,2.277170408946028e-09,130,c_scan
-0.4170854271356784,1.3586914880610257,0.0115475046858787,-1.018734262019624e-06,8.499046229044191e-09,-1.3841455704021936e-06,2.245274021358929e-09,130,c_scan
-0.4070351758793969,1.3621082242271874,0.0117378930049652,-9.864584958000492e-07,8.344500673486852e-09,-1.3436632299880274e-06,2.2098475015985524e-09,130,c_scan
-0.3969849246231155,1.3656906198493215,0.0119407895422126,-9.543142057502536e-07,8.190543631530888e-09,-1.303297959182077e-06,2.175107924020841e-09,130,c_scan
-0.3869346733668342,1.3693206170452343,0.0121185582931124,-9.225990293198598e-07,8.014234798632017e-09,-1.2633338721136046e-06,2.138976963256613e-09,130,c_scan
-0.3768844221105527,1.3731878586784665,0.0122844148350005,-8.910714378493323e-07,7.822451149659138e-09,-1.2236084796698669e-06,2.106485355699937e-09,130,c_scan
-0.3668341708542714,1.3770188095439395,0.0124738565877099,-8.600083613818815e-07,7.644764381645123e-09,-1.1842476899879129e-06,2.065054983615761e-09,130,c_scan
-0.3567839195979899,1.377089742263557,0.0126774297617855,-8.291956675534706e-07,7.481457881940913e-09,-1.141876848117267e-06,2.087880208054056e-09,130,c_scan
-0.3467336683417085,1.3859844960611842,0.0129762468846802,-7.926952592129417e-07,7.282662009589852e-09,-1.0986633393703387e-06,1.9809591865316566e-09,130,c_scan
-0.3366834170854271,1.3903690602418866,0.0131976774311857,-7.626769057780607e-07,7.103222776546048e-09,-1.060402372754832e-06,1.943759217298865e-09,130,c_scan
-0.3266331658291457,1.3948174475058135,0.0134028938934541,-7.329166238737232e-07,6.910139169925091e-09,-1.0222848945461251e-06,1.8965524253776158e-09,130,c_scan
-0.3165829145728643,1.3994333818911413,0.0136260614986257,-7.03428038012419e-07,6.719863933570166e-09,-9.844006781527698e-07,1.853668150377673e-09,130,c_scan
-0.3065326633165829,1.404257785324397,0.0138852406263619,-6.744657747714905e-07,6.543055065657235e-09,-9.471238151577168e-07,1.8120765012847942e-09,130,c_scan
-0.2964824120603014,1.4093315130974975,0.0141527336525595,-6.456815397835046e-07,6.361048335362958e-09,-9.099793414422088e-07,1.77139614962658e-09,130,c_scan
-0.2864321608040201,1.4145591441674588,0.0144565467282097,-6.174290715234796e-07,6.190978523684024e-09,-8.733899389983621e-07,1.7255877917018347e-09,130,c_scan
-0.2763819095477386,1.4199345508198744,0.0147622164701261,-5.894654527836523e-07,6.0125962756916964e-09,-8.370023629221892e-07,1.6830990491527303e-09,130,c_scan
-0.2663316582914573,1.4255481067061957,0.0150124841294577,-5.61796628597182e-07,5.803805910674446e-09,-8.008681202506365e-07,1.636826048426133e-09,130,c_scan
-0.2562814070351759,1.4315175694965694,0.0153411897104278,-5.34626509233842e-07,5.6206068426560795e-09,-7.653272410868647e-07,1.5910871359568611e-09,130,c_scan
-0.2462311557788944,1.437708835939271,0.015681411195438,-5.077226783846716e-07,5.432728407834042e-09,-7.299573809203949e-07,1.5439043050902502e-09,130,c_scan
-0.2361809045226131,1.4440748805547965,0.0160819255406959,-4.813748803466502e-07,5.2600323151932994e-09,-6.951413728386684e-07,1.494126653876551e-09,130,c_scan
-0.2261306532663316,1.4508310155323616,0.0164447227707305,-4.553219534492085e-07,5.063981675288618e-09,-6.605952121168938e-07,1.4445284249162756e-09,130,c_scan
-0.2160804020100502,1.4579367082137376,0.0168507062092922,-4.296383682039274e-07,4.87246105415683e-09,-6.263855482615556e-07,1.396524304794452e-09,130,c_scan
-0.2060301507537688,1.4653286520609945,0.0172859639366672,-4.045101159652867e-07,4.682652140830496e-09,-5.9274026297245e-07,1.3457457863730795e-09,130,c_scan
-0.1959798994974874,1.4733115629590454,0.0177258102163253,-3.796453395111085e-07,4.4823429659293076e-09,-5.593358685252287e-07,1.2942654514642575e-09,130,c_scan
-0.185929648241206,1.4815114197110628,0.018172871945262,-3.553934878379866e-07,4.277978090842426e-09,-5.265195107229219e-07,1.242515944827625e-09,130,c_scan
-0.1758793969849246,1.4903022750245034,0.0186540071752525,-3.3149261764855616e-07,4.071773772255837e-09,-4.940242022354711e-07,1.189533036893093e-09,130,c_scan
-0.1658291457286431,1.4994319350038003,0.019250849267886,-3.080583743265085e-07,3.8819285549893045e-09,-4.619125643105217e-07,1.1353702052368803e-09,130,c_scan
-0.1557788944723618,1.509208567978395,0.0198241479932301,-2.851924847376452e-07,3.677033967573331e-09,-4.304149414891018e-07,1.0808964003326848e-09,130,c_scan
-0.1457286432160803,1.5195583937377373,0.0203984443498219,-2.627209656096205e-07,3.461582370142523e-09,-3.992198485029822e-07,1.0254446757300247e-09,130,c_scan
-0.135678391959799,1.5303670540271248,0.0210491831791042,-2.4090104489811896e-07,3.252529087567586e-09,-3.6866702239279043e-07,9.677673602803616e-10,130,c_scan
-0.1256281407035175,1.541802231945642,0.0218005600596648,-2.194919110563954e-07,3.0469412599190886e-09,-3.384131183607649e-07,9.096846099020732e-10,130,c_scan
-0.1155778894472361,1.553942609255438,0.0225629417021129,-1.9869871923972248e-07,2.832706535954864e-09,-3.08766406231088e-07,8.502520876222302e-10,130,c_scan
-0.1055276381909547,1.5666514997557364,0.0233243226004296,-1.78522130747615e-07,2.6096601467548206e-09,-2.796819638753407e-07,7.892303449683246e-10,130,c_scan
-0.0954773869346733,1.579948371932767,0.0242145355135361,-1.588501551194718e-07,2.3909242398918107e-09,-2.509750439622769e-07,7.250135197776695e-10,130,c_scan
-0.085427135678392,1.5936705632002952,0.0251051132616031,-1.398843530369523e-07,2.164302922511645e-09,-2.229295756873087e-07,6.602606622730727e-10,130,c_scan
-0.0753768844221105,1.6078386121347186,0.0260670033176844,-1.2141500575123894e-07,1.9336943236573038e-09,-1.952157343394009e-07,5.919849819152962e-10,130,c_scan
-0.0653266331658291,1.6219992322239116,0.0270257931379805,-1.0362636540630153e-07,1.6964496892838299e-09,-1.680818851271756e-07,5.212979399753793e-10,130,c_scan
-0.0552763819095477,1.635858118217052,0.0279752025832508,-8.64760743967276e-08,1.4532900302542712e-09,-1.414625883334286e-07,4.4781849732927616e-10,130,c_scan
-0.0452261306532663,1.6487940223010011,0.028954596153376,-6.982583880794636e-08,1.205376383476361e-09,-1.151284256286952e-07,3.711635125557469e-10,130,c_scan
-0.0351758793969849,1.660175871850537,0.0298531576257316,-5.3781372127923055e-08,9.509058127599635e-10,-8.928653636179283e-08,2.9252189509738496e-10,130,c_scan
-0.0251256281407035,1.6693201470191985,0.0305787384882329,-3.8070716015503535e-08,6.8585264645143e-10,-6.35522132561265e-08,2.1081300339019888e-10,130,c_scan
-0.015075376884422,1.6762121116640156,0.0311959094760802,-2.2687297003990444e-08,4.1534450866050204e-10,-3.802872201900753e-08,1.2731532647049768e-10,130,c_scan
-0.0050251256281407,1.6868936061475963,0.0325314667114692,-7.483414952207028e-09,1.4202687522398848e-10,-1.2623724835027356e-08,4.3192347252774976e-11,130,c_scan
0.0050251256281406,1.656162474554845,0.028815664112419,7.832807977762106e-09,1.3397321104406446e-10,1.2972402643163424e-08,4.1382926042474645e-11,130,c_scan
0.015075376884422,1.6576562920515363,0.0295384923452771,2.3407202121250573e-08,4.1027311288018206e-10,3.880109587561308e-08,1.246102228167756e-10,130,c_scan
0.0251256281407035,1.648935849188985,0.0290029415624635,3.9450373071753566e-08,6.825065892270237e-10,6.505113442189423e-08,2.0638306637545357e-10,130,c_scan
0.0351758793969849,1.6364379335802377,0.0281009699830971,5.606270565609493e-08,9.467320089583711e-10,9.174313819477709e-08,2.8584084936256364e-10,130,c_scan
0.0452261306532664,1.6218863501891363,0.0271494442827798,7.33752357320188e-08,1.2077856369751503e-09,1.190062932756715e-07,3.6220968429570687e-10,130,c_scan
0.0552763819095476,1.606450255205092,0.0260770498216495,9.143476521328016e-08,1.459285997846865e-09,1.468854019114916e-07,4.3533466670993534e-10,130,c_scan
0.0653266331658291,1.5907036864169029,0.0250939960371429,1.1028339182651501e-07,1.7105026920554971e-09,1.754281979289972e-07,5.054426040314611e-10,130,c_scan
0.0753768844221105,1.5749448865391449,0.0240582294652427,1.2995592717524736e-07,1.9515282421411634e-09,2.046734229801093e-07,5.730232825973354e-10,130,c_scan
0.085427135678392,1.5597998778979625,0.0230443682004558,1.5040934645159436e-07,2.184244772959042e-09,2.3460848022990925e-07,6.373567060081336e-10,130,c_scan
0.0954773869346734,1.5453295487042114,0.0221636306129868,1.71582482038996e-07,2.418797575831017e-09,2.651514795348701e-07,7.003819960448678e-10,130,c_scan
0.1055276381909549,1.531743768206952,0.0212770781362768,1.9348125361559906e-07,2.6413060739228184e-09,2.963637044905627e-07,7.608006366115841e-10,130,c_scan
0.1155778894472361,1.5189083531213563,0.0204735995606625,2.160920148943077e-07,2.8622629217130792e-09,3.282239664657885e-07,8.20057126953778e-10,130,c_scan
0.1256281407035175,1.506802498192482,0.0197999996706984,2.393881675408531e-07,3.0913305634431272e-09,3.6071068888827785e-07,8.771103380179205e-10,130,c_scan
0.135678391959799,1.495509316534016,0.0191169190068609,2.633289033569455e-07,3.3077865486600104e-09,3.938108282829975e-07,9.329781307064095e-10,130,c_scan
0.1457286432160804,1.4849290993683208,0.0185250421228775,2.878018929093393e-07,3.5281878001384234e-09,4.273654056343631e-07,9.884744835091594e-10,130,c_scan
0.1557788944723619,1.474997196557324,0.0179357793621259,3.1287839356345375e-07,3.738336073282265e-09,4.614947533694534e-07,1.042493431917752e-09,130,c_scan
0.1658291457286431,1.4656960801206964,0.0173237999070137,3.385200744673535e-07,3.9308433478198285e-09,4.961675461889663e-07,1.094459352555049e-09,130,c_scan
0.1758793969849246,1.4568524482745469,0.0168522560981911,3.647032861494772e-07,4.14477079177377e-09,5.313188753206385e-07,1.145824341364684e-09,130,c_scan
0.185929648241206,1.448651574275683,0.016392462985316,3.913983075330603e-07,4.351453952744343e-09,5.669997743766057e-07,1.194856761667867e-09,130,c_scan
0.1959798994974875,1.440884135702036,0.0159964715329338,4.18537240457394e-07,4.56545437710617e-09,6.030636699755674e-07,1.2452748629943102e-09,130,c_scan
0.2060301507537689,1.4335146489981738,0.0156283362475768,4.4615181338372723e-07,4.7795344150318695e-09,6.395651601626725e-07,1.2937538483647723e-09,130,c_scan
0.2160804020100502,1.42654892090423,0.0152184656087358,4.741689769220645e-07,4.970394383637701e-09,6.764252423544338e-07,1.3405621337190755e-09,130,c_scan
0.2261306532663316,1.4200005530952726,0.0148315094120904,5.027516162360686e-07,5.158883693081865e-09,7.139075731247597e-07,1.3912914297809715e-09,130,c_scan
0.2361809045226131,1.413703152369543,0.0145274674042444,5.317173680084958e-07,5.368412107731733e-09,7.516905193232468e-07,1.438716656758632e-09,130,c_scan
0.2462311557788945,1.4077458959059632,0.0142778061171453,5.609911252692997e-07,5.591037606971157e-09,7.897329542375248e-07,1.4855261736424983e-09,130,c_scan
0.256281407035176,1.4020350924487492,0.0139481156609911,5.908308962984472e-07,5.775547069937161e-09,8.283656503133707e-07,1.530976249106098e-09,130,c_scan
0.2663316582914572,1.396648276832529,0.0136840188441236,6.208962884624133e-07,5.977747128974886e-09,8.671737313727424e-07,1.5765283900970732e-09,130,c_scan
0.2763819095477386,1.391447012181636,0.0134017934877806,6.514451683885824e-07,6.165688643458776e-09,9.064514331544556e-07,1.618346771004549e-09,130,c_scan
0.2864321608040201,1.386542111310045,0.0131777856489604,6.824078572366257e-07,6.374424153859333e-09,9.461872311474344e-07,1.658266337819077e-09,130,c_scan
0.2964824120603015,1.3817336822425503,0.0129492294023965,7.136128900834968e-07,6.573710595205437e-09,9.860229663108184e-07,1.699470477942236e-09,130,c_scan
0.306532663316583,1.3771075317692614,0.0127455546813838,7.452182923685765e-07,6.779972549446467e-09,1.0262457232329942e-06,1.743923284720305e-09,130,c_scan
0.3165829145728642,1.3726782270009388,0.012519216881005,7.771913364321645e-07,6.967877209749125e-09,1.0668336257341938e-06,1.7851997303047075e-09,130,c_scan
0.3266331658291457,1.3676175108781006,0.0122814522570808,8.160210834964578e-07,7.203924367655111e-09,1.1160047230354764e-06,1.8365339654738343e-09,130,c_scan
0.3366834170854271,1.363534276750441,0.0120835299553961,8.487702956985597e-07,7.394776731434513e-09,1.1573273912725937e-06,1.876408576795131e-09,130,c_scan
0.3467336683417086,1.3596883316895871,0.0119300030357315,8.817851780488453e-07,7.607331400218498e-09,1.19895301764984e-06,1.916775774556376e-09,130,c_scan
0.35678391959799,1.3558690733989134,0.011735780823522,9.152160680813588e-07,7.788932673415521e-09,1.2409131621892686e-06,1.95814368311152e-09,130,c_scan
0.3668341708542713,1.3521129242228092,0.011532491588194,9.490112349985052e-07,7.958612815258191e-09,1.2831703560741286e-06,1.9958443199846403e-09,130,c_scan
0.3768844221105527,1.348584859721332,0.0113430121041577,9.83029950303017e-07,8.129827806288029e-09,1.3256993076312623e-06,2.0322445348490354e-09,130,c_scan
0.3869346733668342,1.344986419364181,0.0111605193175666,1.017494559355048e-06,8.301394516977425e-09,1.3685163641094809e-06,2.071319478443491e-09,130,c_scan
0.3969849246231156,1.341705959663154,0.0110215323963282,1.0521143519305497e-06,8.498836947770458e-09,1.4116280962323556e-06,2.1066893234952634e-09,130,c_scan
0.4070351758793971,1.338392578641444,0.0108685635992775,1.0871183236005332e-06,8.681603896305534e-09,1.4549910964120813e-06,2.143292081565302e-09,130,c_scan
0.4170854271356783,1.3353070362092476,0.0107299753449567,1.1223319873162212e-06,8.869542384677749e-09,1.4986577996260582e-06,2.1803931581114327e-09,130,c_scan
0.4271356783919597,1.3321663931076255,0.0105486013360041,1.1579685514112926e-06,9.016651011155864e-09,1.5426067884656438e-06,2.219127343626981e-09,130,c_scan
0.4371859296482412,1.329037181020369,0.0104003371335728,1.1939615432235236e-06,9.189250319557576e-09,1.586819283652521e-06,2.245666520550017e-09,130,c_scan
0.4472361809045226,1.3261188212095183,0.0102395389749718,1.2301384008969658e-06,9.342284502760024e-09,1.6313096861220462e-06,2.274570231594036e-09,130,c_scan
0.4572864321608041,1.3232390692277265,0.0101442333678814,1.2666299647999857e-06,9.551762785614033e-09,1.6760542556778804e-06,2.31203491479221e-09,130,c_scan
0.4673366834170853,1.3204079433128104,0.0100174010941044,1.3034625692010828e-06,9.728545456966337e-09,1.7211023301840337e-06,2.341492086907559e-09,130,c_scan
0.4773869346733668,1.317606678774884,0.0098195677910173,1.3405846332363052e-06,9.827149476605745e-09,1.766363266215134e-06,2.37296309157519e-09,130,c_scan
0.4874371859296482,1.3148458379281691,0.009737856645726,1.378007814752971e-06,1.0040506190846476e-08,1.811867839860436e-06,2.404159589759967e-09,130,c_scan
0.4974874371859297,1.3122946179459425,0.0095883341155043,1.4136953328935002e-06,1.0161432860904238e-08,1.8551847767714377e-06,2.4332791595312964e-09,130,c_scan
-0.4974874371859297,1.2017714234664632,0.0014199132648885,-1.5259028823110129e-06,6.032264565506325e-11,-1.8337864789464848e-06,2.165436613359913e-09,140,c_scan
-0.4874371859296482,1.2030451155370037,0.0014312970093608,-1.4899957278854431e-06,7.03291259770916e-11,-1.7925320826035852e-06,2.130947391450453e-09,140,c_scan
-0.4773869346733668,1.204434720710612,0.0014440532082416,-1.4522454496238148e-06,5.894903505029115e-11,-1.7491348425209162e-06,2.095917460547236e-09,140,c_scan
-0.4673366834170854,1.2059460998045683,0.0014567185498912,-1.4146438434100451e-06,4.5054622636428273e-11,-1.7059842255728883e-06,2.0600215254353635e-09,140,c_scan
-0.457286432160804,1.2074459418059706,0.0014695240306754,-1.377406179966006e-06,2.2333152461828112e-11,-1.6631435022184187e-06,2.023951848507624e-09,140,c_scan
-0.4472361809045225,1.2089308276567434,0.0014804775965841,-1.3402887820255578e-06,4.568481900361704e-11,-1.6203164265532062e-06,1.983498737280429e-09,140,c_scan
-0.4371859296482412,1.2104512133264234,0.0014936632072694,-1.3035242887111497e-06,5.733832980638054e-11,-1.5778525568708742e-06,1.9457888391491686e-09,140,c_scan
-0.4271356783919597,1.2120268843632265,0.0015005667496836,-1.2669016553401164e-06,4.721734094679402e-11,-1.5355188661164956e-06,1.9002089148458923e-09,140,c_scan
-0.4170854271356784,1.2136988537504412,0.0015137252536168,-1.230555622463308e-06,1.7208517513271022e-11,-1.4935239484598775e-06,1.8626060251394995e-09,140,c_scan
-0.4070351758793969,1.2153024932420509,0.0015251881086786,-1.1946020343152298e-06,4.8185970446250166e-11,-1.4518028307353249e-06,1.821051479438597e-09,140,c_scan
-0.3969849246231155,1.216973051015348,0.0015433015959337,-1.1587505319420265e-06,1.0142531478130623e-11,-1.4101681702231451e-06,1.7882589472482582e-09,140,c_scan
-0.3869346733668342,1.2186440098602604,0.0015612951528426,-1.1232831570040815e-06,2.765678896721582e-11,-1.3688822906599463e-06,1.7534526616272862e-09,140,c_scan
-0.3768844221105527,1.2203279790055477,0.0015725248763075,-1.088038751313379e-06,2.801666650954588e-11,-1.3277641304699755e-06,1.7106263716199103e-09,140,c_scan
-0.3668341708542714,1.2221052667809365,0.0015866331083532,-1.0530801316331929e-06,3.5069796657529934e-11,-1.2869747752112869e-06,1.6703020247262571e-09,140,c_scan
-0.3567839195979899,1.223828002442498,0.0015903984988906,-1.0182596434330736e-06,1.7657528431723942e-11,-1.2461746653905088e-06,1.6192944216146151e-09,140,c_scan
-0.3467336683417085,1.2262407903912675,0.0016240322706347,-9.769861121907414e-07,6.199019197948997e-11,-1.1980202224140662e-06,1.5848350350500823e-09,140,c_scan
-0.3366834170854271,1.228213611852989,0.001637458943287,-9.42943117536006e-07,5.648214645893801e-11,-1.1581355721608154e-06,1.542471434364386e-09,140,c_scan
-0.3266331658291457,1.2302601947013811,0.0016450048109432,-9.09079394831995e-07,1.9600592642725732e-11,-1.118404193285024e-06,1.495245548777626e-09,140,c_scan
-0.3165829145728643,1.2323442505115207,0.0016638507321106,-8.7544024021451e-07,4.8824955788933865e-11,-1.078843746694776e-06,1.455358623563885e-09,140,c_scan
-0.3065326633165829,1.2344347967950662,0.0016865116776426,-8.42285484925863e-07,6.840025960758998e-11,-1.0397465114278914e-06,1.418012667021151e-09,140,c_scan
-0.2964824120603014,1.2366211504829865,0.00170098874071,-8.092412853799022e-07,4.3727892744626105e-11,-1.0007248893448252e-06,1.375447766787427e-09,140,c_scan
-0.2864321608040201,1.2388740934871347,0.0017197897523968,-7.76686913024583e-07,3.0911434322942834e-11,-9.622172952966513e-07,1.335189120208916e-09,140,c_scan
-0.2763819095477386,1.2412340610442447,0.0017413635386896,-7.443340241422149e-07,5.700025862927004e-11,-9.238927435594464e-07,1.2942237278515255e-09,140,c_scan
-0.2663316582914573,1.2435856262018223,0.0017565722520495,-7.122638440604901e-07,3.2425422499620934e-11,-8.857610785368817e-07,1.25049292672165e-09,140,c_scan
-0.2562814070351759,1.2460651810209582,0.0017749546482354,-6.806713182088632e-07,2.7410544898452797e-11,-8.481608293397014e-07,1.2076778293520183e-09,140,c_scan
-0.2462311557788944,1.2485449365382677,0.0017973976349114,-6.492757953467701e-07,4.862870184485235e-11,-8.106500066970664e-07,1.165426315307524e-09,140,c_scan
-0.2361809045226131,1.2512180695360342,0.0018166868691742,-6.183286229899417e-07,5.168747878933486e-11,-7.736639459963492e-07,1.1214462552752734e-09,140,c_scan
-0.2261306532663316,1.253958075118415,0.001838863398205,-5.87647909057868e-07,2.8496444005709024e-11,-7.368858408895654e-07,1.0800132554879607e-09,140,c_scan
-0.2160804020100502,1.2567731864826608,0.0018589043047979,-5.572765856761453e-07,4.5632683052367505e-11,-7.003702703323867e-07,1.034335146830969e-09,140,c_scan
-0.2060301507537688,1.259712630889387,0.0018832947714843,-5.274023041611985e-07,5.4088755503473997e-11,-6.64375344112028e-07,9.909142033856647e-10,140,c_scan
-0.1959798994974874,1.2627970096155263,0.0019061132127804,-4.977099498188118e-07,6.475124467918971e-11,-6.285066362870894e-07,9.451611665572564e-10,140,c_scan
-0.185929648241206,1.2659655872134086,0.0019309628593827,-4.685683315929805e-07,5.5108728843351535e-11,-5.931913830547147e-07,9.020943113720627e-10,140,c_scan
-0.1758793969849246,1.269216457539131,0.0019549672350378,-4.39729342801923e-07,3.713068662970331e-11,-5.581117187470669e-07,8.58363723706375e-10,140,c_scan
-0.1658291457286431,1.2724411917911624,0.001980438507229,-4.112630425850418e-07,2.681540296831357e-11,-5.233080360465702e-07,8.137661370183695e-10,140,c_scan
-0.1557788944723618,1.2759452571656356,0.0020061834043217,-3.83300778195872e-07,2.970862452910118e-11,-4.890708100069202e-07,7.680367864288616e-10,140,c_scan
-0.1457286432160803,1.2796606761916474,0.0020383512546065,-3.555786839123949e-07,3.5184169398863193e-11,-4.5502005909467124e-07,7.23394478702131e-10,140,c_scan
-0.135678391959799,1.283312516424318,0.0020666921274002,-3.284722200328659e-07,3.262200335829077e-11,-4.215325112658594e-07,6.775588539806621e-10,140,c_scan
-0.1256281407035175,1.2871457267986608,0.0020902604408712,-3.016185001112492e-07,1.9446675827194537e-11,-3.882269635416158e-07,6.299641358502574e-10,140,c_scan
-0.1155778894472361,1.2909475976393838,0.0021187540059015,-2.752971874016996e-07,2.8425104733329828e-11,-3.553942427131033e-07,5.821315998402539e-10,140,c_scan
-0.1055276381909547,1.2947926333157107,0.0021442447433593,-2.49481373091356e-07,2.7114110192918576e-11,-3.23026644028176e-07,5.337958898419727e-10,140,c_scan
-0.0954773869346733,1.2986773658883917,0.0021700530373672,-2.2397663306297202e-07,2.2697496407178608e-11,-2.908733838467713e-07,4.851465185122424e-10,140,c_scan
-0.085427135678392,1.302448451948111,0.0021967098923002,-1.9905640114331065e-07,1.4007969311055679e-11,-2.592607015194671e-07,4.368883788436208e-10,140,c_scan
-0.0753768844221105,1.306077723714477,0.0022227903584756,-1.744086426902189e-07,1.2670239883795615e-11,-2.277912430409726e-07,3.873204960790768e-10,140,c_scan
-0.0653266331658291,1.3094661366167228,0.0022421375258633,-1.5026298288779274e-07,1.0479892701757533e-11,-1.967642876785827e-07,3.366306720066712e-10,140,c_scan
-0.0552763819095477,1.3125592964214312,0.0022680564638091,-1.2654042013095077e-07,1.1702648019723134e-11,-1.66091804815953e-07,2.865894745773945e-10,140,c_scan
-0.0452261306532663,1.3153802625212507,0.0022881876094178,-1.0303853387060738e-07,7.813145272539269e-12,-1.3553485373252436e-07,2.35547397664577e-10,140,c_scan
-0.0351758793969849,1.3175398043103848,0.0023004575388551,-7.995696939775772e-08,1.0434063583313024e-11,-1.0534648981357314e-07,1.8342316482440063e-10,140,c_scan
-0.0251256281407035,1.319253762699824,0.0023098409179896,-5.6937386686520574e-08,5.043204925738528e-12,-7.511486162448713e-08,1.3134790694184848e-10,140,c_scan
-0.015075376884422,1.3203783487122391,0.0023331773224795,-3.409115777917851e-08,6.499166494934729e-12,-4.501322661416013e-08,7.907645553776467e-11,140,c_scan
-0.0050251256281407,1.3230525147317458,0.0023999402789871,-1.1340419573947398e-08,4.556835032871179e-12,-1.5003970635424222e-08,2.654016920745145e-11,140,c_scan
0.0050251256281406,1.3135041283061824,0.0023306509805903,1.157637929923306e-08,4.985078736255965e-12,1.5205622000380853e-08,2.6173881860031208e-11,140,c_scan
0.015075376884422,1.3144588068085497,0.0022990795928249,3.4681774810298015e-08,1.081544267868888e-11,4.558776433514714e-08,7.84585735517782e-11,140,c_scan
0.0251256281407035,1.3124060224527294,0.0022582926885458,5.8136687981620265e-08,8.042434187362587e-12,7.629893943253362e-08,1.3086469120029675e-10,140,c_scan
0.0351758793969849,1.3092623948915991,0.0022355080244041,8.195684157916243e-08,9.246185671222182e-12,1.0730301068368561e-07,1.8281480661958902e-10,140,c_scan
0.0452261306532664,1.305473037206072,0.0022028517429498,1.0624700349341201e-07,6.128777792850294e-12,1.3870259834458874e-07,2.3390959920664446e-10,140,c_scan
0.0552763819095476,1.3014122775914794,0.002175361586103,1.3104418851376594e-07,6.186681570907441e-12,1.705425158388273e-07,2.8495476961276117e-10,140,c_scan
0.0653266331658291,1.297030530939333,0.0021446531175675,1.5640147191147316e-07,9.192976298392211e-12,2.028574841530313e-07,3.3521491106863916e-10,140,c_scan
0.0753768844221105,1.292520736912004,0.0021034851994924,1.823614990853476e-07,3.413003181053786e-12,2.357060191821712e-07,3.835693478050912e-10,140,c_scan
0.085427135678392,1.287759550882723,0.002071238426188,2.089355063123719e-07,1.1321172655352537e-11,2.690586937722745e-07,4.3250960687486957e-10,140,c_scan
0.0954773869346734,1.283282047208148,0.0020412223070619,2.360036542711755e-07,1.0256052049438197e-11,3.028592526017181e-07,4.815561000391462e-10,140,c_scan
0.1055276381909549,1.2788157999043943,0.0020032121771242,2.6366174063020705e-07,5.258279291230329e-12,3.371747997482032e-07,5.281276022719821e-10,140,c_scan
0.1155778894472361,1.2744292695492423,0.0019761658767102,2.918840156397259e-07,8.437981493610523e-12,3.7198553284483546e-07,5.767109820641973e-10,140,c_scan
0.1256281407035175,1.2702175141375869,0.0019395914332086,3.206778855574941e-07,1.3724046735572806e-11,4.0733066663173773e-07,6.217397384940104e-10,140,c_scan
0.135678391959799,1.2660210120379465,0.0019147513055962,3.5004943263349053e-07,8.338093792813009e-12,4.431699369659606e-07,6.70174475710987e-10,140,c_scan
0.1457286432160804,1.2620994713900726,0.0018830270037404,3.7980614553738497e-07,2.6226430858441448e-11,4.793531355134346e-07,7.144188383237152e-10,140,c_scan
0.1557788944723619,1.2583520575541678,0.0018513677509966,4.100693248486907e-07,1.2433280379083368e-11,5.160115786631983e-07,7.590278951558874e-10,140,c_scan
0.1658291457286431,1.2547007643260832,0.0018269419135782,4.4084405039237626e-07,2.1560528097432472e-11,5.531273669759209e-07,8.049420273776611e-10,140,c_scan
0.1758793969849246,1.251285584602973,0.0018039646812289,4.720283388439102e-07,2.2272426078072462e-11,5.906422559194722e-07,8.510662697737675e-10,140,c_scan
0.185929648241206,1.247937434109791,0.0017773069992098,5.037285448325987e-07,1.6605655444519394e-11,6.286217077262521e-07,8.950404034543778e-10,140,c_scan
0.1959798994974875,1.2446989681366716,0.0017483317944342,5.357967579490918e-07,1.2591282990211226e-11,6.669056717502086e-07,9.366193944777447e-10,140,c_scan
0.2060301507537689,1.2415346592204453,0.0017244659241187,5.682943129758324e-07,1.3038044444883854e-11,7.055570861973672e-07,9.798704828599227e-10,140,c_scan
0.2160804020100502,1.2385088423154225,0.0017001135632512,6.0113266761805e-07,2.454750357444345e-11,7.445081242496126e-07,1.0215414972031144e-09,140,c_scan
0.2261306532663316,1.2357079445952868,0.0016842659708029,6.344761412736126e-07,1.6055282730902018e-11,7.840272084279646e-07,1.0684423912399326e-09,140,c_scan
0.2361809045226131,1.2330492237833337,0.00166593622296,6.681019259637576e-07,4.3964898033935666e-11,8.238025612177614e-07,1.1116942086438755e-09,140,c_scan
0.2462311557788945,1.230401525476672,0.001650319637983,7.02006691014954e-07,1.4001517826565202e-11,8.637501035196302e-07,1.1584073342174842e-09,140,c_scan
0.256281407035176,1.2278722196929863,0.0016261943387342,7.364468655191411e-07,2.6653463087093758e-11,9.042626474509302e-07,1.1971584729384432e-09,140,c_scan
0.2663316582914572,1.225534365431451,0.001605845318506,7.709976716815592e-07,3.5559402356316645e-11,9.448841423133858e-07,1.2373358032292547e-09,140,c_scan
0.2763819095477386,1.2231150025193496,0.0015808686952494,8.060355383564437e-07,2.6633563814689253e-11,9.85874159527527e-07,1.2738198794418331e-09,140,c_scan
0.2864321608040201,1.2206650430340484,0.0015609779135792,8.415436070524098e-07,2.8586787517468263e-11,1.027242863317658e-06,1.3131674335052902e-09,140,c_scan
0.2964824120603015,1.2184750278403582,0.0015510655888764,8.770888888648602e-07,9.14611052222314e-11,1.0687109082780794e-06,1.3558501139049587e-09,140,c_scan
0.306532663316583,1.2164052601137147,0.0015335306070292,9.129976101896768e-07,7.715937910937546e-11,1.1105750955059738e-06,1.3969603587193282e-09,140,c_scan
0.3165829145728642,1.2143894183293058,0.0015142885383884,9.492442650675764e-07,8.504880834531323e-11,1.1527521909078436e-06,1.4337143804529772e-09,140,c_scan
0.3266331658291457,1.212048228750884,0.0015021946027862,9.931109645813357e-07,9.734766275414898e-11,1.2036983855738898e-06,1.487172695737225e-09,140,c_scan
0.3366834170854271,1.2101012251941023,0.0014902314396918,1.0300281695652171e-06,9.887774203024627e-11,1.246438349975308e-06,1.5303098027575902e-09,140,c_scan
0.3467336683417086,1.2083090343938736,0.0014737016362031,1.0671992405100946e-06,3.7902455231602696e-11,1.2895064838066278e-06,1.5720663100099363e-09,140,c_scan
0.35678391959799,1.2064790535012906,0.001459645973592,1.104652764354675e-06,7.949126321402621e-11,1.3327404215862126e-06,1.609547264950067e-09,140,c_scan
0.3668341708542713,1.2047195857077495,0.0014495576925305,1.1424215955065506e-06,8.64139438194534e-11,1.376297671242238e-06,1.6527305133511863e-09,140,c_scan
0.3768844221105527,1.2029627499612214,0.0014347658884841,1.1804243411274184e-06,6.849843683151894e-11,1.4200065115238022e-06,1.6916268427908175e-09,140,c_scan
0.3869346733668342,1.2012911599459384,0.0014198641558393,1.218702256600099e-06,8.928121799754165e-11,1.4640162474598657e-06,1.7270645950050263e-09,140,c_scan
0.3969849246231156,1.1998071885760355,0.0014043539290001,1.257081282358334e-06,7.817144076260865e-11,1.5082551591979104e-06,1.762893844368139e-09,140,c_scan
0.4070351758793971,1.198182784866975,0.0013913249690313,1.2958971682488507e-06,4.8440826639954544e-11,1.5527216779536347e-06,1.8020796447686595e-09,140,c_scan
0.4170854271356783,1.1966142066580372,0.0013867873177099,1.3349326683896208e-06,7.46276231702515e-11,1.5973993959269429e-06,1.8491126255850126e-09,140,c_scan
0.4271356783919597,1.1950895046287102,0.0013692735186727,1.374228209911155e-06,4.3945141831465926e-11,1.6423257106295217e-06,1.8809612556527423e-09,140,c_scan
0.4371859296482412,1.1935450311715403,0.0013624449546564,1.4138922899516369e-06,6.704147670614846e-11,1.6875441172835271e-06,1.9246878201073276e-09,140,c_scan
0.4472361809045226,1.192130571817226,0.0013499233178545,1.4535884855144535e-06,7.98778837111291e-11,1.732867272423281e-06,1.959921053580897e-09,140,c_scan
0.4572864321608041,1.190682925666667,0.0013358113847353,1.493619444938405e-06,1.1519361122774043e-10,1.7784271705318832e-06,1.990473794260849e-09,140,c_scan
0.4673366834170853,1.189356453542426,0.0013203884818028,1.5337736061716082e-06,6.261883593293022e-11,1.8242035367732413e-06,2.02380710609364e-09,140,c_scan
0.4773869346733668,1.1880883419519097,0.0013147766382239,1.5741561055326457e-06,7.444501459581349e-12,1.870236517395756e-06,2.069644773380915e-09,140,c_scan
0.4874371859296482,1.1867371355073004,0.0013099494931627,1.6148271494416969e-06,1.382244325228705e-10,1.9163753456678586e-06,2.108972254642416e-09,140,c_scan
0.4974874371859297,1.1853945096479297,0.0012970725015959,1.6537793357359222e-06,8.520498608485226e-11,1.9603809447505625e-06,2.1426925329926523e-09,140,c_scan
-0.4974874371859297,1.1845473875763035,0.0019637729125771,-1.577681507657177e-06,1.389665124760266e-09,-1.8688385083227527e-06,2.624722699566305e-09,150,c_scan
-0.4874371859296482,1.185439458370925,0.0019923114211893,-1.54191546048279e-06,1.4080844829045211e-09,-1.827847428328474e-06,2.5789164812987303e-09,150,c_scan
-0.4773869346733668,1.186502448849456,0.0020357206480499,-1.5041565449211111e-06,1.455733068238363e-09,-1.7846854240018354e-06,2.5283943688322315e-09,150,c_scan
-0.4673366834170854,1.1876445715802753,0.0020790227222656,-1.4665866765795408e-06,1.4848336877810543e-09,-1.7417837051916485e-06,2.487375595283972e-09,150,c_scan
-0.457286432160804,1.1887167186453873,0.0020982722188754,-1.4293634847146766e-06,1.4673915776210811e-09,-1.6991082713015664e-06,2.4397818134088304e-09,150,c_scan
-0.4472361809045225,1.1898492973962678,0.00212715541695,-1.3921637045796425e-06,1.469676335952279e-09,-1.6564650057546728e-06,2.3899072939915483e-09,150,c_scan
-0.4371859296482412,1.1909389525338605,0.0021506580720627,-1.355334068180323e-06,1.4566730692256923e-09,-1.6141201354921295e-06,2.3424022914137035e-09,150,c_scan
-0.4271356783919597,1.192137830444756,0.0022049145129264,-1.3185947769589549e-06,1.500308342277185e-09,-1.571946716639635e-06,2.2921411959900462e-09,150,c_scan
-0.4170854271356784,1.193234813051485,0.0022241035973971,-1.2822046963861692e-06,1.475304039076263e-09,-1.5299712811860864e-06,2.2435597628966403e-09,150,c_scan
-0.4070351758793969,1.1944887742614143,0.0022598574803823,-1.2459741355957228e-06,1.4736755240349206e-09,-1.4883021179891602e-06,2.1976543340540252e-09,150,c_scan
-0.3969849246231155,1.195650259737759,0.0022796808799794,-1.209943252709146e-06,1.4452456459821571e-09,-1.4466689643696394e-06,2.149911761512116e-09,150,c_scan
-0.3869346733668342,1.1968797731236782,0.0023346037743399,-1.1741655362247992e-06,1.4722556989821012e-09,-1.4053349806063796e-06,2.099808774555665e-09,150,c_scan
-0.3768844221105527,1.1982308313430134,0.0024110136677944,-1.1384713441348343e-06,1.523038307126795e-09,-1.3641514651428807e-06,2.050332494537274e-09,150,c_scan
-0.3668341708542714,1.19957728197581,0.0024324267006352,-1.1031304596863052e-06,1.489495825150594e-09,-1.3232902384952238e-06,2.001869754201757e-09,150,c_scan
-0.3567839195979899,1.199645806994729,0.001722761774986,-1.06459072750339e-06,4.911508364649984e-10,-1.2771318024149091e-06,1.7368142925198531e-09,150,c_scan
-0.3467336683417085,1.2024965507193637,0.0025227417603031,-1.0262227306558465e-06,1.4688909384900371e-09,-1.2340292938834615e-06,1.8927316559698237e-09,150,c_scan
-0.3366834170854271,1.2039131686824798,0.0025641989684297,-9.9171882878838e-07,1.4551922062230048e-09,-1.1939433576086965e-06,1.8432109245145111e-09,150,c_scan
-0.3266331658291457,1.2053514105377403,0.0026144190902686,-9.573436292883829e-07,1.446686164264692e-09,-1.153935493932072e-06,1.7954883998484972e-09,150,c_scan
-0.3165829145728643,1.2068292778850398,0.0026626458274493,-9.231435586879876e-07,1.4380636122070331e-09,-1.11407667431565e-06,1.740642002808306e-09,150,c_scan
-0.3065326633165829,1.2083189801218688,0.0027080146877455,-8.894114325687897e-07,1.4209253849629082e-09,-1.0746927151102502e-06,1.6891443824232815e-09,150,c_scan
-0.2964824120603014,1.2098531598728484,0.0028072350216384,-8.557459528794852e-07,1.449051697482878e-09,-1.0353269451396468e-06,1.642391600295064e-09,150,c_scan
-0.2864321608040201,1.211346697741838,0.0028455048523114,-8.225733336528796e-07,1.4140120067197483e-09,-9.964214913709109e-07,1.59520958866437e-09,150,c_scan
-0.2763819095477386,1.2128712409793994,0.0029082588225377,-7.895626202706023e-07,1.4028347122914395e-09,-9.576377950785517e-07,1.5420170009967083e-09,150,c_scan
-0.2663316582914573,1.2145471442986475,0.0029670158019039,-7.566716045028875e-07,1.3838312467596103e-09,-9.190133364208576e-07,1.48843259478923e-09,150,c_scan
-0.2562814070351759,1.216234849839753,0.0030629103413478,-7.242839522385799e-07,1.388930349340632e-09,-8.80899383892232e-07,1.4379691301035841e-09,150,c_scan
-0.2462311557788944,1.217908869857637,0.0031343811863199,-6.920203024911216e-07,1.3694260636258063e-09,-8.428176645255021e-07,1.386767456726092e-09,150,c_scan
-0.2361809045226131,1.2196806958467237,0.0031624853862622,-6.601849868463653e-07,1.3151676532401483e-09,-8.05214884144335e-07,1.3363859433851923e-09,150,c_scan
-0.2261306532663316,1.221455031787979,0.0032127799396019,-6.285847957025917e-07,1.2766258426607628e-09,-7.677880616163495e-07,1.2832982424871341e-09,150,c_scan
-0.2160804020100502,1.2232411389812132,0.0032960574416812,-5.972158913496118e-07,1.2551745878938967e-09,-7.305390471521796e-07,1.231840505385616e-09,150,c_scan
-0.2060301507537688,1.2252499519536593,0.0033788344826064,-5.66231889199627e-07,1.228905734036013e-09,-6.937755950364726e-07,1.1803245947271063e-09,150,c_scan
-0.1959798994974874,1.227154717149158,0.0034855499505882,-5.354723713122805e-07,1.2131830977527191e-09,-6.571074463589107e-07,1.125651460183935e-09,150,c_scan
-0.185929648241206,1.229173005740894,0.0035791137291752,-5.051818148329429e-07,1.183359272445734e-09,-6.209558497838482e-07,1.074016687109917e-09,150,c_scan
-0.1758793969849246,1.2311700940240262,0.0036569014576629,-4.751061233542669e-07,1.142605778733402e-09,-5.849364505614632e-07,1.0196529203815088e-09,150,c_scan
-0.1658291457286431,1.2332006371159243,0.003780706586899,-4.453345640060042e-07,1.118484056774792e-09,-5.491868680619468e-07,9.655389625250163e-10,150,c_scan
-0.1557788944723618,1.2352418209566514,0.0038715984709526,-4.160312385602153e-07,1.0753423957719952e-09,-5.138991846939712e-07,9.110277955536651e-10,150,c_scan
-0.1457286432160803,1.2372158315711987,0.0039916466474504,-3.869533165479049e-07,1.0388841713174274e-09,-4.787447693120494e-07,8.56546871313026e-10,150,c_scan
-0.135678391959799,1.2393738457066017,0.0040758813240784,-3.583253442921577e-07,9.853644723732106e-10,-4.440990599695136e-07,8.010123812597121e-10,150,c_scan
-0.1256281407035175,1.2415004868349744,0.0041586766116053,-3.2988552416974097e-07,9.282065393242431e-10,-4.095530388565442e-07,7.44392714897608e-10,150,c_scan
-0.1155778894472361,1.2436313771131522,0.0042668050871295,-3.018788041417784e-07,8.755866705379271e-10,-3.754259529161114e-07,6.880224394666604e-10,150,c_scan
-0.1055276381909547,1.2456787154362725,0.0043357555455411,-2.742931186767541e-07,8.08839307467801e-10,-3.41681099726268e-07,6.318174436749299e-10,150,c_scan
-0.0954773869346733,1.2476933259740617,0.0044431240860129,-2.4691724825872924e-07,7.496047939426474e-10,-3.0807700272029693e-07,5.734547644639731e-10,150,c_scan
-0.085427135678392,1.2496275950295856,0.0045873900544719,-2.2001704395063418e-07,6.939869302756481e-10,-2.749393694975497e-07,5.16347734559508e-10,150,c_scan
-0.0753768844221105,1.2513986906199428,0.0046711571544797,-1.932759312955481e-07,6.219769544245553e-10,-2.4186524735159893e-07,4.574637402435435e-10,150,c_scan
-0.0653266331658291,1.2530352048347488,0.0047678446961233,-1.6691913626144826e-07,5.49840206118118e-10,-2.0915555409620322e-07,3.9835916989571324e-10,150,c_scan
-0.0552763819095477,1.2545379392693845,0.0048295648521506,-1.4087490816125745e-07,4.704847320779854e-10,-1.7673291697938773e-07,3.3839545661039845e-10,150,c_scan
-0.0452261306532663,1.2557994863119453,0.0049207829132412,-1.1494196560213213e-07,3.922741820305059e-10,-1.443440613588428e-07,2.7791399958782537e-10,150,c_scan
-0.0351758793969849,1.2567051949526626,0.004954158997699,-8.933665733461188e-08,3.0703239866541234e-10,-1.122698413721126e-07,2.16805278471837e-10,150,c_scan
-0.0251256281407035,1.2573291606640844,0.0049256996447652,-6.37066177112232e-08,2.1693447956729944e-10,-8.010018817559995e-08,1.5515565411971903e-10,150,c_scan
-0.015075376884422,1.2577344957043222,0.0050379941287595,-3.818740675809168e-08,1.3366996065738674e-10,-4.8029618781144264e-08,9.353254825747494e-11,150,c_scan
-0.0050251256281407,1.2590024332610992,0.0053489346682874,-1.274620441539566e-08,4.7814499018088495e-11,-1.6047502373826503e-08,3.200711791498063e-11,150,c_scan
0.0050251256281406,1.254251064668977,0.0046329024771472,1.2859693926427844e-08,4.108314911016583e-11,1.61292847985393e-08,2.990498877487604e-11,150,c_scan
0.015075376884422,1.254502129190146,0.0048433755758586,3.862050513082019e-08,1.2996006598090028e-10,4.844950591701288e-08,9.169833010012212e-11,150,c_scan
0.0251256281407035,1.253349615356285,0.0047716701734401,6.466410817950392e-08,2.1379151410584838e-10,8.104673511413843e-08,1.5299190511232768e-10,150,c_scan
0.0351758793969849,1.2516180755255557,0.0046840357666435,9.097544878063413e-08,2.945372199263608e-10,1.1386651612289109e-07,2.1374581112601407e-10,150,c_scan
0.0452261306532664,1.2496799557098548,0.0045865214621261,1.1763781621205077e-07,3.7207024706182966e-10,1.4700962095367965e-07,2.73708828016061e-10,150,c_scan
0.0552763819095476,1.2474853661068006,0.0045230434200337,1.4468846825379114e-07,4.5155092940738446e-10,1.8049674679101285e-07,3.3312320175603327e-10,150,c_scan
0.0653266331658291,1.2451109666657845,0.0043745368703766,1.721667982330631e-07,5.164664727958393e-10,2.143667685757222e-07,3.9206026612703584e-10,150,c_scan
0.0753768844221105,1.2425529408130436,0.0042224443677112,2.001299533638789e-07,5.750932870306111e-10,2.486720620970649e-07,4.5106368735343526e-10,150,c_scan
0.085427135678392,1.239991064700596,0.0041248041965297,2.2854547002666541e-07,6.400145500018577e-10,2.83394340710863e-07,5.08795429543341e-10,150,c_scan
0.0954773869346734,1.237299646199434,0.0040042139704694,2.573849533470204e-07,6.966057565592462e-10,3.184623117133261e-07,5.650643879842496e-10,150,c_scan
0.1055276381909549,1.234707660852596,0.0038690040637634,2.866701644047227e-07,7.44111050644518e-10,3.539538481283842e-07,6.213258078785206e-10,150,c_scan
0.1155778894472361,1.232048229798416,0.0037411494913884,3.1644056429231777e-07,7.88320248848846e-10,3.898700370727619e-07,6.768903095291809e-10,150,c_scan
0.1256281407035175,1.2295813680523635,0.0036538840596329,3.466478762881225e-07,8.41107866276324e-10,4.262317699587962e-07,7.31240261272385e-10,150,c_scan
0.135678391959799,1.2270081035967724,0.0035127921611615,3.773546630126472e-07,8.68479599859956e-10,4.630172294465474e-07,7.88391619491576e-10,150,c_scan
0.1457286432160804,1.2246065399623287,0.0033805236424673,4.0835676033668563e-07,8.92928044898732e-10,5.000763593461345e-07,8.425902598265112e-10,150,c_scan
0.1557788944723619,1.2222348345071363,0.0033112929953503,4.398019962830302e-07,9.40186266712252e-10,5.375413201428975e-07,8.946240806066626e-10,150,c_scan
0.1658291457286431,1.2199313592033316,0.0032101256113397,4.716709265020186e-07,9.671126159974462e-10,5.754061544643023e-07,9.490069577464415e-10,150,c_scan
0.1758793969849246,1.2176306704983264,0.0031341657162858,5.039320716906191e-07,1.0010267483483331e-09,6.136031463382592e-07,1.0044175933473575e-09,150,c_scan
0.185929648241206,1.2154537152313345,0.0030582314735312,5.366020037334295e-07,1.0335726030125175e-09,6.522148990383753e-07,1.0558726547229182e-09,150,c_scan
0.1959798994974875,1.2132490322330298,0.0030246013164279,5.696056890709899e-07,1.086078253725945e-09,6.910735510198066e-07,1.109889226499552e-09,150,c_scan
0.2060301507537689,1.211161133542265,0.0028988542758833,6.029530946381394e-07,1.0792049555287438e-09,7.302733535747454e-07,1.160419508126657e-09,150,c_scan
0.2160804020100502,1.2091628967633412,0.0028205494532895,6.365431756942288e-07,1.0969940404200632e-09,7.696843902373702e-07,1.2099634618634e-09,150,c_scan
0.2261306532663316,1.207149263776214,0.0027340876297768,6.706959475129481e-07,1.1003058748524072e-09,8.096301192579456e-07,1.264279964563703e-09,150,c_scan
0.2361809045226131,1.205250624034372,0.0026576156950971,7.050701820282863e-07,1.105828059726864e-09,8.497862768776205e-07,1.3171148878896539e-09,150,c_scan
0.2462311557788945,1.203506204347507,0.0025785554424438,7.395719256238394e-07,1.1049379202939235e-09,8.900794010495238e-07,1.3668890611043562e-09,150,c_scan
0.256281407035176,1.2017117360929517,0.0025241649952494,7.746198835073221e-07,1.1218681174913211e-09,9.30869805021704e-07,1.4161685960390403e-09,150,c_scan
0.2663316582914572,1.2000075513059671,0.0024669464803943,8.097846904342665e-07,1.1296997491115332e-09,9.717477434530847e-07,1.4673122217174302e-09,150,c_scan
0.2763819095477386,1.198349799079994,0.0024656053341821,8.453022751175918e-07,1.1912108650768576e-09,1.012967811549028e-06,1.518582818053252e-09,150,c_scan
0.2864321608040201,1.1967064189898389,0.0023889681668688,8.812348191481828e-07,1.1718184307494658e-09,1.0545793647119802e-06,1.5702021541503383e-09,150,c_scan
0.2964824120603015,1.195007957550613,0.0023163076567437,9.172836736971782e-07,1.1483513678273487e-09,1.0961612893993875e-06,1.622103729164923e-09,150,c_scan
0.306532663316583,1.1934425162937967,0.0022643190651606,9.53656456043498e-07,1.1459244273162371e-09,1.1381341605803768e-06,1.67111246233484e-09,150,c_scan
0.3165829145728642,1.1920567998208715,0.0022135780239919,9.902087205926367e-07,1.1361525257831095e-09,1.180385038624378e-06,1.7234145683832627e-09,150,c_scan
0.3266331658291457,1.1903443587953697,0.0021236434054037,1.0345202615060617e-06,1.084540561429464e-09,1.231435357343251e-06,1.7776326181897443e-09,150,c_scan
0.3366834170854271,1.1889777388726035,0.0020977959807622,1.0716550940423228e-06,1.0960470877198827e-09,1.2741740505657482e-06,1.8318703052739041e-09,150,c_scan
0.3467336683417086,1.1875984482362854,0.0020572970440388,1.1090761419670531e-06,1.0837896748238735e-09,1.3171371051759585e-06,1.884013368934825e-09,150,c_scan
0.35678391959799,1.1862466451247995,0.0020296243510987,1.1467797768790066e-06,1.099469733509572e-09,1.360363663019688e-06,1.927785783209552e-09,150,c_scan
0.3668341708542713,1.1849870670027034,0.0019910447862849,1.1846518717896885e-06,1.0934922430654999e-09,1.4037971469713255e-06,1.970890940012709e-09,150,c_scan
0.3768844221105527,1.183729070569258,0.0019527995779483,1.222821448713823e-06,1.076667344948051e-09,1.4474892969581675e-06,2.019376469368931e-09,150,c_scan
0.3869346733668342,1.182417230289384,0.0019526359348763,1.2612238168563271e-06,1.1256134829274211e-09,1.4912927723022638e-06,2.072083784026007e-09,150,c_scan
0.3969849246231156,1.181195532016572,0.0019070617597748,1.2998346629231126e-06,1.084180744356214e-09,1.5353588962050471e-06,2.122441941827739e-09,150,c_scan
0.4070351758793971,1.1800910501096036,0.001863108381816,1.3385272896260702e-06,1.0387870358928594e-09,1.5795840748151908e-06,2.171728446831204e-09,150,c_scan
0.4170854271356783,1.1790099021671112,0.0018194399255983,1.3774915374099473e-06,9.812916686533727e-10,1.6240761627577256e-06,2.223244346165493e-09,150,c_scan
0.4271356783919597,1.1779283860780083,0.0018146889045692,1.4166661554566283e-06,1.0249828941995347e-09,1.668731278108363e-06,2.269657684193892e-09,150,c_scan
0.4371859296482412,1.1767240478539271,0.0017805756879432,1.4562470092533773e-06,9.811964367407934e-10,1.7136008754038093e-06,2.321709723511221e-09,150,c_scan
0.4472361809045226,1.1756400377270568,0.0017421281564883,1.4958800060427782e-06,9.238564453341099e-10,1.7586164267392815e-06,2.368892175432087e-09,150,c_scan
0.4572864321608041,1.1745572352634523,0.0017425402438426,1.5357695922843231e-06,9.838019710220604e-10,1.803849286315154e-06,2.4138089088065797e-09,150,c_scan
0.4673366834170853,1.173552477108014,0.0017325715144327,1.5758319162204344e-06,1.0040767505122456e-09,1.84932144878636e-06,2.462872525466459e-09,150,c_scan
0.4773869346733668,1.1724818744188363,0.0017160783388081,1.616075541594791e-06,1.0129078372921404e-09,1.8948192802114968e-06,2.506158170753164e-09,150,c_scan
0.4874371859296482,1.1714232417914017,0.001668484695346,1.6565771005438162e-06,8.843469858482731e-10,1.940552917396438e-06,2.562492630735065e-09,150,c_scan
0.4974874371859297,1.170598700831282,0.0016591816846457,1.6949439522065116e-06,8.970349438061705e-10,1.984099188434781e-06,2.608819356806116e-09,150,c_scan
-0.4974874371859297,1.1637416501772075,0.0021733757879286,-1.5978464098799112e-06,7.745369868640807e-11,-1.8594804177633744e-06,3.471550740662396e-09,160,c_scan
-0.4874371859296482,1.1643716268541382,0.0021812866833865,-1.5628185974956622e-06,9.850776990331812e-11,-1.8197016328439268e-06,3.4070252239565142e-09,160,c_scan
-0.4773869346733668,1.1651493540976654,0.002194932764706,-1.5258811812680888e-06,1.2413920896707702e-10,-1.7778794727842964e-06,3.3460818744615582e-09,160,c_scan
-0.4673366834170854,1.1658307461302455,0.0022044782795529,-1.4892357350268975e-06,4.1975766023870925e-11,-1.7361968081302329e-06,3.2826230828257487e-09,160,c_scan
-0.457286432160804,1.1665074458682536,0.0022179822245526,-1.452811489982962e-06,4.785094440719709e-11,-1.694715420508077e-06,3.221826566152915e-09,160,c_scan
-0.4472361809045225,1.1672585095147427,0.0022287431135556,-1.416351819154458e-06,1.1702959326126784e-10,-1.653248713374727e-06,3.153727251130349e-09,160,c_scan
-0.4371859296482412,1.1680602328875946,0.0022365616500491,-1.3800843062598923e-06,8.115909022657869e-11,-1.6120215961744447e-06,3.085187534631128e-09,160,c_scan
-0.4271356783919597,1.1688630896188916,0.0022467337667777,-1.3439706195027858e-06,5.171396731856118e-11,-1.570917650669042e-06,3.018939089137157e-09,160,c_scan
-0.4170854271356784,1.1696268391066944,0.0022636688217262,-1.30816343972317e-06,6.678216674332824e-11,-1.530063069038352e-06,2.960218438531355e-09,160,c_scan
-0.4070351758793969,1.170311055140104,0.002275249574975,-1.2726566734596335e-06,8.125487224987146e-11,-1.4894041743476386e-06,2.894049673139577e-09,160,c_scan
-0.3969849246231155,1.1711791644520806,0.0022920789695543,-1.2370451644073565e-06,9.192349325624524e-11,-1.4488015220400943e-06,2.8333605923382317e-09,160,c_scan
-0.3869346733668342,1.172072658386734,0.0023018983152781,-1.201643653465999e-06,5.4420736115132855e-11,-1.4084136713514404e-06,2.765325965683208e-09,160,c_scan
-0.3768844221105527,1.17283836471797,0.0023142146530054,-1.1665051456554596e-06,1.72631271063375e-11,-1.3681219874656463e-06,2.699467373036398e-09,160,c_scan
-0.3668341708542714,1.1736482543454951,0.0023325907435637,-1.131610731301504e-06,3.1613273577500665e-11,-1.3281129593906397e-06,2.639323939297768e-09,160,c_scan
-0.3567839195979899,1.173003549344648,0.002303545132854,-1.0968478996374675e-06,3.11012887140291e-11,-1.2866064793659718e-06,2.526375247265662e-09,160,c_scan
-0.3467336683417085,1.1755902495122112,0.0023645097279634,-1.0553246577678087e-06,6.543944907238764e-11,-1.2406293777416472e-06,2.494139275863745e-09,160,c_scan
-0.3366834170854271,1.1765233033506135,0.0023754377491605,-1.021047368509641e-06,4.3086793274790026e-11,-1.201286022876414e-06,2.4249046563058075e-09,160,c_scan
-0.3266331658291457,1.1775277524516683,0.002390471995047,-9.867967566809513e-07,5.6246475408931244e-11,-1.1619805670211165e-06,2.3579800240060968e-09,160,c_scan
-0.3165829145728643,1.1783992863138306,0.0024050024513388,-9.528182040329708e-07,2.087833384635435e-11,-1.1228002916192785e-06,2.2913980374416587e-09,160,c_scan
-0.3065326633165829,1.1793277496394752,0.0024220016133806,-9.191952388848748e-07,3.098916708483614e-11,-1.0840324525534192e-06,2.225992362188013e-09,160,c_scan
-0.2964824120603014,1.1802004257269072,0.0024390501517716,-8.856511961150923e-07,3.0503796344276266e-11,-1.0452459187005766e-06,2.159847674088307e-09,160,c_scan
-0.2864321608040201,1.1811596711017749,0.0024552944427693,-8.52416080512572e-07,2.417301197024328e-11,-1.0068394973000937e-06,2.092737699137471e-09,160,c_scan
-0.2763819095477386,1.1821287928981865,0.0024698424188709,-8.192984319395156e-07,2.658258423724657e-11,-9.685162663720366e-07,2.023294010253025e-09,160,c_scan
-0.2663316582914573,1.1830779774419105,0.0024824201410718,-7.863421699527929e-07,4.271712833403056e-11,-9.303041040050333e-07,1.951377325604305e-09,160,c_scan
-0.2562814070351759,1.1840939763258582,0.0024998813555968,-7.537812770969514e-07,2.962703109170457e-11,-8.925478696777128e-07,1.8840371793674143e-09,160,c_scan
-0.2462311557788944,1.185158815484676,0.0025169053079525,-7.21271061511082e-07,4.8024754553342087e-11,-8.548207569038488e-07,1.814478490784081e-09,160,c_scan
-0.2361809045226131,1.186142518403844,0.0025348883298908,-6.891941151225438e-07,6.493926449877616e-11,-8.174824433805628e-07,1.7453312136198315e-09,160,c_scan
-0.2261306532663316,1.1871793232774384,0.0025526422420957,-6.572260683043042e-07,5.7317190642801765e-11,-7.802451990097953e-07,1.676282492693406e-09,160,c_scan
-0.2160804020100502,1.1883166705765258,0.0025729839031496,-6.254201017566249e-07,5.987090696288102e-11,-7.431971330310645e-07,1.6076223444191994e-09,160,c_scan
-0.2060301507537688,1.1893705975494524,0.0025878210404132,-5.940470688775241e-07,4.603142235665679e-11,-7.065421172833616e-07,1.536312298957078e-09,160,c_scan
-0.1959798994974874,1.1905297423692112,0.0026063524002426,-5.627018030009923e-07,2.733211025500945e-11,-6.69913232557462e-07,1.466238168567341e-09,160,c_scan
-0.185929648241206,1.1915982904189335,0.0026242292678905,-5.318182567611759e-07,2.346189987534808e-11,-6.337137255701946e-07,1.395332985182319e-09,160,c_scan
-0.1758793969849246,1.1927242046301545,0.0026443738446198,-5.010653712324828e-07,2.199282248457392e-11,-5.976327963709761e-07,1.3247444828363635e-09,160,c_scan
-0.1658291457286431,1.1938409865187487,0.0026622523915406,-4.705313764321638e-07,1.3709833268988688e-11,-5.617396426277992e-07,1.252566350114548e-09,160,c_scan
-0.1557788944723618,1.194968188032989,0.00267983058535,-4.403858296537575e-07,1.529593356653555e-11,-5.262470568967551e-07,1.1800178623473322e-09,160,c_scan
-0.1457286432160803,1.1961032811847765,0.0026988000338652,-4.103536558441334e-07,2.046236926380491e-11,-4.908253542013364e-07,1.1071919752624495e-09,160,c_scan
-0.135678391959799,1.1972336778529054,0.0027192364903444,-3.807265536962962e-07,2.901047903831048e-11,-4.558186521380784e-07,1.0347027642025259e-09,160,c_scan
-0.1256281407035175,1.1984179671624196,0.0027319864038137,-3.511675258862529e-07,1.8872945379970632e-11,-4.208454725060595e-07,9.591182611673512e-10,160,c_scan
-0.1155778894472361,1.1994538596534303,0.0027523749457686,-3.219862124363691e-07,3.070333564720082e-11,-3.862076052619923e-07,8.854612738393951e-10,160,c_scan
-0.1055276381909547,1.2004956211358462,0.0027663777233747,-2.9311300650662974e-07,1.0325066530470894e-11,-3.518808808091718e-07,8.107665467651465e-10,160,c_scan
-0.0954773869346733,1.201521343042023,0.0027837689112176,-2.6435160384181776e-07,9.383107851176844e-12,-3.176240940833337e-07,7.358074116085941e-10,160,c_scan
-0.085427135678392,1.2024351672702709,0.0027985492271674,-2.359827481296848e-07,2.0090008133407382e-11,-2.837539552202157e-07,6.599673746115192e-10,160,c_scan
-0.0753768844221105,1.203200072359241,0.0028094009411372,-2.0766193828121325e-07,3.0777895409827245e-12,-2.498588591662161e-07,5.833938916141411e-10,160,c_scan
-0.0653266331658291,1.2040057580024384,0.0028209009431557,-1.7961609544128845e-07,6.203881209786407e-12,-2.1625881314122682e-07,5.06624151973509e-10,160,c_scan
-0.0552763819095477,1.204762189868783,0.0028334756187765,-1.5179051151149036e-07,1.3168807796106375e-11,-1.8287146904988585e-07,4.2980199562351287e-10,160,c_scan
-0.0452261306532663,1.205309420432063,0.0028374526244742,-1.2399013478695724e-07,9.2992039765716e-12,-1.494464774993608e-07,3.5163754500187957e-10,160,c_scan
-0.0351758793969849,1.205637515517235,0.0028546444468125,-9.645847126272728e-08,1.1571147781728584e-11,-1.162939516437851e-07,2.750010143426767e-10,160,c_scan
-0.0251256281407035,1.2059250397877803,0.0028580931833599,-6.882423590112468e-08,7.967408502172139e-12,-8.299686941742739e-08,1.9647128586144192e-10,160,c_scan
-0.015075376884422,1.2062020826758832,0.0029014212696097,-4.1266255133945183e-08,1.5002970336032668e-11,-4.977544288679904e-08,1.1835529020813906e-10,160,c_scan
-0.0050251256281407,1.206624576224598,0.0029102730612891,-1.3789503653004272e-08,2.6820397173401068e-12,-1.6638754001653824e-08,4.000052264628999e-11,160,c_scan
0.0050251256281406,1.2037639924180965,0.0027724360814229,1.3858647929868581e-08,1.6116376647850077e-12,1.668254136157539e-08,3.837320584450723e-11,160,c_scan
0.015075376884422,1.2040184665303846,0.0028325975651028,4.161924010235812e-08,1.3518218084857756e-11,5.011033364620111e-08,1.1676159271996584e-10,160,c_scan
0.0251256281407035,1.2034323088301957,0.0028018950102168,6.960656579007307e-08,5.1406832616258746e-12,8.376679017848853e-08,1.9493214570496867e-10,160,c_scan
0.0351758793969849,1.2025683542825665,0.0027879923843989,9.77711608194836e-08,9.153413715033723e-12,1.175765039629825e-07,2.7236290515533805e-10,160,c_scan
0.0452261306532664,1.20159297082067,0.0027669341150577,1.261907213933685e-07,1.2907914109770662e-11,1.516298838090611e-07,3.4881675665429646e-10,160,c_scan
0.0552763819095476,1.2003719407608595,0.0027486511190518,1.5489941793919693e-07,1.3046008997537436e-11,1.8593691493440136e-07,4.254763642194396e-10,160,c_scan
0.0653266331658291,1.1991347282143754,0.0027291329644819,1.83901992171333e-07,9.900044475276871e-12,2.205232654004536e-07,5.017525687720475e-10,160,c_scan
0.0753768844221105,1.1978265333527995,0.0027067684867131,2.132644939334172e-07,1.2511408956234374e-11,2.554538694555043e-07,5.770630424310535e-10,160,c_scan
0.085427135678392,1.1963891882379547,0.0026804932084609,2.429862878242181e-07,1.1208420395315276e-11,2.907061676429703e-07,6.51185038880939e-10,160,c_scan
0.0954773869346734,1.194891512508511,0.0026558064917649,2.729953288537585e-07,6.858532970367094e-12,3.261998014018258e-07,7.24976448394162e-10,160,c_scan
0.1055276381909549,1.1935000027006797,0.0026342373509423,3.0333698939282217e-07,1.682691265809913e-11,3.620326976595493e-07,7.988092141837265e-10,160,c_scan
0.1155778894472361,1.1919966401720818,0.0026110560374765,3.340561517057301e-07,1.0821318969999007e-11,3.981938104620455e-07,8.72143949301941e-10,160,c_scan
0.1256281407035175,1.1905112209432265,0.0025895677778151,3.651383908305762e-07,1.1003175958422924e-11,4.3470135148095433e-07,9.454598691669071e-10,160,c_scan
0.135678391959799,1.189016720511608,0.0025649808254429,3.965975281870376e-07,1.8016657743621017e-11,4.715610923279615e-07,1.017039471154346e-09,160,c_scan
0.1457286432160804,1.18756571073373,0.0025406835295999,4.282757021032716e-07,2.495251640271285e-11,5.086055385582588e-07,1.087709450913987e-09,160,c_scan
0.1557788944723619,1.1862375106889624,0.0025194402627081,4.6027262550396054e-07,1.8752226174731244e-11,5.459926535160912e-07,1.1594160113905747e-09,160,c_scan
0.1658291457286431,1.1848439272001563,0.0025001137688584,4.926478972644502e-07,3.024336023293353e-11,5.837108693217104e-07,1.2311544189066931e-09,160,c_scan
0.1758793969849246,1.1834172711156188,0.0024749112506095,5.253368780492287e-07,2.4444836872995447e-11,6.216927346374169e-07,1.299840282927986e-09,160,c_scan
0.185929648241206,1.18214516934756,0.0024529992401824,5.583254027981534e-07,3.4639083362317416e-11,6.600216778418676e-07,1.3689594994982594e-09,160,c_scan
0.1959798994974875,1.1807812909944395,0.0024319102228278,5.915888264871982e-07,3.105756607556194e-11,6.985370182774395e-07,1.438223452291194e-09,160,c_scan
0.2060301507537689,1.1795384622168743,0.0024115662903019,6.250947796329615e-07,2.1921964022952087e-11,7.373233351080594e-07,1.5072357098016268e-09,160,c_scan
0.2160804020100502,1.178336694541272,0.0023897848673032,6.587972920255037e-07,3.1595490700025336e-11,7.762850234580732e-07,1.573943539200238e-09,160,c_scan
0.2261306532663316,1.1771409119372214,0.0023744039224796,6.929644039985092e-07,3.5424327734237244e-11,8.157167504628382e-07,1.644848911916616e-09,160,c_scan
0.2361809045226131,1.1759826415708323,0.0023578530818755,7.273346927512147e-07,3.972090997489717e-11,8.553329732876833e-07,1.714312079368757e-09,160,c_scan
0.2462311557788945,1.174815486349527,0.0023427474657721,7.61842320423283e-07,5.2013445657657315e-11,8.950241561897314e-07,1.7837578146409552e-09,160,c_scan
0.256281407035176,1.1736524303406757,0.0023264979397283,7.967991183295305e-07,5.150279813671093e-11,9.351652217207612e-07,1.8527657393679183e-09,160,c_scan
0.2663316582914572,1.172555470482288,0.0023038239426137,8.318014122574993e-07,5.4069838451444176e-11,9.753332962974238e-07,1.9152749573610448e-09,160,c_scan
0.2763819095477386,1.171455749283588,0.0022905029478963,8.671080976729655e-07,3.0905571374162945e-11,1.0157787662693505e-06,1.985783643697412e-09,160,c_scan
0.2864321608040201,1.1703742824606884,0.0022720339320594,9.027652219509516e-07,5.2927083983907016e-11,1.0565731988713093e-06,2.0501776283886712e-09,160,c_scan
0.2964824120603015,1.1692572884344226,0.0022546984431326,9.38526796514749e-07,3.210531512967817e-11,1.0973792972158806e-06,2.1157619078239692e-09,160,c_scan
0.306532663316583,1.1681974609280672,0.0022403273308407,9.745550193220342e-07,5.3371288993569226e-11,1.138472699106704e-06,2.182431838061877e-09,160,c_scan
0.3165829145728642,1.1673401905025256,0.0022314541447986,1.0107003847008457e-06,9.175933313085123e-11,1.1798311796176611e-06,2.252786490471523e-09,160,c_scan
0.3266331658291457,1.166201460779486,0.0022105036877827,1.0544837843211192e-06,9.45143819596716e-11,1.2297405296435695e-06,2.328332791085241e-09,160,c_scan
0.3366834170854271,1.1652395911895788,0.002198414452007,1.0911604787017016e-06,1.00242435762277e-10,1.2714633901245958e-06,2.395977435938595e-09,160,c_scan
0.3467336683417086,1.1643403572564748,0.0021856475734824,1.1280353358227904e-06,9.123113396368138e-11,1.313417065909835e-06,2.463198330304114e-09,160,c_scan
0.35678391959799,1.1634533249259438,0.0021627992843327,1.1651133560342426e-06,8.085260455299979e-11,1.3555550079936645e-06,2.5181499345489594e-09,160,c_scan
0.3668341708542713,1.1626044141077931,0.0021501795130705,1.202361132147993e-06,1.0142150034189688e-10,1.3978703595869002e-06,2.582601913740497e-09,160,c_scan
0.3768844221105527,1.1617425990374988,0.0021395496778383,1.2398742102912722e-06,5.644230778183259e-11,1.4404146875433488e-06,2.6519619435061593e-09,160,c_scan
0.3869346733668342,1.1609415090882396,0.0021221923332556,1.2774764228348413e-06,1.0086868067322816e-10,1.4830754061505266e-06,2.708520391258592e-09,160,c_scan
0.3969849246231156,1.1601020662420023,0.002110644042287,1.31534237487134e-06,1.0688689605675528e-10,1.525931406903904e-06,2.7734489441522502e-09,160,c_scan
0.4070351758793971,1.15927288296689,0.0020999448871797,1.353379474744222e-06,1.1080366740547556e-10,1.5689361254349495e-06,2.839117990781559e-09,160,c_scan
0.4170854271356783,1.158517943261355,0.0020935793991217,1.391541974655153e-06,1.1607572862326156e-10,1.6121263464393323e-06,2.910198307004489e-09,160,c_scan
0.4271356783919597,1.1577975188906,0.0020799830023201,1.4298813583744644e-06,7.385053985299232e-11,1.6555130890338758e-06,2.972899579209767e-09,160,c_scan
0.4371859296482412,1.157014083851023,0.0020665989790872,1.4684622130201785e-06,7.168810465587646e-11,1.6990314620673871e-06,3.033588795927369e-09,160,c_scan
0.4472361809045226,1.1563482912414194,0.0020567956822689,1.507056791576226e-06,7.776937363523599e-11,1.7426825457429446e-06,3.098403128201449e-09,160,c_scan
0.4572864321608041,1.1555942046186014,0.0020471739963915,1.545945823706474e-06,5.0892590921528666e-11,1.7864860345295312e-06,3.164273605044165e-09,160,c_scan
0.4673366834170853,1.1548449203764417,0.0020329658309093,1.585037889447671e-06,1.2036836374348016e-10,1.8304729552328385e-06,3.219328192774505e-09,160,c_scan
0.4773869346733668,1.1542329088391987,0.0020262776956556,1.6241372631723526e-06,9.319238366471084e-11,1.87463267762556e-06,3.289194733646748e-09,160,c_scan
0.4874371859296482,1.1534528151128371,0.0020184557016337,1.6636063230893978e-06,9.260677334320872e-11,1.9188913966069818e-06,3.3562162693401542e-09,160,c_scan
0.4974874371859297,1.1527979641626798,0.0020094208313039,1.70102251018271e-06,7.313224217333315e-11,1.960935286733519e-06,3.417030195902085e-09,160,c_scan
-1.0,2.3285396097151323,0.0030824969548109,-1.5797279214000538e-07,9.854002652988867e-11,-3.678459037552978e-07,4.2950161261727535e-10,20,c_scan
-0.9899497487437184,2.3393222700590006,0.0031227636662437,-1.533542353210969e-07,1.0134629475485019e-10,-3.587449778945105e-07,4.160853289142696e-10,20,c_scan
-0.9798994974874372,2.3488941390519766,0.0031301568085509,-1.493222699387499e-07,9.823955354976332e-11,-3.507422046890668e-07,4.0646917398644406e-10,20,c_scan
-0.9698492462311558,2.364144034263021,0.0032060945037508,-1.4334146773781613e-07,9.651108583673386e-11,-3.388798758148633e-07,3.989253111402847e-10,20,c_scan
-0.9597989949748744,2.374893141241199,0.0032550526846573,-1.3944072018905042e-07,9.698823192079979e-11,-3.31156809986709e-07,3.9109886242251135e-10,20,c_scan
-0.949748743718593,2.391164679874284,0.0032152723704588,-1.3371675128551369e-07,8.868896433243178e-11,-3.1973877278145457e-07,3.739934769893593e-10,20,c_scan
-0.9396984924623116,2.402358979597256,0.0032892564474501,-1.2999619236139034e-07,9.119326130869296e-11,-3.122975200328382e-07,3.6720337374714276e-10,20,c_scan
-0.9296482412060302,2.419619684704951,0.0033147854184338,-1.2456523582766097e-07,8.58751002231485e-11,-3.014004966385229e-07,3.5681588047775167e-10,20,c_scan
-0.9195979899497488,2.431074130635907,0.0033012514598677,-1.2103757153747166e-07,7.598121900100197e-11,-2.942513089997403e-07,3.54317027901736e-10,20,c_scan
-0.9095477386934674,2.448478535574356,0.0033045091820302,-1.1586915347899162e-07,7.056645907874783e-11,-2.837031352284816e-07,3.4169019089491037e-10,20,c_scan
-0.8994974874371859,2.4604278645907014,0.0033161791465589,-1.125204528903884e-07,6.885408708867018e-11,-2.7684845762787695e-07,3.3246357588013885e-10,20,c_scan
-0.8894472361809045,2.478751589446493,0.0033493412993423,-1.076214437064236e-07,6.030635016324682e-11,-2.6676682464582373e-07,3.2800379492846687e-10,20,c_scan
-0.8793969849246231,2.4911888992062257,0.0033896655600894,-1.0444540007446553e-07,5.960116355978746e-11,-2.601932212386617e-07,3.2139558113257363e-10,20,c_scan
-0.8693467336683417,2.5099505987789987,0.0034689475666383,-9.980311677302201e-08,6.172625883451197e-11,-2.505008927044569e-07,3.096115862645697e-10,20,c_scan
-0.8592964824120604,2.5232650308026248,0.0035010776580402,-9.680004916308533e-08,5.935446281567105e-11,-2.442521790331881e-07,3.0401658926253603e-10,20,c_scan
-0.8492462311557789,2.543970261734598,0.0035780288430268,-9.238694741194349e-08,5.517129814426132e-11,-2.350296467884224e-07,2.992870183055357e-10,20,c_scan
-0.8391959798994975,2.5576765843062588,0.0036649278016372,-8.953772054119736e-08,5.922284911183748e-11,-2.2900853124037805e-07,2.9109777236403577e-10,20,c_scan
-0.8291457286432161,2.5786382787403443,0.0035605651671671,-8.539239121898716e-08,4.7020975868810645e-11,-2.201960887104512e-07,2.7882231573526435e-10,20,c_scan
-0.8190954773869347,2.592401567324708,0.0035968483259245,-8.27239179805585e-08,3.953596297278403e-11,-2.144536146280404e-07,2.79335681012787e-10,20,c_scan
-0.8090452261306533,2.6137424900628417,0.0037461813123802,-7.881673030483879e-08,4.1559082520056926e-11,-2.0600663692558078e-07,2.74554501141352e-10,20,c_scan
-0.7989949748743719,2.6285019139775208,0.003740409347321,-7.627909927186829e-08,4.329367099822412e-11,-2.004997584325872e-07,2.6163870278210436e-10,20,c_scan
-0.7889447236180904,2.651196525213754,0.0037565428066875,-7.261057689257535e-08,4.023583880995852e-11,-1.925049091513618e-07,2.510407334938374e-10,20,c_scan
-0.778894472361809,2.66634204881974,0.0037816273034089,-7.024611828851608e-08,3.691826748621111e-11,-1.873001789590357e-07,2.4673322547820224e-10,20,c_scan
-0.7688442211055276,2.6896146710397275,0.0040123993768745,-6.679378189962041e-08,4.3975409177701355e-11,-1.7964953573144686e-07,2.4049190811259847e-10,20,c_scan
-0.7587939698492463,2.705072771806609,0.0040882898091137,-6.457720233969964e-08,4.353527581855321e-11,-1.7468603172856757e-07,2.3628922183956837e-10,20,c_scan
-0.7487437185929648,2.728076959964965,0.0041294475497212,-6.134986928145726e-08,3.782130707302813e-11,-1.6736716488360598e-07,2.3137783022786743e-10,20,c_scan
-0.7386934673366834,2.744478425101902,0.0041456734876088,-5.9268824259716074e-08,3.2232134594412666e-11,-1.62662009461947e-07,2.2923299434567607e-10,20,c_scan
-0.728643216080402,2.768589011731504,0.0041707055273013,-5.626455610966342e-08,2.870303891225384e-11,-1.557734317951648e-07,2.2079783351702432e-10,20,c_scan
-0.7185929648241206,2.785460047127935,0.0041896370508052,-5.432090046855354e-08,3.15725310168205e-11,-1.51308697979169e-07,2.0990644566726792e-10,20,c_scan
-0.7085427135678393,2.8105103282623776,0.0043120703442655,-5.151002972525909e-08,3.393052211039681e-11,-1.4476947055194276e-07,2.0060181790803255e-10,20,c_scan
-0.6984924623115578,2.826748466417665,0.0044256422424254,-4.970527103568634e-08,3.33199243459553e-11,-1.4050429867300078e-07,1.9879388771800903e-10,20,c_scan
-0.6884422110552764,2.8513258257765823,0.0045857332648776,-4.7083563317368e-08,3.269924629276036e-11,-1.342505800563983e-07,1.9474415995813648e-10,20,c_scan
-0.6783919597989949,2.8671349589395083,0.0045907799587478,-4.54032134986709e-08,2.9181536171884407e-11,-1.3017714067023353e-07,1.9090678257419412e-10,20,c_scan
-0.6683417085427136,2.8916675577515774,0.0046505557419644,-4.2976716255372384e-08,2.8281927164822014e-11,-1.2427437613435518e-07,1.8236770437998023e-10,20,c_scan
-0.6582914572864322,2.9083065362689084,0.0047007195627562,-4.1427376670010015e-08,2.710688262043694e-11,-1.204835103498642e-07,1.7806768042248794e-10,20,c_scan
-0.6482412060301508,2.9315252944908985,0.0048232031786075,-3.919132644959112e-08,2.790362009808956e-11,-1.1489036481162655e-07,1.7041189899507662e-10,20,c_scan
-0.6381909547738693,2.946275641071059,0.0049481667917532,-3.776501860615864e-08,2.9737674853301374e-11,-1.1126615440392049e-07,1.6505468178203578e-10,20,c_scan
-0.6281407035175879,2.967995703935154,0.0050518403388829,-3.570626699857516e-08,2.813249569537959e-11,-1.0597604705533265e-07,1.5989379499754966e-10,20,c_scan
-0.6180904522613065,2.981990332776128,0.005013102289524,-3.439849345650633e-08,2.583076594391572e-11,-1.0257597494936481e-07,1.542837397239961e-10,20,c_scan
-0.6080402010050251,3.001664341538425,0.0051860914275395,-3.253011555263874e-08,2.8771978254613533e-11,-9.764448788048024e-08,1.4492198511657666e-10,20,c_scan
-0.5979899497487438,3.0129313189263187,0.0051734844064304,-3.1342813148253425e-08,2.577196849382992e-11,-9.443374335762837e-08,1.4235073955788162e-10,20,c_scan
-0.5879396984924623,3.0270811104591497,0.0052433870532797,-2.9636016819047693e-08,2.311668507692788e-11,-8.971062670218893e-08,1.3874568749060859e-10,20,c_scan
-0.5778894472361809,3.036163889559363,0.0052799508223011,-2.85524177850438e-08,2.2375881033955048e-11,-8.668981983856252e-08,1.3457995616117838e-10,20,c_scan
-0.5678391959798995,3.046633133666808,0.0051263272559769,-2.7004062221397996e-08,1.771239573320251e-11,-8.227147070731124e-08,1.274805892695349e-10,20,c_scan
-0.5577889447236181,3.0518474660183195,0.0051742243501801,-2.6027502314576863e-08,1.7599774458474876e-11,-7.943196698552736e-08,1.2349746521124824e-10,20,c_scan
-0.5477386934673367,3.0588743782657977,0.0053707705436511,-2.4624827891534693e-08,1.899194726532264e-11,-7.532425510662046e-08,1.1881199151728719e-10,20,c_scan
-0.5376884422110553,3.062521704771512,0.0053357920890209,-2.3720297231321418e-08,1.747750551462776e-11,-7.264392511455344e-08,1.1469152723192188e-10,20,c_scan
-0.5276381909547738,3.0632742368093244,0.0054945066405533,-2.243450055822953e-08,1.777687472179057e-11,-6.872302757570895e-08,1.1058588450689184e-10,20,c_scan
-0.5175879396984925,3.062096078073888,0.0056875898407138,-2.1616906152850143e-08,1.6495070325847958e-11,-6.619304355073374e-08,1.1209382530254938e-10,20,c_scan
-0.507537688442211,3.056912062297898,0.0057719344005559,-2.045358731996308e-08,1.4287327313483055e-11,-6.252481779565849e-08,1.0968083218779398e-10,20,c_scan
-0.4974874371859297,3.0511688489854305,0.0058236560570467,-1.9716112952118563e-08,1.4092285292309654e-11,-6.015718966258235e-08,1.0646491151762304e-10,20,c_scan
-0.4874371859296482,3.040087856119895,0.0059574151192978,-1.865900417411683e-08,1.6204591490613562e-11,-5.6725011997023014e-08,9.964707164086106e-11,20,c_scan
-0.4773869346733668,3.031995210983453,0.0058301091875891,-1.7992152985471928e-08,1.5585018988407237e-11,-5.455212168723253e-08,9.364990004877626e-11,20,c_scan
-0.4673366834170854,3.014147927472945,0.0061174816934993,-1.7030309053257756e-08,1.65086181373576e-11,-5.13318707371006e-08,9.153149924576786e-11,20,c_scan
-0.457286432160804,2.99918112737532,0.0060162643998445,-1.642111134001996e-08,1.5257489207252648e-11,-4.9249887221516726e-08,8.755700637745743e-11,20,c_scan
-0.4472361809045225,2.971285754287681,0.0059232568320707,-1.555129236563921e-08,1.5258985166441476e-11,-4.620733346678656e-08,8.018376876361538e-11,20,c_scan
-0.4371859296482412,2.949151262161576,0.0058199981405655,-1.5000743549209172e-08,1.4783568091874477e-11,-4.423946177151235e-08,7.563841481850358e-11,20,c_scan
-0.4271356783919597,2.915755080986097,0.0055660643310183,-1.420199967410069e-08,1.0588551094816215e-11,-4.140955270992199e-08,7.277089001551957e-11,20,c_scan
-0.4170854271356784,2.891834748251741,0.0055438990476408,-1.3684546394838925e-08,9.633703859133164e-12,-3.9573446778658293e-08,7.056545016038879e-11,20,c_scan
-0.4070351758793969,2.8524303637773323,0.0057736120668607,-1.2925663335859833e-08,1.1991928378133896e-11,-3.686955457116998e-08,6.632679227115301e-11,20,c_scan
-0.3969849246231155,2.8254617147232794,0.0061817658807934,-1.2438096622215942e-08,1.4432675678739006e-11,-3.514336581010008e-08,6.518477914027391e-11,20,c_scan
-0.3869346733668342,2.7829220775233816,0.0066817745661811,-1.1735612452360024e-08,1.7225872857192974e-11,-3.265929498693102e-08,6.20547408284353e-11,20,c_scan
-0.3768844221105527,2.751854486267229,0.0066288189653352,-1.128569429855484e-08,1.5899667484307308e-11,-3.1056588486118626e-08,6.06818296252138e-11,20,c_scan
-0.3668341708542714,2.702423542633639,0.0061000609349112,-1.0631871921821952e-08,1.0538362138049576e-11,-2.87318209837972e-08,5.826765399166614e-11,20,c_scan
-0.3567839195979899,2.6690177542402043,0.0061169080889412,-1.0206446979073294e-08,1.115536275937078e-11,-2.7241188194857924e-08,5.4874940403259456e-11,20,c_scan
-0.3467336683417085,2.618685427885988,0.0059121337432065,-9.578220361979398e-09,9.147164715608524e-12,-2.5082346086996306e-08,5.131204769459157e-11,20,c_scan
-0.3366834170854271,2.5599658839404564,0.006025746940974,-8.987558252624323e-09,9.230059241860764e-12,-2.300784250664577e-08,4.873029112987034e-11,20,c_scan
-0.3266331658291457,2.5190030585297576,0.0060554853015852,-8.603255686755692e-09,9.842645958274107e-12,-2.167162738825112e-08,4.581877818844602e-11,20,c_scan
-0.3165829145728643,2.457956254735604,0.0058309295080246,-8.041301977275872e-09,8.39229481640277e-12,-1.976516849126301e-08,4.2106999433939715e-11,20,c_scan
-0.3065326633165829,2.4170052237050763,0.0058331932511233,-7.67738332669702e-09,8.419915273610289e-12,-1.8556275605012955e-08,3.98925294138798e-11,20,c_scan
-0.2964824120603014,2.356873494442844,0.0061082542351226,-7.13665499978795e-09,1.0355215807918147e-11,-1.6820193007983222e-08,3.612003226367728e-11,20,c_scan
-0.2864321608040201,2.3163266073169733,0.0062306044291208,-6.784112528215042e-09,1.1034652739284288e-11,-1.5714220356136923e-08,3.3665593829612886e-11,20,c_scan
-0.2763819095477386,2.256995215743971,0.0057339243929592,-6.263007755746689e-09,8.265119760151104e-12,-1.4135578540887661e-08,3.068647424732816e-11,20,c_scan
-0.2663316582914573,2.2147252542794424,0.0056332419489748,-5.926862001179218e-09,7.610284443730395e-12,-1.3126370952640808e-08,2.882084513509372e-11,20,c_scan
-0.2562814070351759,2.153878519571397,0.0059110505884066,-5.424847076818003e-09,8.481590246503756e-12,-1.168446159071798e-08,2.6353975148254016e-11,20,c_scan
-0.2462311557788944,2.114929293591044,0.0063962207706965,-5.0936117772304254e-09,9.99587677729122e-12,-1.0772628757844966e-08,2.4789591005723653e-11,20,c_scan
-0.2361809045226131,2.054578011848547,0.0069813955708448,-4.613151234451336e-09,1.1473128316337588e-11,-9.478079091635696e-09,2.1944969548644783e-11,20,c_scan
-0.2261306532663316,2.0148695964285466,0.0068687149378512,-4.297166835473361e-09,1.1046226216309687e-11,-8.658230807576344e-09,1.9386442453312096e-11,20,c_scan
-0.2160804020100502,1.956481353690416,0.0050450168492163,-3.8300580477675046e-09,5.142644749495241e-12,-7.493437154009041e-09,1.6496468367552155e-11,20,c_scan
-0.2060301507537688,1.920359534923801,0.0048347105370943,-3.5271842389387662e-09,4.322992982527522e-12,-6.773461884679009e-09,1.4895760045284087e-11,20,c_scan
-0.1959798994974874,1.8742276903966817,0.0053061729955473,-3.08262699420211e-09,5.606139051675119e-12,-5.777544871697887e-09,1.25359095737825e-11,20,c_scan
-0.185929648241206,1.846408627769355,0.0055998982535439,-2.8002190642698596e-09,6.0914136621408646e-12,-5.170348639912099e-09,1.0926644403797684e-11,20,c_scan
-0.1758793969849246,1.8028550171279467,0.0053425884431578,-2.4039050183907983e-09,5.168498349225308e-12,-4.3338922231048995e-09,8.838465067582505e-12,20,c_scan
-0.1658291457286431,1.7757918765312173,0.0064334702868459,-2.155587481471369e-09,6.489057402388631e-12,-3.8278747387492446e-09,7.715852448009846e-12,20,c_scan
-0.1557788944723618,1.742461902652641,0.0057530470311554,-1.804052583093949e-09,4.7272804056510724e-12,-3.143492896423294e-09,6.314234765775935e-12,20,c_scan
-0.1457286432160803,1.7284669077162318,0.0049560888645551,-1.584431708489242e-09,3.211432696357884e-12,-2.738637775659946e-09,5.554375583319986e-12,20,c_scan
-0.135678391959799,1.7198310499871494,0.0070069739380775,-1.2864274632141744e-09,4.613803706300612e-12,-2.2124378947919394e-09,4.276436125839044e-12,20,c_scan
-0.1256281407035175,1.7322022509615735,0.0070396738702251,-1.1043174153931932e-09,3.9957295155517234e-12,-1.912901112720157e-09,3.539727715996087e-12,20,c_scan
-0.1155778894472361,1.7762867329271057,0.0054752976181112,-8.61439794331026e-10,2.0796186202287455e-12,-1.530164077885656e-09,2.932755956758696e-12,20,c_scan
-0.1055276381909547,1.8079494586717184,0.0066299134300684,-7.252039794307458e-10,2.227446618080951e-12,-1.3111321420383927e-09,2.626713262128214e-12,20,c_scan
-0.0954773869346733,1.8613968750257408,0.0071457272271301,-5.51763075204861e-10,1.832228225397853e-12,-1.027050063940921e-09,1.9783145283010727e-12,20,c_scan
-0.085427135678392,1.886299554549496,0.0078127055599965,-4.5886408036964565e-10,1.6735984289208718e-12,-8.655551104000266e-10,1.6988059393246237e-12,20,c_scan
-0.0753768844221105,1.9010798422251536,0.0189272101793691,-3.457303934584255e-10,3.3699712598761293e-12,-6.572610818483837e-10,1.3326065970514109e-12,20,c_scan
-0.0653266331658291,1.875043896065819,0.0252750245680126,-2.86316858615144e-10,3.806672316409094e-12,-5.368566780870659e-10,1.1928481461941629e-12,20,c_scan
-0.0552763819095477,1.79401074880517,0.026886138665164,-2.0979947591921278e-10,3.090477395875354e-12,-3.763825148927591e-10,1.038103297214334e-12,20,c_scan
-0.0452261306532663,1.6946432021009854,0.0266384951267214,-1.6898283089478548e-10,2.5927755244699497e-12,-2.8636560564762863e-10,9.784170923051581e-13,20,c_scan
-0.0351758793969849,1.4676476819265667,0.0214399265528413,-1.2429897594854906e-10,1.6421893710129385e-12,-1.8242710391673408e-10,1.137175233615683e-12,20,c_scan
-0.0251256281407035,1.2950868464363698,0.031823102114407,-1.0292853444672756e-10,2.367722705296823e-12,-1.3330139108492966e-10,1.1515579470100422e-12,20,c_scan
-0.015075376884422,1.1190525686902777,0.0642109381728446,-7.440039360497525e-11,4.143666868157421e-12,-8.325795157521525e-11,1.1494277927238942e-12,20,c_scan
-0.0050251256281407,1.057433332990035,0.1142579701494389,-5.8936609250806e-11,6.140430296380945e-12,-6.232153515521112e-11,1.784981620816498e-12,20,c_scan
0.0050251256281406,0.9148718676538824,0.14848144949615,-3.4650227130533004e-11,5.365785712320794e-12,-3.1700518009541954e-11,1.5400702363958902e-12,20,c_scan
0.015075376884422,0.5235438624699936,0.0783410894305757,-2.177779774927549e-11,2.897219845162184e-12,-1.1401632349746028e-11,7.810358229718665e-13,20,c_scan
0.0251256281407035,6.768503356294028,3.297841301073181,5.200487416544098e-12,2.5318018688683864e-12,3.519951653324357e-11,6.896761342855186e-13,20,c_scan
0.0351758793969849,2.98745857003846,0.2432227809402151,2.68959367865761e-11,2.1744520853236025e-12,8.035049685226944e-11,7.712141432789823e-13,20,c_scan
0.0452261306532664,2.427260943395668,0.0931562897672434,7.113792982098229e-11,2.699969532575094e-12,1.7267031864849236e-10,9.836893715170153e-13,20,c_scan
0.0552763819095476,2.288524231451955,0.0742958215141262,1.1075576342551072e-10,3.561971765371869e-12,2.534672483722415e-10,1.1233016968351373e-12,20,c_scan
0.0653266331658291,2.2661332422388534,0.0318408480067391,1.7921894727264054e-10,2.452704057619677e-12,4.0613401405358303e-10,1.292622568454717e-12,20,c_scan
0.0753768844221105,2.2453153743478595,0.0122223625518221,2.3688669039972845e-10,1.0804694083167758e-12,5.318853279328918e-10,1.5803162202026353e-12,20,c_scan
0.085427135678392,2.172896574333876,0.0153835421185767,3.478997193932966e-10,2.3120021905594445e-12,7.559501084814106e-10,1.8453114956309992e-12,20,c_scan
0.0954773869346734,2.1310957068348566,0.0173919808437628,4.3609412641816726e-10,3.416315250412591e-12,9.293583205856535e-10,2.125947675911877e-12,20,c_scan
0.1055276381909549,2.071237290475612,0.0126517596752233,5.965093143926092e-10,3.4012716117003008e-12,1.235512336086013e-09,2.706622842527837e-12,20,c_scan
0.1155778894472361,2.0399647800948983,0.0100863832152703,7.24452913097461e-10,3.251088468310683e-12,1.4778584275559703e-09,3.0674130113727078e-12,20,c_scan
0.1256281407035175,2.065965519821172,0.0070593532125718,9.358171675238876e-10,2.6799625598716167e-12,1.9333660009610646e-09,3.6038261291960633e-12,20,c_scan
0.135678391959799,2.127261337132457,0.0068028172637282,1.0897511368080523e-09,2.91468868491522e-12,2.3181854604279124e-09,4.063790668123988e-12,20,c_scan
0.1457286432160804,2.2641305563998806,0.0053613467383393,1.335311560403741e-09,2.2559120681437816e-12,3.023319706224115e-09,5.016360164548064e-12,20,c_scan
0.1557788944723619,2.374400056250838,0.0053165196280383,1.506060224703465e-09,2.337601745870679e-12,3.5759894822530563e-09,5.771054469844677e-12,20,c_scan
0.1658291457286431,2.54915704260092,0.0062694026404764,1.760772617539451e-09,3.337485325249037e-12,4.4884859184195475e-09,7.0339983765222425e-12,20,c_scan
0.1758793969849246,2.658983514084162,0.0091147397863624,1.934780423422138e-09,5.867139175791123e-12,5.1445492492522405e-09,8.222797075175031e-12,20,c_scan
0.185929648241206,2.79773805893221,0.0090538118514012,2.208173428678678e-09,6.178711874016802e-12,6.177890842137168e-09,1.0043669796512303e-11,20,c_scan
0.1959798994974875,2.877049512352824,0.008761418328846,2.394699532700213e-09,6.20676622667944e-12,6.889669122786682e-09,1.1014636264520684e-11,20,c_scan
0.2060301507537689,2.980736731812993,0.0096358821320143,2.6845652055058123e-09,7.539254100446687e-12,8.00198211699827e-09,1.2811975188406442e-11,20,c_scan
0.2160804020100502,3.0374340221308254,0.0089824307266994,2.885426747073469e-09,7.200435266287099e-12,8.764293369927231e-09,1.390742013100347e-11,20,c_scan
0.2261306532663316,3.10446106769726,0.0082426272903881,3.206352585700562e-09,6.924496545894207e-12,9.953996771617837e-09,1.5374204063482737e-11,20,c_scan
0.2361809045226131,3.146186056092997,0.0082473839252863,3.4246792437567182e-09,7.23435853459711e-12,1.0774678083298498e-08,1.6724631706128112e-11,20,c_scan
0.2462311557788945,3.204776074784536,0.0080192412359376,3.760329368962132e-09,7.296568586781314e-12,1.2051013594959472e-08,1.9039905949848062e-11,20,c_scan
0.256281407035176,3.245213920048305,0.0077357337728581,3.985668348730319e-09,7.121304953801407e-12,1.2934346405995574e-08,2.040924038850501e-11,20,c_scan
0.2663316582914572,3.301238145588604,0.0060128900380222,4.332987225037755e-09,3.914124814699609e-12,1.4304222711642752e-08,2.262377397107184e-11,20,c_scan
0.2763819095477386,3.340039736905529,0.0063952495500689,4.5633158986281316e-09,4.873193583669521e-12,1.524165643347072e-08,2.422291414300949e-11,20,c_scan
0.2864321608040201,3.390210077229748,0.0056338978246835,4.922818531418881e-09,2.696771744669801e-12,1.668938899358964e-08,2.618441572624913e-11,20,c_scan
0.2964824120603015,3.4167600996597067,0.0056949375694639,5.176219414676573e-09,3.0202418792996888e-12,1.7685899963150836e-08,2.7612970312985237e-11,20,c_scan
0.306532663316583,3.4520691740814224,0.0065535915484622,5.571915852896995e-09,6.042122215849846e-12,1.923463895636132e-08,2.9972885566516226e-11,20,c_scan
0.3165829145728642,3.477347380511604,0.0063874400329841,5.836211197467233e-09,5.768975411023083e-12,2.0294533719625174e-08,3.142053171782315e-11,20,c_scan
0.3266331658291457,3.515403270495221,0.0062790128087932,6.2408377187678395e-09,5.588847752346364e-12,2.19390613271864e-08,3.390515282139627e-11,20,c_scan
0.3366834170854271,3.5506851751597592,0.0061020359688843,6.656498362886483e-09,5.011213623729537e-12,2.3635130055576242e-08,3.6513533090064894e-11,20,c_scan
0.3467336683417086,3.573620789459655,0.0061458651754565,6.942708692222735e-09,5.264770662237788e-12,2.4810608117689412e-08,3.829702043119946e-11,20,c_scan
0.35678391959799,3.6080991809313847,0.0058591897517656,7.380879937073454e-09,3.982737895983751e-12,2.6630946855507626e-08,4.0788653940073996e-11,20,c_scan
0.3668341708542713,3.631204257001525,0.0060206178481097,7.678249302566888e-09,4.996239620874729e-12,2.7881291553799872e-08,4.2518989532560447e-11,20,c_scan
0.3768844221105527,3.664258310344586,0.0066365223539066,8.146344790493837e-09,8.116916571659142e-12,2.9850311597499366e-08,4.514682809672472e-11,20,c_scan
0.3869346733668342,3.6892912545438,0.0060936059573972,8.463256258828091e-09,5.717897210569675e-12,3.1223417300657546e-08,4.706003340311059e-11,20,c_scan
0.3969849246231156,3.7327095052255967,0.0057027028347302,8.94241414338196e-09,2.77089812067878e-12,3.337943427266565e-08,4.993604060123728e-11,20,c_scan
0.4070351758793971,3.762446829972128,0.005712367011123,9.27477358196763e-09,2.695690864639336e-12,3.4895842462183355e-08,5.2001045623278127e-11,20,c_scan
0.4170854271356783,3.801279548984224,0.0056771285188861,9.805626701009892e-09,2.0617995312494667e-12,3.727392824352255e-08,5.511332192417991e-11,20,c_scan
0.4271356783919597,3.829496678125798,0.0057267885832171,1.0171111108215265e-08,2.8739088236070823e-12,3.895023620175877e-08,5.7198625727513e-11,20,c_scan
0.4371859296482412,3.869213845486683,0.0056442201004513,1.0753556075019772e-08,1.8001794824178552e-12,4.160780805368393e-08,6.029445246697873e-11,20,c_scan
0.4472361809045226,3.8926690687039054,0.0056287918604221,1.117077634467093e-08,1.7785193208980566e-12,4.3484135550309816e-08,6.249567357196906e-11,20,c_scan
0.4572864321608041,3.922315015156867,0.0056652005161847,1.1845294978487844e-08,3.0995335426767845e-12,4.646097835308512e-08,6.599553234333589e-11,20,c_scan
0.4673366834170853,3.9396660169889866,0.0057100892069487,1.2322004113430673e-08,4.379593430294796e-12,4.854458086688133e-08,6.821134952238459e-11,20,c_scan
0.4773869346733668,3.958886095009334,0.0058330462893248,1.3100001625811862e-08,6.176680808302971e-12,5.186141428102625e-08,7.239471990191314e-11,20,c_scan
0.4874371859296482,3.968303563746234,0.0055797537380184,1.3654834649978882e-08,2.9429273798266138e-12,5.4186529003876763e-08,7.529026535056736e-11,20,c_scan
0.4974874371859297,3.9771214896667737,0.0055864687448032,1.4551851412014042e-08,3.475902805992957e-12,5.787448096515883e-08,8.010943602053347e-11,20,c_scan
0.5075376884422111,3.979732578772456,0.0055357796317024,1.5191948904282585e-08,1.7135193034493716e-12,6.045989398941992e-08,8.382234547907277e-11,20,c_scan
0.5175879396984926,3.977462405218436,0.0056614585013294,1.6225244834826398e-08,4.968447523277344e-12,6.453530134598663e-08,8.970765854703429e-11,20,c_scan
0.5276381909547738,3.971192113269045,0.0057810381119606,1.69681068453732e-08,6.920326007488572e-12,6.738361208145255e-08,9.416492358111372e-11,20,c_scan
0.5376884422110553,3.9577843328349576,0.00574560432858,1.815481766946729e-08,6.997468175102255e-12,7.18528529376929e-08,1.0056677221089092e-10,20,c_scan
0.5477386934673367,3.946060375655613,0.005754888372907,1.8998396970025052e-08,8.008003593521282e-12,7.49688214843915e-08,1.0466749117484467e-10,20,c_scan
0.5577889447236182,3.923750413319605,0.0058841593147988,2.0350747216368032e-08,1.1145196961134167e-11,7.985125280158688e-08,1.1147625513935984e-10,20,c_scan
0.5678391959798996,3.906541913588591,0.0057709897381135,2.1303990951160144e-08,1.0543830047680157e-11,8.322493357741917e-08,1.1583994058049519e-10,20,c_scan
0.5778894472361809,3.875304581570416,0.0055827975010384,2.2835784259829584e-08,9.54896586572678e-12,8.849561936587119e-08,1.2199875640046272e-10,20,c_scan
0.5879396984924623,3.8544326079270896,0.0054578303112772,2.3902525355828506e-08,8.242220526651487e-12,9.213067314330945e-08,1.2652855141977418e-10,20,c_scan
0.5979899497487438,3.819697110800334,0.005399920057773,2.5600782729666483e-08,9.091796668533632e-12,9.778723582673413e-08,1.3380909041810628e-10,20,c_scan
0.6080402010050252,3.7946575960780913,0.0054299665244502,2.6795853165317253e-08,1.03709649132076e-11,1.016810877571643e-07,1.400773450336538e-10,20,c_scan
0.6180904522613067,3.754886029324642,0.0055074105165268,2.8681898115468242e-08,1.4270321163584455e-11,1.076972585282845e-07,1.4859717842846526e-10,20,c_scan
0.6281407035175879,3.727884328394144,0.0054691627432821,3.000645443828333e-08,1.4359546391528486e-11,1.1186059125114929e-07,1.5513417812045263e-10,20,c_scan
0.6381909547738693,3.685341469352384,0.0054266781358772,3.208603260661683e-08,1.6562490484809434e-11,1.1824798655215773e-07,1.6307140507612268e-10,20,c_scan
0.6482412060301508,3.654574055034882,0.0052969028912041,3.3563086185322744e-08,1.5821837336924603e-11,1.2265878397978018e-07,1.6811448794929128e-10,20,c_scan
0.6582914572864322,3.6072681330173904,0.0052873503196723,3.587774780672353e-08,1.8800671176165374e-11,1.2942065634762838e-07,1.77160915569221e-10,20,c_scan
0.6683417085427137,3.5757690520928214,0.0052033057727419,3.7479913423899323e-08,1.872555471585129e-11,1.340195144962975e-07,1.8316434527088163e-10,20,c_scan
0.6783919597989949,3.526596163854062,0.0050440781052811,4.003207953590885e-08,1.8049665037190204e-11,1.411769781224368e-07,1.9162949502583488e-10,20,c_scan
0.6884422110552764,3.493181228279709,0.0049472038328783,4.181418227854837e-08,1.7866943417096936e-11,1.4606451661129118e-07,1.9722348036165527e-10,20,c_scan
0.6984924623115578,3.441177471687261,0.0047226160580384,4.462642707582951e-08,1.2271356727070207e-11,1.5356745549523893e-07,2.0647961857842212e-10,20,c_scan
0.7085427135678393,3.4062756577663875,0.0046827838389552,4.6600687418465673e-08,1.3416385894820991e-11,1.5873478718869998e-07,2.1338205076174928e-10,20,c_scan
0.7185929648241207,3.353404113549911,0.0047169917265286,4.968586095273015e-08,2.0934181625524263e-11,1.6661677050415417e-07,2.23607055197298e-10,20,c_scan
0.728643216080402,3.317302737624435,0.0046236540831836,5.1848364774763546e-08,2.1100380650284384e-11,1.7199672240867346e-07,2.2928248535204426e-10,20,c_scan
0.7386934673366834,3.2631925847020176,0.0044999118386026,5.524395345536424e-08,2.111909294857816e-11,1.8027165926516803e-07,2.388494729499039e-10,20,c_scan
0.7487437185929648,3.2265559141078954,0.0044963135509666,5.762451527516852e-08,2.521017629567809e-11,1.859287205586957e-07,2.4599834959627415e-10,20,c_scan
0.7587939698492463,3.1723730268945785,0.004398016283572,6.13540602573856e-08,2.7309480127707915e-11,1.946379658509947e-07,2.5554995443271583e-10,20,c_scan
0.7688442211055277,3.136253454883264,0.004367257771467,6.394465896457949e-08,3.0822830917434394e-11,2.005466575989945e-07,2.619980411510282e-10,20,c_scan
0.778894472361809,3.0828260087205366,0.0041833240132349,6.80043155811815e-08,2.6466782029188283e-11,2.0964547277890557e-07,2.725323135957795e-10,20,c_scan
0.7889447236180904,3.047842762251148,0.0040344373504706,7.081553701671375e-08,1.965733475406449e-11,2.158346219513192e-07,2.7934829651285355e-10,20,c_scan
0.7989949748743719,2.9954807847032647,0.0039082337377454,7.523468046921561e-08,1.7083665522569164e-11,2.253640396888254e-07,2.8954733208058816e-10,20,c_scan
0.8090452261306533,2.961623380285936,0.0038385540013343,7.828740989153912e-08,1.596430422234267e-11,2.3185782351681078e-07,2.9676776810867644e-10,20,c_scan
0.8190954773869348,2.9125822328543203,0.00372893109131,8.302751871023537e-08,1.783993746610852e-11,2.418244758334112e-07,3.052125508271919e-10,20,c_scan
0.829145728643216,2.8807813034263927,0.0036967551599639,8.63017919795745e-08,2.214830049707903e-11,2.48616588786952e-07,3.1259134040900837e-10,20,c_scan
0.8391959798994975,2.8349343203934767,0.0036590713827578,9.13658967345228e-08,2.7832742673080902e-11,2.5901631636622494e-07,3.2486956744046566e-10,20,c_scan
0.8492462311557789,2.8053977080095365,0.0036143385888092,9.485961203813129e-08,3.087820125079723e-11,2.6611893819444733e-07,3.3173088985144145e-10,20,c_scan
0.8592964824120604,2.7631016981002645,0.0035015624166876,1.0025171005382854e-07,2.8917126219236638e-11,2.77005670287189e-07,3.4182341530422703e-10,20,c_scan
0.8693467336683418,2.736362704660644,0.0034345730662395,1.03933871969586e-07,2.810662500470976e-11,2.8440077100854934e-07,3.4858479306129907e-10,20,c_scan
0.879396984924623,2.6976873317716112,0.0033789515461283,1.0964669680777368e-07,3.20108352231135e-11,2.9579250494893377e-07,3.6028636409881324e-10,20,c_scan
0.8894472361809045,2.672678433847733,0.0033468296483432,1.1356248227130493e-07,3.3845265863240464e-11,3.035159972607322e-07,3.6915294769441424e-10,20,c_scan
0.8994974874371859,2.636707235376059,0.0033316111487214,1.1960871574155542e-07,4.366478028887823e-11,3.153731662097975e-07,3.8149556049861656e-10,20,c_scan
0.9095477386934674,2.614168662621788,0.0033335593338969,1.2372138347742913e-07,5.290214568436724e-11,3.234285635829083e-07,3.885551230400077e-10,20,c_scan
0.9195979899497488,2.5814829408173026,0.003230095179809,1.3005237399116072e-07,5.342504732871416e-11,3.357279848709733e-07,3.9679683009719016e-10,20,c_scan
0.92964824120603,2.560541048257792,0.0031778374556341,1.344098948406244e-07,5.3258363695307664e-11,3.441620530314319e-07,4.0477844393706254e-10,20,c_scan
0.9396984924623116,2.53124559209126,0.0031747968800338,1.4103586006936124e-07,6.265423423611885e-11,3.569963991273703e-07,4.1873307016006967e-10,20,c_scan
0.949748743718593,2.5123271932945417,0.0030941526346027,1.4559902603968232e-07,5.8120082718924226e-11,3.65792392436694e-07,4.261859199989883e-10,20,c_scan
0.9597989949748744,2.4848805316215063,0.0030017892451721,1.526018500668508e-07,5.2126473452162686e-11,3.791973663205416e-07,4.3938420392732744e-10,20,c_scan
0.969849246231156,2.467058900149792,0.0029991663106363,1.5738269595886962e-07,6.040070007454754e-11,3.88272380794898e-07,4.47878703712901e-10,20,c_scan
0.9798994974874372,2.441779166472326,0.0029173195545051,1.6469793701622877e-07,5.704052766341568e-11,4.021559913671987e-07,4.598463403875968e-10,20,c_scan
0.9899497487437184,2.392807863717786,0.0028158651701761,1.7204074457528394e-07,5.6368540034508914e-11,4.116604464996024e-07,4.6528827207464446e-10,20,c_scan
1.0,2.4085030316841323,0.0028499736561665,1.752954875955456e-07,5.613480625967444e-11,4.221997133144198e-07,4.809453417004295e-10,20,c_scan
-1.0,2.1587205289839533,0.0009632346706759,-3.728331778439967e-07,1.4361350431867515e-10,-8.04842634898161e-07,1.8126800722571748e-10,30,c_scan
-0.9899497487437184,2.1705045448535394,0.0009094602761486,-3.6301100092537253e-07,1.2858504449682717e-10,-7.879170273403534e-07,1.7635594614111574e-10,30,c_scan
-0.9798994974874372,2.1812171700938,0.0008990608007009,-3.543875983152432e-07,1.2085216121563883e-10,-7.729963143135129e-07,1.7896552389820522e-10,30,c_scan
-0.9698492462311558,2.197723526921885,0.0009057097836368,-3.416114351775589e-07,1.1390785673439336e-10,-7.507674881552716e-07,1.8182344258307275e-10,30,c_scan
-0.9597989949748744,2.208947202149626,0.0008403672300019,-3.333032461741891e-07,9.663306573042616e-11,-7.362492731038631e-07,1.8135700639857132e-10,30,c_scan
-0.949748743718593,2.2259646620346416,0.0007186826703939,-3.210388059608447e-07,6.43516324150907e-11,-7.146210372106365e-07,1.8087305647251948e-10,30,c_scan
-0.9396984924623116,2.2374922860369204,0.0006656738246392,-3.130120759630959e-07,4.352643857085553e-11,-7.003621054038297e-07,1.8420289914829e-10,30,c_scan
-0.9296482412060302,2.2553361207043414,0.000674914337355,-3.0122464347085895e-07,3.2986874377903175e-11,-6.793628188661154e-07,1.8919933964202568e-10,30,c_scan
-0.9195979899497488,2.2673816179563127,0.0006788733733329,-2.9351659712578253e-07,2.450978500030461e-11,-6.65514136888088e-07,1.9135418822141576e-10,30,c_scan
-0.9095477386934674,2.285448990999525,0.0007024489674177,-2.822349336777664e-07,2.623164583021676e-11,-6.450335443986689e-07,1.8897397937403724e-10,30,c_scan
-0.8994974874371859,2.297631159529687,0.0007436370279786,-2.749007270957725e-07,3.6139864083066223e-11,-6.316204763526139e-07,1.8680242588168557e-10,30,c_scan
-0.8894472361809045,2.316343389532823,0.0007682409991921,-2.641015510285157e-07,3.4143101814042165e-11,-6.117498818902678e-07,1.868449943706128e-10,30,c_scan
-0.8793969849246231,2.329042552412134,0.0007454654478146,-2.5705173544603546e-07,2.1683551490405937e-11,-5.986844300252031e-07,1.8484859343922608e-10,30,c_scan
-0.8693467336683417,2.3483810814722417,0.0007805402391142,-2.466956887577497e-07,2.2592235489447e-11,-5.793354883594637e-07,1.851024776929076e-10,30,c_scan
-0.8592964824120604,2.36157273069764,0.0008190865602452,-2.39963425742658e-07,2.4166857220306112e-11,-5.666910825986492e-07,1.8808251999130782e-10,30,c_scan
-0.8492462311557789,2.381577547487409,0.0008853798608883,-2.3007932451044817e-07,2.9796517635707865e-11,-5.479517533951528e-07,1.9094784411330807e-10,30,c_scan
-0.8391959798994975,2.3947961301641243,0.0009162143077336,-2.236821905635625e-07,2.4478094433655408e-11,-5.356732443482537e-07,1.9637828626182224e-10,30,c_scan
-0.8291457286432161,2.4147276031870386,0.0009616454999029,-2.1432431388527765e-07,1.959798447766049e-11,-5.175348367729028e-07,2.0059741339939104e-10,30,c_scan
-0.8190954773869347,2.4282711732432323,0.000991058323093,-2.082310617886165e-07,2.572088637437992e-11,-5.056414847151278e-07,1.9669088400689002e-10,30,c_scan
-0.8090452261306533,2.448712437060379,0.0010126833265424,-1.9932962822757501e-07,2.178149202040243e-11,-4.881009397154845e-07,1.9468377891939775e-10,30,c_scan
-0.7989949748743719,2.462470991874287,0.0010491202504735,-1.9354827840475979e-07,2.0736769978453707e-11,-4.766070210989294e-07,1.9652990105531443e-10,30,c_scan
-0.7889447236180904,2.483426278419673,0.0011455580562607,-1.850820325565367e-07,3.0993964724559004e-11,-4.596375833142288e-07,1.9755720512824406e-10,30,c_scan
-0.778894472361809,2.49742322415569,0.0012371577857756,-1.7959353757084473e-07,4.1108339354836325e-11,-4.485210716377051e-07,1.9704397873213984e-10,30,c_scan
-0.7688442211055276,2.518362376213397,0.0014211233778984,-1.715908258397739e-07,6.020836826935515e-11,-4.32127879898272e-07,1.9097925517907536e-10,30,c_scan
-0.7587939698492463,2.532396580586616,0.0014744904394539,-1.66438612517459e-07,6.193228925835108e-11,-4.214885732167939e-07,1.8875708847372e-10,30,c_scan
-0.7487437185929648,2.5532451747508733,0.0015196614706612,-1.5891746850864977e-07,5.888614354838543e-11,-4.057552596533338e-07,1.8899011228547456e-10,30,c_scan
-0.7386934673366834,2.566791491989785,0.0015109337757502,-1.5406817737206984e-07,5.2923420667231424e-11,-3.95460886865002e-07,1.890404051951924e-10,30,c_scan
-0.728643216080402,2.587153261429512,0.0014937883069404,-1.4700902975004544e-07,4.4444516432386286e-11,-3.8033489077741814e-07,1.8709041590523323e-10,30,c_scan
-0.7185929648241206,2.6009112284430955,0.0015666806073959,-1.4242443842752866e-07,4.812645063670028e-11,-3.704333211108615e-07,1.8471713437877835e-10,30,c_scan
-0.7085427135678393,2.621192450065684,0.0017567482406877,-1.3575705026376292e-07,5.5983657551233226e-11,-3.55845355194563e-07,1.8800040838307075e-10,30,c_scan
-0.6984924623115578,2.6345332181934173,0.0016930430850788,-1.3147057689632425e-07,4.5374011576522265e-11,-3.463636020484182e-07,1.8776204233556348e-10,30,c_scan
-0.6884422110552764,2.654070669597778,0.0017251875314287,-1.2525874580727062e-07,4.3268971593432235e-11,-3.324455633576806e-07,1.8305463430889308e-10,30,c_scan
-0.6783919597989949,2.6667028933693944,0.0017835478337394,-1.212514291327936e-07,4.334232991123791e-11,-3.233415368935948e-07,1.8277967222681536e-10,30,c_scan
-0.6683417085427136,2.685550231091839,0.0018168774857847,-1.1542731395056727e-07,3.9839795937452576e-11,-3.099858496542561e-07,1.8037211907691452e-10,30,c_scan
-0.6582914572864322,2.6972027640288307,0.0018075947408758,-1.1171478538799652e-07,3.577544326110698e-11,-3.0131742793139185e-07,1.7738869273600167e-10,30,c_scan
-0.6482412060301508,2.713563043491245,0.0018039202468915,-1.0633281283515193e-07,2.928789511067451e-11,-2.885407912199397e-07,1.7457703397611292e-10,30,c_scan
-0.6381909547738693,2.7237564640289684,0.0017934960620732,-1.0287751991301061e-07,2.0549896372618694e-11,-2.802133098663315e-07,1.7581561538712942e-10,30,c_scan
-0.6281407035175879,2.7379194030462988,0.0018228584755371,-9.79082427149546e-08,1.846962027977229e-11,-2.680648774474406e-07,1.7115901721107023e-10,30,c_scan
-0.6180904522613065,2.7457430076163187,0.0018507766756645,-9.473013666253873e-08,1.4484199690343152e-11,-2.60104610351704e-07,1.7075413796495815e-10,30,c_scan
-0.6080402010050251,2.755845829625559,0.0018990729984485,-9.015116230154377e-08,8.177986182070314e-12,-2.484427046646063e-07,1.6971375077304555e-10,30,c_scan
-0.5979899497487438,2.761105098190785,0.0019718809275569,-8.723243797280047e-08,7.250866517658164e-12,-2.408579292143108e-07,1.7084292466663619e-10,30,c_scan
-0.5879396984924623,2.766952096805443,0.0020371743258446,-8.303671893834311e-08,1.3063116099797543e-11,-2.297586235782928e-07,1.6525354876882339e-10,30,c_scan
-0.5778894472361809,2.769395994146272,0.0020672208954646,-8.036345754658453e-08,9.13009750110775e-12,-2.2255823740525522e-07,1.641935654343354e-10,30,c_scan
-0.5678391959798995,2.769521557407963,0.0022283433103172,-7.652990769483201e-08,1.3812494750385968e-11,-2.119512291472788e-07,1.661890072441868e-10,30,c_scan
-0.5577889447236181,2.767637660265184,0.0022567282176413,-7.409773351024696e-08,1.7298892054021322e-11,-2.0507567780325299e-07,1.6021796198491015e-10,30,c_scan
-0.5477386934673367,2.7626272163280103,0.0024040610010566,-7.058963887534175e-08,2.3310663573196275e-11,-1.950128575477849e-07,1.5700799675926807e-10,30,c_scan
-0.5376884422110553,2.7567217163517443,0.0024486210713436,-6.835425000234898e-08,2.202296348639492e-11,-1.884336453864117e-07,1.5597465637407388e-10,30,c_scan
-0.5276381909547738,2.746411325718965,0.0025954982894136,-6.512978007083559e-08,2.49483554903259e-11,-1.788731656281282e-07,1.5453535251817602e-10,30,c_scan
-0.5175879396984925,2.7378947218852936,0.0026569110353677,-6.306651027856059e-08,2.6150173448117573e-11,-1.726694656193956e-07,1.514959145315739e-10,30,c_scan
-0.507537688442211,2.721242411690161,0.0028403135300435,-6.009877504480475e-08,2.962491851978549e-11,-1.63543335542549e-07,1.5046341450238368e-10,30,c_scan
-0.4974874371859297,2.7083718171852427,0.0029539337866234,-5.8195996998910864e-08,3.101429228859593e-11,-1.5761639814484717e-07,1.4998784953590918e-10,30,c_scan
-0.4874371859296482,2.686938856296905,0.002960443025409,-5.544059535636536e-08,2.744244967011452e-11,-1.4896548987925184e-07,1.466329196057284e-10,30,c_scan
-0.4773869346733668,2.6711129129684186,0.0031238481323356,-5.367171385766537e-08,3.1000223235632727e-11,-1.4336320794635597e-07,1.4578736965498582e-10,30,c_scan
-0.4673366834170854,2.645021463287561,0.0032692386891288,-5.1102122441630123e-08,3.146373508906308e-11,-1.351662106776606e-07,1.4486125263887714e-10,30,c_scan
-0.457286432160804,2.6259993615402264,0.0034184685068888,-4.9446317109044166e-08,3.339544330800037e-11,-1.2984599715886553e-07,1.445015890051911e-10,30,c_scan
-0.4472361809045225,2.5958797943801466,0.0035123569485356,-4.7030367828896324e-08,3.4412705455758434e-11,-1.2208518156929806e-07,1.3894897780551618e-10,30,c_scan
-0.4371859296482412,2.574210191513784,0.0036007090990472,-4.5472953495528457e-08,3.579870162570007e-11,-1.1705694032642169e-07,1.3533980996881842e-10,30,c_scan
-0.4271356783919597,2.539610877202068,0.0036200781354602,-4.320773102933829e-08,3.3801733268769064e-11,-1.0973082370132885e-07,1.3075435789394876e-10,30,c_scan
-0.4170854271356784,2.5157316571453494,0.0036213112539269,-4.172902924630895e-08,3.1220846860008846e-11,-1.0497903989688357e-07,1.2909816351004978e-10,30,c_scan
-0.4070351758793969,2.478943333810551,0.003642818895735,-3.9561072532922415e-08,2.725670857258715e-11,-9.806965703388369e-08,1.2729250326829687e-10,30,c_scan
-0.3969849246231155,2.453343316158022,0.003600648747488,-3.8152387699603624e-08,2.5212598175682693e-11,-9.360090535829208e-08,1.2265959293858911e-10,30,c_scan
-0.3869346733668342,2.4135765043901447,0.0035513614127145,-3.6088674871353885e-08,2.1907867801772088e-11,-8.710277774407476e-08,1.1674796612056477e-10,30,c_scan
-0.3768844221105527,2.385926953198918,0.0036090316025497,-3.474840339419652e-08,2.151816298512392e-11,-8.290715223884227e-08,1.1441727961830111e-10,30,c_scan
-0.3668341708542714,2.34379230268703,0.0036823544872535,-3.277260936939394e-08,2.1160692530307888e-11,-7.68121895789544e-08,1.100180017594666e-10,30,c_scan
-0.3567839195979899,2.3153553354508283,0.0036339083969006,-3.1489852780790833e-08,1.9371928778547965e-11,-7.291019864856516e-08,1.0527452811684719e-10,30,c_scan
-0.3467336683417085,2.270348574256034,0.0035958095986911,-2.96111839282654e-08,1.511015603426217e-11,-6.722770921357053e-08,1.0079842119746602e-10,30,c_scan
-0.3366834170854271,2.2239202542377337,0.003599903855417,-2.779172690361016e-08,1.4494533685116696e-11,-6.180658436118237e-08,9.471238661267948e-11,30,c_scan
-0.3266331658291457,2.192753458159971,0.0036342062416571,-2.6598853390592146e-08,1.5130694183961964e-11,-5.8324727755311e-08,9.079366375769915e-11,30,c_scan
-0.3165829145728643,2.14418450568944,0.003595335048186,-2.485355146192786e-08,1.3347924770365387e-11,-5.3290599956020854e-08,8.464938048813645e-11,30,c_scan
-0.3065326633165829,2.111639619435151,0.0035780049281729,-2.3716165617665374e-08,1.285949833013481e-11,-5.007999493934793e-08,8.039441287569881e-11,30,c_scan
-0.2964824120603014,2.06155719909172,0.0036152846240891,-2.204864351133169e-08,1.2909835906291925e-11,-4.54545397609928e-08,7.513785956730912e-11,30,c_scan
-0.2864321608040201,2.0277215331577363,0.0035549830734225,-2.096546862806002e-08,1.1907672831785556e-11,-4.251213218986029e-08,7.051240706456778e-11,30,c_scan
-0.2763819095477386,1.9753525286328644,0.0034110941993056,-1.9381162846322014e-08,7.220066082959682e-12,-3.828462903632752e-08,6.455424836277202e-11,30,c_scan
-0.2663316582914573,1.9409642178069204,0.0033602547541551,-1.834632458097218e-08,5.685765589833986e-12,-3.5609559539938546e-08,6.065249811697977e-11,30,c_scan
-0.2562814070351759,1.889868453253155,0.0033241530375536,-1.6829427871600263e-08,5.646989747417063e-12,-3.1805404820836715e-08,5.491623306723394e-11,30,c_scan
-0.2462311557788944,1.8560293595494344,0.0033858702927091,-1.5843256672956633e-08,9.593356410648583e-12,-2.9405549535884997e-08,5.060194219016162e-11,30,c_scan
-0.2361809045226131,1.807286763978099,0.0033086592958476,-1.4387512122240156e-08,9.522579866324936e-12,-2.600236022509908e-08,4.4383512256504996e-11,30,c_scan
-0.2261306532663316,1.7740256540079762,0.0032123468747774,-1.3451230143158213e-08,8.081437534469625e-12,-2.3862827351928053e-08,4.076230190865798e-11,30,c_scan
-0.2160804020100502,1.7255055324455932,0.0029457179807893,-1.208376012418218e-08,3.092415588690704e-12,-2.08505949470218e-08,3.5193127445018974e-11,30,c_scan
-0.2060301507537688,1.695017152704053,0.0028091249274238,-1.119877358967268e-08,2.184419103480286e-12,-1.898211332374433e-08,3.1240098482898786e-11,30,c_scan
-0.1959798994974874,1.652379734839181,0.0026419409095348,-9.904684844499235e-09,3.694385232694579e-12,-1.63663005170193e-08,2.544558158440677e-11,30,c_scan
-0.185929648241206,1.628502280306947,0.0026917560962073,-9.063368711158891e-09,6.078477529704687e-12,-1.4759716613384893e-08,2.2297908639695336e-11,30,c_scan
-0.1758793969849246,1.598163726877189,0.0026999936502953,-7.843503888668737e-09,7.183199852457869e-12,-1.2535203406490557e-08,1.779589682073176e-11,30,c_scan
-0.1658291457286431,1.5841065116595012,0.002580400677268,-7.061030907913197e-09,6.642349080584418e-12,-1.1185425040254297e-08,1.487489427069149e-11,30,c_scan
-0.1557788944723618,1.5729505151273666,0.0020730202362822,-5.945192618137609e-09,3.3100955500683026e-12,-9.351493791230971e-09,1.117070089112014e-11,30,c_scan
-0.1457286432160803,1.5748126416534671,0.0020504305077047,-5.239730921748376e-09,3.566201988581668e-12,-8.251594494431916e-09,9.158962801541396e-12,30,c_scan
-0.135678391959799,1.5921401810282247,0.0028947997999536,-4.258504005467e-09,6.589724505029015e-12,-6.780135338173649e-09,6.4722892252262505e-12,30,c_scan
-0.1256281407035175,1.6130194885543514,0.0029561854406224,-3.664612619165657e-09,5.9068691540050665e-12,-5.9110915727164105e-09,5.155487507607106e-12,30,c_scan
-0.1155778894472361,1.6509227171035268,0.0034390820433021,-2.8836169565547395e-09,5.6098292317684745e-12,-4.760628741001153e-09,3.5458944242213388e-12,30,c_scan
-0.1055276381909547,1.673516161719529,0.0041110825132468,-2.444314860998016e-09,5.7641358918663316e-12,-4.090600424211405e-09,2.815215573396361e-12,30,c_scan
-0.0954773869346733,1.6889452258298998,0.0052921186757499,-1.9003091385955755e-09,5.81378451617056e-12,-3.209518047231926e-09,2.1726634139504278e-12,30,c_scan
-0.085427135678392,1.6806261008405348,0.0048204924385225,-1.6085166778313864e-09,4.480486923148861e-12,-2.7033151124007342e-09,1.8495466572964075e-12,30,c_scan
-0.0753768844221105,1.6409088436624113,0.0041361060459202,-1.249687641376e-09,3.0301500311663548e-12,-2.050623502549498e-09,1.4121404189278928e-12,30,c_scan
-0.0653266331658291,1.5979352513915674,0.0052031348731623,-1.0530283739142451e-09,3.333291863622375e-12,-1.6826711593931124e-09,1.2843681526610609e-12,30,c_scan
-0.0552763819095477,1.5065424345935947,0.0075184385167638,-8.047897110082506e-10,3.946333285190075e-12,-1.212449850558245e-09,1.1246811048968648e-12,30,c_scan
-0.0452261306532663,1.4324450298591849,0.0082698693446803,-6.62033567051605e-10,3.757114010783107e-12,-9.483266927230191e-10,1.0052169577169397e-12,30,c_scan
-0.0351758793969849,1.320718498702714,0.0084473426356927,-4.740314195424899e-10,2.968068179028564e-12,-6.260620647560733e-10,8.174361869557992e-13,30,c_scan
-0.0251256281407035,1.2503970413331282,0.0115616382630704,-3.6352038714515407e-10,3.281112331296747e-12,-4.54544816550574e-10,9.122518794085364e-13,30,c_scan
-0.015075376884422,1.1608502510618073,0.023429386247442,-2.1251475994108376e-10,4.17762087215449e-12,-2.4669781243194683e-10,1.1281827305207146e-12,30,c_scan
-0.0050251256281407,1.105580048624594,0.0614574628516811,-1.1885795351105934e-10,6.4132153313652244e-12,-1.3140698202217668e-10,1.7567252832323317e-12,30,c_scan
0.0050251256281406,1.5669529045907618,0.3365248005631578,2.3361459658470703e-11,4.931915577808429e-12,3.660630706732057e-11,1.4433575377145088e-12,30,c_scan
0.015075376884422,1.3160484981882616,0.0278658013191397,1.1571050843807539e-10,2.3860565883580586e-12,1.522806408545293e-10,7.320468922148907e-13,30,c_scan
0.0251256281407035,1.3583829710010171,0.0115427118582853,2.64933218050131e-10,2.1966648112390488e-12,3.5988077185179726e-10,6.692720491267265e-13,30,c_scan
0.0351758793969849,1.4140886241768025,0.0082552904214912,3.7361732193281023e-10,2.126651767041588e-12,5.28328004740589e-10,6.850762234843929e-13,30,c_scan
0.0452261306532664,1.5039783380724845,0.0052159375903261,5.583604732029035e-10,1.86012822305574e-12,8.397620565330686e-10,8.095644604665108e-13,30,c_scan
0.0552763819095476,1.5644478485932802,0.0052046147565967,6.989743509953894e-10,2.2449867191877813e-12,1.0935089196366212e-09,9.481346620052252e-13,30,c_scan
0.0653266331658291,1.6519762521043817,0.0044977383254074,9.406673928269772e-10,2.447023343987848e-12,1.5539601940791096e-09,1.2486450440652218e-12,30,c_scan
0.0753768844221105,1.707156017932409,0.0041439141964608,1.1277074842136322e-09,2.615814083545248e-12,1.9251726181427193e-09,1.3771242173548425e-12,30,c_scan
0.085427135678392,1.7802181085254298,0.0032561905618173,1.4536700550032454e-09,2.4862104924566448e-12,2.587849755737936e-09,1.67805826267335e-12,30,c_scan
0.0954773869346734,1.8260543505101767,0.0034137702939143,1.702200241228662e-09,2.945553874968972e-12,3.1083101559350722e-09,2.1990767713436275e-12,30,c_scan
0.1055276381909549,1.8929695023650293,0.005053644309909,2.132753878024608e-09,5.447997728540085e-12,4.037238047151329e-09,3.132631478812377e-12,30,c_scan
0.1155778894472361,1.941952166081821,0.0044350636333463,2.455025156733233e-09,5.261140779019936e-12,4.767541420903466e-09,3.7640442446699206e-12,30,c_scan
0.1256281407035175,2.027873231227408,0.0032881215034367,2.997178376114188e-09,4.076964877276124e-12,6.077897798135593e-09,5.363772329790981e-12,30,c_scan
0.135678391959799,2.095266620719674,0.0034521931961628,3.3929415350540244e-09,4.587900535380616e-12,7.109117144452072e-09,6.692466436605702e-12,30,c_scan
0.1457286432160804,2.207297920389297,0.0036945878467222,4.023555330414695e-09,5.276261878758892e-12,8.881185313395626e-09,9.238160000454795e-12,30,c_scan
0.1557788944723619,2.2823934818520275,0.0035279713664289,4.475740027757421e-09,4.95404339043089e-12,1.0215399865817751e-08,1.1021934998035272e-11,30,c_scan
0.1658291457286431,2.386041820925468,0.0040525599641815,5.188595713920652e-09,6.426079358582383e-12,1.2380206365289311e-08,1.4388922607123183e-11,30,c_scan
0.1758793969849246,2.44745323765966,0.0043089895315082,5.68962019487614e-09,7.2719793603122595e-12,1.3925079367003394e-08,1.6861100774970034e-11,30,c_scan
0.185929648241206,2.5266549546208377,0.0041793544767699,6.482598279876821e-09,7.342833458360938e-12,1.6379289062667293e-08,1.9744066055045053e-11,30,c_scan
0.1959798994974875,2.5740843905258983,0.0037451519501353,7.032648529892908e-09,6.147562973639445e-12,1.8102630804852243e-08,2.1054645374437448e-11,30,c_scan
0.2060301507537689,2.6373028900257647,0.0040561482629283,7.907589300268071e-09,8.301996539446305e-12,2.0854708114733792e-08,2.343882412637317e-11,30,c_scan
0.2160804020100502,2.676639530847176,0.0037336847860521,8.515697672828862e-09,7.346184062728594e-12,2.2793453023837032e-08,2.498560886249252e-11,30,c_scan
0.2261306532663316,2.7333119815933844,0.0033153503656785,9.466585049760456e-09,5.429337864356715e-12,2.5875130341283064e-08,2.7654896890575287e-11,30,c_scan
0.2361809045226131,2.768896359921239,0.0032494391797859,1.0122893336556886e-08,5.2907796926196494e-12,2.8029242511463332e-08,2.9451414906813304e-11,30,c_scan
0.2462311557788945,2.8191344833123826,0.0034569464560694,1.1136449673446221e-08,7.879256555910994e-12,3.139514929608516e-08,3.144361886254534e-11,30,c_scan
0.256281407035176,2.8487406535342736,0.0032907640103748,1.1839403167143477e-08,7.157672216435428e-12,3.3727389115824056e-08,3.319891989672827e-11,30,c_scan
0.2663316582914572,2.892157684726392,0.0033369407426544,1.2913149956994621e-08,8.209832815424704e-12,3.734686588214627e-08,3.595831209591934e-11,30,c_scan
0.2763819095477386,2.9203574498811395,0.0034398569526551,1.3640967093894547e-08,9.836103040214416e-12,3.983649987623842e-08,3.710314859960499e-11,30,c_scan
0.2864321608040201,2.9580365204760115,0.0033845375989927,1.4766355656924726e-08,1.0362615414932686e-11,4.367941930752089e-08,3.947306695782347e-11,30,c_scan
0.2964824120603015,2.9827310732359944,0.0030658751134918,1.5525549546933202e-08,7.79797809042445e-12,4.630853906270268e-08,4.1529613339697946e-11,30,c_scan
0.306532663316583,3.016635454398306,0.0030377028295461,1.669448031462072e-08,7.62221339102258e-12,5.0361161209839454e-08,4.5200629956676045e-11,30,c_scan
0.3165829145728642,3.038919920146218,0.0029932139430578,1.7479252768059097e-08,7.758738534367283e-12,5.3118049426125724e-08,4.6705052431876445e-11,30,c_scan
0.3266331658291457,3.072337276404309,0.0028338959119817,1.867603518277792e-08,6.190726671841995e-12,5.737907906748694e-08,4.939022865772734e-11,30,c_scan
0.3366834170854271,3.1063390652986977,0.0026839884330934,1.9877472105875712e-08,3.487603093702746e-12,6.174616812186688e-08,5.223935789820617e-11,30,c_scan
0.3467336683417086,3.1285562697146623,0.0027811846143179,2.069846271152128e-08,6.0520379105587825e-12,6.475630528958505e-08,5.436332386171968e-11,30,c_scan
0.35678391959799,3.16180154568872,0.0029798973304597,2.1946879082389312e-08,1.0016132155536647e-11,6.939167620574195e-08,5.722028159063158e-11,30,c_scan
0.3668341708542713,3.184563094102732,0.0028411631821885,2.2786333392685186e-08,8.842946584317709e-12,7.256451637226593e-08,5.829399766752082e-11,30,c_scan
0.3768844221105527,3.218767053928462,0.0027101063089246,2.40875019850962e-08,7.872884934979604e-12,7.753205780106406e-08,6.016039118909151e-11,30,c_scan
0.3869346733668342,3.242121695946264,0.0026938502007561,2.4973527822204205e-08,8.105803655351473e-12,8.096721637668594e-08,6.192963303364053e-11,30,c_scan
0.3969849246231156,3.2769693529636723,0.0027495519296549,2.6338988306566808e-08,9.89750842881798e-12,8.6312057468688e-08,6.475154999527389e-11,30,c_scan
0.4070351758793971,3.2998659988836847,0.0028960349955903,2.7285804124908485e-08,1.2886107969496202e-11,9.003949728398572e-08,6.660409225367386e-11,30,c_scan
0.4170854271356783,3.333879659331408,0.0028892200019636,2.8750224974852933e-08,1.3503713165689052e-11,9.584979024486401e-08,6.980785321757759e-11,30,c_scan
0.4271356783919597,3.357141652495978,0.0028074414611346,2.9763027091644523e-08,1.3020692435589082e-11,9.991869795372605e-08,7.121212048688504e-11,30,c_scan
0.4371859296482412,3.389375710860273,0.0030376649998894,3.1367176361335264e-08,1.7877219252243065e-11,1.0631514567738029e-07,7.353489224059618e-11,30,c_scan
0.4472361809045226,3.410229392698174,0.003241812165655,3.249373032646548e-08,2.1393435719864648e-11,1.108110742377206e-07,7.598394630570283e-11,30,c_scan
0.4572864321608041,3.439973804567665,0.003193074308892,3.4279222905642945e-08,2.1313079397711003e-11,1.1791962883634761e-07,8.127323989545742e-11,30,c_scan
0.4673366834170853,3.4582864714141524,0.0028949466906609,3.5538431416245025e-08,1.7560085868924307e-11,1.2290207658207986e-07,8.304704350661401e-11,30,c_scan
0.4773869346733668,3.482934694136598,0.0029089738437038,3.7560037274655544e-08,1.946954295912402e-11,1.3081915693696165e-07,8.567176189168642e-11,30,c_scan
0.4874371859296482,3.4963954427889004,0.0029707353980498,3.9000843291346e-08,2.1618943336365205e-11,1.3636237074878618e-07,8.780781245046101e-11,30,c_scan
0.4974874371859297,3.513237626976586,0.0029311571944279,4.131049209844201e-08,2.250862226350784e-11,1.4513357522916545e-07,9.169973724153303e-11,30,c_scan
0.5075376884422111,3.5218216317944924,0.0028234642938551,4.295461121299356e-08,2.17546639424606e-11,1.5127847895524294e-07,9.401604440809798e-11,30,c_scan
0.5175879396984926,3.530403716802135,0.0027917790897102,4.5590081001596455e-08,2.3169227359945888e-11,1.609513914173465e-07,9.75132861277306e-11,30,c_scan
0.5276381909547738,3.53298649814829,0.0027593126373524,4.746485609847016e-08,2.4092334398169657e-11,1.6769269573244657e-07,9.953986215765332e-11,30,c_scan
0.5376884422110553,3.5330281410135886,0.0028203233017567,5.045165922603653e-08,2.793278803298928e-11,1.782471318064149e-07,1.0250489228525352e-10,30,c_scan
0.5477386934673367,3.530252865208731,0.0028738115071872,5.2571758781344984e-08,3.10055755601434e-11,1.8559160206690538e-07,1.0413749446204223e-10,30,c_scan
0.5577889447236182,3.5237073821990776,0.0030123290767408,5.5922552434175086e-08,3.677053796541488e-11,1.9705471084371779e-07,1.0765583414883871e-10,30,c_scan
0.5678391959798996,3.5172235000935936,0.0030877612708644,5.8271982085231434e-08,4.030282359737366e-11,2.049555847872089e-07,1.1081780787326196e-10,30,c_scan
0.5778894472361809,3.5037577101873354,0.003035258010408,6.200826366969979e-08,4.276467073144352e-11,2.172619319280399e-07,1.1389587468341335e-10,30,c_scan
0.5879396984924623,3.492222861928096,0.0028470837335434,6.463317618352633e-08,4.107958573324398e-11,2.257134555071372e-07,1.1524498988504262e-10,30,c_scan
0.5979899497487438,3.4715776346315863,0.0028028415768331,6.878393168907454e-08,4.4448114472669177e-11,2.38788758873818e-07,1.1557726892448001e-10,30,c_scan
0.6080402010050252,3.4562292118725053,0.0027372236092278,7.16827590550453e-08,4.5409338552986215e-11,2.477520458336659e-07,1.1775945059845268e-10,30,c_scan
0.6180904522613067,3.429930917690857,0.0027956125127893,7.625359245618811e-08,5.15110089725441e-11,2.61544554350478e-07,1.1928223713582339e-10,30,c_scan
0.6281407035175879,3.41029823494926,0.002736678003053,7.94794464997673e-08,5.320289350941675e-11,2.710486161129005e-07,1.1996165162634022e-10,30,c_scan
0.6381909547738693,3.3793326216267983,0.0025094742944922,8.449964225282158e-08,5.1237245705562265e-11,2.8555239758075414e-07,1.2241299874658808e-10,30,c_scan
0.6482412060301508,3.357427234889806,0.0024206668102902,8.802175875257158e-08,5.1644729283643895e-11,2.955266500987839e-07,1.238310214338434e-10,30,c_scan
0.6582914572864322,3.322840526883128,0.0023165003272015,9.3528453454916e-08,5.333181484045946e-11,3.107801355566972e-07,1.2464550084636944e-10,30,c_scan
0.6683417085427137,3.298915377508215,0.0023047372770611,9.733604548692353e-08,5.637119348680319e-11,3.211033772426511e-07,1.2547197027649183e-10,30,c_scan
0.6783919597989949,3.261235701650812,0.0023596014764106,1.033471348278601e-07,6.382137736392175e-11,3.370393657639373e-07,1.2706661329828023e-10,30,c_scan
0.6884422110552764,3.235223384741727,0.0022960278725703,1.0752419054638444e-07,6.546236678165674e-11,3.478647756810882e-07,1.2686987682777725e-10,30,c_scan
0.6984924623115578,3.1951069611166005,0.0023177519627871,1.1404921128448005e-07,7.234282186617639e-11,3.643994288849001e-07,1.2824723153497067e-10,30,c_scan
0.7085427135678393,3.1674134966027854,0.0021980661572151,1.1861083031860125e-07,7.155863570708714e-11,3.756895447944004e-07,1.2883780115164002e-10,30,c_scan
0.7185929648241207,3.1248469135286534,0.0019771831241637,1.2570727470129973e-07,6.767845415636812e-11,3.928159893584551e-07,1.3057350434975686e-10,30,c_scan
0.728643216080402,3.0957681389384883,0.0018922988355203,1.306500849251272e-07,6.749363498882474e-11,4.044623702608165e-07,1.3215262245381367e-10,30,c_scan
0.7386934673366834,3.05077137452596,0.0019317529266367,1.3840419093325762e-07,7.579375711655909e-11,4.222395438136078e-07,1.3422282607019418e-10,30,c_scan
0.7487437185929648,3.0198541513349983,0.0019238258222259,1.43818997775861e-07,7.999139929204255e-11,4.343123974742729e-07,1.349108742751823e-10,30,c_scan
0.7587939698492463,2.9731351331394813,0.001781202110374,1.522764350831011e-07,7.908254956066291e-11,4.527384190948014e-07,1.3522428901171315e-10,30,c_scan
0.7688442211055277,2.9419661865916824,0.001741721672773,1.581157246408733e-07,8.182830293011804e-11,4.651711154618905e-07,1.3374511705296758e-10,30,c_scan
0.778894472361809,2.8952460605650434,0.0016387324741129,1.672426355138795e-07,8.289285886922648e-11,4.84208581630075e-07,1.323420991069929e-10,30,c_scan
0.7889447236180904,2.864298900433084,0.0015731699389282,1.7353750714530396e-07,8.346814510805638e-11,4.970632909001925e-07,1.3180676721310086e-10,30,c_scan
0.7989949748743719,2.8182828811502194,0.0015306824483014,1.8332924955790361e-07,8.747080355504379e-11,5.166736856431561e-07,1.3407492304303602e-10,30,c_scan
0.8090452261306533,2.788137005506228,0.0015089782616874,1.900671970491709e-07,9.081305200125924e-11,5.299333856256375e-07,1.3471658700346152e-10,30,c_scan
0.8190954773869348,2.743968422498208,0.0013140101302369,2.004892210027577e-07,8.246296227609748e-11,5.501360914828316e-07,1.3491655404262234e-10,30,c_scan
0.829145728643216,2.7152473285018104,0.0012739815413153,2.076380875784882e-07,8.388685778601144e-11,5.63788762592715e-07,1.345131376370842e-10,30,c_scan
0.8391959798994975,2.672996246220156,0.0012627273798588,2.186881188551022e-07,8.960262084289823e-11,5.845525207926354e-07,1.3744595730944908e-10,30,c_scan
0.8492462311557789,2.6456030988068817,0.0012423844984118,2.2626385982045825e-07,9.294843311393336e-11,5.986043686890102e-07,1.3620528771415069e-10,30,c_scan
0.8592964824120604,2.605989682608722,0.0013303334569327,2.3792125344270266e-07,1.1002666870521676e-10,6.200203317450179e-07,1.3404603635363988e-10,30,c_scan
0.8693467336683418,2.5805109849741044,0.0012803231485025,2.458623259556376e-07,1.1033903136839575e-10,6.344504329198066e-07,1.3422626723626176e-10,30,c_scan
0.879396984924623,2.543343667959219,0.0012401924375956,2.5811709374853665e-07,1.1471640674569814e-10,6.564804759773768e-07,1.31710805862941e-10,30,c_scan
0.8894472361809045,2.519573681998908,0.0012522478513669,2.664472028063984e-07,1.216976195697235e-10,6.71333359833227e-07,1.3156003173971751e-10,30,c_scan
0.8994974874371859,2.484973547248784,0.0012117863770565,2.792467355461425e-07,1.2535968302019246e-10,6.939207509877408e-07,1.3215188731769183e-10,30,c_scan
0.9095477386934674,2.462599054078769,0.0012034644682069,2.879796257206852e-07,1.3026536004428318e-10,7.091783538937174e-07,1.3117135293483662e-10,30,c_scan
0.9195979899497488,2.43026194237411,0.0012576322440793,3.013279203594663e-07,1.4618726354934692e-10,7.323057770243478e-07,1.3187612564538378e-10,30,c_scan
0.92964824120603,2.4094087733624416,0.0012846112726617,3.104525454048792e-07,1.5614505860453697e-10,7.480070866112178e-07,1.3232780630013438e-10,30,c_scan
0.9396984924623116,2.3795831409830743,0.0012727415768665,3.243076663881906e-07,1.6383878912998703e-10,7.717170554289016e-07,1.3554933044978745e-10,30,c_scan
0.949748743718593,2.3602678944777096,0.0012286943291287,3.337978920551727e-07,1.6417545736818575e-10,7.878524478621603e-07,1.34374269152349e-10,30,c_scan
0.9597989949748744,2.332463770108568,0.0011688891737684,3.482432183949239e-07,1.6508024008332746e-10,8.122646900921653e-07,1.3205059227702535e-10,30,c_scan
0.969849246231156,2.314529902070221,0.0010975619415259,3.580483190133675e-07,1.5957901761978234e-10,8.287135407424169e-07,1.3421520074454796e-10,30,c_scan
0.9798994974874372,2.28852507892463,0.001052111413445,3.730390350935496e-07,1.611162927669472e-10,8.537091872294334e-07,1.3448423609018448e-10,30,c_scan
0.9899497487437184,2.264922111955836,0.0074770360167841,3.843474292952672e-07,1.267485257653482e-09,8.705169912842326e-07,1.3180492169139712e-10,30,c_scan
1.0,2.254129516784961,0.0010412242014917,3.945943586440134e-07,1.7257360697956383e-10,8.894667909763015e-07,1.3222475207702032e-10,30,c_scan
-1.0,7.179408608892451,0.031104779748127,-5.287897704042603e-09,2.2393865618331668e-11,-3.796397829934609e-08,3.471020724204104e-11,3,c_scan
-0.9899497487437184,7.317210652799967,0.0328248969580715,-4.762582586924702e-09,2.092602114900363e-11,-3.484882003988505e-08,3.1523061799354484e-11,3,c_scan
-0.9798994974874372,7.450005147435416,0.0367019275003673,-4.287818936102535e-09,2.0745697116467987e-11,-3.194427314523493e-08,2.963583419622829e-11,3,c_scan
-0.9698492462311558,7.520437969961775,0.0380445123998251,-4.065925642793101e-09,2.0191035806583108e-11,-3.0577541587102484e-08,2.950885158233947e-11,3,c_scan
-0.9597989949748744,7.660192766031103,0.0397277888361448,-3.654028515313656e-09,1.8615674237433816e-11,-2.7990562799877043e-08,2.7178003711166064e-11,3,c_scan
-0.949748743718593,7.789431010669447,0.0419400190477224,-3.2834513615270955e-09,1.734365177620416e-11,-2.557621785750397e-08,2.668799312747188e-11,3,c_scan
-0.9396984924623116,7.85268662097806,0.0432982817251921,-3.111151944408793e-09,1.680397811207205e-11,-2.4430901249688813e-08,2.7085695181010428e-11,3,c_scan
-0.9296482412060302,7.982759305208983,0.0461419153193128,-2.785884128809017e-09,1.5749745365764008e-11,-2.22390424524842e-08,2.6775873978189137e-11,3,c_scan
-0.9195979899497488,8.115400784528848,0.0464026127762185,-2.489729075468401e-09,1.3830750076941315e-11,-2.0205149292320552e-08,2.7365693293754557e-11,3,c_scan
-0.9095477386934674,8.186344460012007,0.047913723766292,-2.3517931102723048e-09,1.3333412050565267e-11,-1.925258849937209e-08,2.798852719725699e-11,3,c_scan
-0.8994974874371859,8.329666190611023,0.0531056443797865,-2.09359561513726e-09,1.290771633838118e-11,-1.7438952612220326e-08,2.8310453124802817e-11,3,c_scan
-0.8894472361809045,8.469423271562151,0.0548253123794603,-1.8612781225236198e-09,1.1577678479744784e-11,-1.5763952245751058e-08,2.825214184851988e-11,3,c_scan
-0.8793969849246231,8.54770416764339,0.0557368340546159,-1.7530073338650775e-09,1.09305047642281e-11,-1.4984188093587953e-08,2.8589746583996505e-11,3,c_scan
-0.8693467336683417,8.716159428962264,0.0592127042665543,-1.5492702649879594e-09,9.9646486709752e-12,-1.3503686628185669e-08,2.9530619657595464e-11,3,c_scan
-0.8592964824120604,8.875712572663323,0.0628920989149186,-1.369106404145882e-09,9.091962829059936e-12,-1.2151794924591478e-08,3.0035453685351914e-11,3,c_scan
-0.8492462311557789,8.962553112478249,0.0637317933700275,-1.2857545112652491e-09,8.488980211967133e-12,-1.152364309682331e-08,3.0432126817341245e-11,3,c_scan
-0.8391959798994975,9.152882974575776,0.068562816307886,-1.1293843752616892e-09,7.729837852736674e-12,-1.0337123020084612e-08,3.1470369263314216e-11,3,c_scan
-0.8291457286432161,9.32115878437013,0.0710936277442093,-9.92124646443816e-10,6.789666010042955e-12,-9.247751363389886e-09,3.1139908556782056e-11,3,c_scan
-0.8190954773869347,9.402186121910606,0.0716990662349303,-9.295247494095436e-10,6.265646206782792e-12,-8.739564698870847e-09,3.116436782147955e-11,3,c_scan
-0.8090452261306533,9.603281301574397,0.0794325789168482,-8.116390924069012e-10,5.849427523961006e-12,-7.794398519738008e-09,3.163814390112614e-11,3,c_scan
-0.7989949748743719,9.804504700423488,0.0984095832153281,-7.071537763682253e-10,6.3333658046382466e-12,-6.933292524324487e-09,3.141677477746126e-11,3,c_scan
-0.7889447236180904,9.907605360507103,0.1056278355115275,-6.59362464090625e-10,6.299171085753752e-12,-6.532703083741452e-09,3.0915012015967867e-11,3,c_scan
-0.778894472361809,10.145392128125003,0.1060679452854302,-5.707328119565787e-10,5.183450637587901e-12,-5.790308177686921e-09,2.9985833184747956e-11,3,c_scan
-0.7688442211055276,10.380264855547871,0.110418095588108,-4.937913613337323e-10,4.399377269426188e-12,-5.125685114025685e-09,2.9788666267152694e-11,3,c_scan
-0.7587939698492463,10.452013331848708,0.1151525609181228,-4.6109960393371424e-10,4.215681901397207e-12,-4.81941920762534e-09,2.962732392936427e-11,3,c_scan
-0.7487437185929648,10.531837693302151,0.1215567317557452,-4.0368503035414385e-10,3.775238756146503e-12,-4.251545218905596e-09,2.8758535570442908e-11,3,c_scan
-0.7386934673366834,10.6580874300263,0.1359100629671405,-3.5084802759621086e-10,3.649309601503895e-12,-3.739368952772696e-09,2.758528594532696e-11,3,c_scan
-0.728643216080402,10.723852534986287,0.1392735428185906,-3.26636088164636e-10,3.421108908461637e-12,-3.502797242082337e-09,2.689852105275964e-11,3,c_scan
-0.7185929648241206,10.781695727706577,0.158116248115246,-2.8434095457393125e-10,3.4474350480734952e-12,-3.065677655141764e-09,2.5293394770984985e-11,3,c_scan
-0.7085427135678393,10.666064389567596,0.176872619980859,-2.5083445215357364e-10,3.507413924305574e-12,-2.675416417791929e-09,2.3849292040751216e-11,3,c_scan
-0.6984924623115578,10.628961239366197,0.1705167778097015,-2.3491728757520764e-10,3.075191605141241e-12,-2.496926744093924e-09,2.3156203647335e-11,3,c_scan
-0.6884422110552764,10.572642476879157,0.169927791574393,-2.0530450268776566e-10,2.585149534147003e-12,-2.170611105811222e-09,2.168105085815955e-11,3,c_scan
-0.6783919597989949,10.309917150796169,0.1756480496437047,-1.826179195487012e-10,2.435085898688389e-12,-1.882775620797869e-09,1.9965290581335253e-11,3,c_scan
-0.6683417085427136,10.12661092491747,0.1932620388592952,-1.7307687061175127e-10,2.716627834325854e-12,-1.7526821287874874e-09,1.9027225549367598e-11,3,c_scan
-0.6582914572864322,9.924448780103305,0.214580369676243,-1.5287661458398004e-10,2.8222060461939995e-12,-1.5172161311143035e-09,1.707712972904059e-11,3,c_scan
-0.6482412060301508,9.827753167911682,0.197921030107453,-1.3342368030152584e-10,2.186088233819889e-12,-1.311254996757756e-09,1.5354855191893105e-11,3,c_scan
-0.6381909547738693,9.665480805863602,0.1869973926028467,-1.2603797098290862e-10,1.915207986194407e-12,-1.218217589345297e-09,1.4588175269362152e-11,3,c_scan
-0.6281407035175879,9.24921306801452,0.1770767562578759,-1.1336454019755496e-10,1.6457330437078805e-12,-1.0485327866446828e-09,1.3087141688608177e-11,3,c_scan
-0.6180904522613065,8.799708733175903,0.1914505437890386,-1.0232184776568511e-10,1.7941659446191472e-12,-9.004024573783944e-10,1.1596813907866294e-11,3,c_scan
-0.6080402010050251,8.616901816089575,0.2226388611530116,-9.685749917355655e-11,2.1579902683849134e-12,-8.34611560530514e-10,1.0919500383744824e-11,3,c_scan
-0.5979899497487438,8.14751530484741,0.2503804991534439,-8.790221029198338e-11,2.4209358500331385e-12,-7.161846036838501e-10,9.764002023276407e-12,3,c_scan
-0.5879396984924623,7.523529277368486,0.2342344182874411,-8.172526215515235e-11,2.258753762172825e-12,-6.148624025249034e-10,8.812502611035026e-12,3,c_scan
-0.5778894472361809,7.160119674093552,0.2551613769764347,-7.956733613995594e-11,2.583921673616347e-12,-5.697116489109132e-10,8.360501322798506e-12,3,c_scan
-0.5678391959798995,6.563314935731528,0.2515826403539707,-7.438092714848964e-11,2.6118836051749865e-12,-4.881854500872405e-10,7.503683189677251e-12,3,c_scan
-0.5577889447236181,6.05457714084542,0.2501287747415186,-6.900066558393369e-11,2.6255955727087177e-12,-4.1776985254760436e-10,6.720444054095855e-12,3,c_scan
-0.5477386934673367,5.803275506521739,0.2484932664633988,-6.658739962128889e-11,2.633836275213515e-12,-3.8642502526520077e-10,6.3371805276005445e-12,3,c_scan
-0.5376884422110553,5.322149582386999,0.2755141680118401,-6.208358163811416e-11,3.032660043061349e-12,-3.304181080883784e-10,5.662993288157709e-12,3,c_scan
-0.5276381909547738,4.694430502827925,0.2161630701603151,-6.010662729445484e-11,2.5475941198103823e-12,-2.8216638459319836e-10,5.077793491438773e-12,3,c_scan
-0.5175879396984925,4.411588229583712,0.2119699266505625,-5.911938245960328e-11,2.6243661839216808e-12,-2.608103717990436e-10,4.7956146358442876e-12,3,c_scan
-0.507537688442211,3.921618252072394,0.2649444255347256,-5.6815348540734616e-11,3.686258209139445e-12,-2.2280810783519954e-10,4.196586907784082e-12,3,c_scan
-0.4974874371859297,3.513310918939144,0.198581920037903,-5.435449519608218e-11,2.893752907893005e-12,-1.9096424146582078e-10,3.625700399197157e-12,3,c_scan
-0.4874371859296482,3.344863801720711,0.1666903124012826,-5.293532506951331e-11,2.439243820784028e-12,-1.7706145265733388e-10,3.360249235557553e-12,3,c_scan
-0.4773869346733668,2.846668437810981,0.149019983518344,-5.3642424768881884e-11,2.610558743836444e-12,-1.5270219751722603e-10,2.945351636840063e-12,3,c_scan
-0.4673366834170854,2.4697883866014245,0.1329589478039341,-5.3435788760616016e-11,2.680404304480863e-12,-1.3197509050985636e-10,2.579319176099667e-12,3,c_scan
-0.457286432160804,2.3430508173140536,0.1238141356423956,-5.259632064293568e-11,2.5831454605969278e-12,-1.2323585207014248e-10,2.403391087424393e-12,3,c_scan
-0.4472361809045225,2.1243144329375787,0.1119626158287007,-5.100922467633038e-11,2.496544339513061e-12,-1.0835963219288431e-10,2.119063960613072e-12,3,c_scan
-0.4371859296482412,1.9714428606874244,0.093254775254078,-4.8490741044348965e-11,2.092013791951219e-12,-9.559672524132444e-11,1.854370502406159e-12,3,c_scan
-0.4271356783919597,1.9084158604762704,0.1053554977816033,-4.7218477589829006e-11,2.4443371666225026e-12,-9.011249153997302e-11,1.7284188105890885e-12,3,c_scan
-0.4170854271356784,1.675770427018595,0.0938146359325688,-4.8181175028633065e-11,2.5261256236209257e-12,-8.074058825199009e-11,1.5846956450414941e-12,3,c_scan
-0.4070351758793969,1.4962313865111232,0.0930761642204145,-4.906363556013132e-11,2.8951519793970152e-12,-7.341055146141172e-11,1.4455784718725898e-12,3,c_scan
-0.3969849246231155,1.4457302632999358,0.0855034943526293,-4.877981634046304e-11,2.728379262762872e-12,-7.052245672162014e-11,1.355308813343234e-12,3,c_scan
-0.3869346733668342,1.3789731294094654,0.0715611024936744,-4.730316073297022e-11,2.2897488768691105e-12,-6.522978758690287e-11,1.220186092942135e-12,3,c_scan
-0.3768844221105527,1.275125789869266,0.0660102871300855,-4.765794254781232e-11,2.291117437469826e-12,-6.076987163482329e-11,1.1669756633436086e-12,3,c_scan
-0.3668341708542714,1.2233498400734324,0.0664960809156732,-4.8128667293854445e-11,2.4417046466369367e-12,-5.887819743688428e-11,1.148839571901218e-12,3,c_scan
-0.3567839195979899,1.1685680893629806,0.0657315827550845,-4.8060985752369086e-11,2.543072172072899e-12,-5.6162534293547386e-11,1.0717988630216225e-12,3,c_scan
-0.3467336683417085,1.1309361659998107,0.0721305736205864,-4.814014100232023e-11,2.948341496053625e-12,-5.444342649585432e-11,9.69156745757876e-13,3,c_scan
-0.3366834170854271,1.0882039072851355,0.0627870639571757,-4.852777924834992e-11,2.642741637090097e-12,-5.280811898992491e-11,1.006596216510166e-12,3,c_scan
-0.3266331658291457,1.0577894772664405,0.0556854072954833,-4.913706031191844e-11,2.397434805006484e-12,-5.1976665341753766e-11,1.0274645769605147e-12,3,c_scan
-0.3165829145728643,1.0479422697618783,0.0500921836313595,-4.81108954373834e-11,2.1237927433125963e-12,-5.041744096492796e-11,9.244744822486578e-13,3,c_scan
-0.3065326633165829,1.0543802955065509,0.0581592379535377,-4.6989137213413125e-11,2.4433395228363747e-12,-4.954442038067639e-11,9.11937085842633e-13,3,c_scan
-0.2964824120603014,1.0391534956101556,0.0669415844011704,-4.734577585973952e-11,2.926568695609113e-12,-4.9199528487023247e-11,8.924606927069841e-13,3,c_scan
-0.2864321608040201,1.0070017662951505,0.0558566726565055,-4.86503935237662e-11,2.5388721914880568e-12,-4.8991032209386695e-11,9.209107727388343e-13,3,c_scan
-0.2763819095477386,1.018929489038872,0.0619126699998088,-4.7603980889550825e-11,2.738302068924621e-12,-4.850509992400625e-11,9.495539937165089e-13,3,c_scan
-0.2663316582914573,1.026619023016374,0.0664506192993329,-4.68949913914526e-11,2.8967382301187736e-12,-4.814329024665434e-11,9.310996784880685e-13,3,c_scan
-0.2562814070351759,1.0052781392703023,0.0632007785479972,-4.7458161949627876e-11,2.856104106660541e-12,-4.770865273791057e-11,8.67575987979857e-13,3,c_scan
-0.2462311557788944,0.9938108027250172,0.0635596478680907,-4.763867927087684e-11,2.9204295505315133e-12,-4.734383408694976e-11,8.628459219245143e-13,3,c_scan
-0.2361809045226131,0.9783306865049508,0.063991680216384,-4.821416969224746e-11,3.027152488239131e-12,-4.716940173428266e-11,8.650413173277679e-13,3,c_scan
-0.2261306532663316,0.9840765208803324,0.0476903518730098,-4.7627097638753036e-11,2.105054303215685e-12,-4.686870854397198e-11,9.315521502748789e-13,3,c_scan
-0.2160804020100502,1.0114798973906975,0.0616096667527903,-4.622600205263641e-11,2.6567258312445296e-12,-4.6756671812982845e-11,9.43264582145913e-13,3,c_scan
-0.2060301507537688,1.0187860241158329,0.0608902573139273,-4.574670453122439e-11,2.5759163290604205e-12,-4.6606103225767846e-11,9.339055054293997e-13,3,c_scan
-0.1959798994974874,1.0162460131276103,0.0498259931055583,-4.5794454293625527e-11,2.067048796784276e-12,-4.653843159925154e-11,8.909294321432737e-13,3,c_scan
-0.185929648241206,1.035225292972945,0.0526844602235398,-4.515823921678961e-11,2.1004026354623376e-12,-4.674895142334336e-11,9.65568982222365e-13,3,c_scan
-0.1758793969849246,1.0493674618270994,0.0572569131947501,-4.4467052260909535e-11,2.238600579351435e-12,-4.666227776596362e-11,9.81840905231583e-13,3,c_scan
-0.1658291457286431,1.0397246689432604,0.0661289103496597,-4.4555972323170367e-11,2.697258941268535e-12,-4.6325943573153376e-11,9.037696504662848e-13,3,c_scan
-0.1557788944723618,1.0159872385413682,0.0528101995381132,-4.546140710989739e-11,2.193581402032579e-12,-4.6188209469789575e-11,8.927941518032e-13,3,c_scan
-0.1457286432160803,1.0023098480081674,0.048700295853129,-4.6205815240317936e-11,2.0526853419214475e-12,-4.631254365061653e-11,9.113513151804736e-13,3,c_scan
-0.135678391959799,0.9733932544096112,0.045080427013368,-4.7583397548976645e-11,1.961026565625872e-12,-4.6317358196064696e-11,9.786006606255769e-13,3,c_scan
-0.1256281407035175,0.9695583057043572,0.0510226226513767,-4.763874773030397e-11,2.32272754695823e-12,-4.6188543535270814e-11,9.145955508161973e-13,3,c_scan
-0.1155778894472361,0.9693022141110672,0.0564083752928073,-4.7525562272269833e-11,2.612409788446877e-12,-4.606663273738455e-11,8.80222153175274e-13,3,c_scan
-0.1055276381909547,0.9559130482711814,0.0515546045459322,-4.798153782675252e-11,2.416207139406814e-12,-4.5866178084710005e-11,8.856633029604044e-13,3,c_scan
-0.0954773869346733,0.98461680238837,0.0499226613567821,-4.6748276847894857e-11,2.202379352523317e-12,-4.6029138867140514e-11,8.626841410091217e-13,3,c_scan
-0.085427135678392,1.0071843578409587,0.0492223406184242,-4.5701987240971456e-11,2.060020775278568e-12,-4.6030326671353526e-11,8.692719790907855e-13,3,c_scan
-0.0753768844221105,1.0027008616949362,0.0478701126604851,-4.5992988924937386e-11,2.0003480441021838e-12,-4.6117209626960365e-11,9.079653210477038e-13,3,c_scan
-0.0653266331658291,0.9987263887275062,0.0708069413127658,-4.587282640899311e-11,3.122847631746596e-12,-4.581440226017746e-11,9.071360421925512e-13,3,c_scan
-0.0552763819095477,0.98495404303154,0.0713943432002812,-4.6419773016043037e-11,3.244601411282421e-12,-4.5721343108757976e-11,8.776611355316394e-13,3,c_scan
-0.0452261306532663,0.96307112560403,0.0504060064350106,-4.768980103616191e-11,2.331588857996459e-12,-4.592867036372869e-11,8.58078955246796e-13,3,c_scan
-0.0351758793969849,0.9560166974291846,0.0545618558381027,-4.8102579070981205e-11,2.592372801326901e-12,-4.598686878126567e-11,8.637821127883053e-13,3,c_scan
-0.0251256281407035,0.977368372486452,0.0507219253349523,-4.7081652809218105e-11,2.2764012753651786e-12,-4.6016118380117694e-11,8.676321946363294e-13,3,c_scan
-0.015075376884422,1.00281633209328,0.0542687694367653,-4.627768792847711e-11,2.278048875703764e-12,-4.640802126619287e-11,1.0433206642923e-12,3,c_scan
-0.0050251256281407,0.9896679909247624,0.1014018950147448,-4.6650444216648897e-11,4.394432769756854e-12,-4.6168451403638624e-11,1.8609239754799986e-12,3,c_scan
0.0050251256281406,0.9927124691998758,0.1122433403924318,-4.462123451878864e-11,4.678159058560211e-12,-4.4296055897893397e-11,1.8753875857337925e-12,3,c_scan
0.015075376884422,1.008067135229423,0.0761685227090554,-4.4446726299632777e-11,3.184122896948108e-12,-4.4805284051197074e-11,1.0762602171493785e-12,3,c_scan
0.0251256281407035,1.001955193811514,0.0828903959081637,-4.566363445130456e-11,3.682517339558903e-12,-4.5752915706795e-11,8.442698677962871e-13,3,c_scan
0.0351758793969849,1.0105225135673528,0.0782700354859883,-4.5142165434189315e-11,3.394734800177432e-12,-4.5617174482430245e-11,8.461865867871772e-13,3,c_scan
0.0452261306532664,0.9995521187307486,0.0687480456224853,-4.5572578038554526e-11,3.004493403998886e-12,-4.5552166934459557e-11,8.927225102779816e-13,3,c_scan
0.0552763819095476,1.0096514712879578,0.0491774686630267,-4.4923313406365625e-11,2.0010158405099975e-12,-4.5356889475867106e-11,8.938135130041846e-13,3,c_scan
0.0653266331658291,1.012039217896949,0.045870124400029,-4.465270226943634e-11,1.8274265344818454e-12,-4.5190285881745676e-11,8.802523890015147e-13,3,c_scan
0.0753768844221105,0.9890847205083694,0.0609800188528558,-4.5511507107061745e-11,2.6658063386028057e-12,-4.501473628690284e-11,8.660358252733133e-13,3,c_scan
0.085427135678392,0.99111800393978,0.0679787339905676,-4.5514773650067855e-11,2.997871094195191e-12,-4.511051160982615e-11,8.630017650101325e-13,3,c_scan
0.0954773869346734,0.9829902334738844,0.0644535021152825,-4.598641378295392e-11,2.8861704037669585e-12,-4.520419562113253e-11,8.580220533773573e-13,3,c_scan
0.1055276381909549,0.9658714872367704,0.0608225511818824,-4.6585729398243496e-11,2.78593350926083e-12,-4.4995827737891184e-11,8.875912379413398e-13,3,c_scan
0.1155778894472361,1.0007873412042048,0.0663606698621087,-4.4773000894181884e-11,2.831455264936266e-12,-4.4808252522621775e-11,8.933426174116116e-13,3,c_scan
0.1256281407035175,1.01190383620184,0.0578609239306713,-4.426719577570975e-11,2.374895516386784e-12,-4.479414522333858e-11,8.861493510824245e-13,3,c_scan
0.135678391959799,1.0174755636399948,0.0560705859223844,-4.38478529750503e-11,2.261997903359564e-12,-4.4614118920192924e-11,8.646160015104204e-13,3,c_scan
0.1457286432160804,1.0058607542432103,0.0528926862250225,-4.42851391652489e-11,2.1577139071792402e-12,-4.454468348252279e-11,8.810157987359846e-13,3,c_scan
0.1557788944723619,1.000571028991594,0.0540813706579111,-4.453003891957384e-11,2.2410337201442058e-12,-4.4555466862793736e-11,8.784515520201188e-13,3,c_scan
0.1658291457286431,0.9958695764073746,0.0485960134994576,-4.4691957995516535e-11,1.991681261662149e-12,-4.450736127781123e-11,8.847846621527436e-13,3,c_scan
0.1758793969849246,0.9906713652557544,0.0529950497855372,-4.488832843241641e-11,2.2331579979069263e-12,-4.446958161219066e-11,8.74406180080915e-13,3,c_scan
0.185929648241206,0.9974761645323882,0.0709418106039536,-4.46667683937432e-11,3.055280065668904e-12,-4.455403681944747e-11,8.678969682986339e-13,3,c_scan
0.1959798994974875,1.0458257790965226,0.0769444344185835,-4.240625221355242e-11,3.0233864491088305e-12,-4.4349551759802105e-11,8.055086120754999e-13,3,c_scan
0.2060301507537689,1.0380298455460626,0.0676906404039582,-4.2715112393946846e-11,2.6655164512729345e-12,-4.433956152077136e-11,8.394133994456787e-13,3,c_scan
0.2160804020100502,1.0009205274535866,0.0594315815359341,-4.4172247500382826e-11,2.488427891572192e-12,-4.421290926689355e-11,8.295392662740767e-13,3,c_scan
0.2261306532663316,0.9722271845191224,0.0602681220295631,-4.5095545438339297e-11,2.6654919348000018e-12,-4.3843115175870776e-11,8.190739851035552e-13,3,c_scan
0.2361809045226131,0.9941970896113622,0.0558083487117674,-4.415813522749524e-11,2.3202243518422185e-12,-4.3901889525840735e-11,8.672299929898533e-13,3,c_scan
0.2462311557788945,0.9911886270877264,0.0615298842339375,-4.4268442365280475e-11,2.601125199592874e-12,-4.3878376611354496e-11,8.787017598032604e-13,3,c_scan
0.256281407035176,0.9901662400042816,0.0681300417177402,-4.402645063394911e-11,2.889188862624468e-12,-4.359350508495151e-11,9.017189875580785e-13,3,c_scan
0.2663316582914572,0.9540283154359004,0.0627987693404745,-4.4747934694546496e-11,2.803858863722248e-12,-4.269079675587388e-11,8.61006734182035e-13,3,c_scan
0.2763819095477386,0.9426129873338236,0.0686206234447536,-4.47482327931143e-11,3.135387931239397e-12,-4.218026539102683e-11,8.331705086761356e-13,3,c_scan
0.2864321608040201,0.933383131299032,0.0779584153310563,-4.413025527161828e-11,3.564461373339423e-12,-4.119043585044868e-11,8.757005764383671e-13,3,c_scan
0.2964824120603015,0.917664500992186,0.0706655640177054,-4.43825507533167e-11,3.2906503597281813e-12,-4.0728291289802734e-11,8.472448030442337e-13,3,c_scan
0.306532663316583,0.8995371556310405,0.0665932701748419,-4.4797751942190406e-11,3.1876812885175504e-12,-4.029724236074288e-11,8.230763995145219e-13,3,c_scan
0.3165829145728642,0.8910593466250154,0.0582999958372968,-4.414621207178795e-11,2.7376100840451906e-12,-3.933689488465674e-11,8.206791300957774e-13,3,c_scan
0.3266331658291457,0.8713921253964305,0.0414940525695479,-4.405690239705069e-11,1.8535563660637287e-12,-3.839083781814909e-11,8.562470981044061e-13,3,c_scan
0.3366834170854271,0.8358552908615411,0.0465261069198349,-4.378497419889486e-11,2.233575795308854e-12,-3.6597902344382326e-11,8.151498989629607e-13,3,c_scan
0.3467336683417086,0.8181531724797712,0.0541976576140413,-4.3432401276715556e-11,2.699351394435259e-12,-3.5534356892959294e-11,8.1462290279184e-13,3,c_scan
0.35678391959799,0.7821967455723318,0.0488026197906798,-4.267438693292417e-11,2.458777211528885e-12,-3.337976657822773e-11,7.990199141908242e-13,3,c_scan
0.3668341708542713,0.7388934176173187,0.0415511417706527,-4.083335731290042e-11,2.0571202320335056e-12,-3.017149893771813e-11,7.538703302856815e-13,3,c_scan
0.3768844221105527,0.69055669854693,0.0404034731629712,-4.0847040249512935e-11,2.135258254364629e-12,-2.8207197260117225e-11,7.412797327835861e-13,3,c_scan
0.3869346733668342,0.5524228213282087,0.0329520824632195,-4.2353337684060306e-11,2.1421938079284805e-12,-2.3396950296094937e-11,7.398358752943527e-13,3,c_scan
0.3969849246231156,0.4117651584428542,0.0303861079053529,-4.1850108086041816e-11,2.5635089095800856e-12,-1.7232416386899583e-11,7.091610283961117e-13,3,c_scan
0.4070351758793971,0.3325206782533041,0.0267479670600505,-4.182019493730653e-11,2.5840678648592818e-12,-1.3906079585238564e-11,7.162099650072789e-13,3,c_scan
0.4170854271356783,0.1433949642033274,0.0184103796941875,-4.2469758497581876e-11,2.290660287903108e-12,-6.089949499484714e-12,7.09542951732011e-13,3,c_scan
0.4271356783919597,0.104586772482136,0.0169559840201546,-4.129706960894259e-11,2.268138598062512e-12,4.319127223369414e-12,6.588273234005836e-13,3,c_scan
0.4371859296482412,0.2611463140387633,0.0222073844565435,-4.0272952118989955e-11,2.3035125001939435e-12,1.0517133001333833e-11,6.618212349632142e-13,3,c_scan
0.4472361809045226,0.6358434896624288,0.0429983171403773,-3.886228507324889e-11,2.375568089154172e-12,2.471033095723069e-11,7.146365733467763e-13,3,c_scan
0.4572864321608041,1.0933642125228853,0.0599584562996901,-3.891905291524968e-11,2.0167946581820944e-12,4.2552699642818473e-11,7.6349091362355e-13,3,c_scan
0.4673366834170853,1.385127456273341,0.0839439660919728,-3.84709763794854e-11,2.261598982094584e-12,5.3287205652868415e-11,7.847704773073422e-13,3,c_scan
0.4773869346733668,2.04277369289903,0.1587815508570035,-3.8557909836191565e-11,2.9715355328858984e-12,7.876508386654489e-11,7.970886818191917e-13,3,c_scan
0.4874371859296482,3.0411453883832182,0.2461573845230345,-3.632834850226471e-11,2.9277422306976417e-12,1.1047978951524071e-10,8.321406275884233e-13,3,c_scan
0.4974874371859297,3.6851874700732026,0.3244301280860071,-3.4913005554183974e-11,3.063214110216169e-12,1.286609706108749e-10,9.30834558907884e-13,3,c_scan
0.5075376884422111,5.311795133793244,0.4845549793291621,-3.2162854443488654e-11,2.924878774448545e-12,1.7084249372182346e-10,1.2262115243607248e-12,3,c_scan
0.5175879396984926,7.236879981811555,0.7158349036622939,-3.091967132360532e-11,3.0525808698611946e-12,2.2376195044599207e-10,1.366417268970206e-12,3,c_scan
0.5276381909547738,8.517896019660073,0.7695923984211267,-2.9862979924595264e-11,2.692602837806202e-12,2.543697578348987e-10,1.4692344635687886e-12,3,c_scan
0.5376884422110553,11.861971442897884,0.895597584920961,-2.746836975900008e-11,2.0686907401079435e-12,3.258290176642188e-10,1.7434223476529485e-12,3,c_scan
0.5477386934673367,16.407516564268725,1.6480770119046362,-2.532450570714497e-11,2.540500489871432e-12,4.15512246871899e-10,2.111228298877137e-12,3,c_scan
0.5577889447236182,19.966486324568365,2.352176174865588,-2.34301346914592e-11,2.7576834756586805e-12,4.678174638998151e-10,2.3600465628049512e-12,3,c_scan
0.5678391959798996,33.4551425514758,4.989816741677138,-1.7569262455147916e-11,2.619203171292378e-12,5.877821799612651e-10,2.699902885128632e-12,3,c_scan
0.5778894472361809,58.22839930471104,10.438137695336652,-1.2558578408244304e-11,2.250621792102601e-12,7.312659182547718e-10,3.158897150321728e-12,3,c_scan
0.5879396984924623,83.09389859959418,17.39130188114443,-9.771027548825215e-12,2.0446306236843275e-12,8.119127723559237e-10,3.427018144077514e-12,3,c_scan
0.5979899497487438,373.3359087735644,276.3188011607928,-2.654403764416056e-12,1.9645860537514773e-12,9.909842416402387e-10,4.043581798078789e-12,3,c_scan
0.6080402010050252,204.1149722972768,85.81934206908068,5.8656818548411456e-12,2.466101473456372e-12,1.1972734893055395e-09,4.567676186258236e-12,3,c_scan
0.6180904522613067,125.39546693458432,31.213151263479844,1.0451614240400284e-11,2.601313526459091e-12,1.3105850478951442e-09,4.771186964497874e-12,3,c_scan
0.6281407035175879,68.84029690478027,7.311102016132813,2.267871807317744e-11,2.407418710698145e-12,1.561209685577341e-09,5.1178157965601824e-12,3,c_scan
0.6381909547738693,46.83995654725098,3.313483824553013,3.9387818055889686e-11,2.783462288422416e-12,1.8449236862289003e-09,5.904785681717622e-12,3,c_scan
0.6482412060301508,41.40417294263704,2.3659485177997337,4.8264125836887286e-11,2.753553028268981e-12,1.998336213075677e-09,6.441914743534603e-12,3,c_scan
0.6582914572864322,33.92638208550832,1.0864471067930832,6.877968064540689e-11,2.191577324433659e-12,2.333445725295316e-09,7.458896332795758e-12,3,c_scan
0.6683417085427137,28.394806048177635,0.8864884739462109,9.562930821953124e-11,2.9712607343579165e-12,2.715375659414988e-09,8.285905292174635e-12,3,c_scan
0.6783919597989949,26.642153180310228,0.8801808159741479,1.0977651475710942e-10,3.611585583974229e-12,2.9246827217594955e-09,8.813106225007166e-12,3,c_scan
0.6884422110552764,24.074394455733067,0.7289808776445011,1.4055165675639512e-10,4.232523237132638e-12,3.383696026160256e-09,1.0736086431231287e-11,3,c_scan
0.6984924623115578,21.453380998437314,0.4293081119798026,1.8199187701307656e-10,3.59571245840964e-12,3.904341076182277e-09,1.2400812295951e-11,3,c_scan
0.7085427135678393,20.19854333159052,0.3049721103537788,2.0725691517986923e-10,3.0612577149053864e-12,4.186287782032369e-09,1.3110481800941387e-11,3,c_scan
0.7185929648241207,18.40716224103606,0.2338297028155466,2.60796184997286e-10,3.210853906733387e-12,4.800517689088299e-09,1.5022025893650885e-11,3,c_scan
0.728643216080402,17.153269613197693,0.250250546018498,3.2031447842681327e-10,4.5668244837832985e-12,5.494440609465925e-09,1.6997661212670303e-11,3,c_scan
0.7386934673366834,16.562181761483295,0.2170436492291926,3.5430643251541003e-10,4.516167762100634e-12,5.8680875345829356e-09,1.7858452910251342e-11,3,c_scan
0.7487437185929648,15.399620862002076,0.1523676418474182,4.33578044175143e-10,4.0927260277386066e-12,6.676937494385589e-09,1.9799598539851697e-11,3,c_scan
0.7587939698492463,14.438876079135536,0.1629667501941814,5.255294295268083e-10,5.7317115060054186e-12,7.58805430887638e-09,2.2039379101822504e-11,3,c_scan
0.7688442211055277,14.03965324841514,0.1701825968525893,5.755709246831213e-10,6.783356035201296e-12,8.080816202420688e-09,2.2907100743677048e-11,3,c_scan
0.778894472361809,13.330841030869998,0.1500608079023251,6.861151141128283e-10,7.512250713790643e-12,9.146491515115342e-09,2.3908332327060333e-11,3,c_scan
0.7889447236180904,12.75750703375125,0.1273861326842915,8.093433488761331e-10,7.85600580627426e-12,1.0325203466007064e-08,2.4181992644313268e-11,3,c_scan
0.7989949748743719,12.521165369937584,0.1244249701906874,8.74975299193565e-10,8.479160663933484e-12,1.0955710415813244e-08,2.409480198310578e-11,3,c_scan
0.8090452261306533,12.017571281095067,0.0917965308895155,1.0241299278395802e-09,7.55048057808343e-12,1.2307554408914905e-08,2.459089098240245e-11,3,c_scan
0.8190954773869348,11.48294906462487,0.0696730617771234,1.201384173047764e-09,6.947111225702858e-12,1.3795433266153944e-08,2.534946495350333e-11,3,c_scan
0.829145728643216,11.218952899899184,0.0659592371607503,1.300022131355103e-09,7.306071854462603e-12,1.4584887060499452e-08,2.5185245413485607e-11,3,c_scan
0.8391959798994975,10.685449507119843,0.0447949576193267,1.5212616592160951e-09,5.9615627624648705e-12,1.6255364646670942e-08,2.4202867744384074e-11,3,c_scan
0.8492462311557789,10.174134058291498,0.037960998154573,1.7751832245241131e-09,6.185586199058732e-12,1.8060952104338504e-08,2.4094509505637704e-11,3,c_scan
0.8592964824120604,9.948326147101731,0.0387601264389173,1.9116070253701543e-09,7.0282616817772446e-12,1.9017290153473272e-08,2.451962656991048e-11,3,c_scan
0.8693467336683418,9.496421358837496,0.0293093086421295,2.218154216381505e-09,6.342211077221953e-12,2.1064527077640772e-08,2.4478248209591776e-11,3,c_scan
0.879396984924623,9.07338038242548,0.0347627677207706,2.568605864752716e-09,9.445507072493407e-12,2.330593806343033e-08,2.506162785523298e-11,3,c_scan
0.8894472361809045,8.885207715514554,0.039916070959203,2.755875230745152e-09,1.2042627762374728e-11,2.4486523863212275e-08,2.552546142869409e-11,3,c_scan
0.8994974874371859,8.534249738765354,0.0445534820010503,3.162592608629448e-09,1.6250744875694948e-11,2.6990355144017117e-08,2.4894656463814565e-11,3,c_scan
0.9095477386934674,8.195629106660284,0.0442077295573267,3.624628058543637e-09,1.9315008662934565e-11,2.9706107217417792e-08,2.484550043716996e-11,3,c_scan
0.9195979899497488,8.046945466546887,0.0438513674548714,3.869265348210602e-09,2.085458675293012e-11,3.113576725265027e-08,2.503330936167135e-11,3,c_scan
0.92964824120603,7.766574486134877,0.0390560740081383,4.39893931284648e-09,2.1863481014311894e-11,3.416468983320916e-08,2.614464210100785e-11,3,c_scan
0.9396984924623116,7.492003571434214,0.0390764182941538,4.996807493207168e-09,2.5825153988906e-11,3.743609958487734e-08,2.626952480319904e-11,3,c_scan
0.949748743718593,7.378287463564086,0.0365665641000607,5.306348542195001e-09,2.6056584380326573e-11,3.915176492617896e-08,2.6236448443038708e-11,3,c_scan
0.9597989949748744,7.155615074991674,0.0327047610517639,5.974925279273966e-09,2.707388635014469e-11,4.275426540032164e-08,2.5554853163070048e-11,3,c_scan
0.969849246231156,6.957901372925162,0.0293717942789384,6.702301855667175e-09,2.800806678948379e-11,4.66339552833055e-08,2.785915998314736e-11,3,c_scan
0.9798994974874372,6.866742110822458,0.0303521214326749,7.085872990922955e-09,3.10443881592082e-11,4.8656862458710136e-08,2.850582749393455e-11,3,c_scan
0.9899497487437184,6.691696073494486,0.0345645118241037,7.905263754268683e-09,4.059794022362023e-11,5.2899622424378034e-08,2.927242579087642e-11,3,c_scan
1.0,6.516272233590631,0.0324066387178993,8.811927749239613e-09,4.359135872563207e-11,5.742092011677688e-08,2.9345320114274776e-11,3,c_scan
-0.7487437185929648,2.4320245114775885,0.0033071272599459,-2.825470043163475e-07,2.989252445722892e-11,-6.871612401419211e-07,9.31586541994187e-10,40,c_scan
-0.7386934673366834,2.4329856021567657,0.0035755910096719,-2.742289752490352e-07,3.610867210410978e-11,-6.671951484751065e-07,9.765871284932974e-10,40,c_scan
-0.728643216080402,2.4707185786373778,0.00280748657793,-2.621143923733765e-07,4.0795322218014596e-11,-6.476108989651487e-07,7.289471005782763e-10,40,c_scan
-0.7185929648241206,2.4639621582721967,0.0028824307397103,-2.542857532493227e-07,3.9562781535032265e-11,-6.265504733940724e-07,7.264498256183944e-10,40,c_scan
-0.7085427135678393,2.4987317839014125,0.0009904745874409,-2.429119266391533e-07,5.091421729533938e-11,-6.069717517819806e-07,2.0421132459686008e-10,40,c_scan
-0.6984924623115578,2.4906861424418945,0.0010217165858781,-2.355554833200593e-07,4.856254703734307e-11,-5.866947780814746e-07,2.0806878199254924e-10,40,c_scan
-0.6884422110552764,2.520965436065359,0.0011044573599846,-2.2483053934904322e-07,4.734664687517103e-11,-5.667900186708704e-07,2.1774773401618407e-10,40,c_scan
-0.6783919597989949,2.511428563598276,0.0011305491505141,-2.1792284155294905e-07,4.3176559368270176e-11,-5.472976489365774e-07,2.2122677296831517e-10,40,c_scan
-0.6683417085427136,2.5423238843237232,0.0021944976428069,-2.078850526577717e-07,4.6494802401664526e-11,-5.285111345657475e-07,4.406234524732629e-10,40,c_scan
-0.6582914572864322,2.538663721050735,0.0041460115448254,-2.014429260033789e-07,4.8089621306087154e-11,-5.113958481070857e-07,8.262137295474112e-10,40,c_scan
-0.6482412060301508,2.576417580136966,0.004731044079074,-1.9208585601697345e-07,4.098981098813533e-11,-4.948933763377885e-07,9.026095592660579e-10,40,c_scan
-0.6381909547738693,2.570849130732069,0.0036997341258223,-1.8607139332562297e-07,4.544374244961172e-11,-4.783614797852827e-07,6.784288910266443e-10,40,c_scan
-0.6281407035175879,2.598977314292962,0.003299213773418,-1.773836871254297e-07,4.2581180177948295e-11,-4.610161787646325e-07,5.746677253027463e-10,40,c_scan
-0.6180904522613065,2.585833020766364,0.00157789241129,-1.7181690093148313e-07,4.385125300231032e-11,-4.4428981595437217e-07,2.462561971386045e-10,40,c_scan
-0.6080402010050251,2.6097082963456923,0.0016694372581137,-1.6377588179263542e-07,4.5315825817165916e-11,-4.274072774555721e-07,2.46514278831961e-10,40,c_scan
-0.5979899497487438,2.5903063349830444,0.0017237163914488,-1.5861901014242272e-07,4.35006732744166e-11,-4.108718268206573e-07,2.4911547523683284e-10,40,c_scan
-0.5879396984924623,2.6106521176095816,0.0018283273015339,-1.5119220798178104e-07,4.1305709955832674e-11,-3.94710257933705e-07,2.5452809657935667e-10,40,c_scan
-0.5778894472361809,2.587242410851477,0.0019187260309874,-1.4644433070684382e-07,4.588397731759074e-11,-3.788869832335057e-07,2.5467758285754616e-10,40,c_scan
-0.5678391959798995,2.6124934977736105,0.0050686514048933,-1.3961271066603312e-07,4.737456081090435e-11,-3.6473729882155993e-07,6.967409596311071e-10,40,c_scan
-0.5577889447236181,2.597947380832532,0.0059645715787546,-1.3526692563528708e-07,4.2924912078954393e-11,-3.5141635516746293e-07,7.990652139980871e-10,40,c_scan
-0.5477386934673367,2.619603719367026,0.0048092447041658,-1.2897653399250964e-07,3.5704820960275156e-11,-3.378674081578459e-07,6.131872448860687e-10,40,c_scan
-0.5376884422110553,2.591834195044373,0.0033980056624597,-1.2495726240527866e-07,3.2748924060706645e-11,-3.23868505621134e-07,4.1603514372685884e-10,40,c_scan
-0.5276381909547738,2.601316335776278,0.0022625481599069,-1.1915632838841881e-07,2.638014370338676e-11,-3.099633035479165e-07,2.6071704165829e-10,40,c_scan
-0.5175879396984925,2.565508764842051,0.0023115963057135,-1.1542900828500281e-07,2.574589038268209e-11,-2.961341324722004e-07,2.58520693618618e-10,40,c_scan
-0.507537688442211,2.568564247635444,0.0024367990772553,-1.100577277430459e-07,2.6037600329759718e-11,-2.826903446567833e-07,2.5971575765553687e-10,40,c_scan
-0.4974874371859297,2.528182643164641,0.0025016933972135,-1.06617539891931e-07,2.559311412046121e-11,-2.695486138116936e-07,2.5875719684839227e-10,40,c_scan
-0.4874371859296482,2.5266206452562976,0.0026232571366102,-1.0161778814434781e-07,2.8897930921425503e-11,-2.567496014507898e-07,2.5637528182115807e-10,40,c_scan
-0.4773869346733668,2.4905056353131805,0.0058209349946814,-9.840963511370101e-08,3.310671549705933e-11,-2.450897508197862e-07,5.66871040251943e-10,40,c_scan
-0.4673366834170854,2.501446136752141,0.0073219533088536,-9.374743702878897e-08,3.3383618641184463e-11,-2.3450416418607882e-07,6.81315782886379e-10,40,c_scan
-0.457286432160804,2.4636554171274243,0.0058720468353368,-9.075471560422786e-08,3.4545610113921846e-11,-2.235883467282148e-07,5.26075989203453e-10,40,c_scan
-0.4472361809045225,2.461176193806184,0.0029289336672445,-8.636180014937969e-08,2.5287774079960143e-11,-2.1255160658190066e-07,2.4517168547197525e-10,40,c_scan
-0.4371859296482412,2.40956629483745,0.0029638799659705,-8.352038589129247e-08,2.199543366339516e-11,-2.012479067754756e-07,2.4180423265937937e-10,40,c_scan
-0.4271356783919597,2.396857017801206,0.0030943498899,-7.938817360812119e-08,2.0732834746227102e-11,-1.9028210104304574e-07,2.4057600901177427e-10,40,c_scan
-0.4170854271356784,2.342085446748793,0.0031395952099221,-7.669551957401349e-08,2.064967255021598e-11,-1.796274602251342e-07,2.3588600072519665e-10,40,c_scan
-0.4070351758793969,2.327159790467184,0.0032587070098773,-7.276015521361618e-08,2.2953462841709188e-11,-1.693245075612788e-07,2.3100868125270357e-10,40,c_scan
-0.3969849246231155,2.2701389020032567,0.0032856416259807,-7.018899456828994e-08,2.1170363904870365e-11,-1.593387670619703e-07,2.2555255170488327e-10,40,c_scan
-0.3869346733668342,2.25800328265417,0.0056479839493668,-6.643629487873082e-08,2.4050083441074758e-11,-1.5001337192355457e-07,3.712806856891705e-10,40,c_scan
-0.3768844221105527,2.2177180963921743,0.0085769573196637,-6.398970695851656e-08,1.985047496928102e-11,-1.419111311047344e-07,5.47068582033869e-10,40,c_scan
-0.3668341708542714,2.2176094686422827,0.0069687242226184,-6.037781576245274e-08,1.0509492568041588e-11,-1.3389441593075444e-07,4.2011038597443176e-10,40,c_scan
-0.3567839195979899,2.16399900153169,0.0035743181470326,-5.803472547639927e-08,1.270294251631678e-11,-1.2558708798509378e-07,2.0560507824520326e-10,40,c_scan
-0.3467336683417085,2.1462863293724608,0.003729929415615,-5.4580601638939775e-08,2.2251693489316503e-11,-1.1714559914658054e-07,1.9790065944647183e-10,40,c_scan
-0.3366834170854271,2.1280630931480733,0.0037300376830873,-5.123616192875975e-08,1.6829882645348915e-11,-1.0903378523515205e-07,1.8772690269668947e-10,40,c_scan
-0.3266331658291457,2.064154277404016,0.00371863983454,-4.90466060031174e-08,1.793682459821236e-11,-1.0123976157348428e-07,1.7858916699205378e-10,40,c_scan
-0.3165829145728643,2.045659919303499,0.0037656616633241,-4.583416279762005e-08,1.5259912277748937e-11,-9.376110976992289e-08,1.697494810310811e-10,40,c_scan
-0.3065326633165829,1.9799955290334617,0.003649684183956,-4.3753016415145935e-08,1.0628033692855889e-11,-8.66307768837166e-08,1.5829205187785143e-10,40,c_scan
-0.2964824120603014,1.9618866328438471,0.0035918086406536,-4.0677550092859e-08,6.711559389055962e-12,-7.980474178401607e-08,1.4551143568273242e-10,40,c_scan
-0.2864321608040201,1.919908372282584,0.009377419353539,-3.867888976615188e-08,9.69883336510102e-12,-7.425992429263013e-08,3.6222987086494657e-10,40,c_scan
-0.2763819095477386,1.9245920734835047,0.0075363703018912,-3.5767808974332945e-08,9.75651808997246e-12,-6.883844163787335e-08,2.6890465080585285e-10,40,c_scan
-0.2663316582914573,1.864642534833985,0.003415871044388,-3.387320359729623e-08,1.0414193592296104e-11,-6.31614162186101e-08,1.1406535529620079e-10,40,c_scan
-0.2562814070351759,1.8493118452800568,0.0033706839922727,-3.110424057110356e-08,7.632148386976156e-12,-5.752144052658237e-08,1.0388817221372568e-10,40,c_scan
-0.2462311557788944,1.780886619414081,0.0032327837236529,-2.9306170883814052e-08,8.631487930265887e-12,-5.2190967593246994e-08,9.348516168878492e-11,40,c_scan
-0.2361809045226131,1.768286926895982,0.0031876084613657,-2.6681632534197345e-08,8.465536167878025e-12,-4.718078199846368e-08,8.37228661631841e-11,40,c_scan
-0.2261306532663316,1.6998394999226891,0.0030046094601138,-2.4990730800052687e-08,8.992964947431847e-12,-4.248023134586411e-08,7.351486593784118e-11,40,c_scan
-0.2160804020100502,1.6905643318593115,0.0029108159684396,-2.2520379671151705e-08,7.0167619874045495e-12,-3.807215061197861e-08,6.447045904437753e-11,40,c_scan
-0.2060301507537688,1.6226534894919131,0.0027462355572578,-2.0935548294944186e-08,8.810150029472979e-12,-3.397114049521765e-08,5.568827047400962e-11,40,c_scan
-0.1959798994974874,1.645423107255641,0.0098316377046188,-1.8630739422869413e-08,9.83635816167932e-12,-3.065544915164794e-08,1.8245422655859008e-10,40,c_scan
-0.185929648241206,1.6088313300426715,0.0072836486516131,-1.7154341909111762e-08,1.1164579276530799e-11,-2.7598442709643017e-08,1.2364838040322178e-10,40,c_scan
-0.1758793969849246,1.625825684515889,0.0023117298224319,-1.501133253531938e-08,8.774878302519377e-12,-2.4405809994731266e-08,3.1633970074751526e-11,40,c_scan
-0.1658291457286431,1.5623233293501022,0.0023778637610865,-1.3635531157479242e-08,1.266000165980209e-11,-2.130310843541002e-08,2.569182149323154e-11,40,c_scan
-0.1557788944723618,1.5825395329641387,0.002704599582759,-1.1669048901155036e-08,1.5738484494860846e-11,-1.8466731198169588e-08,1.938279722074828e-11,40,c_scan
-0.1457286432160803,1.5234105083977831,0.0026268544130476,-1.0424481194830918e-08,1.5069426930363908e-11,-1.5880764196800498e-08,1.4927857000627847e-11,40,c_scan
-0.135678391959799,1.5603070937625292,0.0026997220551788,-8.681515824576184e-09,1.3159550298991224e-11,-1.3545830725697873e-08,1.1301469806507394e-11,40,c_scan
-0.1256281407035175,1.5058332544709203,0.002137143526797,-7.605598412244649e-09,9.386529832461127e-12,-1.1452763009309224e-08,8.025917408959291e-12,40,c_scan
-0.1155778894472361,1.556152061234643,0.0020571445508901,-6.159255577923473e-09,7.217732447365986e-12,-9.584738263256585e-09,5.863932449827572e-12,40,c_scan
-0.1055276381909547,1.514180501715418,0.0103900522228972,-5.328802816255854e-09,6.197390233615534e-12,-8.068769321860822e-09,5.4565509767447714e-11,40,c_scan
-0.0954773869346733,1.6149312045397468,0.0095806010665703,-4.262715794828245e-09,5.262261805072823e-12,-6.883992753152583e-09,3.9945408626851615e-11,40,c_scan
-0.085427135678392,1.5386937505786848,0.0026594179241143,-3.663414410013657e-09,6.023008774713556e-12,-5.636872858467913e-09,3.004912742814193e-12,40,c_scan
-0.0753768844221105,1.5504987039401363,0.002626033300933,-2.90523424052444e-09,4.646798504492808e-12,-4.504561924575651e-09,2.509062570321978e-12,40,c_scan
-0.0653266331658291,1.4298855675723372,0.0026453343795736,-2.476238204939457e-09,4.2661677093989694e-12,-3.540737271114161e-09,2.3868717546884626e-12,40,c_scan
-0.0552763819095477,1.4241009645916471,0.0033359698840886,-1.9133948132562915e-09,4.24044606506672e-12,-2.7248673992029394e-09,2.0677650969850266e-12,40,c_scan
-0.0452261306532663,1.2884089736064774,0.0034562890254574,-1.581584010163852e-09,3.961230113594025e-12,-2.037727031207625e-09,1.9580754608421975e-12,40,c_scan
-0.0351758793969849,1.2891767813634238,0.0057449667938836,-1.1340734823414067e-09,4.837921594860776e-12,-1.4620212017945043e-09,1.883785261994485e-12,40,c_scan
-0.0251256281407035,1.1260290367728645,0.006928614094346,-8.622878766511472e-10,5.0677803138359825e-12,-9.709611871664101e-10,1.7692927785042992e-12,40,c_scan
-0.015075376884422,1.1513117356484055,0.0184371214474965,-4.792395538179133e-10,4.709693048301378e-12,-5.51754122497469e-10,6.976368444601613e-12,40,c_scan
-0.0050251256281407,1.1985002367434516,0.0392871630002938,-2.344508629354353e-10,5.869284195490455e-12,-2.809894147328257e-10,5.946337649015959e-12,40,c_scan
0.0050251256281406,0.6862720566520085,0.0341656174982776,1.343626961056672e-10,5.242377404540189e-12,9.220936379374504e-11,2.8513227261905738e-12,40,c_scan
0.015075376884422,1.2761643962633915,0.0106461228868726,3.7612414272191336e-10,2.7819148179797417e-12,4.79996239516796e-10,1.8521194149984296e-12,40,c_scan
0.0251256281407035,1.202767601837989,0.0047775383817878,7.585689542633554e-10,2.588307615783964e-12,9.123821619480875e-10,1.8553842516997303e-12,40,c_scan
0.0351758793969849,1.369306540122329,0.003267657823794,1.0297891520313924e-09,1.92813774013564e-12,1.4100970208236127e-09,2.086264137902668e-12,40,c_scan
0.0452261306532664,1.3593725462497026,0.0026193193014064,1.4647530304449715e-09,1.822934324218144e-12,1.991145056622949e-09,2.929029201981246e-12,40,c_scan
0.0552763819095476,1.5059120470615204,0.0029927706268678,1.7805323318034807e-09,2.489656479421704e-12,2.681325088645402e-09,3.7866582086145026e-12,40,c_scan
0.0653266331658291,1.5214027560399457,0.0030690639770325,2.298456949032928e-09,3.5677771549092922e-12,3.496878736897861e-09,4.505221612648649e-12,40,c_scan
0.0753768844221105,1.663636008425155,0.0030960160369883,2.682925430132495e-09,3.437595734340072e-12,4.4634113534879655e-09,6.0241216858182034e-12,40,c_scan
0.085427135678392,1.5666352972562332,0.0029070785790108,3.321144800672044e-09,4.138183164703483e-12,5.203022672031843e-09,7.154447811543373e-12,40,c_scan
0.0954773869346734,1.7067261948660275,0.0033069047910343,3.790887856893293e-09,5.048638387626715e-12,6.4700076071593195e-09,9.105349569108743e-12,40,c_scan
0.1055276381909549,1.7405381911017672,0.003130309216661,4.5760359721808165e-09,4.714178944852544e-12,7.964765373436215e-09,1.1741516345277368e-11,40,c_scan
0.1155778894472361,1.8849864912787624,0.0037542842820688,5.1511993884973314e-09,6.339414336324001e-12,9.709941261200892e-09,1.520539148339891e-11,40,c_scan
0.1256281407035175,1.9239556582736377,0.0042967743438578,6.105104679245642e-09,9.10625146543962e-12,1.1745950691987516e-08,1.952383346590163e-11,40,c_scan
0.135678391959799,2.0714867492698605,0.0043492124964251,6.791467526135161e-09,8.010686471927429e-12,1.4068434988485544e-08,2.443571440905179e-11,40,c_scan
0.1457286432160804,2.111021632558048,0.0040689170292674,7.891133990677324e-09,5.469308331007418e-12,1.6658354559733953e-08,2.996066156594492e-11,40,c_scan
0.1557788944723619,2.247446433795228,0.0044139953656406,8.680756629615561e-09,5.150100463381782e-12,1.9509535529873777e-08,3.6526810353109777e-11,40,c_scan
0.1658291457286431,2.270866361235352,0.0044951666594492,9.933950981007145e-09,4.46534548198977e-12,2.2558675116930052e-08,4.3488209269277116e-11,40,c_scan
0.1758793969849246,2.284771151450056,0.0046215339165608,1.0817605742845909e-08,4.2051318506868646e-12,2.4715753529014776e-08,4.9062043297654196e-11,40,c_scan
0.185929648241206,2.303408413206733,0.0048163773489488,1.2225844193291696e-08,4.318314885028794e-12,2.8161112373382776e-08,5.803807919071434e-11,40,c_scan
0.1959798994974875,2.409414290561673,0.0049884768092309,1.321260931491177e-08,3.859492525615782e-12,3.1834649698956696e-08,6.525150842350454e-11,40,c_scan
0.2060301507537689,2.4232150041443097,0.0046994631369897,1.476586353963089e-08,1.7788511975816142e-12,3.5780862078380985e-08,6.925761879603359e-11,40,c_scan
0.2160804020100502,2.5208606780241256,0.0047103654988648,1.5852532045312884e-08,3.406597743513704e-12,3.9962024680146623e-08,7.417577058008373e-11,40,c_scan
0.2261306532663316,2.529005242974362,0.0046341918132991,1.7563129077555218e-08,4.274762062053791e-12,4.4417245520172616e-08,8.066972542793686e-11,40,c_scan
0.2361809045226131,2.6206279105923542,0.004832589956999,1.87452977150742e-08,6.726098660816698e-12,4.9124450384486514e-08,8.885690627826153e-11,40,c_scan
0.2462311557788945,2.6265480354121817,0.0049090513487822,2.0579705582165412e-08,9.703702631842332e-12,5.405358526619769e-08,9.775899556503034e-11,40,c_scan
0.256281407035176,2.7107742063881486,0.0049028095210716,2.1842086792983512e-08,7.441306513699018e-12,5.920896549211093e-08,1.0517059766552048e-10,40,c_scan
0.2663316582914572,2.6527285026735563,0.0088142764061836,2.3793044157990856e-08,5.152493968711444e-12,6.31164864032729e-08,2.092725899654816e-10,40,c_scan
0.2763819095477386,2.7156399192392784,0.0045230849328613,2.5128065979242504e-08,6.023939920994733e-12,6.823877906650937e-08,1.1247292970922655e-10,40,c_scan
0.2864321608040201,2.7195002193399667,0.0045271784440662,2.717874298992945e-08,1.212600209159237e-11,7.391259752249774e-08,1.1854165582533108e-10,40,c_scan
0.2964824120603015,2.7919161429076964,0.00455371613836,2.8567652360663465e-08,1.349102657503473e-11,7.975848979071148e-08,1.2451678200227412e-10,40,c_scan
0.306532663316583,2.79294508683321,0.0043256903790108,3.0705599468345995e-08,9.87710379705056e-12,8.575905317338538e-08,1.2992662609247483e-10,40,c_scan
0.3165829145728642,2.8597647072407715,0.0043418483613271,3.2151737852749435e-08,8.342225641289778e-12,9.194640518775002e-08,1.3754434299735708e-10,40,c_scan
0.3266331658291457,2.863813519038087,0.0040850561305442,3.4368329307970376e-08,5.815001392548273e-12,9.842448609891846e-08,1.3940540667148564e-10,40,c_scan
0.3366834170854271,2.87047792596912,0.0039134873395723,3.661415391733615e-08,6.3531025754406986e-12,1.0510012059774921e-07,1.421238112338784e-10,40,c_scan
0.3467336683417086,2.9374578727760063,0.0037420467941221,3.8143149565637376e-08,8.011891977186344e-12,1.120438949840542e-07,1.4077983071560095e-10,40,c_scan
0.35678391959799,2.908988404589577,0.0089709541182066,4.0481435177342335e-08,1.1184729292120438e-11,1.1776002553203345e-07,3.6169665484499916e-10,40,c_scan
0.3668341708542713,2.94884664556077,0.0037495287161232,4.20716267860568e-08,1.3954063785171052e-11,1.2406277552134822e-07,1.5228750758327712e-10,40,c_scan
0.3768844221105527,2.9578306352936266,0.0036983425072369,4.452855751126472e-08,1.2772193189191114e-11,1.317079315522529e-07,1.6029016793745655e-10,40,c_scan
0.3869346733668342,3.0208958712361307,0.0037522307646166,4.6212138026761154e-08,1.244423090854482e-11,1.3960205696603697e-07,1.6927452121537404e-10,40,c_scan
0.3969849246231156,3.0278554154262265,0.0037303035794208,4.8825206991672824e-08,1.4719008375041122e-11,1.47835667399043e-07,1.7659601614549822e-10,40,c_scan
0.4070351758793971,3.0896255994495947,0.003638543251192,5.0641760303132367e-08,1.523805135657162e-11,1.56464079033748e-07,1.7814616700671447e-10,40,c_scan
0.4170854271356783,3.0947692675737404,0.0036050542760975,5.344597103267546e-08,1.738958403198139e-11,1.654029486275604e-07,1.8500717393358096e-10,40,c_scan
0.4271356783919597,3.155339828667562,0.0035160994491789,5.539730700153836e-08,1.3739383723649739e-11,1.747973291828784e-07,1.8989672575730944e-10,40,c_scan
0.4371859296482412,3.152590546042583,0.0064292994600174,5.8470040657694335e-08,1.732354580007619e-11,1.8433209740417264e-07,3.7193306588937677e-10,40,c_scan
0.4472361809045226,3.190905768409354,0.0090834602625569,6.062904329411626e-08,1.647517134074239e-11,1.9346156398033602e-07,5.482066180892352e-10,40,c_scan
0.4572864321608041,3.15791493122498,0.0032038476364876,6.404975560030238e-08,1.1135222143754539e-11,2.0226367955150568e-07,2.0217034721422074e-10,40,c_scan
0.4673366834170853,3.2121041607283445,0.003144095046813,6.645840889205989e-08,1.4655764101874138e-11,2.134713317175712e-07,2.0357951080050432e-10,40,c_scan
0.4773869346733668,3.205156070864871,0.0030676596332015,7.030112583175761e-08,1.4844196035007236e-11,2.253260802482931e-07,2.1034624045727188e-10,40,c_scan
0.4874371859296482,3.2562758423327205,0.0030159463267884,7.301094957294459e-08,1.1335957434650592e-11,2.37743791320152e-07,2.1708107987541607e-10,40,c_scan
0.4974874371859297,3.2423385976232857,0.0029519177719286,7.734733567793331e-08,1.6883639381012626e-11,2.507862518918879e-07,2.2166335326932104e-10,40,c_scan
0.5075376884422111,3.289095565968095,0.0028826928989217,8.040883118825095e-08,2.3655026833355875e-11,2.6447233012595324e-07,2.1834613802017463e-10,40,c_scan
0.5175879396984926,3.267881269472432,0.0027020542620716,8.530102016402696e-08,2.3079218312268462e-11,2.787536060609139e-07,2.1779924922925198e-10,40,c_scan
0.5276381909547738,3.303214832302664,0.0056467723922894,8.876378501741743e-08,2.255855931834009e-11,2.932058512408581e-07,4.956589565442259e-10,40,c_scan
0.5376884422110553,3.256185234115012,0.0078942877657782,9.426039100849225e-08,1.803346791489617e-11,3.069292933637598e-07,7.417981481027273e-10,40,c_scan
0.5477386934673367,3.260533862392877,0.0023405359953351,9.814601812697501e-08,2.3367905577724283e-11,3.2000841556202705e-07,2.1671053643055627e-10,40,c_scan
0.5577889447236182,3.2271006400032345,0.0022712045337468,1.042864437336322e-07,2.665257267766169e-11,3.365428493164658e-07,2.2068728719935863e-10,40,c_scan
0.5678391959798996,3.2575381374857937,0.0022060953350435,1.085746998350349e-07,2.432138180454422e-11,3.5368622547869845e-07,2.2604362923827837e-10,40,c_scan
0.5778894472361809,3.2190892446889303,0.0021325942233165,1.1540024972791608e-07,3.20484381765688e-11,3.714837027335513e-07,2.2343402396650319e-10,40,c_scan
0.5879396984924623,3.243639849250696,0.0021560499319108,1.2017189972584257e-07,3.8304931650689767e-11,3.897943627109018e-07,2.2736235276210447e-10,40,c_scan
0.5979899497487438,3.2013595429308266,0.0019175745985347,1.276577507012735e-07,3.0644740067735235e-11,4.086783584366063e-07,2.2427479191763627e-10,40,c_scan
0.6080402010050252,3.2207765389038543,0.001788874585743,1.3290032763206485e-07,2.9023875562782183e-11,4.2804225724999e-07,2.1859292277189487e-10,40,c_scan
0.6180904522613067,3.1684403566498984,0.0042845616298217,1.4113363722536712e-07,3.444952160747461e-11,4.471735118656396e-07,5.947629560923125e-10,40,c_scan
0.6281407035175879,3.1713171417239576,0.0060090832123867,1.469147579252083e-07,3.611597595758893e-11,4.659132901804387e-07,8.753617217333121e-10,40,c_scan
0.6381909547738693,3.097143917420312,0.003776316039839,1.5591014346979786e-07,3.951998449121302e-11,4.828761525116125e-07,5.759026300448544e-10,40,c_scan
0.6482412060301508,3.103351269609928,0.0015117339975506,1.622058463357859e-07,3.7119002187633866e-11,5.03381719164314e-07,2.1647049072753067e-10,40,c_scan
0.6582914572864322,3.052177052995534,0.0013610643001684,1.720022150652112e-07,2.8988440836392777e-11,5.249812138864404e-07,2.167425280634917e-10,40,c_scan
0.6683417085427137,3.059914539512003,0.0012748796028343,1.7872931537746257e-07,3.0229712327460445e-11,5.468964307605239e-07,2.082381314125633e-10,40,c_scan
0.6783919597989949,3.00817326446368,0.0011573364854341,1.8930411835649893e-07,3.225828167271527e-11,5.694595876928883e-07,1.9642639300349434e-10,40,c_scan
0.6884422110552764,3.012162086237113,0.0011393898754763,1.966482682339469e-07,4.0880427674370684e-11,5.923364578984808e-07,1.8718806632475624e-10,40,c_scan
0.6984924623115578,2.958963030300973,0.0009167915528241,2.0806961969603538e-07,2.640543958760129e-11,6.156703124093519e-07,1.7402100127255042e-10,40,c_scan
0.7085427135678393,2.9548953448353967,0.0035285961501642,2.160087445146825e-07,2.0950770116208088e-11,6.382832336101739e-07,7.5968937378739e-10,40,c_scan
0.7185929648241207,2.895627521888854,0.0042508714083345,2.2831126060622842e-07,2.8031429497667555e-11,6.611043697685334e-07,9.671216290318855e-10,40,c_scan
0.728643216080402,2.8789317343549765,0.0037916291063348,2.368507138470949e-07,2.8374564921097888e-11,6.818770363990308e-07,8.943270714050691e-10,40,c_scan
0.7386934673366834,2.8169893568766016,0.0006620718997651,2.5012453802237524e-07,1.8651941811705043e-11,7.045981615027079e-07,1.5704396269815588e-10,40,c_scan
0.7487437185929648,2.814184200456851,0.0005872404262233,2.5929264395360906e-07,1.4773142270582028e-11,7.296972619089303e-07,1.464815709499027e-10,40,c_scan
-1.0,1.9588735726006143,0.0119757836910365,-9.758955321602889e-07,5.492865328805978e-09,-1.911655967567803e-06,4.562314612499384e-09,50,c_scan
-0.9899497487437184,1.980508310735324,0.0121259438364965,-9.52327113683244e-07,5.3579307738940775e-09,-1.886091763188248e-06,4.555306514975501e-09,50,c_scan
-0.9798994974874372,1.9796605441462352,0.012128531262651,-9.315236812195268e-07,5.250084773228659e-09,-1.8441006776481524e-06,4.429746775611215e-09,50,c_scan
-0.969849246231156,1.9948610697435325,0.0122510477355972,-9.006209360132837e-07,5.085035480770181e-09,-1.7966136438488809e-06,4.340474909074864e-09,50,c_scan
-0.9597989949748744,2.005086679932924,0.0123491542664863,-8.80387230294639e-07,4.9836995442270944e-09,-1.7652527086468204e-06,4.283241784341975e-09,50,c_scan
-0.949748743718593,2.020794910637913,0.0124904466753824,-8.504250262151165e-07,4.829546016964546e-09,-1.7185345648546217e-06,4.1931631717917405e-09,50,c_scan
-0.9396984924623116,2.031342760420851,0.0126414112935568,-8.307468676410278e-07,4.752569595716045e-09,-1.687531635324901e-06,4.1335780721440794e-09,50,c_scan
-0.92964824120603,2.047625701769684,0.0127364023357684,-8.018041038933622e-07,4.579668285501088e-09,-1.6417946909164582e-06,4.043572292365042e-09,50,c_scan
-0.9195979899497488,2.0585813037934275,0.0128505110615133,-7.827637461531923e-07,4.487422015161074e-09,-1.611382813118266e-06,3.980731976437396e-09,50,c_scan
-0.9095477386934674,2.075133470446647,0.0130405335958152,-7.548919388553385e-07,4.356612215775847e-09,-1.5665015288890765e-06,3.895712010898233e-09,50,c_scan
-0.8994974874371859,2.086387745520649,0.0131020122625906,-7.365916823352432e-07,4.243948287484591e-09,-1.5368158594766903e-06,3.838753440442818e-09,50,c_scan
-0.8894472361809045,2.1034015905227235,0.0132387627707212,-7.096741015784217e-07,4.095734243022577e-09,-1.492729634012837e-06,3.748618455696092e-09,50,c_scan
-0.879396984924623,2.114808279859601,0.0133516699327916,-6.920984156070478e-07,4.006654216290796e-09,-1.463655459803496e-06,3.6868778777720974e-09,50,c_scan
-0.8693467336683418,2.132369198835272,0.0135248983463676,-6.661043386152645e-07,3.874118429210435e-09,-1.4203803748737303e-06,3.59402320530988e-09,50,c_scan
-0.8592964824120604,2.144030139636559,0.013654722679594,-6.492314258157685e-07,3.7917608470659995e-09,-1.3919717445482245e-06,3.535301183398684e-09,50,c_scan
-0.8492462311557789,2.161856473637912,0.0137497354308268,-6.24324489557318e-07,3.635888587481107e-09,-1.3496999394001723e-06,3.450552734777045e-09,50,c_scan
-0.8391959798994975,2.173753168763472,0.0138539057581392,-6.080959725580577e-07,3.546722480720654e-09,-1.3218505472603829e-06,3.395999174504053e-09,50,c_scan
-0.829145728643216,2.191850773467866,0.0140675987768904,-5.842675338183269e-07,3.431882680117414e-09,-1.2806272459118622e-06,3.312523857788081e-09,50,c_scan
-0.8190954773869348,2.20393168625132,0.0142258761603911,-5.687363027876049e-07,3.360774829456841e-09,-1.2534559588350276e-06,3.2554813297273517e-09,50,c_scan
-0.8090452261306533,2.2221358385390686,0.0143221856109269,-5.459493622035771e-07,3.216050339431661e-09,-1.2131736437801155e-06,3.172889854405218e-09,50,c_scan
-0.7989949748743719,2.234189174148416,0.0143872148711601,-5.311392865210646e-07,3.123118890209088e-09,-1.1866656439102762e-06,3.115580621286841e-09,50,c_scan
-0.7889447236180904,2.252308271824401,0.0146696333246051,-5.094331218845715e-07,3.032584003532226e-09,-1.1474004343619483e-06,3.0324058245338794e-09,50,c_scan
-0.778894472361809,2.2646178876150223,0.0147640516118898,-4.95280782277995e-07,2.949732569303534e-09,-1.121621718938709e-06,2.974533345214251e-09,50,c_scan
-0.7688442211055277,2.2828810751811166,0.0149307864312875,-4.745490975357742e-07,2.833453728691745e-09,-1.0833391540086967e-06,2.89172613422955e-09,50,c_scan
-0.7587939698492463,2.295827442210542,0.0149609956026087,-4.611363081150787e-07,2.7493281696591507e-09,-1.0586893907702534e-06,2.784937158724328e-09,50,c_scan
-0.7487437185929648,2.313121794509289,0.0152273486960513,-4.4148830631442817e-07,2.6519282241089203e-09,-1.0212162233568966e-06,2.750605847527808e-09,50,c_scan
-0.7386934673366834,2.3250516893634763,0.0152500449648905,-4.28727916933403e-07,2.5630928063188862e-09,-9.968145675432928e-07,2.689512886802063e-09,50,c_scan
-0.728643216080402,2.343060216441506,0.0154031846666224,-4.100940546291737e-07,2.4542085093564635e-09,-9.608750644008064e-07,2.614338542064824e-09,50,c_scan
-0.7185929648241207,2.354637948999762,0.0155702901055789,-3.980480896354915e-07,2.3960398332256084e-09,-9.372591373825872e-07,2.5655032866869847e-09,50,c_scan
-0.7085427135678393,2.371734164498371,0.0157632478653892,-3.80503688798855e-07,2.301220640617993e-09,-9.024535984419004e-07,2.487407905866013e-09,50,c_scan
-0.6984924623115578,2.383160450992165,0.0158191959187929,-3.690351573056401e-07,2.2263270540487228e-09,-8.794699919164738e-07,2.435153886883739e-09,50,c_scan
-0.6884422110552764,2.3996205420472188,0.0159083803780597,-3.52459670716769e-07,2.1193811175056172e-09,-8.457694660951575e-07,2.361080058709101e-09,50,c_scan
-0.6783919597989949,2.410315597963002,0.015897436515443,-3.417189433104708e-07,2.040108593647317e-09,-8.236504991806625e-07,2.309042131005321e-09,50,c_scan
-0.6683417085427137,2.426047315828157,0.0161233837865105,-3.2605428024134706e-07,1.9625172089132192e-09,-7.910231113938019e-07,2.22900015396654e-09,50,c_scan
-0.6582914572864322,2.436105840562614,0.0163364097128142,-3.16006307967506e-07,1.9215737144529442e-09,-7.698248124942694e-07,2.176518167880721e-09,50,c_scan
-0.6482412060301508,2.4501545274517484,0.0165102586000355,-3.013607158123567e-07,1.8398620124245158e-09,-7.383803222437454e-07,2.1058139347743303e-09,50,c_scan
-0.6381909547738693,2.4592277170074204,0.0165694932985119,-2.918513402456958e-07,1.7794969008075332e-09,-7.177289051779783e-07,2.0577215905812222e-09,50,c_scan
-0.6281407035175879,2.471582138329984,0.0163943477434788,-2.78200071369377e-07,1.6619044994935802e-09,-6.87594327278679e-07,1.9824371417009167e-09,50,c_scan
-0.6180904522613067,2.4788311235638103,0.0165191267665912,-2.693925362047529e-07,1.61708493244173e-09,-6.67778603200132e-07,1.9328053634550582e-09,50,c_scan
-0.6080402010050252,2.489164270044158,0.016686647865215,-2.5664614830252413e-07,1.549541678151849e-09,-6.388344223990972e-07,1.8610246038342918e-09,50,c_scan
-0.5979899497487438,2.4949122612310446,0.0167890583256129,-2.484606378575642e-07,1.5050323272290684e-09,-6.198874918241232e-07,1.8169465311157662e-09,50,c_scan
-0.5879396984924623,2.501986683552805,0.0167251458344425,-2.366306015480095e-07,1.4190128278587963e-09,-5.920466139942095e-07,1.74878466142938e-09,50,c_scan
-0.5778894472361809,2.5060491280944834,0.0166564211005694,-2.2900785179460738e-07,1.362011570589938e-09,-5.739049273166664e-07,1.7028330077137375e-09,50,c_scan
-0.5678391959798996,2.509789406331327,0.0167308742256895,-2.180302574431151e-07,1.2986048671869387e-09,-5.472100303904223e-07,1.6383429217668683e-09,50,c_scan
-0.5577889447236182,2.511277426765254,0.0166658073464991,-2.1100542603897809e-07,1.248037720132439e-09,-5.29893163336671e-07,1.594769631721313e-09,50,c_scan
-0.5477386934673367,2.5114841651617974,0.016727816214015,-2.0084038057411329e-07,1.1909118985304083e-09,-5.044074355369546e-07,1.5301088373804207e-09,50,c_scan
-0.5376884422110553,2.5100832922650107,0.0167862959760822,-1.943424601601473e-07,1.156998801091025e-09,-4.878157622256642e-07,1.486059082086342e-09,50,c_scan
-0.5276381909547738,2.5051792172636587,0.01662438196468,-1.8503023315182325e-07,1.088030291689482e-09,-4.635338946573968e-07,1.4256078954614188e-09,50,c_scan
-0.5175879396984926,2.500414737680087,0.0164568053104137,-1.7905198526272138e-07,1.0404194351477143e-09,-4.477042227617862e-07,1.383796354747036e-09,50,c_scan
-0.5075376884422111,2.490910109738296,0.01637213892083,-1.7043424197148268e-07,9.863061628933162e-10,-4.245363763723492e-07,1.3229949956607147e-09,50,c_scan
-0.4974874371859297,2.483173435733985,0.0163901734173905,-1.649011902075065e-07,9.57809065337729e-10,-4.094782550441973e-07,1.2837801773009964e-09,50,c_scan
-0.4874371859296482,2.4693948961773287,0.016144398768172,-1.568928125774768e-07,8.979592905331528e-10,-3.874303106257274e-07,1.224275945566183e-09,50,c_scan
-0.4773869346733668,2.458459564587047,0.0159331947188068,-1.5176702807460468e-07,8.5723568329932e-10,-3.7311310175896265e-07,1.185707090988727e-09,50,c_scan
-0.4673366834170853,2.439586143692378,0.0158762249661212,-1.4434033243950874e-07,8.16849024750707e-10,-3.521306749953769e-07,1.1314550563336887e-09,50,c_scan
-0.4572864321608041,2.4254479443679515,0.0158062741937601,-1.395886668637985e-07,7.898599716444893e-10,-3.385650451018629e-07,1.0945070535994238e-09,50,c_scan
-0.4472361809045226,2.4021585176572025,0.0155741533819064,-1.326637831615064e-07,7.430342703544766e-10,-3.186794367060408e-07,1.040701059695299e-09,50,c_scan
-0.4371859296482412,2.385291898236102,0.0154117340070656,-1.2819573295860444e-07,7.128374323516071e-10,-3.057842432145981e-07,1.006159746300181e-09,50,c_scan
-0.4271356783919597,2.3577996160892862,0.0151562341085663,-1.2172325501081352e-07,6.696147639339851e-10,-2.869990439336345e-07,9.543933263668048e-10,50,c_scan
-0.4170854271356783,2.3383460982201023,0.0149750048010088,-1.1753373768301477e-07,6.417665627175657e-10,-2.7483455692030256e-07,9.196863084459856e-10,50,c_scan
-0.4070351758793971,2.3074004082648405,0.0147536901541973,-1.1145076973057613e-07,6.046030258188582e-10,-2.571615515777621e-07,8.703791362825633e-10,50,c_scan
-0.3969849246231156,2.285957304826899,0.0145026632864775,-1.0745957052890816e-07,5.748630760860974e-10,-2.4564799022411893e-07,8.37779671233824e-10,50,c_scan
-0.3869346733668342,2.252009188943624,0.0143236009582876,-1.016914780825334e-07,5.437043907512921e-10,-2.2901014307912426e-07,7.8894034837986e-10,50,c_scan
-0.3768844221105527,2.2285425009626216,0.014194537135047,-9.793907497836357e-08,5.232522379877348e-10,-2.182613910942481e-07,7.568950028347605e-10,50,c_scan
-0.3668341708542713,2.191796825801808,0.0141975116403349,-9.24668117519246e-08,5.036909927625076e-10,-2.0266846448988165e-07,7.103872538494391e-10,50,c_scan
-0.35678391959799,2.1671387136456786,0.0141975382895094,-8.892325554537286e-08,4.90536160765497e-10,-1.927090296357853e-07,6.810198134932928e-10,50,c_scan
-0.3467336683417086,2.129702296253922,0.0140128671252525,-8.367126872788953e-08,4.6172175392949614e-10,-1.781948931402653e-07,6.385597061509535e-10,50,c_scan
-0.3366834170854271,2.1040166240798426,0.0139071390784931,-8.025170432791985e-08,4.4402683350613847e-10,-1.6885092001668365e-07,6.105831384566193e-10,50,c_scan
-0.3266331658291457,2.065513237812873,0.0136693646483606,-7.527078609978276e-08,4.1551361416272967e-10,-1.5547280510968252e-07,5.674962134686742e-10,50,c_scan
-0.3165829145728642,2.0331675693312694,0.0142107722559665,-7.03821568587333e-08,3.8986933661908777e-10,-1.4309871878476296e-07,6.099544231746222e-10,50,c_scan
-0.306532663316583,2.001368261273204,0.01347371055702,-6.722677210035268e-08,3.7689348620198415e-10,-1.3454552798949274e-07,5.014881760593935e-10,50,c_scan
-0.2964824120603015,1.962418850720044,0.0133828603450143,-6.259820861108607e-08,3.5601795503143857e-10,-1.228439045997011e-07,4.622691686206916e-10,50,c_scan
-0.2864321608040201,1.9367395887937853,0.0133723934047249,-5.95899048003406e-08,3.4414119521393136e-10,-1.1541012771927249e-07,4.367461730188896e-10,50,c_scan
-0.2763819095477386,1.898714514847769,0.0129939783562726,-5.5172771371728274e-08,3.1319273620805765e-10,-1.0475734182787797e-07,4.004255263690467e-10,50,c_scan
-0.2663316582914572,1.873613197893171,0.0128667350959039,-5.231304524693424e-08,2.9770441179101427e-10,-9.801441199663861e-08,3.767482787796857e-10,50,c_scan
-0.256281407035176,1.836281144813164,0.0126452564318811,-4.815371682803807e-08,2.7404051041406223e-10,-8.842376226399868e-08,3.4286010644554284e-10,50,c_scan
-0.2462311557788945,1.811739567110304,0.0125663687775303,-4.5467064342353763e-08,2.6079548005358843e-10,-8.237447946939233e-08,3.2124362045190647e-10,50,c_scan
-0.2361809045226131,1.7768394306579045,0.0124424727515274,-4.154352350692257e-08,2.409408303163996e-10,-7.381617065556354e-08,2.8967054635558947e-10,50,c_scan
-0.2261306532663316,1.7537598198752178,0.01252960920805,-3.902390261401595e-08,2.322979719042345e-10,-6.843855241918465e-08,2.7038064805327117e-10,50,c_scan
-0.2160804020100502,1.7199387316159425,0.0122666030483147,-3.5377403145239726e-08,2.092150692563242e-10,-6.084696589348947e-08,2.4256757735164e-10,50,c_scan
-0.2060301507537689,1.697909288653527,0.0121580542477066,-3.3054755496175554e-08,1.9632069756994583e-10,-5.612397639112769e-08,2.2449209843235278e-10,50,c_scan
-0.1959798994974875,1.6665472168685158,0.0121361443838274,-2.9693065481213933e-08,1.803732050582252e-10,-4.948489563801169e-08,1.9874156168830326e-10,50,c_scan
-0.185929648241206,1.6463209407453272,0.012077706432519,-2.75653978047638e-08,1.6873879701806268e-10,-4.538149164595792e-08,1.8348949327855624e-10,50,c_scan
-0.1758793969849246,1.6172052115341982,0.0121218410449303,-2.4509908597720922e-08,1.5423975740420298e-10,-3.963755191846113e-08,1.6140793990933942e-10,50,c_scan
-0.1658291457286431,1.5978507266026247,0.011900142899535,-2.2590843571118244e-08,1.4064664438499708e-10,-3.6096795814677526e-08,1.475372393837932e-10,50,c_scan
-0.1557788944723619,1.572026277900703,0.0122521165685529,-1.9858460777319256e-08,1.3131846871581818e-10,-3.121802218060629e-08,1.2877504436837326e-10,50,c_scan
-0.1457286432160804,1.5564908151324168,0.0123466236237787,-1.8120662967144693e-08,1.2262337649339123e-10,-2.820464547247084e-08,1.1673176114973134e-10,50,c_scan
-0.135678391959799,1.5348851961042649,0.0121498902781313,-1.569414387695793e-08,1.0562101429861071e-10,-2.4088709102273122e-08,1.0038940785650708e-10,50,c_scan
-0.1256281407035175,1.5221331322264648,0.0119595116437472,-1.4164775401031297e-08,9.420501559949231e-11,-2.1560673948456145e-08,9.020097291913483e-11,50,c_scan
-0.1155778894472361,1.5064394688797078,0.012353446971551,-1.2025218116323184e-08,8.473435774718774e-11,-1.8115263192316536e-08,7.598789130181717e-11,50,c_scan
-0.1055276381909549,1.4975653507977555,0.0121921201592554,-1.071454541485798e-08,7.467557795507223e-11,-1.6045731962840275e-08,6.751807071833174e-11,50,c_scan
-0.0954773869346734,1.4851917638355774,0.0120596078839739,-8.894037574687918e-09,6.152552920983604e-11,-1.320935135317065e-08,5.6165951583833085e-11,50,c_scan
-0.085427135678392,1.478641413571739,0.0125315752623051,-7.783738549335176e-09,5.6979163211867135e-11,-1.15093581714618e-08,4.915468358746159e-11,50,c_scan
-0.0753768844221105,1.4687500176541664,0.0131995489780841,-6.2728389022137885e-09,4.929454671871191e-11,-9.213232248368244e-09,4.017035785477104e-11,50,c_scan
-0.0653266331658291,1.459697895903236,0.0131355401927457,-5.368490923010148e-09,4.222436605966348e-11,-7.836374904493535e-09,3.4262829544382145e-11,50,c_scan
-0.0552763819095476,1.44314977095556,0.0123169198578335,-4.165099466040447e-09,3.0454506123852557e-11,-6.010862340423396e-09,2.646079919603275e-11,50,c_scan
-0.0452261306532664,1.4310491007334225,0.0117820155656539,-3.444650260061166e-09,2.393805062966099e-11,-4.929463657001682e-09,2.1762959627517323e-11,50,c_scan
-0.0351758793969849,1.4150980589335134,0.0119786852053927,-2.466306389255556e-09,1.784414939315828e-11,-3.4900653841708604e-09,1.533528777988604e-11,50,c_scan
-0.0251256281407035,1.405366288383617,0.0130968349370148,-1.875795532384429e-09,1.533776005719138e-11,-2.636179805113677e-09,1.1786065164713892e-11,50,c_scan
-0.015075376884422,1.4083473969376108,0.0135075789603103,-1.0471649615309859e-09,8.701240215269321e-12,-1.4747720477364371e-09,7.064130731988461e-12,50,c_scan
-0.0050251256281406,1.4475707280928791,0.0326415698790602,-5.228704359940617e-10,1.131485433228732e-11,-7.56891937730165e-10,4.797894609115094e-12,50,c_scan
0.0050251256281407,1.1859239358890747,0.0366294503413423,2.5636456309464317e-10,7.04897150325282e-12,3.0402887168768225e-10,4.277777814607565e-12,50,c_scan
0.015075376884422,1.315552784456295,0.017736961607615,7.770371463158517e-10,9.476892368018429e-12,1.0222333814617922e-09,5.875059003737016e-12,50,c_scan
0.0251256281407035,1.3703148567964327,0.0160597365495123,1.5917026912207802e-09,1.699608525047801e-11,2.181133845382701e-09,1.0536078862448483e-11,50,c_scan
0.0351758793969849,1.4135076079182447,0.0172105624463205,2.1383924538258117e-09,2.406336737905249e-11,3.022634002197748e-09,1.4054208545186889e-11,50,c_scan
0.0452261306532663,1.4777381057813317,0.0153069495198532,2.999405521119274e-09,2.7956261652501748e-11,4.432335833248864e-09,2.0030092488407328e-11,50,c_scan
0.0552763819095477,1.5228065053225794,0.0149453486040801,3.605106892253587e-09,3.152656133186873e-11,5.4898802279070305e-09,2.4457291855739688e-11,50,c_scan
0.0653266331658291,1.5932884746804792,0.0151134858176106,4.576597171735386e-09,3.851095389262529e-11,7.291839526981268e-09,3.1926864038286874e-11,50,c_scan
0.0753768844221105,1.63783116977689,0.0152064545925909,5.284208449319925e-09,4.324982660258264e-11,8.654641305894579e-09,3.793482276881717e-11,50,c_scan
0.085427135678392,1.7072724862946236,0.0156030527494489,6.4357702591586414e-09,5.1792929702913166e-11,1.0987613491574765e-08,4.7589803180382685e-11,50,c_scan
0.0954773869346733,1.7571876885716375,0.0147407612267207,7.253640319749811e-09,5.236338697398971e-11,1.2746007467191202e-08,5.4465742544584655e-11,50,c_scan
0.1055276381909547,1.8350350110136069,0.0149268870328118,8.571515081962149e-09,5.965721774232293e-11,1.5729030272831712e-08,6.622561829885762e-11,50,c_scan
0.1155778894472361,1.8855635999431248,0.0151928382455239,9.518559089015466e-09,6.550346291739545e-11,1.7947848542155353e-08,7.522123846253432e-11,50,c_scan
0.1256281407035175,1.9602774051615404,0.0168062157323672,1.1052047610931062e-08,8.305548810155559e-11,2.1665079212477743e-08,8.940255437095125e-11,50,c_scan
0.135678391959799,2.010550188105692,0.0175419812734526,1.2131770159741648e-08,9.3603606860317e-11,2.4391532776723585e-08,9.936338267474298e-11,50,c_scan
0.1457286432160803,2.079704560215533,0.0159868044195851,1.3866300328030992e-08,9.109883486207612e-11,2.8837808025524208e-08,1.1509333691371677e-10,50,c_scan
0.1557788944723618,2.1223856296396586,0.0156244952245437,1.5094570710778442e-08,9.398187305591747e-11,3.203649996213585e-08,1.2584232411009743e-10,50,c_scan
0.1658291457286431,2.1812961210877853,0.0157963973889188,1.704967967750104e-08,1.0432740701439828e-10,3.719040014632226e-08,1.4403999692834594e-10,50,c_scan
0.1758793969849246,2.2182588348519623,0.015924086679045,1.84243277404536e-08,1.1159235885313611e-10,4.086992778646929e-08,1.5748531200210367e-10,50,c_scan
0.185929648241206,2.273795706303833,0.0166927264346354,2.0571560071052048e-08,1.2896996173861394e-10,4.6775524961529536e-08,1.7867307057571578e-10,50,c_scan
0.1959798994974874,2.309229068799211,0.0169523436142132,2.2064979938737243e-08,1.3887754892799407e-10,5.0953093077003474e-08,1.9252844227662848e-10,50,c_scan
0.2060301507537688,2.3598991700111904,0.0169396389146599,2.4434113263578225e-08,1.5002522001719218e-10,5.766204361067768e-08,2.144060718340616e-10,50,c_scan
0.2160804020100502,2.393684987311136,0.0173524389849221,2.6064023810464452e-08,1.6265212893427867e-10,6.238906250402876e-08,2.3014793273268567e-10,50,c_scan
0.2261306532663316,2.4453390241040345,0.0173761382636496,2.859347947591072e-08,1.7448052485883996e-10,6.992075119736224e-08,2.545820331632324e-10,50,c_scan
0.2361809045226131,2.4778865125862426,0.0175122836997209,3.035125463080776e-08,1.8434423371711323e-10,7.520696448974928e-08,2.7177485743673016e-10,50,c_scan
0.2462311557788944,2.524345653458091,0.0173615966839597,3.3088075695120936e-08,1.9432589517092566e-10,8.352574006227083e-08,2.9895029121354606e-10,50,c_scan
0.2562814070351759,2.5547991928380176,0.017605204452594,3.496563822404783e-08,2.0623320294272616e-10,8.933018431186355e-08,3.1832076383398045e-10,50,c_scan
0.2663316582914573,2.5986508735464096,0.0181645174184781,3.787898979736804e-08,2.2847436824069847e-10,9.8434269925986e-08,3.4771856587055846e-10,50,c_scan
0.2763819095477386,2.6267263859830656,0.0185352197944787,3.988335621047287e-08,2.441438093311391e-10,1.0476266411961064e-07,3.6772462898279676e-10,50,c_scan
0.2864321608040201,2.6681467573082807,0.0187080668449608,4.2974237963279654e-08,2.6144647027633737e-10,1.14661573669519e-07,3.9968130549743125e-10,50,c_scan
0.2964824120603014,2.6960128717191525,0.0187793091647102,4.507716066681791e-08,2.721116366659325e-10,1.2152860537829336e-07,4.223736311743502e-10,50,c_scan
0.3065326633165829,2.73609214320642,0.0189443071342229,4.8334610952619214e-08,2.8978495382378376e-10,1.322479492724004e-07,4.5802581488289375e-10,50,c_scan
0.3165829145728643,2.761898335730644,0.0195707029206471,5.056431733512783e-08,3.126724235347723e-10,1.396535038952457e-07,4.832337631995377e-10,50,c_scan
0.3266331658291457,2.799662974964359,0.0199213599300302,5.403408255050202e-08,3.363166291645474e-10,1.5127722030280829e-07,5.21676727924724e-10,50,c_scan
0.3366834170854271,2.824381226993175,0.0198314562944521,5.6409786537334354e-08,3.4513723990676446e-10,1.593227421147395e-07,5.488442035136746e-10,50,c_scan
0.3467336683417085,2.859862285385056,0.0199481662809592,6.009744953790969e-08,3.643377034278708e-10,1.7187042938129946e-07,5.929006389711703e-10,50,c_scan
0.3567839195979899,2.894916822409342,0.0203559346755889,6.393402095483556e-08,3.9180547650767576e-10,1.8508367278642482e-07,6.38143849085313e-10,50,c_scan
0.3668341708542714,2.9176913877884614,0.0206114630487285,6.656421967029628e-08,4.10342884592101e-10,1.9421385046688282e-07,6.700213102539668e-10,50,c_scan
0.3768844221105527,2.949402856770743,0.0211936226779012,7.070354936883172e-08,4.4540932023900255e-10,2.085332504922636e-07,7.20839778580167e-10,50,c_scan
0.3869346733668342,2.969561737546774,0.0216014064774134,7.356695257796918e-08,4.708521002717294e-10,2.184616075234553e-07,7.552252495403622e-10,50,c_scan
0.3969849246231155,2.998779480555734,0.0220275059566058,7.803809414068432e-08,5.05769609337707e-10,2.340190354107608e-07,8.09045618142747e-10,50,c_scan
0.4070351758793969,3.01619791475896,0.0219881712813103,8.116887405962148e-08,5.209470785951119e-10,2.4482138868196285e-07,8.464227928479516e-10,50,c_scan
0.4170854271356784,3.040299108065262,0.0221561731784665,8.608744590491757e-08,5.52462433162369e-10,2.6173158500033736e-07,9.037845069809335e-10,50,c_scan
0.4271356783919597,3.0550081851848327,0.0222489709523388,8.952442813347621e-08,5.74267344486524e-10,2.734978607217612e-07,9.431241141234741e-10,50,c_scan
0.4371859296482412,3.0733867130026447,0.0227169761686289,9.497993840726809e-08,6.211701736572831e-10,2.919100807027073e-07,1.0054031910650323e-09,50,c_scan
0.4472361809045225,3.083396927741991,0.0229680374819441,9.88296035111408e-08,6.530320346415041e-10,3.047308958362106e-07,1.047919075507078e-09,50,c_scan
0.457286432160804,3.095732563854209,0.0231879891636821,1.0492189840034817e-07,6.987475255604229e-10,3.248101375393607e-07,1.1135451645936242e-09,50,c_scan
0.4673366834170854,3.102040676827516,0.0232405752804903,1.0918951913188805e-07,7.279453530543444e-10,3.38710329830353e-07,1.157783962438091e-09,50,c_scan
0.4773869346733668,3.107610577880419,0.0236711899347694,1.1599903070848485e-07,7.907049336448481e-10,3.60479814853563e-07,1.225464675366305e-09,50,c_scan
0.4874371859296482,3.109111965063401,0.0238058909531321,1.2079426285007206e-07,8.29476625856618e-10,3.755628879381725e-07,1.272105559689327e-09,50,c_scan
0.4974874371859297,3.108243397717491,0.0238180232566214,1.284065847544498e-07,8.843727654901216e-10,3.991189192864699e-07,1.3407469407738618e-09,50,c_scan
0.507537688442211,3.105319883082528,0.0239469125621463,1.3376625582496708e-07,9.296866498112251e-10,4.153870138987742e-07,1.387961790387695e-09,50,c_scan
0.5175879396984925,3.098077342899768,0.0238634731794839,1.4224609481733805e-07,9.891724780491674e-10,4.406894034695671e-07,1.459853680788351e-09,50,c_scan
0.5276381909547738,3.090584177252193,0.0238350787274211,1.4824080506639914e-07,1.033840252964183e-09,4.581506865613399e-07,1.508415183555734e-09,50,c_scan
0.5376884422110553,3.0763927372830766,0.0239712083120255,1.577094717287472e-07,1.1163650914660916e-09,4.851762734270685e-07,1.5802311207730611e-09,50,c_scan
0.5477386934673367,3.0655585824701337,0.0238736181386814,1.6433693272272045e-07,1.1642012655739127e-09,5.037844945249526e-07,1.629471218611972e-09,50,c_scan
0.5577889447236181,3.046679551071928,0.0237654776749345,1.7480359121374244e-07,1.243373223238414e-09,5.325705268048456e-07,1.7052794346820963e-09,50,c_scan
0.5678391959798995,3.03269808146242,0.023678246937875,1.820892205653172e-07,1.298590288344087e-09,5.522216298634247e-07,1.754941701456977e-09,50,c_scan
0.5778894472361809,3.0095382806219737,0.0235472896310344,1.9359925230521908e-07,1.387458910793133e-09,5.826443609123487e-07,1.8293070689942366e-09,50,c_scan
0.5879396984924623,2.992968946923698,0.0233308120028138,2.0160533830751705e-07,1.4404871824516443e-09,6.033985170884451e-07,1.880534515441668e-09,50,c_scan
0.5979899497487438,2.9664165191294347,0.0229098807120278,2.141753374014092e-07,1.516633520545885e-09,6.353332588576605e-07,1.95839518794977e-09,50,c_scan
0.6080402010050251,2.947455956337185,0.0226874507352932,2.229349147854144e-07,1.574786252930141e-09,6.570908424597923e-07,2.0092337633669315e-09,50,c_scan
0.6180904522613065,2.917986333066107,0.0224441688410667,2.3662605161607162e-07,1.673437810974305e-09,6.904715846630922e-07,2.0883089550632593e-09,50,c_scan
0.6281407035175879,2.8977066599750736,0.0223931812318352,2.461184100492592e-07,1.752533953054956e-09,7.131789559422143e-07,2.1414519800993477e-09,50,c_scan
0.6381909547738693,2.865938411042709,0.0221901083786857,2.609689843193429e-07,1.866273022913063e-09,7.479210362516073e-07,2.219706512040454e-09,50,c_scan
0.6482412060301508,2.844218167525994,0.0220304592573098,2.712652041571692e-07,1.9433209652367303e-09,7.715374218814685e-07,2.2723286603978904e-09,50,c_scan
0.6582914572864322,2.81104452474977,0.0217320537578616,2.8730462364338534e-07,2.0576342179381157e-09,8.076260892280318e-07,2.351213407229362e-09,50,c_scan
0.6683417085427136,2.788659056814112,0.02147426377222,2.983528377083389e-07,2.129510632338711e-09,8.320043430015503e-07,2.404772337216748e-09,50,c_scan
0.6783919597989949,2.754569810954583,0.02114732947675,3.156010413813449e-07,2.248844472896274e-09,8.693451008948808e-07,2.4841113549993188e-09,50,c_scan
0.6884422110552764,2.73177789521871,0.0209011833515646,3.2746735927486336e-07,2.326927506312931e-09,8.945680934727153e-07,2.537632852312442e-09,50,c_scan
0.6984924623115578,2.697129810376689,0.0206380098647472,3.459457636127823e-07,2.462867158876998e-09,9.330606318135626e-07,2.617107031247899e-09,50,c_scan
0.7085427135678393,2.6740432543853894,0.020426585167909,3.58646425439855e-07,2.551424582763125e-09,9.590360546568768e-07,2.668518325681086e-09,50,c_scan
0.7185929648241206,2.639345028798408,0.0199217701960585,3.783344315955593e-07,2.657790222373177e-09,9.985551012550104e-07,2.7568050878962758e-09,50,c_scan
0.728643216080402,2.6164523940154867,0.0196927794601364,3.918850409561905e-07,2.74721855425303e-09,1.0253485535886811e-06,2.8089043641448843e-09,50,c_scan
0.7386934673366834,2.5822929867190805,0.0193036633809114,4.1280312533439283e-07,2.8755256105473533e-09,1.0659786154467202e-06,2.891623131896617e-09,50,c_scan
0.7487437185929648,2.5594064849932874,0.0190236677263208,4.272026960581243e-07,2.959261949571416e-09,1.0933853506977796e-06,2.9466474264391482e-09,50,c_scan
0.7587939698492463,2.5254640259510857,0.0186181732233342,4.494327759688449e-07,3.088279163495705e-09,1.1350263077926513e-06,3.031063629516891e-09,50,c_scan
0.7688442211055276,2.5030812870523858,0.0183398924912594,4.64621576432535e-07,3.173202888103957e-09,1.162985573529058e-06,3.0856898202513396e-09,50,c_scan
0.778894472361809,2.469854655169352,0.0179288291520617,4.881170611302691e-07,3.3028935186387406e-09,1.2055781957001783e-06,3.1684225576349115e-09,50,c_scan
0.7889447236180904,2.4481781328264973,0.0176583112525137,5.041434065944283e-07,3.3891524875422803e-09,1.2342328638331372e-06,3.225985345218976e-09,50,c_scan
0.7989949748743719,2.416050993724032,0.0173037126366655,5.288467403503215e-07,3.530815807656466e-09,1.2777206925511094e-06,3.3120016768557597e-09,50,c_scan
0.8090452261306533,2.395084493412233,0.0171105902546684,5.456960975440027e-07,3.635901510709375e-09,1.3069882613432106e-06,3.3687736622205183e-09,50,c_scan
0.8190954773869347,2.364349943111668,0.0167870768941958,5.715569241369119e-07,3.786417966037491e-09,1.3513605810681878e-06,3.451643093319724e-09,50,c_scan
0.8291457286432161,2.344395148649828,0.0165918351082778,5.89164552503218e-07,3.891886801641964e-09,1.381234518644991e-06,3.508180036622518e-09,50,c_scan
0.8391959798994975,2.31489812068464,0.0162292586480487,6.161892006883197e-07,4.031808786875752e-09,1.426415222659562e-06,3.591205912480085e-09,50,c_scan
0.8492462311557789,2.2956442026006,0.0159848032199955,6.34619521367433e-07,4.123214851642014e-09,1.4568606250843151e-06,3.648524462382495e-09,50,c_scan
0.8592964824120604,2.2676080608785742,0.0157040522612523,6.627885594483662e-07,4.284825342202191e-09,1.5029446800632131e-06,3.732237301913319e-09,50,c_scan
0.8693467336683417,2.2494324019655103,0.0154895261284813,6.818625009846768e-07,4.3829684386624435e-09,1.5338036034001717e-06,3.7876676444984446e-09,50,c_scan
0.8793969849246231,2.2229326629656736,0.0152257720808235,7.11114810291597e-07,4.547839119017444e-09,1.5807603389158297e-06,3.876469784321789e-09,50,c_scan
0.8894472361809045,2.2056508694725228,0.0150219563587822,7.309510546267201e-07,4.647464044824986e-09,1.6122228291792825e-06,3.9358366077728645e-09,50,c_scan
0.8994974874371859,2.180325376161462,0.0147261584246485,7.61311207296213e-07,4.799769386832017e-09,1.6599061444240525e-06,4.02160529133725e-09,50,c_scan
0.9095477386934674,2.163869155093333,0.0145112217406206,7.818944216806145e-07,4.893754021941097e-09,1.6919172216142217e-06,4.074423469396294e-09,50,c_scan
0.9195979899497488,2.1400807799033443,0.014243669474361,8.131994689732714e-07,5.051656486911695e-09,1.7403125537773043e-06,4.157871861400983e-09,50,c_scan
0.9296482412060302,2.1247432875360133,0.0140409126290836,8.343746446532332e-07,5.144898551965705e-09,1.7728319255172037e-06,4.213138099592711e-09,50,c_scan
0.9396984924623116,2.1022038462307773,0.0138602884506733,8.666942385273172e-07,5.335695725909912e-09,1.821967961738181e-06,4.299828106636157e-09,50,c_scan
0.949748743718593,2.087651579975185,0.0137204153115747,8.88574254557603e-07,5.454071508992717e-09,1.855033446452452e-06,4.357720465458798e-09,50,c_scan
0.9597989949748744,2.066363070558872,0.0134527273892322,9.219118536834808e-07,5.6034760466961084e-09,1.9050046087620183e-06,4.443681025048059e-09,50,c_scan
0.9698492462311558,2.052775484105419,0.0132788193765302,9.44286270826448e-07,5.700938072174957e-09,1.9384077067298626e-06,4.5024915799197985e-09,50,c_scan
0.9798994974874372,2.032860371915889,0.0130553638504395,9.784669951879912e-07,5.864443201728393e-09,1.989086779745283e-06,4.588776196680497e-09,50,c_scan
0.9899497487437184,2.0199719878936166,0.0129559460846726,1.0014210457178025e-06,5.997133373071076e-09,2.0228424604370934e-06,4.645852127347682e-09,50,c_scan
1.0,2.005864916190028,0.0127489928090318,1.027466155327743e-06,6.094001317833803e-09,2.0609583135445733e-06,4.708296183530878e-09,50,c_scan
-1.0,6.094811436645532,0.0163210817660966,-6.830955358362037e-09,1.7125824333426475e-11,-4.1633384841360026e-08,3.917648437610842e-11,5,c_scan
-0.9899497487437184,6.151333052590286,0.0128141381407291,-6.240511420374396e-09,1.1063318770143404e-11,-3.838746416521617e-08,4.1991864579293206e-11,5,c_scan
-0.9798994974874372,6.20878704512665,0.0129332340513077,-5.696644945273306e-09,9.820042890997892e-12,-3.5369255336899125e-08,4.136122138130487e-11,5,c_scan
-0.9698492462311558,6.238107033663361,0.0119175647348422,-5.4415215438717924e-09,8.425194548876353e-12,-3.394479381665734e-08,3.798967667612971e-11,5,c_scan
-0.9597989949748744,6.2897093325902125,0.0117831163517878,-4.965131479354619e-09,7.618740346521323e-12,-3.12292338032342e-08,3.356349886684282e-11,5,c_scan
-0.949748743718593,6.334448005017238,0.0132102723679986,-4.530969958526188e-09,8.078050280043919e-12,-2.870119361457925e-08,3.1053095983354925e-11,5,c_scan
-0.9396984924623116,6.359069297541309,0.0121044718307762,-4.3254885570154595e-09,6.795109853052561e-12,-2.7506081479783265e-08,2.9566547001947886e-11,5,c_scan
-0.9296482412060302,6.40353122682794,0.0146297934145836,-3.9398152662153695e-09,7.878663328940882e-12,-2.5228730085143557e-08,2.78727020834152e-11,5,c_scan
-0.9195979899497488,6.436255204632736,0.0215189705446629,-3.589916167572394e-09,1.11324236083668e-11,-2.3105616617733027e-08,2.887698881970716e-11,5,c_scan
-0.9095477386934674,6.454929621762149,0.0240476849054578,-3.4252174112406904e-09,1.1982950482297512e-11,-2.2109537328793e-08,2.831420644649658e-11,5,c_scan
-0.8994974874371859,6.495461576511332,0.0244363212089383,-3.110395452383782e-09,1.1006126992560756e-11,-2.0203454148714443e-08,2.5810936000081028e-11,5,c_scan
-0.8894472361809045,6.528539263223395,0.0214990366527498,-2.8223314664885594e-09,8.365697762242385e-12,-1.8425701792801424e-08,2.643603004813999e-11,5,c_scan
-0.8793969849246231,6.542940079414625,0.0222053755780683,-2.688541167333901e-09,8.110126777528377e-12,-1.7590963758905164e-08,2.7355109662645025e-11,5,c_scan
-0.8693467336683417,6.574058938303428,0.0268125798961492,-2.434496205945276e-09,8.876547625796944e-12,-1.6004521542960328e-08,2.9249648667629615e-11,5,c_scan
-0.8592964824120604,6.609435029194001,0.027850113146017,-2.201793744492845e-09,8.045578348467615e-12,-1.455261270191124e-08,3.053527790259129e-11,5,c_scan
-0.8492462311557789,6.625323215517152,0.0278967446928696,-2.0937518146971395e-09,7.501765358209061e-12,-1.3871782505444126e-08,3.068132749757117e-11,5,c_scan
-0.8391959798994975,6.659368113858624,0.0342712359980848,-1.8895091543782787e-09,8.55330692591548e-12,-1.258293701351068e-08,3.0804500042571625e-11,5,c_scan
-0.8291457286432161,6.6969842062545,0.0399247027872631,-1.702582159635667e-09,8.951019890050316e-12,-1.1402165832930742e-08,3.205040886362895e-11,5,c_scan
-0.8190954773869347,6.71786639113904,0.0430805574028987,-1.6148055247530115e-09,9.095524525943188e-12,-1.08480477629639e-08,3.325674449549489e-11,5,c_scan
-0.8090452261306533,6.763944574870815,0.051317625653337,-1.4505702237107711e-09,9.720120552999027e-12,-9.811576595137617e-09,3.4909931877389795e-11,5,c_scan
-0.7989949748743719,6.8212111579894055,0.0609112158769731,-1.2998290751614784e-09,1.039177735032208e-11,-8.866408590970529e-09,3.5269472361284617e-11,5,c_scan
-0.7889447236180904,6.855479763281085,0.065272889883447,-1.229021108959902e-09,1.052760704068558e-11,-8.425529341119889e-09,3.502516828302504e-11,5,c_scan
-0.778894472361809,6.911930715432519,0.0709909707688005,-1.099256520790946e-09,1.0192846962908804e-11,-7.597984910194425e-09,3.356036998963893e-11,5,c_scan
-0.7688442211055276,6.952556545350524,0.0795190345546835,-9.84573091372419e-10,1.0273596505480327e-11,-6.845300090797311e-09,3.205868857402326e-11,5,c_scan
-0.7587939698492463,6.981068519333696,0.0857470323420521,-9.305586262756955e-10,1.0507487896955796e-11,-6.4962935312876674e-09,3.14027159027542e-11,5,c_scan
-0.7487437185929648,7.0469897276961335,0.0911321876406136,-8.29719604512999e-10,9.822998202401168e-12,-5.847025529871202e-09,3.0425938895757465e-11,5,c_scan
-0.7386934673366834,7.108622660236349,0.0954294266723907,-7.395946881809154e-10,9.022899310215543e-12,-5.257499559793293e-09,2.945199080147634e-11,5,c_scan
-0.728643216080402,7.1261511186711735,0.0987049128824771,-6.993627117599952e-10,8.80876056214175e-12,-4.983764370765397e-09,2.871969152816829e-11,5,c_scan
-0.7185929648241206,7.141164321683191,0.0981357967572264,-6.263711588584722e-10,7.739228245975945e-12,-4.473019371771477e-09,2.690796814410264e-11,5,c_scan
-0.7085427135678393,7.159813874609811,0.1102484424109338,-5.599791737792532e-10,7.870065156648131e-12,-4.009346657917235e-09,2.522531570088828e-11,5,c_scan
-0.6984924623115578,7.170815393024989,0.1181575393716017,-5.292082138189495e-10,8.026229615571043e-12,-3.7948544057681845e-09,2.4442999170111523e-11,5,c_scan
-0.6884422110552764,7.190997021886406,0.121416532510897,-4.720191861718297e-10,7.291457649740142e-12,-3.394288562034874e-09,2.3137399182592263e-11,5,c_scan
-0.6783919597989949,7.188946078595853,0.1305503942583635,-4.2170630022045164e-10,7.016841346072719e-12,-3.031623853288981e-09,2.2053758148884715e-11,5,c_scan
-0.6683417085427136,7.17394122501628,0.1373595044642318,-3.991591356156837e-10,7.034298289533587e-12,-2.863544178335217e-09,2.143742953551762e-11,5,c_scan
-0.6582914572864322,7.134503838859508,0.1554327779939169,-3.5762143101375276e-10,7.27803993603525e-12,-2.55145147242605e-09,1.9839024229612108e-11,5,c_scan
-0.6482412060301508,7.107088726467162,0.1687793386456588,-3.1978695215244167e-10,7.146933329803693e-12,-2.2727542425139126e-09,1.825135577270332e-11,5,c_scan
-0.6381909547738693,7.081038087783607,0.1679018212380928,-3.0288721852123753e-10,6.739731033202489e-12,-2.1447559306517193e-09,1.756858178033349e-11,5,c_scan
-0.6281407035175879,7.015307842376779,0.1563405289991209,-2.7208313773176755e-10,5.610015481741426e-12,-1.9087469699081503e-09,1.6141736451152593e-11,5,c_scan
-0.6180904522613065,6.934884697824562,0.1684677376276401,-2.448624193940853e-10,5.552669817274509e-12,-1.6980926453283423e-09,1.4794620672710917e-11,5,c_scan
-0.6080402010050251,6.883476423645663,0.1788440497949281,-2.3265415592025923e-10,5.686799335476384e-12,-1.6014693971402864e-09,1.4105536001461591e-11,5,c_scan
-0.5979899497487438,6.774574746478742,0.196419738678894,-2.0983521419916864e-10,5.780540857439758e-12,-1.4215443430356455e-09,1.2852215674936688e-11,5,c_scan
-0.5879396984924623,6.706734318444489,0.1862981370421127,-1.881125242329224e-10,4.920003006528127e-12,-1.2616207220021612e-09,1.1804271119471096e-11,5,c_scan
-0.5778894472361809,6.658394076732861,0.1894078377058206,-1.7849622701933543e-10,4.788154388234118e-12,-1.1884982207047071e-09,1.1251467159041362e-11,5,c_scan
-0.5678391959798995,6.494664563510069,0.1930993918819704,-1.620022743765163e-10,4.562725022615817e-12,-1.0521504306011955e-09,1.002301455678744e-11,5,c_scan
-0.5577889447236181,6.26097864093218,0.1893553673174008,-1.4855011459104316e-10,4.271655769388487e-12,-9.30069094562549e-10,8.714689359047588e-12,5,c_scan
-0.5477386934673367,6.162750138467734,0.1951744765571983,-1.4188699744695612e-10,4.292159033272997e-12,-8.744141131629997e-10,8.197848471023287e-12,5,c_scan
-0.5376884422110553,6.030534418241079,0.2001907972836894,-1.2824119915899948e-10,4.076201384561865e-12,-7.733629653648552e-10,7.404680694069247e-12,5,c_scan
-0.5276381909547738,5.826680517432936,0.204114725939676,-1.1736258548245088e-10,3.948180347028755e-12,-6.838342903061542e-10,6.681509162886976e-12,5,c_scan
-0.5175879396984925,5.678646401422728,0.2077521336595293,-1.1315392340410707e-10,3.986324604241197e-12,-6.425611199455954e-10,6.3398820232797444e-12,5,c_scan
-0.507537688442211,5.384129674337479,0.2325069373590258,-1.0516569818913844e-10,4.417878379558688e-12,-5.662257563425596e-10,5.665159953393193e-12,5,c_scan
-0.4974874371859297,5.116678962079862,0.2084420469834565,-9.746056272080456e-11,3.842815855215422e-12,-4.986744109060058e-10,5.107071410689284e-12,5,c_scan
-0.4874371859296482,4.984932940364361,0.2005255442556834,-9.385212553647187e-11,3.646564963152058e-12,-4.678465521099701e-10,4.873145668749847e-12,5,c_scan
-0.4773869346733668,4.694711600955432,0.1938478217811877,-8.757019995775188e-11,3.490001981105876e-12,-4.1111683363964476e-10,4.439255106081538e-12,5,c_scan
-0.4673366834170854,4.382387957357949,0.2012338022475313,-8.231457146940453e-11,3.672878656218232e-12,-3.6073438672259856e-10,3.911682410949044e-12,5,c_scan
-0.457286432160804,4.207635988167284,0.2180295603551305,-8.028549725495553e-11,4.071400465257199e-12,-3.3781214757785656e-10,3.597396028629257e-12,5,c_scan
-0.4472361809045225,3.88274448451503,0.2178882820728813,-7.632987466040602e-11,4.212878767121078e-12,-2.9636939984141505e-10,3.005682817170038e-12,5,c_scan
-0.4371859296482412,3.644108334055977,0.1950666820273106,-7.158227403059034e-11,3.762206720882367e-12,-2.60853561365553e-10,2.6482371846959506e-12,5,c_scan
-0.4271356783919597,3.5223818009470023,0.1892909246563066,-6.952547850296339e-11,3.6669854911300116e-12,-2.4489528018097033e-10,2.522558894433428e-12,5,c_scan
-0.4170854271356784,3.229166850029656,0.201134570976273,-6.678307386712205e-11,4.10172253702272e-12,-2.1565368827479238e-10,2.2349630985974084e-12,5,c_scan
-0.4070351758793969,2.9115023407444203,0.2020109657420147,-6.525452982140089e-11,4.479385821715581e-12,-1.8998871631918526e-10,1.9187299172610026e-12,5,c_scan
-0.3969849246231155,2.7803478772325443,0.1941304243883869,-6.423006847719642e-11,4.43788867652428e-12,-1.78581934545074e-10,1.7967752087322658e-12,5,c_scan
-0.3869346733668342,2.5817472761236595,0.1486799719282857,-6.138776969976831e-11,3.476316192213056e-12,-1.5848770720968335e-10,1.6596542667430425e-12,5,c_scan
-0.3768844221105527,2.403031437107068,0.1269155805720699,-5.877281120863083e-11,3.028631096640246e-12,-1.4123291298149856e-10,1.6345278583441304e-12,5,c_scan
-0.3668341708542714,2.312278687292032,0.1275561481045092,-5.772234432724604e-11,3.1098796620675282e-12,-1.3347014656842314e-10,1.5818492038090978e-12,5,c_scan
-0.3567839195979899,2.1215279800025844,0.1278879652217385,-5.629373723306124e-11,3.327297957315925e-12,-1.1942873863885268e-10,1.4145467339302512e-12,5,c_scan
-0.3467336683417085,1.9406651583552657,0.1286330970823728,-5.5385777633515046e-11,3.6119116853319522e-12,-1.0748524892177502e-10,1.2745419389369242e-12,5,c_scan
-0.3366834170854271,1.8113983899447803,0.1083416535254652,-5.4033495415572626e-11,3.161895990788233e-12,-9.787618659885692e-11,1.21099572532167e-12,5,c_scan
-0.3266331658291457,1.75022601332933,0.1086122048861042,-5.3446051540527855e-11,3.2428438556783216e-12,-9.354266971597196e-11,1.2178293201794338e-12,5,c_scan
-0.3165829145728643,1.5976307586233809,0.1168179098414771,-5.337928462888783e-11,3.829876160559197e-12,-8.528038699642343e-11,1.2019066850152185e-12,5,c_scan
-0.3065326633165829,1.4766382443385164,0.1189987836148391,-5.2921038669274976e-11,4.194070385154908e-12,-7.814522962916893e-11,1.1420185729138794e-12,5,c_scan
-0.2964824120603014,1.4350959425941758,0.1133154801009537,-5.236315771690681e-11,4.0645596155004636e-12,-7.514615518095185e-11,1.0875738626855063e-12,5,c_scan
-0.2864321608040201,1.3801393705509009,0.1114236224848139,-5.082159491255056e-11,4.033968948062382e-12,-7.014088401300038e-11,1.034450094975338e-12,5,c_scan
-0.2763819095477386,1.323309645587322,0.1038485947340275,-4.9910669147981006e-11,3.829004151950519e-12,-6.604726990124085e-11,1.0913335130357826e-12,5,c_scan
-0.2663316582914573,1.297015116737373,0.0998077002102809,-4.948859539545524e-11,3.71112334502807e-12,-6.418745633400499e-11,1.108355337449551e-12,5,c_scan
-0.2562814070351759,1.2323539544833313,0.1052557851130695,-4.911783026166815e-11,4.110558534412229e-12,-6.053055235860777e-11,1.033099102661805e-12,5,c_scan
-0.2462311557788944,1.1796184186646157,0.099707295919038,-4.882511734394606e-11,4.042883029682152e-12,-5.759500771237996e-11,9.775702600583922e-13,5,c_scan
-0.2361809045226131,1.1523125649948405,0.0934564223840167,-4.9025282256352114e-11,3.880700098966153e-12,-5.6492448746413135e-11,9.977048630622613e-13,5,c_scan
-0.2261306532663316,1.106472780113558,0.0827496850674018,-4.9508619661275585e-11,3.572871879199254e-12,-5.477994003619636e-11,1.0749372155992093e-12,5,c_scan
-0.2160804020100502,1.0944547657992696,0.0854353771097883,-4.854068577833695e-11,3.6532025307820535e-12,-5.3125584885265686e-11,1.101021335267089e-12,5,c_scan
-0.2060301507537688,1.0813650721317276,0.0909966027104857,-4.8278354057054486e-11,3.940664029567267e-12,-5.220652581730781e-11,1.0682986105545532e-12,5,c_scan
-0.1959798994974874,1.0531169413136712,0.0854372634794657,-4.8126887279878246e-11,3.7913531345146246e-12,-5.06832403271332e-11,9.824376696076228e-13,5,c_scan
-0.185929648241206,1.0546321043440618,0.072065409936062,-4.726313875762664e-11,3.0861352876217645e-12,-4.9845223485861176e-11,1.0038804750994972e-12,5,c_scan
-0.1758793969849246,1.057402427087199,0.072463523403727,-4.684500622484146e-11,3.0500641383422577e-12,-4.9534023279062296e-11,1.0589790096776533e-12,5,c_scan
-0.1658291457286431,1.030152690041314,0.0823454815646424,-4.7291768577848626e-11,3.626264006064549e-12,-4.871774261728205e-11,1.100244756443659e-12,5,c_scan
-0.1557788944723618,0.9891935856521415,0.0856020131357118,-4.8313318516083104e-11,4.050564260010995e-12,-4.779122477767825e-11,1.0245848889313996e-12,5,c_scan
-0.1457286432160803,0.9853907505277636,0.0849196206033362,-4.815195620951345e-11,4.0229584030873534e-12,-4.7448492268672473e-11,1.0027588648151368e-12,5,c_scan
-0.135678391959799,1.0035239059365846,0.0896415526382297,-4.6945872449904296e-11,4.073484904730627e-12,-4.711130528852866e-11,9.99682349918047e-13,5,c_scan
-0.1256281407035175,1.0151595697813902,0.0949860554720795,-4.627226534707513e-11,4.200566456956825e-12,-4.6973732982547126e-11,1.0649746852092157e-12,5,c_scan
-0.1155778894472361,1.016219296756604,0.0916197913659256,-4.608889841062731e-11,4.01848443793207e-12,-4.683642793113425e-11,1.0744890625422725e-12,5,c_scan
-0.1055276381909547,1.0063513501114565,0.0930859680894448,-4.6074072421244177e-11,4.139826552760374e-12,-4.6366704986252105e-11,1.018663340018288e-12,5,c_scan
-0.0954773869346733,0.9947024096259032,0.0917511532784362,-4.6506148985480224e-11,4.180719464178725e-12,-4.6259778458278433e-11,9.557765414277244e-13,5,c_scan
-0.085427135678392,1.0008909606266738,0.0889008027076432,-4.6271586964988615e-11,3.996123299002674e-12,-4.6312813127108135e-11,9.612912587318712e-13,5,c_scan
-0.0753768844221105,1.0198900602318737,0.0830211808382323,-4.5465515947414496e-11,3.555731287061601e-12,-4.6369827798081776e-11,1.0471081696087818e-12,5,c_scan
-0.0653266331658291,1.024071323387662,0.08145410159317,-4.513064375773318e-11,3.4180908860292524e-12,-4.6216998078318936e-11,1.1229216035942088e-12,5,c_scan
-0.0552763819095477,1.0105654576246033,0.0869892777234877,-4.5575455105816355e-11,3.768818757494511e-12,-4.6056980645458857e-11,1.1009715818098256e-12,5,c_scan
-0.0452261306532663,0.9910083220527768,0.09750688946792,-4.621156303018278e-11,4.439704440430447e-12,-4.579604353797756e-11,9.723412983802628e-13,5,c_scan
-0.0351758793969849,0.9952261221607498,0.0842503949694688,-4.6105246828654434e-11,3.774373040938769e-12,-4.588514601254596e-11,9.89064503991612e-13,5,c_scan
-0.0251256281407035,1.0023714689028091,0.0860656201939564,-4.5988455332344e-11,3.804663656085161e-12,-4.609751552405288e-11,1.059130855602096e-12,5,c_scan
-0.015075376884422,1.0048597670468469,0.109455695843403,-4.650301032161084e-11,4.886606851056195e-12,-4.672900411875097e-11,1.3404157958819985e-12,5,c_scan
-0.0050251256281407,0.992811444499009,0.1912332474766736,-4.659803603508664e-11,8.689470861628913e-12,-4.626306346681125e-11,2.2321194827649024e-12,5,c_scan
0.0050251256281406,0.9832422994159588,0.1966240506529051,-4.4856425081718716e-11,8.685837319806916e-12,-4.41047345409288e-11,2.203034581088252e-12,5,c_scan
0.015075376884422,0.9996644367556938,0.1125438752076097,-4.4602451697027446e-11,4.8629831067416994e-12,-4.4587484753631984e-11,1.250991928368835e-12,5,c_scan
0.0251256281407035,1.012674498898653,0.0889491312544607,-4.481005219971402e-11,3.785053943357415e-12,-4.537799715696786e-11,1.0929877865179994e-12,5,c_scan
0.0351758793969849,1.0024715779168087,0.0851296452827504,-4.517568413396174e-11,3.680074090679102e-12,-4.5287339357243966e-11,1.0863367473934498e-12,5,c_scan
0.0452261306532664,0.9746488311022926,0.0840271781876485,-4.6296126703467646e-11,3.847839712982837e-12,-4.512246577609838e-11,1.033653815887755e-12,5,c_scan
0.0552763819095476,0.986721313410598,0.0792184846034433,-4.5936356470030276e-11,3.54769146346229e-12,-4.532638198940569e-11,9.94134502072676e-13,5,c_scan
0.0653266331658291,0.99761748506795,0.0780131488989828,-4.5596676568827715e-11,3.424592701931585e-12,-4.548804180605063e-11,9.905700300016004e-13,5,c_scan
0.0753768844221105,1.0121409827357044,0.0777076255483789,-4.485328289814108e-11,3.289745559198809e-12,-4.539784583144708e-11,1.0302892014288317e-12,5,c_scan
0.085427135678392,0.9961148459977563,0.084315640188518,-4.515836217932402e-11,3.681123724358063e-12,-4.4982914987768246e-11,1.0256221654535813e-12,5,c_scan
0.0954773869346734,0.99140983278898,0.0886652536938702,-4.5254184049829635e-11,3.916439272683948e-12,-4.486544304184332e-11,1.0118484821555333e-12,5,c_scan
0.1055276381909549,0.986882335029891,0.0867405120571401,-4.514919282555047e-11,3.845808997515204e-12,-4.455694084039405e-11,9.655877452583205e-13,5,c_scan
0.1155778894472361,0.993108954221991,0.080218394643109,-4.47277858945514e-11,3.474856417795737e-12,-4.4419564674403055e-11,9.822900900195149e-13,5,c_scan
0.1256281407035175,0.9976001745925124,0.0751920784425268,-4.4518239338075356e-11,3.188433215856961e-12,-4.4411403336215225e-11,1.0429968504461608e-12,5,c_scan
0.135678391959799,0.993720120372516,0.0803813758447079,-4.432485140274834e-11,3.4108178972583428e-12,-4.404649667143296e-11,1.098263142584151e-12,5,c_scan
0.1457286432160804,0.9716399513953492,0.082074262573705,-4.4608862545224615e-11,3.619879389122717e-12,-4.3343753035243856e-11,1.0167802684620153e-12,5,c_scan
0.1557788944723619,0.9664178646674072,0.0847822455055183,-4.4583686471686624e-11,3.775229151217722e-12,-4.3086471078968557e-11,9.88181594115856e-13,5,c_scan
0.1658291457286431,0.9733360785245244,0.0902316340550404,-4.401860948819785e-11,3.947365446337749e-12,-4.284490074134491e-11,1.0069388601276503e-12,5,c_scan
0.1758793969849246,0.9514652630940712,0.0881097426016113,-4.417074468282623e-11,3.928513468908432e-12,-4.202692921070631e-11,1.0840648001744712e-12,5,c_scan
0.185929648241206,0.9375892298540042,0.0838107160335001,-4.4121221883198633e-11,3.764711306778125e-12,-4.136758244568584e-11,1.1021800761811314e-12,5,c_scan
0.1959798994974875,0.9089767465100655,0.0813008531300293,-4.3780210709363677e-11,3.735110486631396e-12,-3.979519349212253e-11,1.068740343394033e-12,5,c_scan
0.2060301507537689,0.8731949861957196,0.0843071934134244,-4.370578310170175e-11,4.056619984314218e-12,-3.8163670672163566e-11,1.0147796252107897e-12,5,c_scan
0.2160804020100502,0.8717728913212927,0.0828673905044868,-4.3044476624273615e-11,3.922511972757621e-12,-3.7525007842154797e-11,1.0149482035724049e-12,5,c_scan
0.2261306532663316,0.8504287631215055,0.0752711865683381,-4.237784852328388e-11,3.5293591291255626e-12,-3.603934130340683e-11,1.0799111874632382e-12,5,c_scan
0.2361809045226131,0.7914534250740076,0.0706701337669939,-4.278514286450551e-11,3.562957286180016e-12,-3.3862447862393624e-11,1.0910682352560197e-12,5,c_scan
0.2462311557788945,0.7582775897436523,0.0713819997866065,-4.2747179162329194e-11,3.771117731986954e-12,-3.241422798355106e-11,1.0648310527679657e-12,5,c_scan
0.256281407035176,0.6940361573031146,0.0634400477336529,-4.1810452220324905e-11,3.526463802519729e-12,-2.9017965594099774e-11,1.0224014424115995e-12,5,c_scan
0.2663316582914572,0.6232278652026317,0.0594907472931947,-4.079867958768995e-11,3.534236459965052e-12,-2.5426873982522192e-11,1.0195235734790406e-12,5,c_scan
0.2763819095477386,0.5784291495018636,0.0559695031687143,-4.054597875433711e-11,3.482157560343321e-12,-2.3452976006591847e-11,1.0454517686675953e-12,5,c_scan
0.2864321608040201,0.4680704861967464,0.0476243938500599,-4.0171225382313436e-11,3.3587647012711577e-12,-1.880296499581853e-11,1.0901594041141873e-12,5,c_scan
0.2964824120603015,0.3225036595723201,0.0384316575881374,-3.988145036613042e-11,3.4903037405966697e-12,-1.2861913692128907e-11,1.0402619375207524e-12,5,c_scan
0.306532663316583,0.2414697865982882,0.0334332322359226,-3.970922326882024e-11,3.684277438235902e-12,-9.588577668705803e-12,9.85433828479297e-13,5,c_scan
0.3165829145728642,0.0629622233091293,0.025224414024708,-3.8310962549466206e-11,3.760118361558704e-12,-2.4121433792271847e-12,9.36923498770775e-13,5,c_scan
0.3266331658291457,0.1582233115587058,0.0311031849823378,-3.643565088423959e-11,3.3770629889834e-12,5.764969341701276e-12,9.99390033171328e-13,5,c_scan
0.3366834170854271,0.4445085773490276,0.0530691192956574,-3.5008689592272295e-11,3.5017466898269897e-12,1.556166280551467e-11,1.0143230998098153e-12,5,c_scan
0.3467336683417086,0.6176139190042028,0.0708099737451775,-3.457253279684332e-11,3.62627073209607e-12,2.135247747055974e-11,9.8849895836805e-13,5,c_scan
0.35678391959799,1.0272609085901043,0.1184242020905465,-3.376135725213769e-11,3.783365771573471e-12,3.4681722526066076e-11,9.382890039103651e-13,5,c_scan
0.3668341708542713,1.5684331329762793,0.1888243860071081,-3.2065812310252395e-11,3.813566800888057e-12,5.0293082463198515e-11,9.404512856980048e-13,5,c_scan
0.3768844221105527,1.9013828711686624,0.2279016988720859,-3.114481810787082e-11,3.698530457954367e-12,5.921822367596916e-11,9.630336320352176e-13,5,c_scan
0.3869346733668342,2.715197113855159,0.328619370441757,-2.941525870865867e-11,3.541487593196283e-12,7.986822554905285e-11,9.87638555900022e-13,5,c_scan
0.3969849246231156,3.818833857422838,0.4916490759268834,-2.739089558756604e-11,3.5172294956502845e-12,1.04601279454931e-10,9.701896159831145e-13,5,c_scan
0.4070351758793971,4.503774647479324,0.6238166494727186,-2.6253341467367663e-11,3.6302130946794635e-12,1.1823913371234812e-10,9.505705846510936e-13,5,c_scan
0.4170854271356783,6.630380171675395,1.0083869240651993,-2.232354199380688e-11,3.391728778331799e-12,1.4801357019730012e-10,1.0021126856158873e-12,5,c_scan
0.4271356783919597,9.456639556367742,1.840475239032325,-1.9294836791692308e-11,3.753377738597974e-12,1.8246431683797717e-10,1.1092612625794996e-12,5,c_scan
0.4371859296482412,10.95977880076104,2.390636251815551,-1.8404749160953725e-11,4.0132540080163806e-12,2.017119796875452e-10,1.1366528203569205e-12,5,c_scan
0.4472361809045226,15.91109995688255,4.500714880178346,-1.5391459425588936e-11,4.3530725841286736e-12,2.4489504940284764e-10,1.2001705228252257e-12,5,c_scan
0.4572864321608041,25.754082158556105,9.845636787935248,-1.1438471369951362e-11,4.3725628090493184e-12,2.9458733143001915e-10,1.3162930796403122e-12,5,c_scan
0.4673366834170853,34.44390884322343,15.793304992196036,-9.353842921301675e-12,4.288760472773952e-12,3.221829129151457e-10,1.3771672853829677e-12,5,c_scan
0.4773869346733668,94.09801763076126,84.95800504153388,-4.081700370831884e-12,3.685198229069857e-12,3.8407991345802327e-10,1.5065834369274757e-12,5,c_scan
0.4874371859296482,265.6897390056524,545.6949409696275,1.7182726717066045e-12,3.5291204963354018e-12,4.5652741768627265e-10,1.732497375130283e-12,5,c_scan
0.4974874371859297,107.39108911306096,91.23656597692909,4.632119108521513e-12,3.935284557267688e-12,4.97448315965546e-10,1.8720060334715468e-12,5,c_scan
0.5075376884422111,51.80510044258478,20.405386076031306,1.1369029969398228e-11,4.477921461140811e-12,5.889737394994318e-10,2.183384871451287e-12,5,c_scan
0.5175879396984926,34.710198005619084,6.905888649439924,2.001108756660633e-11,3.9806499801307655e-12,6.945888117446875e-10,2.6386663759611908e-12,5,c_scan
0.5276381909547738,30.324480553904603,4.763300673636014,2.483753478236839e-11,3.900306144144478e-12,7.531853405148592e-10,2.831504607563246e-12,5,c_scan
0.5376884422110553,24.87808389673981,2.690440521448748,3.551119388111085e-11,3.8382705297575106e-12,8.834504606476693e-10,3.149894026997426e-12,5,c_scan
0.5477386934673367,21.48321548873989,1.6203928416242666,4.8051337865778477e-11,3.621098395479541e-12,1.032297245892766e-09,3.282129169898944e-12,5,c_scan
0.5577889447236182,20.387282856267,1.405355297715331,5.4650396082401997e-11,3.763720449108041e-12,1.1141730831389554e-09,3.3060877504363184e-12,5,c_scan
0.5678391959798996,18.636288627526977,1.110885940123144,6.943690971048656e-11,4.134796353905185e-12,1.294046290768158e-09,3.4952156259760937e-12,5,c_scan
0.5778894472361809,16.940786923706636,0.7684052729610283,8.839303115064866e-11,4.002942381411627e-12,1.497447506263702e-09,3.8407387199078815e-12,5,c_scan
0.5879396984924623,16.339056697969408,0.7023013029905749,9.850316902613831e-11,4.226893145945943e-12,1.609448863647738e-09,3.995131169521147e-12,5,c_scan
0.5979899497487438,15.540592196072096,0.6364039402088326,1.1938294076523267e-10,4.881167737045612e-12,1.8552815976003117e-09,4.2602219052651335e-12,5,c_scan
0.6080402010050252,14.659821575075895,0.4692178269173571,1.4514641173102408e-10,4.635491571017467e-12,2.1278204982393167e-09,4.514700640401799e-12,5,c_scan
0.6180904522613067,14.243769220331616,0.3959360874949786,1.5966918158733868e-10,4.425897110493816e-12,2.274290974129274e-09,4.731832299012512e-12,5,c_scan
0.6281407035175879,13.421414476083948,0.2931122252628754,1.9296124559618964e-10,4.193972191724549e-12,2.589812854967889e-09,5.522545154245913e-12,5,c_scan
0.6381909547738693,12.733082133318542,0.2152635947596879,2.3097641179168246e-10,3.871508352291554e-12,2.9410416222026982e-09,6.483868171344559e-12,5,c_scan
0.6482412060301508,12.42811290715848,0.1890209571090396,2.5194320291115416e-10,3.79318450309843e-12,3.131178571970962e-09,6.747358714546102e-12,5,c_scan
0.6582914572864322,11.884917677537624,0.1359286966724829,2.9810053905219703e-10,3.351046647603011e-12,3.54290036626495e-09,7.464664261915686e-12,5,c_scan
0.6683417085427137,11.372072047431326,0.1151679413728793,3.518752695202837e-10,3.4624061315733504e-12,4.001550916693983e-09,9.585712122762024e-12,5,c_scan
0.6783919597989949,11.11015683604664,0.1147713679690377,3.8249342246815886e-10,3.834738322184661e-12,4.249561912377491e-09,1.0583041632806983e-11,5,c_scan
0.6884422110552764,10.701179537322448,0.1239812345232983,4.4788369937170147e-10,5.060628827265737e-12,4.7928838788167306e-09,1.2278350218312007e-11,5,c_scan
0.6984924623115578,10.340964453836913,0.1211684756911307,5.220201820211235e-10,5.976705836776451e-12,5.398192146465913e-09,1.3454323495682792e-11,5,c_scan
0.7085427135678393,10.16914105749709,0.1078820898649699,5.628214006458063e-10,5.806635416272654e-12,5.72341021334529e-09,1.4141894472281749e-11,5,c_scan
0.7185929648241207,9.836896650506102,0.0850759034530556,6.536823696272108e-10,5.406312088253261e-12,6.430205912280801e-09,1.626373544994465e-11,5,c_scan
0.728643216080402,9.515967108540709,0.0900117750175559,7.583780631492564e-10,6.9009281180273015e-12,7.216700704767132e-09,1.8639015282920485e-11,5,c_scan
0.7386934673366834,9.3778578778811,0.0935633059136759,8.147380587206145e-10,7.847720604293155e-12,7.640497722382671e-09,1.9868416630412267e-11,5,c_scan
0.7487437185929648,9.162063566487074,0.0950919948160897,9.336340612787078e-10,9.387806582017866e-12,8.554014617273008e-09,2.200179545530912e-11,5,c_scan
0.7587939698492463,8.996481112627823,0.0748585789458303,1.0637543304612246e-09,8.446198555166901e-12,9.570045742470462e-09,2.3816714124342964e-11,5,c_scan
0.7688442211055277,8.901211903547981,0.0627094300719624,1.136406783724166e-09,7.512648864191829e-12,1.0115397590558222e-08,2.463034224155576e-11,5,c_scan
0.778894472361809,8.712352772436105,0.0545030656388312,1.295060514618088e-09,7.56257696350477e-12,1.1283024065005428e-08,2.531802245474452e-11,5,c_scan
0.7889447236180904,8.552305820130695,0.0745821888936089,1.468742606679243e-09,1.241946036848162e-11,1.256113594337682e-08,2.6792294657569494e-11,5,c_scan
0.7989949748743719,8.457621718648046,0.0848681784205253,1.56513659261964e-09,1.5348683406557174e-11,1.3237333238390665e-08,2.814921696427425e-11,5,c_scan
0.8090452261306533,8.230742664233674,0.0859499551108858,1.7825577855713784e-09,1.8242934481717464e-11,1.4671774417164249e-08,3.0457254638496665e-11,5,c_scan
0.8190954773869348,8.027876943394938,0.0826067762203811,2.021660329746965e-09,2.0426800709129087e-11,1.6229640348551875e-08,3.161089694960464e-11,5,c_scan
0.829145728643216,7.923080366431844,0.0857521555050082,2.1524851017530447e-09,2.295292301395768e-11,1.7054312448736597e-08,3.158456911702784e-11,5,c_scan
0.8391959798994975,7.718960159848629,0.0809028130795108,2.436529501762972e-09,2.5204546856558638e-11,1.8807474152404213e-08,3.172208239083349e-11,5,c_scan
0.8492462311557789,7.553243849490402,0.0695674621271592,2.743540364493169e-09,2.4875458740459767e-11,2.0722629383936692e-08,3.3543558966320366e-11,5,c_scan
0.8592964824120604,7.475737032257306,0.0654908916446368,2.907564311402961e-09,2.5052191895584777e-11,2.173618619642484e-08,3.4412807586931567e-11,5,c_scan
0.8693467336683418,7.287155619907802,0.0559363009905723,3.278598291736896e-09,2.4707201176840185e-11,2.3891655967050646e-08,3.487960508149009e-11,5,c_scan
0.879396984924623,7.088061955680556,0.0540508582118293,3.701575021685295e-09,2.784758172617908e-11,2.6236993087304973e-08,3.268543998081684e-11,5,c_scan
0.8894472361809045,6.9983277983515375,0.0482291194294735,3.9265215649509114e-09,2.6676453065292057e-11,2.747908501882274e-08,3.175916641927073e-11,5,c_scan
0.8994974874371859,6.831548137851618,0.0348677009373689,4.407088510551898e-09,2.1990349308974623e-11,3.010723730760808e-08,3.2318025946536973e-11,5,c_scan
0.9095477386934674,6.666966252724174,0.0325221238304638,4.942562848840629e-09,2.356970034252885e-11,3.2951899715188736e-08,3.3848499216790414e-11,5,c_scan
0.9195979899497488,6.594224184383136,0.0322955569251645,5.224639860353608e-09,2.5058987371202895e-11,3.4452446521835895e-08,3.413117533273792e-11,5,c_scan
0.92964824120603,6.461172791031324,0.0234058329612741,5.822292151508187e-09,2.0351793165836168e-11,3.761883563075993e-08,3.5773195730648705e-11,5,c_scan
0.9396984924623116,6.32054617392893,0.0183394651642977,6.488580584213526e-09,1.7883782829336736e-11,4.1011373185780344e-08,3.71932226279383e-11,5,c_scan
0.949748743718593,6.258270016094417,0.0197233984322842,6.8355110853242315e-09,2.0658437726180592e-11,4.277847406996564e-08,3.8228380316221676e-11,5,c_scan
0.9597989949748744,6.143951145489655,0.0274131015282227,7.567847998996004e-09,3.308935580743e-11,4.6496488382323096e-08,4.133108514042924e-11,5,c_scan
0.969849246231156,6.0263542247079975,0.0336594593407608,8.380261485379093e-09,4.6281647614202687e-11,5.0502424206572014e-08,4.2139993964624935e-11,5,c_scan
0.9798994974874372,5.970162065470783,0.0345471181262626,8.809957363655463e-09,5.0495256787149215e-11,5.259687325091083e-08,4.1870211277795075e-11,5,c_scan
0.9899497487437184,5.856746298145578,0.0366248503836055,9.72772589521225e-09,6.043491386337711e-11,5.6972822626159226e-08,4.063200406629058e-11,5,c_scan
1.0,5.746965198807028,0.0278928314979114,1.0728748757087942e-08,5.1576586020180976e-11,6.165774573372855e-08,4.11759658101037e-11,5,c_scan
-1.0,1.872649525009564,0.0002796672777724,-1.2205591815646293e-06,8.030965033198316e-11,-2.285679571603065e-06,3.0643504524229845e-10,60,c_scan
-0.9899497487437184,1.8715973821557368,0.0013047592907575,-1.2040872995054642e-06,1.0347941328840447e-10,-2.2535666376413974e-06,1.559060861498845e-09,60,c_scan
-0.9798994974874372,1.8921678000945807,0.0003458443872177,-1.166696880712335e-06,1.1969609149940038e-10,-2.2075862701546684e-06,3.3393588780623076e-10,60,c_scan
-0.969849246231156,1.906415584151656,0.0003504757793078,-1.1291519497328313e-06,9.830062786259683e-11,-2.1526328738458963e-06,3.485556179083936e-10,60,c_scan
-0.9597989949748744,1.9161225004173272,0.0003796884771517,-1.104483039284748e-06,1.1031426784874771e-10,-2.1163248029028206e-06,3.6219153833971353e-10,60,c_scan
-0.949748743718593,1.930818194000144,0.000392237257646,-1.067998574886155e-06,9.005635955695417e-11,-2.0621110795564127e-06,3.8111612488663886e-10,60,c_scan
-0.9396984924623116,1.9410218414828533,0.0004102113946063,-1.0438620571394593e-06,8.419289788723004e-11,-2.0261590524029127e-06,3.95793608721113e-10,60,c_scan
-0.92964824120603,1.956278735400052,0.0004477109751828,-1.0085767891597e-06,9.023065564341055e-11,-1.9730573256511823e-06,4.15620264902682e-10,60,c_scan
-0.9195979899497488,1.9666295448943727,0.0004578088505106,-9.852798735864736e-07,7.379220339218001e-11,-1.9376805093849524e-06,4.2708738273166935e-10,60,c_scan
-0.9095477386934674,1.9823008497417485,0.0005022039404587,-9.51128639622442e-07,7.903977230643391e-11,-1.88542311053728e-06,4.512325219152001e-10,60,c_scan
-0.8994974874371859,1.9929594001833737,0.0005399091702598,-9.287010805234282e-07,9.012812899358378e-11,-1.8508635483896225e-06,4.68137024873939e-10,60,c_scan
-0.8894472361809045,2.00922971117505,0.0005619262904221,-8.955938455821418e-07,6.689717999023209e-11,-1.7994537636891591e-06,4.849760898673403e-10,60,c_scan
-0.879396984924623,2.020307186958428,0.0006204625585643,-8.738896281744838e-07,1.0524638117264479e-10,-1.765525496409338e-06,4.987849660800735e-10,60,c_scan
-0.8693467336683418,2.0369789714722,0.0006490302550525,-8.418955885151487e-07,9.294241489048467e-11,-1.7149236099805703e-06,5.125694133760145e-10,60,c_scan
-0.8592964824120604,2.0482970328750305,0.0006619798644949,-8.21021394497646e-07,7.30474064846757e-11,-1.6816956862764482e-06,5.224986807033221e-10,60,c_scan
-0.8492462311557789,2.065537066314588,0.0007035512376396,-7.901942548098963e-07,6.407177432349009e-11,-1.6321755228986748e-06,5.3996027567725e-10,60,c_scan
-0.8391959798994975,2.077016990588006,0.0007361293347797,-7.700988238427096e-07,6.048928926008775e-11,-1.5995083415531476e-06,5.52794892221768e-10,60,c_scan
-0.829145728643216,2.09451943128336,0.0007864915662956,-7.405441773386629e-07,6.779639089752939e-11,-1.5510841691595797e-06,5.64856176068383e-10,60,c_scan
-0.8190954773869348,2.1062926434617,0.0008192893316779,-7.212410803146644e-07,5.888860511369245e-11,-1.5191447816291468e-06,5.77740233143672e-10,60,c_scan
-0.8090452261306533,2.1240563671838526,0.0008736210204595,-6.928901183964867e-07,6.056348276821436e-11,-1.471737667738831e-06,5.914964672976667e-10,60,c_scan
-0.7989949748743719,2.1359679770207363,0.0009171833131778,-6.744094539246768e-07,7.395426224903922e-11,-1.4405169969831512e-06,5.980470530623371e-10,60,c_scan
-0.7889447236180904,2.153976407199412,0.0009601441205516,-6.472736931066652e-07,5.416152634119186e-11,-1.3942122639525892e-06,6.104279507061395e-10,60,c_scan
-0.778894472361809,2.1659419047480646,0.0010005389097469,-6.29645113424128e-07,5.519687866486483e-11,-1.3637747362851668e-06,6.18536509296368e-10,60,c_scan
-0.7688442211055277,2.1840507293103704,0.0010584967578055,-6.037102964420803e-07,5.741001341127779e-11,-1.3185339132365054e-06,6.266033084785528e-10,60,c_scan
-0.7587939698492463,2.19624685117066,0.0011064566892,-5.868565846712573e-07,6.857099091228383e-11,-1.2888819261730164e-06,6.316258808879886e-10,60,c_scan
-0.7487437185929648,2.214337114807044,0.0011673509130238,-5.621536939744285e-07,6.078079684511345e-11,-1.244797788793458e-06,6.422806171578551e-10,60,c_scan
-0.7386934673366834,2.226406478961412,0.0012256667584718,-5.460977455021638e-07,7.116997962172657e-11,-1.2158355587322378e-06,6.503078947908376e-10,60,c_scan
-0.728643216080402,2.2446466833068914,0.0012891023074621,-5.225984157557158e-07,6.745140540909732e-11,-1.1730488006275032e-06,6.564489332708093e-10,60,c_scan
-0.7185929648241207,2.256720620945181,0.0013333410915218,-5.07343175997314e-07,6.409082749076405e-11,-1.1449318071689586e-06,6.608183234705145e-10,60,c_scan
-0.7085427135678393,2.274657747419775,0.001392217903751,-4.850993792528722e-07,5.7403626168472576e-11,-1.1034350612860692e-06,6.626214016573205e-10,60,c_scan
-0.6984924623115578,2.286200836186618,0.0014287776625585,-4.70642400564232e-07,3.9104588343595e-11,-1.0759830497148244e-06,6.664739522696181e-10,60,c_scan
-0.6884422110552764,2.3045399030367792,0.0016137925208768,-4.495805752629742e-07,2.7826841109696565e-11,-1.036076375323754e-06,7.22690139815058e-10,60,c_scan
-0.6783919597989949,2.3153217091200995,0.0015402903728915,-4.358994602343977e-07,2.049880277013428e-11,-1.0092474832744346e-06,6.697321481806695e-10,60,c_scan
-0.6683417085427137,2.3326342398485345,0.0016426629358977,-4.15906800081586e-07,3.2006090816888346e-11,-9.701584424561468e-07,6.791031481880405e-10,60,c_scan
-0.6582914572864322,2.3436965710102773,0.0017251103125975,-4.030940748644756e-07,6.469123095353037e-11,-9.447302010544314e-07,6.786517322402848e-10,60,c_scan
-0.6482412060301508,2.36018146299833,0.0018150228310137,-3.842683409122622e-07,6.851681520422295e-11,-9.069430150382444e-07,6.784495565980045e-10,60,c_scan
-0.6381909547738693,2.370631582607177,0.0018929284841138,-3.721008762577526e-07,8.319192354864996e-11,-8.821140891724334e-07,6.761869533703884e-10,60,c_scan
-0.6281407035175879,2.3858182017266776,0.0019782704941866,-3.54516407015975e-07,7.367814233094166e-11,-8.458116966694564e-07,6.789427905511106e-10,60,c_scan
-0.6180904522613067,2.3957018298559785,0.0020266097704945,-3.4306429172968014e-07,6.087033961040206e-11,-8.218797514550399e-07,6.797921358554311e-10,60,c_scan
-0.6080402010050252,2.4091968166259785,0.0021465331392805,-3.266196865087252e-07,7.460303040650995e-11,-7.868911089841957e-07,6.776703433878803e-10,60,c_scan
-0.5979899497487438,2.417845311993318,0.0022008820889505,-3.159795021154273e-07,7.077226479974623e-11,-7.639895578757687e-07,6.740527506429613e-10,60,c_scan
-0.5879396984924623,2.429876760227656,0.0022862052692882,-3.005513724832035e-07,6.533882702227217e-11,-7.30302795251462e-07,6.68528536348592e-10,60,c_scan
-0.5778894472361809,2.4368545373683963,0.0023575661297459,-2.9067332585422546e-07,6.51720179952213e-11,-7.083286129998316e-07,6.666248846979905e-10,60,c_scan
-0.5678391959798996,2.44628478228436,0.002499190706145,-2.763174905100739e-07,7.821631684868145e-11,-6.759512721137968e-07,6.635332006456834e-10,60,c_scan
-0.5577889447236182,2.451463916417294,0.002585653413164,-2.671430744786061e-07,8.590446063105433e-11,-6.548916076050805e-07,6.578541357544949e-10,60,c_scan
-0.5477386934673367,2.458041889337771,0.0026391652895369,-2.538098367220519e-07,7.146506581583813e-11,-6.238752105887837e-07,6.464022956054545e-10,60,c_scan
-0.5376884422110553,2.461413851779517,0.0027101931215786,-2.452604270931476e-07,6.84658960551781e-11,-6.036874125404338e-07,6.42985436523526e-10,60,c_scan
-0.5276381909547738,2.463882383813728,0.0028652436357122,-2.3300755396058805e-07,8.116811751920196e-11,-5.741032074990195e-07,6.369658867728921e-10,60,c_scan
-0.5175879396984926,2.4643128620050367,0.0029353363848124,-2.2514575925807585e-07,8.248403224527107e-11,-5.548295903655658e-07,6.288427378597437e-10,60,c_scan
-0.5075376884422111,2.4630949153620696,0.003083177828244,-2.1379952188361882e-07,9.001957504140566e-11,-5.266085152583829e-07,6.20772166202589e-10,60,c_scan
-0.4974874371859297,2.460840949288083,0.00314507170318,-2.065221277195945e-07,8.816468436949964e-11,-5.082181088264817e-07,6.12220443032216e-10,60,c_scan
-0.4874371859296482,2.45490201514102,0.0032785077085319,-1.9604449720614146e-07,9.22611911930978e-11,-4.812700312486647e-07,6.015043706797122e-10,60,c_scan
-0.4773869346733668,2.4492687187897286,0.0033084515478183,-1.893570734611467e-07,8.417863105400651e-11,-4.6378635670995524e-07,5.91580075600233e-10,60,c_scan
-0.4673366834170853,2.4384066388384027,0.0033909418792371,-1.7968733409642417e-07,8.078886568973629e-11,-4.381507883758947e-07,5.765850890014006e-10,60,c_scan
-0.4572864321608041,2.4298224723248807,0.0035789383354869,-1.7349664468353533e-07,1.0325620428519639e-10,-4.215660461250192e-07,5.679884263760234e-10,60,c_scan
-0.4472361809045226,2.4146111742705765,0.0037178701725873,-1.6452543626538997e-07,1.0778709723085332e-10,-3.972649568581522e-07,5.535524025831752e-10,60,c_scan
-0.4371859296482412,2.402799206407604,0.0037392263239589,-1.5876719814855689e-07,1.0052249012203443e-10,-3.814856977149111e-07,5.423103977834882e-10,60,c_scan
-0.4271356783919597,2.3828331018021283,0.0038592955116794,-1.5044920481195437e-07,1.0045090600793507e-10,-3.584953453657329e-07,5.28995913150589e-10,60,c_scan
-0.4170854271356783,2.367681298133859,0.0039244680798872,-1.4511692137201178e-07,9.987617083861339e-11,-3.43590620775274e-07,5.18090255258183e-10,60,c_scan
-0.4070351758793971,2.343307112906192,0.0040834376930286,-1.3737881887267634e-07,1.0731739465933771e-10,-3.219207634269939e-07,5.014530432581583e-10,60,c_scan
-0.3969849246231156,2.3259252019266183,0.0041457703895889,-1.3233776016592677e-07,1.0632941786581304e-10,-3.078077315364496e-07,4.897383577314692e-10,60,c_scan
-0.3869346733668342,2.2982514611639777,0.0042154002111366,-1.250498794947559e-07,1.045372740813696e-10,-2.87396068267202e-07,4.692015939112486e-10,60,c_scan
-0.3768844221105527,2.278589287713096,0.0042915847074832,-1.203364430393854e-07,1.0694226239365023e-10,-2.741973300310408e-07,4.5532998527799804e-10,60,c_scan
-0.3668341708542713,2.24761772189512,0.0044129445269387,-1.1347287328600625e-07,1.100532925561622e-10,-2.55043640951987e-07,4.3538972189100703e-10,60,c_scan
-0.35678391959799,2.2261200856844123,0.0044961823708618,-1.090685814748982e-07,1.1281630183808824e-10,-2.427997599383776e-07,4.2120294283314206e-10,60,c_scan
-0.3467336683417086,2.192678472559728,0.0045644622871954,-1.025874176817996e-07,1.1053879817763779e-10,-2.2494122230637522e-07,4.0064686327592477e-10,60,c_scan
-0.3366834170854271,2.169760012823004,0.0045494722748912,-9.836942381748513e-08,1.0362777175379056e-10,-2.1343804228361805e-07,3.8694421370801576e-10,60,c_scan
-0.3266331658291457,2.134896375535595,0.0047226566043947,-9.225646698996684e-08,1.1097466840277927e-10,-1.9695799699659945e-07,3.6564991040895886e-10,60,c_scan
-0.3165829145728642,2.0907016046098685,0.0140767929681612,-8.677562630704837e-08,5.51722361278276e-10,-1.8142194116117228e-07,4.0197689513288756e-10,60,c_scan
-0.306532663316583,2.0757535273044154,0.0049227547250847,-8.24349191983893e-08,1.1435990355702647e-10,-1.7111457429911105e-07,3.2913303447698363e-10,60,c_scan
-0.2964824120603015,2.040207349977949,0.0049044460696964,-7.67715708975831e-08,1.069697394181677e-10,-1.5662992321460226e-07,3.068223346473533e-10,60,c_scan
-0.2864321608040201,2.016373398389342,0.0049579307385688,-7.311490660137455e-08,1.0639316343145342e-10,-1.4742695269673298e-07,2.922034488071774e-10,60,c_scan
-0.2763819095477386,1.98051701528013,0.0049980351810874,-6.777418443875613e-08,1.0389456098968536e-10,-1.3422792547769034e-07,2.690800176379563e-10,60,c_scan
-0.2663316582914572,1.9569862683470467,0.0050066941828882,-6.43105097043421e-08,1.0110798485804347e-10,-1.2585478440179698e-07,2.54011343157257e-10,60,c_scan
-0.256281407035176,1.9219873626356456,0.0048550242164508,-5.9277359576232425e-08,8.914795592765336e-11,-1.139303359959278e-07,2.3122931919657662e-10,60,c_scan
-0.2462311557788945,1.8990623995869744,0.0046778458596346,-5.602652997663188e-08,7.765766384446691e-11,-1.0639787645795409e-07,2.1665261201113437e-10,60,c_scan
-0.2361809045226131,1.8657935993971604,0.0044191221191056,-5.13001044107446e-08,6.212621390586393e-11,-9.57154064579733e-08,1.9482638609872647e-10,60,c_scan
-0.2261306532663316,1.8446103910487568,0.0043090677967852,-4.824387888027335e-08,5.5954446731403585e-11,-8.89911602870499e-08,1.8045356098643728e-10,60,c_scan
-0.2160804020100502,1.813476222581348,0.0041513576363442,-4.382567194172775e-08,4.7153659792437714e-11,-7.947681400497382e-08,1.6058771046316186e-10,60,c_scan
-0.2060301507537689,1.7931808722265303,0.0039888059382855,-4.1012003854856615e-08,3.9520812538549916e-11,-7.35419408442096e-08,1.47441743571614e-10,60,c_scan
-0.1959798994974875,1.7637380578589985,0.0036670536933113,-3.694879055268665e-08,2.4299583093605368e-11,-6.516798808963447e-08,1.2853633822822256e-10,60,c_scan
-0.185929648241206,1.7453595134663202,0.0034964581652565,-3.436272172039585e-08,1.4988550225622393e-11,-5.997530326328867e-08,1.1726521824942002e-10,60,c_scan
-0.1758793969849246,1.7186091998500928,0.0034803411471793,-3.0649360772365465e-08,2.021559137084855e-11,-5.267427339291183e-08,1.0085377027737828e-10,60,c_scan
-0.1658291457286431,1.7017545486531866,0.0036068705353662,-2.8295409465940642e-08,2.773908277295737e-11,-4.8151841764668905e-08,9.048473995931904e-11,60,c_scan
-0.1557788944723619,1.677085103721974,0.0045412469989718,-2.49642477557838e-08,4.9816956921707475e-11,-4.186716803684973e-08,7.663120038356288e-11,60,c_scan
-0.1457286432160804,1.6622615999391346,0.0055528429161077,-2.2841730112082e-08,6.42603822899762e-11,-3.796893084148732e-08,6.839236293196809e-11,60,c_scan
-0.135678391959799,1.6422956065533425,0.0076681294521415,-1.9856401441147416e-08,8.612359790103353e-11,-3.2610080848755856e-08,5.63751950775868e-11,60,c_scan
-0.1256281407035175,1.6298754825929598,0.0098939482383004,-1.7977677500814315e-08,1.0487487630712722e-10,-2.9301375792540333e-08,4.919069919727071e-11,60,c_scan
-0.1155778894472361,1.6157813756549244,0.0136930054537134,-1.5324562088887018e-08,1.2754508088029162e-10,-2.4761142013291173e-08,3.951611896432116e-11,60,c_scan
-0.1055276381909549,1.6082201568954668,0.0164159694649393,-1.3686986485210854e-08,1.3808459166062193e-10,-2.2011687552671933e-08,3.417812979035725e-11,60,c_scan
-0.0954773869346734,1.5980972290937272,0.0214841453217654,-1.1403043744484584e-08,1.5235982399309718e-10,-1.822317261129537e-08,2.7058035636819736e-11,60,c_scan
-0.085427135678392,1.5935721602230732,0.025714106981146,-1.0003069215975317e-08,1.6076724701391364e-10,-1.5940612619362706e-08,2.2948888392846e-11,60,c_scan
-0.0753768844221105,1.5883451423402737,0.0327531365525358,-8.076507887751325e-09,1.6616901964381743e-10,-1.282828207058272e-08,1.7765266955970428e-11,60,c_scan
-0.0653266331658291,1.5853490746291468,0.0378861711198455,-6.908091324839579e-09,1.6481976738814226e-10,-1.0951736189288064e-08,1.4896237181481265e-11,60,c_scan
-0.0552763819095476,1.5817443172208518,0.0463833076479122,-5.3384797164947435e-09,1.5639580855227094e-10,-8.444109954164345e-09,1.085774803691533e-11,60,c_scan
-0.0452261306532664,1.578902877133232,0.0527311381236543,-4.398796933674046e-09,1.468062755691185e-10,-6.945273134502791e-09,8.633209659814493e-12,60,c_scan
-0.0351758793969849,1.5699422940144443,0.0604889688156769,-3.142926142458642e-09,1.2101974375566002e-10,-4.934212678009491e-09,6.707052917151922e-12,60,c_scan
-0.0251256281407035,1.5652549709694847,0.0615402433719913,-2.383346069597128e-09,9.363768454454347e-11,-3.730544282977491e-09,5.544806299375284e-12,60,c_scan
-0.015075376884422,1.5633646594857449,0.0517800657733757,-1.3305375280356415e-09,4.3980860122647186e-11,-2.080115349450445e-09,4.3457817737791455e-12,60,c_scan
-0.0050251256281406,1.5720403810989687,0.0386973853543373,-6.70480299285326e-10,1.6310619676832105e-11,-1.054022105207855e-09,3.965837809504698e-12,60,c_scan
0.0050251256281407,1.5515107452774812,0.2082792705259133,3.029130972256841e-10,4.060409038380483e-11,4.69972925230931e-10,3.421340888070388e-12,60,c_scan
0.015075376884422,1.5672149264668322,0.1108828086909919,9.576890715719275e-10,6.772474226839794e-11,1.5009046078816874e-09,3.323694703022985e-12,60,c_scan
0.0251256281407035,1.5941562881223972,0.0889994161642902,1.977713816990887e-09,1.1037888941807214e-10,3.15278491746257e-09,4.366706250865324e-12,60,c_scan
0.0351758793969849,1.6234634583225576,0.0803463176673991,2.678342335717804e-09,1.3251088366204172e-10,4.3481909109161445e-09,5.423988425213201e-12,60,c_scan
0.0452261306532663,1.669595905690009,0.0702950201099929,3.7960460033041915e-09,1.5974570886155508e-10,6.337862864927598e-09,8.403282255716003e-12,60,c_scan
0.0552763819095477,1.7057712416226314,0.0652787246249152,4.583633243427626e-09,1.7530323585610876e-10,7.818629768784311e-09,1.0563158060664084e-11,60,c_scan
0.0653266331658291,1.7626157261131774,0.0556778136004659,5.852221233584798e-09,1.8467477498241387e-10,1.0315217179010024e-08,1.462142958326491e-11,60,c_scan
0.0753768844221105,1.802362932829512,0.0504774533888365,6.762354046046585e-09,1.8912237789509016e-10,1.218821627126404e-08,1.8081734726698608e-11,60,c_scan
0.085427135678392,1.8647585706366,0.0439033913033277,8.230764096030617e-09,1.93340597400618e-10,1.5348387890961095e-08,2.440294459375653e-11,60,c_scan
0.0954773869346733,1.9070790666589856,0.0402671742769944,9.2812849286035e-09,1.9537399680884274e-10,1.7700144199037277e-08,2.913611634517326e-11,60,c_scan
0.1055276381909547,1.9695025758122933,0.0331091280552344,1.0984798198712901e-08,1.8370551317248512e-10,2.16345883471433e-08,3.701616180169074e-11,60,c_scan
0.1155778894472361,2.0122901454545365,0.0291552726901473,1.2187208941334464e-08,1.7526391987120908e-10,2.4524200453242763e-08,4.322966314399857e-11,60,c_scan
0.1256281407035175,2.073819525523422,0.0241376404389789,1.413250792898642e-08,1.624524962588032e-10,2.9308270887746612e-08,5.354287526429852e-11,60,c_scan
0.135678391959799,2.11489639882095,0.0218661824093798,1.5500351097116982e-08,1.57668190296662e-10,3.2781636715753056e-08,6.071045173513031e-11,60,c_scan
0.1457286432160803,2.174269644306233,0.0180436201145812,1.766936297969305e-08,1.4277089068087746e-10,3.841795956097494e-08,7.268874798578945e-11,60,c_scan
0.1557788944723618,2.210214687303581,0.0156823713142441,1.9212643662479185e-08,1.313264602726787e-10,4.246406720474154e-08,8.081398281456006e-11,60,c_scan
0.1658291457286431,2.2627770645234784,0.0130558545516901,2.1649721392394755e-08,1.1792581817315708e-10,4.898849302003415e-08,9.322391030403728e-11,60,c_scan
0.1758793969849246,2.297269994229974,0.0114679835741781,2.33528431900495e-08,1.0758728935637476e-10,5.36477859404585e-08,1.031290443548236e-10,60,c_scan
0.185929648241206,2.347165496460307,0.0093486199095297,2.6044340458463466e-08,9.086970547862443e-11,6.113037730217065e-08,1.174343602069232e-10,60,c_scan
0.1959798994974874,2.378971748200659,0.0083174253359561,2.7917338341893523e-08,8.185388393346411e-11,6.641455920032372e-08,1.2648316519415443e-10,60,c_scan
0.2060301507537688,2.427607617087191,0.0070661322320193,3.084421148509821e-08,6.834373384170767e-11,7.487764274427267e-08,1.4133354972175204e-10,60,c_scan
0.2160804020100502,2.4585667189844647,0.0065074615799256,3.287921350091416e-08,6.136947457975229e-11,8.083574005973224e-08,1.5170337755149368e-10,60,c_scan
0.2261306532663316,2.5065258049916084,0.0056989987177952,3.604167040920949e-08,4.72823772754115e-11,9.033937693568605e-08,1.6776192191964238e-10,60,c_scan
0.2361809045226131,2.537210750193729,0.0053068106253594,3.8236411447269264e-08,3.8142273333637656e-11,9.70138341728421e-08,1.783492298326008e-10,60,c_scan
0.2462311557788944,2.581421981470587,0.0050068200564621,4.1657760342683654e-08,3.023456444904529e-11,1.0753625824743726e-07,1.934196010126587e-10,60,c_scan
0.2562814070351759,2.610748305194585,0.0048213473924658,4.400988060974576e-08,2.1585312380423577e-11,1.1489872121370977e-07,2.04566706901154e-10,60,c_scan
0.2663316582914573,2.6540451963249603,0.0047521111386081,4.7659897603043454e-08,1.6865740540442478e-11,1.2649152229069697e-07,2.2201765336398548e-10,60,c_scan
0.2763819095477386,2.6816413597338387,0.0046965975121792,5.01881340439397e-08,1.4743648565213054e-11,1.3458657602009462e-07,2.32373943003148e-10,60,c_scan
0.2864321608040201,2.7218038098895976,0.0046369226121483,5.411324991312005e-08,1.3700579742190142e-11,1.4728564977903805e-07,2.481325347547158e-10,60,c_scan
0.2964824120603014,2.747487098281257,0.0045902099043124,5.6820810869354544e-08,1.4365691985312194e-11,1.56114444777431e-07,2.5781570790008726e-10,60,c_scan
0.3065326633165829,2.785641537407852,0.0045876781051777,6.101863151163684e-08,2.262618697510444e-11,1.699760344945993e-07,2.7274598002975187e-10,60,c_scan
0.3165829145728643,2.8100206155710183,0.0046483460284688,6.391067031423075e-08,3.183026552424872e-11,1.7959030113795108e-07,2.8329437551376003e-10,60,c_scan
0.3266331658291457,2.8456600509333567,0.0046636721649152,6.842368538948065e-08,3.850260348982309e-11,1.947105480504774e-07,2.9970626964961216e-10,60,c_scan
0.3366834170854271,2.868443271431059,0.0046244520260518,7.154233785833812e-08,3.9525987383213e-11,2.052151376521975e-07,3.1081062052152203e-10,60,c_scan
0.3467336683417085,2.8999578399594044,0.0045940582602732,7.642255886154698e-08,4.4161271692989586e-11,2.2162219872030226e-07,3.268992399490258e-10,60,c_scan
0.3567839195979899,2.9294437247088765,0.0045242798864735,8.15517119748896e-08,4.782496774132324e-11,2.389011508841061e-07,3.4132881686448407e-10,60,c_scan
0.3668341708542714,2.9474013736903664,0.0045322021502233,8.511068977312393e-08,5.3872499934265417e-11,2.508553639530401e-07,3.5154251617145876e-10,60,c_scan
0.3768844221105527,2.9715493581610914,0.0044928515768587,9.073134285168914e-08,5.980631850119634e-11,2.696126636160308e-07,3.6686358309490876e-10,60,c_scan
0.3869346733668342,2.986161447622352,0.0044461699118395,9.464105303153817e-08,6.211090351552277e-11,2.8261346392516176e-07,3.7770900424450094e-10,60,c_scan
0.3969849246231155,3.005293363360015,0.0043941845258305,1.0080756048247256e-07,6.821067045282776e-11,3.0295629249448804e-07,3.9268005043338877e-10,60,c_scan
0.4070351758793969,3.015903126730437,0.0043283056948021,1.0512480786195716e-07,7.084076969985877e-11,3.17046236727813e-07,4.0173417243575484e-10,60,c_scan
0.4170854271356784,3.028395568062256,0.0040927043612316,1.1195367361948088e-07,6.464148062203685e-11,3.390400090175243e-07,4.1426938364607404e-10,60,c_scan
0.4271356783919597,3.0342338413315773,0.0039292224547768,1.1676826510456861e-07,5.811479889714208e-11,3.543022215738591e-07,4.23570052325449e-10,60,c_scan
0.4371859296482412,3.0391930432238623,0.0038298183683802,1.2439954131559728e-07,6.271375048059884e-11,3.780742205466027e-07,4.3664087221734997e-10,60,c_scan
0.4472361809045225,3.04046114621728,0.0037324252371156,1.2976305478439624e-07,6.302693458324574e-11,3.945395262864209e-07,4.4480782572471565e-10,60,c_scan
0.457286432160804,3.038087952687127,0.003624561483235,1.3830764008220477e-07,6.702537595108181e-11,4.201907750983335e-07,4.580845800595412e-10,60,c_scan
0.4673366834170854,3.034433421683465,0.0035205170633411,1.4429561978549648e-07,6.667405603487257e-11,4.378554512796403e-07,4.65968398137599e-10,60,c_scan
0.4773869346733668,3.025764735470436,0.0033589685664572,1.5380546078179105e-07,6.411478008894008e-11,4.6537913935632453e-07,4.788211016859177e-10,60,c_scan
0.4874371859296482,3.017910355937509,0.0031894183801868,1.6048343764567666e-07,5.278646187719331e-11,4.84324628427339e-07,4.864269708190277e-10,60,c_scan
0.4974874371859297,3.0028367016688065,0.0030373405321017,1.7108221774130705e-07,5.1675823799594807e-11,5.137319624364911e-07,4.95924890188384e-10,60,c_scan
0.507537688442211,2.990830682520916,0.0029670323923039,1.7852740409847216e-07,5.7050143698788395e-11,5.339452378485208e-07,5.014626566149918e-10,60,c_scan
0.5175879396984925,2.970579123340288,0.0028114824627342,1.9026825450868618e-07,5.4914625187986864e-11,5.652069046778998e-07,5.094561342507254e-10,60,c_scan
0.5276381909547738,2.955486272336113,0.0027702919181695,1.9850171230220002e-07,6.500088494256166e-11,5.866690857443646e-07,5.152596560703725e-10,60,c_scan
0.5376884422110553,2.930756175074043,0.0027670214551027,2.1146820891889645e-07,9.036460698506315e-11,6.197617591209033e-07,5.217728926289672e-10,60,c_scan
0.5477386934673367,2.9131423633267324,0.0026362464195565,2.205311681492086e-07,8.459951578540203e-11,6.424386883693906e-07,5.265534122776682e-10,60,c_scan
0.5577889447236181,2.885336633936453,0.002422846075283,2.3476271329989642e-07,6.808512568040179e-11,6.773694569665113e-07,5.337925680720753e-10,60,c_scan
0.5678391959798995,2.8657180299161777,0.0023261330598697,2.4465830620176845e-07,6.6283193584934e-11,7.011217192511609e-07,5.364727933373998e-10,60,c_scan
0.5778894472361809,2.835062228931988,0.0022068694177602,2.602266349635393e-07,6.760951792805772e-11,7.377587037472025e-07,5.413543172995155e-10,60,c_scan
0.5879396984924623,2.8139723874299207,0.0021276502942964,2.710343368900423e-07,6.774359001249996e-11,7.626831400539575e-07,5.442469532993825e-10,60,c_scan
0.5979899497487438,2.781485051377644,0.0020274077084579,2.8794881240386294e-07,7.351621508379133e-11,8.009253172632903e-07,5.468057572454758e-10,60,c_scan
0.6080402010050251,2.759234022236128,0.0019189727685071,2.996868846508944e-07,6.374768950187518e-11,8.269062481467016e-07,5.475314111107015e-10,60,c_scan
0.6180904522613065,2.725326203108364,0.0018055428280692,3.179978839525926e-07,6.2968489199094e-11,8.666479656690131e-07,5.479128088212768e-10,60,c_scan
0.6281407035175879,2.7027167226537414,0.001744072567251,3.3064294848001013e-07,6.793673922414812e-11,8.936342260844629e-07,5.466524035560198e-10,60,c_scan
0.6381909547738693,2.66864641817556,0.0016277575874247,3.503008961376139e-07,6.330901011641552e-11,9.34829231761332e-07,5.44600576664689e-10,60,c_scan
0.6482412060301508,2.645711957916183,0.001576051037519,3.638945998706705e-07,6.79811663491888e-11,9.627602942989576e-07,5.445842646571635e-10,60,c_scan
0.6582914572864322,2.611487901645784,0.0015061548166769,3.849776478499807e-07,7.596739380401932e-11,1.0053644697642754e-06,5.448412108240337e-10,60,c_scan
0.6683417085427136,2.589751240505807,0.0015484072712696,3.994725694970693e-07,7.376553253485373e-11,1.0345345824030774e-06,5.883071528757744e-10,60,c_scan
0.6783919597989949,2.55469903682716,0.0013723021015973,4.220300979670955e-07,8.124321144381662e-11,1.0781598847886106e-06,5.406848814076893e-10,60,c_scan
0.6884422110552764,2.5322432662746275,0.0013343036863648,4.375010119055787e-07,9.297197327197068e-11,1.1078589913862373e-06,5.341803429626254e-10,60,c_scan
0.6984924623115578,2.498932331282853,0.0012798569801532,4.614124364302861e-07,1.0491816350145811e-10,1.1530384554516363e-06,5.291499198326245e-10,60,c_scan
0.7085427135678393,2.476820931919619,0.0012401032563395,4.77832805653902e-07,1.1254235152469815e-10,1.1835062950014635e-06,5.229050726626307e-10,60,c_scan
0.7185929648241206,2.444085736865881,0.0011390647346363,5.031845419254548e-07,1.0226110152701992e-10,1.2298261619313962e-06,5.157951765099472e-10,60,c_scan
0.728643216080402,2.4225058650889206,0.001097093136516,5.205640139555375e-07,1.0662055093922915e-10,1.2610693769615202e-06,5.093626219769735e-10,60,c_scan
0.7386934673366834,2.3906027233179303,0.0010273786093421,5.473342730146205e-07,1.0669518561829287e-10,1.3084588036339912e-06,5.011433770524995e-10,60,c_scan
0.7487437185929648,2.369757519583388,0.0009978052246663,5.656445698773696e-07,1.1450731023275768e-10,1.340440472878408e-06,4.94891473345026e-10,60,c_scan
0.7587939698492463,2.339019775019619,0.0009443297544034,5.938341728955787e-07,1.2011545182162848e-10,1.3889898734851783e-06,4.85319124359678e-10,60,c_scan
0.7688442211055276,2.319014522944045,0.0009072779764975,6.129940549402186e-07,1.2277958345108608e-10,1.4215421158847266e-06,4.777443619779641e-10,60,c_scan
0.778894472361809,2.2893623984572185,0.0008641761127221,6.425877932584593e-07,1.3255736111781376e-10,1.4711163315935175e-06,4.6505155899552727e-10,60,c_scan
0.7889447236180904,2.2701282881023515,0.0008276173364788,6.627020548738115e-07,1.3415203645045755e-10,1.5044186813525964e-06,4.5614296900878625e-10,60,c_scan
0.7989949748743719,2.2417887045226443,0.0007416971051195,6.935942654723619e-07,1.1603776359103928e-10,1.5548917898576212e-06,4.438203999881035e-10,60,c_scan
0.8090452261306533,2.2234377189856627,0.0007082100628644,7.145844196338835e-07,1.1473590670265992e-10,1.5888339520134556e-06,4.3707279549881055e-10,60,c_scan
0.8190954773869347,2.196605216137975,0.0006440887100379,7.467190301117234e-07,1.02703055303595e-10,1.6402469165329014e-06,4.2476062192095054e-10,60,c_scan
0.8291457286432161,2.179149486356156,0.0006198871146531,7.685742658526529e-07,1.0654983444894948e-10,1.6748382166593683e-06,4.1602113824030796e-10,60,c_scan
0.8391959798994975,2.1535932231144312,0.0006080529235437,8.01968501640759e-07,1.2762465146097302e-10,1.7271139302847734e-06,4.0280104967428095e-10,60,c_scan
0.8492462311557789,2.1369729487245985,0.0005521008766109,8.24665793152131e-07,1.0858599788507282e-10,1.762288491704619e-06,3.9172933643102146e-10,60,c_scan
0.8592964824120604,2.112784156007665,0.0005104522501888,8.592961479431343e-07,1.0755627604702462e-10,1.815507286692673e-06,3.7517529474295525e-10,60,c_scan
0.8693467336683417,2.097124014930132,0.0004796414488334,8.827062811803774e-07,1.0347789387488804e-10,1.851144540393039e-06,3.6353976972313585e-10,60,c_scan
0.8793969849246231,2.0742732576343768,0.0004214759067784,9.185254267048196e-07,8.549145879878643e-11,1.905272729071012e-06,3.441332240827679e-10,60,c_scan
0.8894472361809045,2.059537038428199,0.0003905787258047,9.426981634121268e-07,7.744548719511742e-11,1.941521783605514e-06,3.3185661805934683e-10,60,c_scan
0.8994974874371859,2.0380081757462185,0.000404465385529,9.79586907755516e-07,1.1604493444255432e-10,1.9964061268596983e-06,3.17882164264404e-10,60,c_scan
0.9095477386934674,2.023895008070356,0.0004254889050522,1.0046267204298805e-06,1.4517327638062672e-10,2.033259004452128e-06,3.1047126139301464e-10,60,c_scan
0.9195979899497488,2.003414974139357,0.0004066852495144,1.0426768683935664e-06,1.5326047959877446e-10,2.0889144513284023e-06,2.9246333025336815e-10,60,c_scan
0.9296482412060302,1.990173353822704,0.0003679886196421,1.0683753772110416e-06,1.3741511781140532e-10,2.126252207605695e-06,2.8244583216037333e-10,60,c_scan
0.9396984924623116,1.9709457147361904,0.0003366529271496,1.1074151752772524e-06,1.3184563554761503e-10,2.182655194146528e-06,2.673259619909022e-10,60,c_scan
0.949748743718593,1.958504056488304,0.000310739489624,1.1337920641089651e-06,1.2289540621728386e-10,2.2205363567716554e-06,2.5727981095468647e-10,60,c_scan
0.9597989949748744,1.9403525821498764,0.0003063298082894,1.1738848342380105e-06,1.3614204724725536e-10,2.277750469260303e-06,2.4398120770053766e-10,60,c_scan
0.9698492462311558,1.928694051154572,0.0002856044601862,1.2008135826765247e-06,1.2938024145470808e-10,2.316002013453821e-06,2.3527075251910544e-10,60,c_scan
0.9798994974874372,1.9115613908386555,0.0002667301137187,1.2419195840840617e-06,1.2859704978629374e-10,2.374005527461493e-06,2.220436731061595e-10,60,c_scan
0.9899497487437184,1.9006215970282,0.0002508440330212,1.269359866078511e-06,1.2172543597860624e-10,2.412572775869641e-06,2.1877183726357622e-10,60,c_scan
1.0,1.8885842098226409,0.0002511632835476,1.300489744486896e-06,1.2889597191862594e-10,2.456084396474232e-06,2.1778889035883198e-10,60,c_scan
-1.0,1.8275622287280064,0.0094584745878107,-1.3730568857735529e-06,7.10294845199594e-09,-2.50934690233465e-06,3.9285842821875647e-10,70,c_scan
-0.9899497487437184,1.8196457410553093,0.005717498577395,-1.3634856370213745e-06,4.2381628513665796e-09,-2.481060832396029e-06,1.1397862826122515e-09,70,c_scan
-0.9798994974874372,1.8180248064603013,0.0003216916854503,-1.3350643399109431e-06,3.164848002068323e-11,-2.427180088178643e-06,4.256074552064124e-10,70,c_scan
-0.969849246231156,1.830917264197144,0.0003875270416905,-1.2940881418764234e-06,1.2376539904093708e-10,-2.369368320354346e-06,4.473778220895768e-10,70,c_scan
-0.9597989949748744,1.839686340394612,0.0004658419468397,-1.267123251861401e-06,2.0162770803601736e-10,-2.3311093380458213e-06,4.5917222666952336e-10,70,c_scan
-0.949748743718593,1.8530472557489093,0.0005824116296827,-1.22710993810101e-06,2.8503807364320737e-10,-2.2738927033002912e-06,4.814439643150134e-10,70,c_scan
-0.9396984924623116,1.862357990231811,0.0006633426307571,-1.2005749986814729e-06,3.3153630963767905e-10,-2.235900441666987e-06,5.030008498800639e-10,70,c_scan
-0.92964824120603,1.876449584504883,0.0008015339022385,-1.1616514486407742e-06,4.0866284790922525e-10,-2.179780378141476e-06,5.281255150298343e-10,70,c_scan
-0.9195979899497488,1.8859887663200168,0.0009138454774601,-1.1359395259084872e-06,4.709523083608581e-10,-2.142369185082293e-06,5.372872655249323e-10,70,c_scan
-0.9095477386934674,1.900518785147603,0.0010760837445813,-1.09814703016398e-06,5.48373523234119e-10,-2.0870490596806954e-06,5.569935795248633e-10,70,c_scan
-0.8994974874371859,1.9106809122886657,0.0014223555808177,-1.073109669905913e-06,7.400948695454222e-10,-2.0503701630816186e-06,5.745326624919413e-10,70,c_scan
-0.8894472361809045,1.9246908778320029,0.0012419806516464,-1.0369135537915363e-06,5.943851607237173e-10,-1.995738058082933e-06,5.913912979871006e-10,70,c_scan
-0.879396984924623,1.9356477760833248,0.00157461603837,-1.0124034754747783e-06,7.620244202129756e-10,-1.9596565358017832e-06,6.046873411319202e-10,70,c_scan
-0.8693467336683418,1.9508405364594583,0.0015925113194133,-9.769428258131482e-07,7.301433087475744e-10,-1.9058596663995413e-06,6.257750742643159e-10,70,c_scan
-0.8592964824120604,1.9611912843897696,0.0016824104545379,-9.537383441056606e-07,7.511228064819542e-10,-1.870463328048353e-06,6.361325090185365e-10,70,c_scan
-0.8492462311557789,1.9771419012785216,0.0018580691393108,-9.194016456566012e-07,7.976838669132631e-10,-1.8177875177320943e-06,6.56488395438081e-10,70,c_scan
-0.8391959798994975,1.9876656227048808,0.0019817683612315,-8.968980681222137e-07,8.294691615038514e-10,-1.782733457076945e-06,6.6413255586647e-10,70,c_scan
-0.829145728643216,2.0037196824135832,0.0023045064363151,-8.638953809727141e-07,9.3367924278632e-10,-1.7310041784012083e-06,6.80795952864936e-10,70,c_scan
-0.8190954773869348,2.0148549058035394,0.00242408670327,-8.42153683323888e-07,9.533919800556042e-10,-1.696817480285656e-06,6.910116443587343e-10,70,c_scan
-0.8090452261306533,2.0316460992618417,0.0027010526918179,-8.101842718317829e-07,1.0202536993343006e-09,-1.6460077155503371e-06,7.017126789022691e-10,70,c_scan
-0.7989949748743719,2.063020088725265,0.0041460420428153,-7.816189335012134e-07,1.5326164689536951e-09,-1.6124955615410204e-06,7.10319294150761e-10,70,c_scan
-0.7889447236180904,2.0596644975862834,0.0030575331750164,-7.587244314122306e-07,1.0707210940592616e-09,-1.5627177748311106e-06,7.198088849145691e-10,70,c_scan
-0.778894472361809,2.092125881262204,0.0040475960901912,-7.312960447707574e-07,1.371724608357205e-09,-1.529963382129585e-06,7.250357026727093e-10,70,c_scan
-0.7688442211055277,2.0884226275191176,0.0035490577942751,-7.092686761005986e-07,1.1531253352482296e-09,-1.4812527521590182e-06,7.327923450413306e-10,70,c_scan
-0.7587939698492463,2.121857905503199,0.0038909371975814,-6.830157778646776e-07,1.2031781907204582e-09,-1.449262427845583e-06,7.382508556861424e-10,70,c_scan
-0.7487437185929648,2.117612915848796,0.0039701843002419,-6.618921905524921e-07,1.1896624074382663e-09,-1.4016314516134095e-06,7.47608652159149e-10,70,c_scan
-0.7386934673366834,2.152059312944816,0.0037744205896169,-6.367322690464367e-07,1.0600492466399184e-09,-1.3702856094538682e-06,7.560091807714898e-10,70,c_scan
-0.728643216080402,2.147065040120578,0.0043810573984513,-6.166222101182514e-07,1.207110240223328e-09,-1.3239279903067829e-06,7.620587517284014e-10,70,c_scan
-0.7185929648241207,2.182371780804146,0.0037178106117159,-5.926705848429157e-07,9.4712334564738e-10,-1.2934275596738688e-06,7.63379218568494e-10,70,c_scan
-0.7085427135678393,2.1764241538230813,0.0048518443312457,-5.735732409341905e-07,1.228605271694366e-09,-1.248338655555758e-06,7.70954520925382e-10,70,c_scan
-0.6984924623115578,2.21255114033433,0.0035295786625325,-5.507234991778786e-07,8.06018004325265e-10,-1.2185039061149276e-06,7.73359429208912e-10,70,c_scan
-0.6884422110552764,2.2057890053048905,0.0052785311244815,-5.325197277818296e-07,1.224540675174924e-09,-1.174626160649113e-06,7.781117888163971e-10,70,c_scan
-0.6783919597989949,2.242826985317323,0.003406126531166,-5.108474370808191e-07,6.940227166655642e-10,-1.1457424172650543e-06,7.77636925741495e-10,70,c_scan
-0.6683417085427137,2.2352798929414126,0.0060300045177011,-4.934499429389914e-07,1.2846899935712175e-09,-1.1029987356246148e-06,7.792985173908185e-10,70,c_scan
-0.6582914572864322,2.273380115390309,0.0032357640491939,-4.729295830882117e-07,5.797930314296622e-10,-1.075148710172569e-06,7.774457609669031e-10,70,c_scan
-0.6482412060301508,2.264805931707636,0.0064868695814438,-4.565744040767904e-07,1.257629840455965e-09,-1.034052418618994e-06,8.11882875403541e-10,70,c_scan
-0.6381909547738693,2.302281598523092,0.0031164150915035,-4.371483817588882e-07,4.854538346976224e-10,-1.0064386751476355e-06,7.78982766344773e-10,70,c_scan
-0.6281407035175879,2.31989660427838,0.0030311243128697,-4.16659963670741e-07,4.2701381046321207e-10,-9.66608034858505e-07,7.83386498145964e-10,70,c_scan
-0.6180904522613067,2.331436798316185,0.0029881580741622,-4.033109178228362e-07,3.935683576613114e-10,-9.402939149748352e-07,7.81313159220871e-10,70,c_scan
-0.6080402010050252,2.3483431099516943,0.0029315018612506,-3.839874416627809e-07,3.479039166395673e-10,-9.017342629367696e-07,7.743544804377145e-10,70,c_scan
-0.5979899497487438,2.359014865432686,0.0028682926459353,-3.715246572663166e-07,3.1078164151436577e-10,-8.764321893660247e-07,7.73368996827828e-10,70,c_scan
-0.5879396984924623,2.3745927825259003,0.0028191110232341,-3.533884304043381e-07,2.659646719452332e-10,-8.391536162662977e-07,7.704747400644234e-10,70,c_scan
-0.5778894472361809,2.3846139481583144,0.0027475984825955,-3.416869951323901e-07,2.2870710309514166e-10,-8.147915744969995e-07,7.64161743029591e-10,70,c_scan
-0.5678391959798996,2.3986894012404085,0.0026617183528031,-3.247039202573544e-07,1.7563514534034112e-10,-7.788638520625268e-07,7.54635359404233e-10,70,c_scan
-0.5577889447236182,2.407445713518493,0.0025881929061583,-3.138014350260543e-07,1.299270528591103e-10,-7.554599196494261e-07,7.49529930616292e-10,70,c_scan
-0.5477386934673367,2.4191449743897864,0.0025991712530643,-2.9801164218002026e-07,8.926936863176819e-11,-7.209333664894432e-07,7.43869935720064e-10,70,c_scan
-0.5376884422110553,2.4260930617339795,0.0026225624581662,-2.878641783014999e-07,6.551392053314568e-11,-6.98385285699022e-07,7.380205055086454e-10,70,c_scan
-0.5276381909547738,2.4355046710698787,0.0027247243583314,-2.731869122910397e-07,6.689817285290569e-11,-6.653480009599844e-07,7.26308420911727e-10,70,c_scan
-0.5175879396984926,2.4408230125530674,0.002814803440464,-2.637522929340727e-07,7.641417945832659e-11,-6.437726662071225e-07,7.186004496915441e-10,70,c_scan
-0.5075376884422111,2.447632024358809,0.0029270107158407,-2.500856058382751e-07,7.554678788629064e-11,-6.121175376809365e-07,7.082632099240152e-10,70,c_scan
-0.4974874371859297,2.4507898500847003,0.003004570433977,-2.413454883692227e-07,7.692794451364296e-11,-5.914870732590259e-07,7.002015191340466e-10,70,c_scan
-0.4874371859296482,2.4538384220035114,0.0031497204294641,-2.2870764168819405e-07,8.961662063923313e-11,-5.612115985803023e-07,6.85979476651562e-10,70,c_scan
-0.4773869346733668,2.4543590707097493,0.0032908526360701,-2.2064370317116533e-07,1.0750927659090771e-10,-5.415388742731391e-07,6.764645855408805e-10,70,c_scan
-0.4673366834170853,2.452958181673821,0.0035201721144741,-2.089925611578965e-07,1.3053593606737487e-10,-5.126500128012287e-07,6.623533334314294e-10,70,c_scan
-0.4572864321608041,2.450557593242804,0.0037112911633742,-2.015600036354725e-07,1.47411374344575e-10,-4.939343974029542e-07,6.5504291348018e-10,70,c_scan
-0.4472361809045226,2.444983433889754,0.0038489799352455,-1.9077250920383562e-07,1.5021554014374839e-10,-4.664356246449586e-07,6.358269487841957e-10,70,c_scan
-0.4371859296482412,2.473178673021925,0.0102974366492247,-1.813736552247923e-07,7.12129619558103e-10,-4.4856945594998804e-07,6.21557129393774e-10,70,c_scan
-0.4271356783919597,2.428866681289359,0.0039812021258695,-1.739420593750461e-07,1.3940698180286426e-10,-4.2248207249090483e-07,6.04072469710037e-10,70,c_scan
-0.4170854271356783,2.455237471476717,0.0102675227422675,-1.651827981850514e-07,6.47266636072801e-10,-4.055629957473144e-07,5.924037303057562e-10,70,c_scan
-0.4070351758793971,2.4063715969864137,0.0044892413008924,-1.582953552295283e-07,1.747379420571777e-10,-3.809174467592116e-07,5.728719139882312e-10,70,c_scan
-0.3969849246231156,2.429227760389965,0.0097086984821483,-1.5018481778969206e-07,5.540763609055617e-10,-3.648331285638287e-07,5.60711257390823e-10,70,c_scan
-0.3869346733668342,2.375060393269011,0.0048499837741984,-1.438015124364195e-07,1.841402714711958e-10,-3.41537276679921e-07,5.432730210603755e-10,70,c_scan
-0.3768844221105527,2.3955417078512515,0.0096026429749596,-1.3626623381291997e-07,4.996752225408144e-10,-3.2643144647066026e-07,5.286040618078891e-10,70,c_scan
-0.3668341708542713,2.3372066520242725,0.0055910463562373,-1.3026226232483e-07,2.2358158467786438e-10,-3.044498260133234e-07,5.073057777705702e-10,70,c_scan
-0.35678391959799,2.3566375658727448,0.0085700642438448,-1.2321415982294293e-07,3.9621774078747436e-10,-2.903711176861956e-07,4.93116518094392e-10,70,c_scan
-0.3467336683417086,2.2941605910110443,0.0065466502661006,-1.1760239257582965e-07,2.655497417781024e-10,-2.6979877445607816e-07,4.707518292408315e-10,70,c_scan
-0.3366834170854271,2.3120558749262146,0.008355574809506,-1.109507271147175e-07,3.493533105375452e-10,-2.565242804529178e-07,4.549903331817833e-10,70,c_scan
-0.3266331658291457,2.2466555455694546,0.0068670428915612,-1.056792540918004e-07,2.585526753469198e-10,-2.3742488225698685e-07,4.3500123040575726e-10,70,c_scan
-0.3165829145728642,2.230708793007109,0.0095422463425828,-9.941434670131361e-08,3.2615736229868045e-10,-2.2176445733767746e-07,6.087396900782432e-10,70,c_scan
-0.306532663316583,2.19500894399666,0.0073123555781797,-9.446871036478088e-08,2.5781096360665807e-10,-2.0735966417852402e-07,3.961683144621074e-10,70,c_scan
-0.2964824120603015,2.1624314239676394,0.0077627444733199,-8.806494878322333e-08,2.6579743373108437e-10,-1.904344125989429e-07,3.70114853877273e-10,70,c_scan
-0.2864321608040201,2.140795080028288,0.0080206841358209,-8.39163101805693e-08,2.6746966487562245e-10,-1.796476239686905e-07,3.5376540063967887e-10,70,c_scan
-0.2763819095477386,2.107238361237372,0.0083543032222378,-7.78858305718034e-08,2.6596152639411046e-10,-1.641240099777386e-07,3.30588892183085e-10,70,c_scan
-0.2663316582914572,2.126706617327692,0.0080105936550741,-7.252771948550402e-08,2.2949461499906928e-10,-1.54245180969508e-07,3.1518151655322725e-10,70,c_scan
-0.256281407035176,2.052194393874061,0.0091889561350133,-6.828761307585382e-08,2.7132564569712354e-10,-1.4013945672530825e-07,2.893188179291428e-10,70,c_scan
-0.2462311557788945,2.0726463819071093,0.0076062731506431,-6.329762391495935e-08,1.9157859846980416e-10,-1.311935911906574e-07,2.7227647108022065e-10,70,c_scan
-0.2361809045226131,1.9960902240323404,0.0099153380780828,-5.934200129137937e-08,2.6750414762447825e-10,-1.1845198865223685e-07,2.4717200330262686e-10,70,c_scan
-0.2261306532663316,2.0199366251355952,0.0074461974244867,-5.46523251863822e-08,1.6569953894895764e-10,-1.1039423329279393e-07,2.314824487887944e-10,70,c_scan
-0.2160804020100502,1.941521426763071,0.0102850594991714,-5.0969838861781743e-08,2.4734838948304065e-10,-9.895903426881028e-08,2.1021857393623543e-10,70,c_scan
-0.2060301507537689,1.967895720020845,0.007806312752568,-4.664765243897881e-08,1.5617042262362988e-10,-9.179771558368633e-08,1.9532659467162627e-10,70,c_scan
-0.1959798994974875,1.8879969593516817,0.0107862231179488,-4.324925923392488e-08,2.2935540428840782e-10,-8.16544699278628e-08,1.7352334044458508e-10,70,c_scan
-0.185929648241206,1.918764790143779,0.0076363256047386,-3.9260756966855206e-08,1.3215526073704294e-10,-7.533215810239386e-08,1.5995180807472727e-10,70,c_scan
-0.1758793969849246,1.8372091386946008,0.0111013993127358,-3.6138978033300203e-08,2.0448734141291752e-10,-6.639486070586256e-08,1.4076940222631584e-10,70,c_scan
-0.1658291457286431,1.8711163844585288,0.0083617936186736,-3.25125908646177e-08,1.2808995469299815e-10,-6.083484146798289e-08,1.2832580806268788e-10,70,c_scan
-0.1557788944723619,1.787967095043615,0.0118953143096364,-2.968660383723601e-08,1.8747440144778047e-10,-5.307867082457353e-08,1.1110402568514088e-10,70,c_scan
-0.1457286432160804,1.8276721695186644,0.0095853875862105,-2.6394984788067e-08,1.2717116266951319e-10,-4.824137911201855e-08,9.994856620454282e-11,70,c_scan
-0.135678391959799,1.7419468150778528,0.0119904363817398,-2.3856860700577405e-08,1.5692732346526703e-10,-4.15573825151268e-08,8.427228207962465e-11,70,c_scan
-0.1256281407035175,1.7898857644511166,0.013190008545902,-2.089983987714727e-08,1.4820491908551374e-10,-3.740832587541368e-08,7.500218495229312e-11,70,c_scan
-0.1155778894472361,1.707512261095928,0.0165632166133795,-1.855608165239858e-08,1.7634547942664254e-10,-3.168473693936776e-08,6.160001008010812e-11,70,c_scan
-0.1055276381909549,1.7743813948381155,0.0320616082624395,-1.5896382851280693e-08,2.8564839877490674e-10,-2.8206245976536145e-08,5.3487092626340516e-11,70,c_scan
-0.0954773869346734,1.6527398229326846,0.0159542522079336,-1.415872193993868e-08,1.3418192514138516e-10,-2.3400683591967372e-08,4.2966878029750806e-11,70,c_scan
-0.085427135678392,1.7150425421606614,0.0193015071541164,-1.1945900520054046e-08,1.3271174509585844e-10,-2.0487727596311857e-08,3.6874021965732266e-11,70,c_scan
-0.0753768844221105,1.714217945022077,0.0288009913348512,-9.627415239683872e-09,1.6089868024686031e-10,-1.6503487968045115e-08,2.8452825198287327e-11,70,c_scan
-0.0653266331658291,1.7062071223212267,0.0324417611256268,-8.263490387665453e-09,1.5651321231767094e-10,-1.4099226154667793e-08,2.3570757319613554e-11,70,c_scan
-0.0552763819095476,1.6960562813910165,0.0390224780855231,-6.411860305676663e-09,1.4716938989687838e-10,-1.0874875946844628e-08,1.730444348912965e-11,70,c_scan
-0.0452261306532664,1.6859551513502684,0.0428951309926359,-5.305224483200322e-09,1.3472679190813655e-10,-8.944370546521148e-09,1.390104101922062e-11,70,c_scan
-0.0351758793969849,1.673224082884324,0.0480236136390214,-3.7985847890982176e-09,1.0887125869466975e-10,-6.355883549997208e-09,9.65637734767835e-12,70,c_scan
-0.0251256281407035,1.6709006970435123,0.0484929878549535,-2.87526594317526e-09,8.332593848973836e-11,-4.804283868637016e-09,7.481559335685143e-12,70,c_scan
-0.015075376884422,1.660489569249015,0.0435372060458918,-1.6060333037610495e-09,4.2006851219336985e-11,-2.666801548761757e-09,4.876633918975158e-12,70,c_scan
-0.0050251256281406,1.664863969092015,0.0326096404495068,-8.015849660319466e-10,1.5482323691401333e-11,-1.334529928112435e-09,4.343712856273711e-12,70,c_scan
0.0050251256281407,1.6556462389232771,0.1616297664492649,3.8987001371016014e-10,3.7990373570100754e-11,6.45486821868193e-10,3.821443878235725e-12,70,c_scan
0.015075376884422,1.6840290378805276,0.0944631156575847,1.183935950593424e-09,6.636613436805619e-11,1.993782519790012e-09,4.116398982510432e-12,70,c_scan
0.0251256281407035,1.72824009840757,0.0766479121784677,2.4117211925594227e-09,1.0689066816243147e-10,4.168033271160519e-09,6.677763594657311e-12,70,c_scan
0.0351758793969849,1.764309173511298,0.0708864087349742,3.259146682336651e-09,1.3084185300500471e-10,5.750142389465465e-09,9.211768919489827e-12,70,c_scan
0.0452261306532663,1.819564182418999,0.0627577661596694,4.60717795452181e-09,1.5872240042681774e-10,8.383055988078313e-09,1.3822759854389472e-11,70,c_scan
0.0552763819095477,1.861209239004235,0.0585994700819468,5.558261388149204e-09,1.7474509361713495e-10,1.0345087448423802e-08,1.7565377804560558e-11,70,c_scan
0.0653266331658291,1.929200160253384,0.0525964031245228,7.073147220749957e-09,1.9242186002814896e-10,1.3645516751766589e-08,2.4412008280630747e-11,70,c_scan
0.0753768844221105,1.9759721680350824,0.0481400832514317,8.153216466830774e-09,1.9806049566865992e-10,1.611052881842294e-08,2.982082500859427e-11,70,c_scan
0.085427135678392,2.047603902633135,0.0430002934749293,9.887537479653496e-09,2.0678232874503838e-10,2.0245760330769887e-08,3.8631566437447584e-11,70,c_scan
0.0954773869346733,2.0368392219301774,0.0466330037026808,1.1438965148757592e-08,2.6094105919660016e-10,2.3299332873281826e-08,4.543315928468439e-11,70,c_scan
0.1055276381909547,2.164667687266876,0.0336514787292107,1.3101921744559532e-08,2.0196909545953127e-10,2.836130664154728e-08,5.7023187497445714e-11,70,c_scan
0.1155778894472361,2.127485622454385,0.020523833808108,1.5066961264923596e-08,1.4206297555396068e-10,3.2054743465202094e-08,6.539988545878446e-11,70,c_scan
0.1256281407035175,2.273703171035624,0.0262864691673892,1.676889720132735e-08,1.907418372174592e-10,3.812749474142839e-08,7.882274894523666e-11,70,c_scan
0.135678391959799,2.2396764979588686,0.0173370219837185,1.898265975995778e-08,1.4152092980352294e-10,4.251501693312698e-08,8.856809189943846e-11,70,c_scan
0.1457286432160803,2.374464102783956,0.0214449209815706,2.089311130048982e-08,1.8354708211311016e-10,4.96099427784829e-08,1.0394970696460515e-10,70,c_scan
0.1557788944723618,2.34194964840422,0.0139668506303915,2.3353980594552694e-08,1.303366564907088e-10,5.469384664225167e-08,1.1498608472523104e-10,70,c_scan
0.1658291457286431,2.467482343177448,0.018113976918667,2.547910771507404e-08,1.79159448913587e-10,6.286924840686148e-08,1.3258855994900799e-10,70,c_scan
0.1758793969849246,2.434662479519226,0.0125760277879001,2.8213100165285256e-08,1.3308974223368291e-10,6.86893764033377e-08,1.4454999571907016e-10,70,c_scan
0.185929648241206,2.553325903672029,0.0154147840425067,3.0551695176616355e-08,1.7309013391656592e-10,7.80084346955463e-08,1.6268721713896794e-10,70,c_scan
0.1959798994974874,2.5214277692068525,0.0117371464210137,3.3543770238025084e-08,1.3988940221902892e-10,8.457819376205078e-08,1.749113529052437e-10,70,c_scan
0.2060301507537688,2.6341489241335494,0.0135732083811472,3.60916666054114e-08,1.7071431569491168e-10,9.507082475883117e-08,1.9432909190938563e-10,70,c_scan
0.2160804020100502,2.603914735193622,0.0111381665432979,3.934053320694576e-08,1.4833238456534732e-10,1.0243939410794006e-07,2.0692472051714262e-10,70,c_scan
0.2261306532663316,2.710126883458617,0.0129985391910855,4.212006428540752e-08,1.8396510416453639e-10,1.1415071855288809e-07,2.2624028736480408e-10,70,c_scan
0.2361809045226131,2.681080380210487,0.0100484974052602,4.564053642611787e-08,1.4595292821945862e-10,1.223659467543467e-07,2.3917880191814517e-10,70,c_scan
0.2462311557788944,2.7816143020241246,0.0121942124034754,4.86450623855756e-08,1.918451130715548e-10,1.353118012545729e-07,2.5903970352405284e-10,70,c_scan
0.2562814070351759,2.7515871459304324,0.0100948990334747,5.2464946533792655e-08,1.6506891434602054e-10,1.4436187249431124e-07,2.7240993232268117e-10,70,c_scan
0.2663316582914573,2.846744931214074,0.0116586048513473,5.571283908947559e-08,2.0377189959681477e-10,1.5860024228151e-07,2.922223412467873e-10,70,c_scan
0.2763819095477386,2.815790061785857,0.0093471238164617,5.985315337208476e-08,1.6653134320209827e-10,1.6853391443166093e-07,3.051332127001881e-10,70,c_scan
0.2864321608040201,2.851293565540649,0.009092183998076,6.45699633149349e-08,1.713967422515678e-10,1.841079209270697e-07,3.2532321811170625e-10,70,c_scan
0.2964824120603014,2.872792238818196,0.0091083980957799,6.7852600113477e-08,1.8003429579484186e-10,1.949264229896313e-07,3.383226455776869e-10,70,c_scan
0.3065326633165829,2.903963774784567,0.0089188193911151,7.296725543205035e-08,1.8741704528547759e-10,2.1189426652012666e-07,3.568001378637929e-10,70,c_scan
0.3165829145728643,2.922528475452851,0.0085889551886574,7.652417272216858e-08,1.8599749279664806e-10,2.2364407384101e-07,3.6947503283141425e-10,70,c_scan
0.3266331658291457,2.9477997246881698,0.008404696121894,8.21243326510951e-08,1.935694860346577e-10,2.420860851790978e-07,3.8836647964047935e-10,70,c_scan
0.3366834170854271,2.963142384938332,0.0082881389727599,8.601049579414677e-08,1.9904756079105235e-10,2.548613456371963e-07,4.0038462546925805e-10,70,c_scan
0.3467336683417085,2.98285757438238,0.007760374881059,9.211882024019497e-08,1.9444199166406835e-10,2.747773206966344e-07,4.179197437785358e-10,70,c_scan
0.3567839195979899,3.0462876252890525,0.0129369043197285,9.69470841761095e-08,3.7832466995840606e-10,2.953287028335385e-07,4.94754536564257e-10,70,c_scan
0.3668341708542714,3.007230101741931,0.0069395518680133,1.0312194943923776e-07,1.8540701711166668e-10,3.1011143050398525e-07,4.485947561008464e-10,70,c_scan
0.3768844221105527,3.0672155026839354,0.0130742454903454,1.084533153548031e-07,4.365649616771156e-10,3.3264969017372174e-07,4.664159402066484e-10,70,c_scan
0.3869346733668342,3.0204834682464545,0.0064106446856595,1.1528328449705428e-07,1.8657091050060904e-10,3.4821125498850525e-07,4.78131170144836e-10,70,c_scan
0.3969849246231155,3.0728757579250345,0.0137950815620011,1.2120825221911082e-07,5.19772888478223e-10,3.724578999045689e-07,4.947767557536231e-10,70,c_scan
0.4070351758793969,3.021912982719466,0.0056290165100175,1.28791001508845e-07,1.7213538893945646e-10,3.891951995170211e-07,5.049666851798667e-10,70,c_scan
0.4170854271356784,3.0679882834318746,0.0143671324399602,1.3532969836258484e-07,6.106532241378265e-10,4.1518992897678003e-07,5.199860461079507e-10,70,c_scan
0.4271356783919597,3.0120506394202224,0.0050249911599432,1.4380102548939149e-07,1.6293876049762735e-10,4.331359707746054e-07,5.303624555095164e-10,70,c_scan
0.4371859296482412,3.0506212865475595,0.0144272129499157,1.5110403734869154e-07,6.919802987613429e-10,4.609611928191959e-07,5.442890063929393e-10,70,c_scan
0.4472361809045225,2.9916535175964483,0.0045000014150245,1.6049114705191672e-07,1.5475219253023601e-10,4.801339046209555e-07,5.543025428535871e-10,70,c_scan
0.457286432160804,2.9910513395643625,0.0155150796769841,1.704621439686555e-07,8.63549576722729e-10,5.098610240624603e-07,5.684497180870984e-10,70,c_scan
0.4673366834170854,2.961977147069753,0.0038206629841033,1.790143546414334e-07,1.2475435478989938e-10,5.302364274453659e-07,5.755412401077858e-10,70,c_scan
0.4773869346733668,2.939455977117292,0.0035732510114889,1.9113199653106965e-07,1.1887692038762303e-10,5.618240896216141e-07,5.86799931861652e-10,70,c_scan
0.4874371859296482,2.9231115587930447,0.0033221739039915,1.9960094627104705e-07,1.0025501494420956e-10,5.834558331909271e-07,5.948373323873182e-10,70,c_scan
0.4974874371859297,2.898248100645481,0.0031275317932176,2.1294276341093403e-07,7.78370153698524e-11,6.171609596019393e-07,6.266139792554234e-10,70,c_scan
0.507537688442211,2.878334173636057,0.003124231991691,2.222707807621622e-07,7.332301876679999e-11,6.397695840684992e-07,6.61577985613636e-10,70,c_scan
0.5175879396984925,2.8479477189390563,0.0030566559486061,2.369802497896075e-07,1.1936696031309347e-10,6.749073618219204e-07,6.396413781097294e-10,70,c_scan
0.5276381909547738,2.822469151861404,0.0069693446437474,2.476477634539525e-07,5.623734744490071e-10,6.989781728762507e-07,6.778011846478989e-10,70,c_scan
0.5376884422110553,2.7982830311435647,0.0028688120957715,2.629872285819659e-07,1.472689690495044e-10,7.359126991483891e-07,6.319689008842646e-10,70,c_scan
0.5477386934673367,2.775664113968326,0.0025851292147072,2.743706405943756e-07,1.3341001823326308e-10,7.615607410243095e-07,6.049463114205249e-10,70,c_scan
0.5577889447236181,2.7382405344991456,0.0045222677803484,2.921055200292829e-07,4.0406282980723485e-10,7.998551752951345e-07,7.216776377712406e-10,70,c_scan
0.5678391959798995,2.719337716221544,0.003194508208021,3.03947078393709e-07,2.3763629947192787e-10,8.26534754011359e-07,7.246891854110134e-10,70,c_scan
0.5778894472361809,2.684281723402133,0.0026002140802259,3.228428065217974e-07,2.008285369188068e-10,8.666010450783117e-07,6.43495248934037e-10,70,c_scan
0.5879396984924623,2.657255293769007,0.0048718234480334,3.364854012931433e-07,5.665284016293896e-10,8.941276138621935e-07,6.488721992551031e-10,70,c_scan
0.5979899497487438,2.629636988990885,0.004373039938392,3.5596675468250533e-07,5.371894474394864e-10,9.360633449641604e-07,6.539910801885334e-10,70,c_scan
0.6080402010050251,2.604703954998844,0.0032611711858952,3.7032949348450763e-07,3.951242143317259e-10,9.645986963318154e-07,6.31936336979754e-10,70,c_scan
0.6180904522613065,2.570246725225246,0.0034114906655899,3.922515160064256e-07,4.4498690708511356e-10,1.0081831744801532e-06,6.94671926036016e-10,70,c_scan
0.6281407035175879,2.54565013375422,0.0031954290593294,4.075624737967066e-07,4.1504131260721114e-10,1.037511465933787e-06,7.614353183140426e-10,70,c_scan
0.6381909547738693,2.5155761258244578,0.0054319012730627,4.301635917475338e-07,8.931893796232582e-10,1.0821092615989948e-06,6.412738887312441e-10,70,c_scan
0.6482412060301508,2.456722270691412,0.0079968199060691,4.528279515259656e-07,1.4482788250937398e-09,1.1124725133054103e-06,6.734035967463172e-10,70,c_scan
0.6582914572864322,2.457207625718917,0.0038019512286839,4.716189265638786e-07,6.799578488830587e-10,1.1588656227861326e-06,6.508018922479621e-10,70,c_scan
0.6683417085427136,2.403797591983274,0.0071616930545287,4.951765528890828e-07,1.451832581998913e-09,1.1903042054413556e-06,6.299030482862985e-10,70,c_scan
0.6783919597989949,2.4020956069110504,0.004081107460332,5.150521617755149e-07,8.133550843638131e-10,1.237204535131004e-06,7.753504443306831e-10,70,c_scan
0.6884422110552764,2.350662890562497,0.0063358740618457,5.399074152875852e-07,1.4265979490265654e-09,1.2691403254560414e-06,6.753813828974094e-10,70,c_scan
0.6984924623115578,2.349829594313892,0.0041665748223453,5.609095799586118e-07,9.58863682857806e-10,1.3180419307209203e-06,6.206013995831706e-10,70,c_scan
0.7085427135678393,2.301219353940299,0.0056313187984619,5.87175674178726e-07,1.4084753427442875e-09,1.3512200255830274e-06,6.542024218283654e-10,70,c_scan
0.7185929648241206,2.298447280132167,0.0043355503749937,6.091718469731199e-07,1.1108793993864148e-09,1.4001493748084562e-06,6.753182160135871e-10,70,c_scan
0.728643216080402,2.252233628702517,0.004927541623545,6.367896689733321e-07,1.369300040780045e-09,1.4341991068720824e-06,5.786896296868863e-10,70,c_scan
0.7386934673366834,2.250349668531172,0.0044442643409212,6.599083195421724e-07,1.258242083945035e-09,1.4850244681426903e-06,7.6423269638852e-10,70,c_scan
0.7487437185929648,2.205426467802916,0.0043550527493592,6.887963362697594e-07,1.3316093344565683e-09,1.519089670935005e-06,6.114483039213105e-10,70,c_scan
0.7587939698492463,2.2035246782571827,0.0045208345179942,7.12952529062294e-07,1.4351213654457431e-09,1.5710084922146362e-06,6.231632771365741e-10,70,c_scan
0.7688442211055276,2.161050229818282,0.0038428541337306,7.431017002217713e-07,1.292018803848811e-09,1.605880100042615e-06,5.989245410246389e-10,70,c_scan
0.778894472361809,2.1578697764488224,0.0040637786751066,7.68814037611877e-07,1.424077962856663e-09,1.6590005754722577e-06,5.639277266576135e-10,70,c_scan
0.7889447236180904,2.120843397204306,0.0029004905958123,7.988432411614446e-07,1.066302613031086e-09,1.694221413418537e-06,5.044369976758976e-10,70,c_scan
0.7989949748743719,2.117741752593548,0.0049984919345003,8.254547964990849e-07,1.9277749263615622e-09,1.7481000874247225e-06,5.975531490726631e-10,70,c_scan
0.8090452261306533,2.079320127852456,0.002748523263704,8.580958854304943e-07,1.093630190590375e-09,1.784256046203002e-06,6.256170584438693e-10,70,c_scan
0.8190954773869347,2.061331751166589,0.0074711777245174,8.922321270791766e-07,3.2234607078249716e-09,1.8391864129592093e-06,5.337473846164183e-10,70,c_scan
0.8291457286432161,2.042230263209266,0.0023913832105574,9.184102185917812e-07,1.0379608690290899e-09,1.875605142448773e-06,5.746682937390699e-10,70,c_scan
0.8391959798994975,2.018756806585952,0.0022037754007031,9.566546492443809e-07,9.912055469131596e-10,1.93125308471419e-06,6.638626662084846e-10,70,c_scan
0.8492462311557789,2.005044070092136,0.0031029463929034,9.815731173786358e-07,1.495464563248683e-09,1.9680973583618857e-06,5.34668965108264e-10,70,c_scan
0.8592964824120604,1.983206790242216,0.0016358370806472,1.0210194244190522e-06,7.73878818328886e-10,2.024892655477064e-06,6.58897625324821e-10,70,c_scan
0.8693467336683417,1.9678564476585376,0.0008545904217572,1.0482349420293966e-06,3.6718034858045465e-10,2.0627758893335214e-06,5.29516705370368e-10,70,c_scan
0.8793969849246231,1.951087306109056,0.0024241863927247,1.0863910202489778e-06,1.3241263517572843e-09,2.119643729078647e-06,5.11394091132797e-10,70,c_scan
0.8894472361809045,1.9373931133961104,0.0015051048322104,1.1137296202170955e-06,8.203007170265424e-10,2.1577320963938666e-06,5.331177505312231e-10,70,c_scan
0.8994974874371859,1.919105195083184,0.0012237108510699,1.1547896208027187e-06,6.999352683795123e-10,2.2161627605106373e-06,4.388774705129955e-10,70,c_scan
0.9095477386934674,1.9067853107861727,0.001073665371887,1.182463750153101e-06,6.328462314424552e-10,2.254704509329064e-06,3.94562395700591e-10,70,c_scan
0.9195979899497488,1.889374553108103,0.0008916751731625,1.2243875827079727e-06,5.395905602556608e-10,2.3133267419099864e-06,3.906072571124112e-10,70,c_scan
0.9296482412060302,1.878434929978677,0.0008254016355683,1.2526810058510425e-06,4.834905629704766e-10,2.353079757511421e-06,4.942126845489031e-10,70,c_scan
0.9396984924623116,1.861341416782648,0.0006438517359184,1.2956535030940144e-06,3.8137511321876916e-10,2.411653527108413e-06,4.3816644839997136e-10,70,c_scan
0.949748743718593,1.850951824227604,0.0005544691949465,1.3246225691651706e-06,3.2307998391867225e-10,2.4518125608093283e-06,4.2640880643169416e-10,70,c_scan
0.9597989949748744,1.8352674238116449,0.0004278459515796,1.368576813859454e-06,2.083492810359087e-10,2.511704443460189e-06,4.4344700712087176e-10,70,c_scan
0.9698492462311558,1.825532401556628,0.0004332977681968,1.3981299809295409e-06,1.7132826325866778e-10,2.552331581774627e-06,5.188251215617164e-10,70,c_scan
0.9798994974874372,1.809389020776577,0.0014951225851864,1.4439466926809868e-06,1.1782062135810546e-09,2.612661292323628e-06,3.406430069844102e-10,70,c_scan
0.9899497487437184,1.8066487896233376,0.0024425753806943,1.4685453519489214e-06,1.9690822458090926e-09,2.653145682605497e-06,4.598086525748402e-10,70,c_scan
1.0,1.819376827515431,0.0097940441948453,1.4831825217462844e-06,7.982000009717473e-09,2.6984679110410915e-06,3.4465762338283605e-10,70,c_scan
-1.0,3.664794187771375,0.022485651828646,-1.78440799115058e-08,1.0420681576452791e-10,-6.539488034581442e-08,1.2306575428634257e-10,7,c_scan
-0.9899497487437184,3.670844950894716,0.0225027648482089,-1.69929205478071e-08,9.905245587606408e-11,-6.237837659387276e-08,1.183675431312931e-10,7,c_scan
-0.9798994974874372,3.675321090965948,0.0226765350684747,-1.6261444360049584e-08,9.519713530297435e-11,-5.97660294260595e-08,1.1645982354265539e-10,7,c_scan
-0.9698492462311558,3.681038241196372,0.0230101900533748,-1.5214705851599344e-08,8.990846415849226e-11,-5.6005914068291394e-08,1.1416259695025923e-10,7,c_scan
-0.9597989949748744,3.688082273029384,0.0231558249161392,-1.4547777071421437e-08,8.601640425226272e-11,-5.3653398729092733e-08,1.1331435221845716e-10,7,c_scan
-0.949748743718593,3.700429765331314,0.0235562408228792,-1.3589932181803732e-08,8.115278291522696e-11,-5.0288589554380456e-08,1.109123974046602e-10,7,c_scan
-0.9396984924623116,3.708286082139872,0.0237888581878473,-1.2986107371570658e-08,7.809399424017023e-11,-4.8156201227169464e-08,1.0756049379882504e-10,7,c_scan
-0.9296482412060302,3.719381780023882,0.0241555883542893,-1.2127430899605776e-08,7.38004146218162e-11,-4.5106545526492365e-08,1.0232836453668283e-10,7,c_scan
-0.9195979899497488,3.727809170096328,0.0244147844027863,-1.1582447375463462e-08,7.111668548639368e-11,-4.317715353841085e-08,9.840319528058855e-11,7,c_scan
-0.9095477386934674,3.742740254136524,0.0246488318517838,-1.0803141452317188e-08,6.662221532601802e-11,-4.0433352384718456e-08,9.344708296381192e-11,7,c_scan
-0.8994974874371859,3.752132248420476,0.0246532863295098,-1.0309975385708628e-08,6.333650059316727e-11,-3.868439112513868e-08,9.015960707829076e-11,7,c_scan
-0.8894472361809045,3.765104715722309,0.0248537330501414,-9.609619402967869e-09,5.923667427142473e-11,-3.618122333041092e-08,8.543253559178497e-11,7,c_scan
-0.8793969849246231,3.7729376191208144,0.0253874861524398,-9.1684709757762e-09,5.7609691431293585e-11,-3.4592069054323355e-08,8.327591958737167e-11,7,c_scan
-0.8693467336683417,3.785892260603902,0.0256123039514799,-8.539391488468861e-09,5.3639344555744065e-11,-3.232921614646109e-08,8.122214677405339e-11,7,c_scan
-0.8592964824120604,3.79575088269044,0.0259515969189769,-8.143121187818211e-09,5.161008999622342e-11,-3.0909259436516195e-08,7.926326194010269e-11,7,c_scan
-0.8492462311557789,3.8098218814931055,0.0261977796524499,-7.574937592467543e-09,4.8176822355021055e-11,-2.8859162990727556e-08,7.544682535349017e-11,7,c_scan
-0.8391959798994975,3.818896862453105,0.0265930794249111,-7.216250599777449e-09,4.6454908496821796e-11,-2.755811677416544e-08,7.316716958670714e-11,7,c_scan
-0.8291457286432161,3.834115268414888,0.0270386587113092,-6.705106618775483e-09,4.3583069807610147e-11,-2.570815166339681e-08,7.032342905686103e-11,7,c_scan
-0.8190954773869347,3.846048337301821,0.0271587750302185,-6.379790784833671e-09,4.133769934183162e-11,-2.4536983740343018e-08,6.888220985931816e-11,7,c_scan
-0.8090452261306533,3.8608319035285934,0.0272220638033952,-5.9204158648519175e-09,3.810398917716904e-11,-2.285773045317711e-08,6.581942248887914e-11,7,c_scan
-0.7989949748743719,3.870160765190996,0.027584961114133,-5.632127916294365e-09,3.658394292526521e-11,-2.179724048617937e-08,6.39596615334796e-11,7,c_scan
-0.7889447236180904,3.887628258168952,0.0283919092763959,-5.220186490466309e-09,3.466568140707941e-11,-2.0294144513248625e-08,6.167899324898326e-11,7,c_scan
-0.778894472361809,3.8979554073158926,0.0287196465861097,-4.962273967690522e-09,3.318336004855615e-11,-1.9342722644942163e-08,5.983094683999906e-11,7,c_scan
-0.7688442211055276,3.912254145678763,0.0291297556841416,-4.595218476347882e-09,3.093932249708501e-11,-1.7977662534391652e-08,5.7153912994852786e-11,7,c_scan
-0.7587939698492463,3.923012369461103,0.029420202289447,-4.364181576630193e-09,2.9526577561414825e-11,-1.7120738307694506e-08,5.5389431894030096e-11,7,c_scan
-0.7487437185929648,3.942011635478749,0.0301614875144256,-4.033437681554262e-09,2.7802423383881494e-11,-1.589985827166533e-08,5.2803463152835735e-11,7,c_scan
-0.7386934673366834,3.956488184997629,0.0305154836429418,-3.823858200801201e-09,2.6548839178939455e-11,-1.5129049792576245e-08,5.081723637887807e-11,7,c_scan
-0.728643216080402,3.976212030117824,0.0314823818558245,-3.5292558948710366e-09,2.5195223554859704e-11,-1.4033069746550462e-08,4.8051550982945e-11,7,c_scan
-0.7185929648241206,3.990175825153489,0.0317778079880153,-3.3440633500104353e-09,2.3912973021354335e-11,-1.3343400736993429e-08,4.6779037720742073e-11,7,c_scan
-0.7085427135678393,4.010243086092976,0.0323347523275667,-3.082355383524013e-09,2.2243564882838427e-11,-1.2360994365658641e-08,4.4458242072257646e-11,7,c_scan
-0.6984924623115578,4.026866151850983,0.0328977828492412,-2.916465977150026e-09,2.130933148885747e-11,-1.1744218126410443e-08,4.292047968423926e-11,7,c_scan
-0.6884422110552764,4.053533236788584,0.0336966147952631,-2.681207356002557e-09,1.993196106207279e-11,-1.0868363132278406e-08,4.0433654565169026e-11,7,c_scan
-0.6783919597989949,4.068652648729032,0.0343282766599945,-2.535893128309965e-09,1.9140788853560508e-11,-1.0317668293392093e-08,3.8901613262397546e-11,7,c_scan
-0.6683417085427136,4.090860835173602,0.0335893278423668,-2.3311386355887674e-09,1.6902965150930658e-11,-9.536363745690116e-09,3.673832738780306e-11,7,c_scan
-0.6582914572864322,4.104556617542254,0.0336737378450467,-2.2036256321619047e-09,1.5885324269657763e-11,-9.04490617107588e-09,3.5425292315514044e-11,7,c_scan
-0.6482412060301508,4.119275321508428,0.0343046214605319,-2.025484950194335e-09,1.4796286297258916e-11,-8.343530169422252e-09,3.3362498572470657e-11,7,c_scan
-0.6381909547738693,4.131986317324643,0.0343243145439014,-1.912761028746078e-09,1.3883544385188009e-11,-7.903502399090602e-09,3.1930344212035037e-11,7,c_scan
-0.6281407035175879,4.14881245158906,0.0352512767531403,-1.755995594368672e-09,1.3032115503371229e-11,-7.285296386852281e-09,3.013996022811778e-11,7,c_scan
-0.6180904522613065,4.155973580302051,0.0360003116471031,-1.6590026566827684e-09,1.25347039800287e-11,-6.894771210824502e-09,2.921053044389771e-11,7,c_scan
-0.6080402010050251,4.155621519893944,0.0354301802335401,-1.52614092151345e-09,1.118011219420488e-11,-6.342064055832068e-09,2.7661536927226075e-11,7,c_scan
-0.5979899497487438,4.158786881048119,0.0357739922570037,-1.4416781801506142e-09,1.0635146140844268e-11,-5.995632302303703e-09,2.652746103743029e-11,7,c_scan
-0.5879396984924623,4.156717761554636,0.036418150876455,-1.324515232027073e-09,9.942778298177811e-12,-5.505635990416594e-09,2.4872412514684088e-11,7,c_scan
-0.5778894472361809,4.15315019400337,0.0362695352049499,-1.2518523330070735e-09,9.316507136782327e-12,-5.1991307596918985e-09,2.3757011520083045e-11,7,c_scan
-0.5678391959798995,4.145399798065498,0.0364547175746159,-1.1500584202124047e-09,8.576463479412172e-12,-4.767451942912029e-09,2.2219443402689672e-11,7,c_scan
-0.5577889447236181,4.139211599253753,0.0365783966828385,-1.0873140572456496e-09,8.119969639339284e-12,-4.500622957782852e-09,2.1264474231365988e-11,7,c_scan
-0.5477386934673367,4.132899637460722,0.0367830885905647,-9.97950569198707e-10,7.451909736388618e-12,-4.124429545645057e-09,1.9973458597804355e-11,7,c_scan
-0.5376884422110553,4.124202814730386,0.0372597465095474,-9.4303109033918e-10,7.137678811252228e-12,-3.88925147715511e-09,1.9185018779482878e-11,7,c_scan
-0.5276381909547738,4.111447782271551,0.0368624092926217,-8.65869828830001e-10,6.419386452717434e-12,-3.559978587478955e-09,1.7949172917677377e-11,7,c_scan
-0.5175879396984925,4.09769656310442,0.0365439538995838,-8.188724988671569e-10,6.004773838088201e-12,-3.355491024228677e-09,1.703095664076953e-11,7,c_scan
-0.507537688442211,4.077278985666234,0.0370965082006506,-7.530608563847397e-10,5.682099052197941e-12,-3.0704392046653182e-09,1.5610345553064044e-11,7,c_scan
-0.4974874371859297,4.072964350158254,0.0374982686786165,-7.108173074601667e-10,5.469466796518752e-12,-2.895133552760738e-09,1.4635430203572505e-11,7,c_scan
-0.4874371859296482,4.059743272764792,0.0367428926125965,-6.530101685395077e-10,4.861347079475084e-12,-2.65105363877527e-09,1.364494660205247e-11,7,c_scan
-0.4773869346733668,4.05065211379575,0.0354902794398499,-6.166830578377136e-10,4.3282305630239175e-12,-2.497968531772361e-09,1.3100824877831283e-11,7,c_scan
-0.4673366834170854,4.0369265601676885,0.0377731642508583,-5.65118297893906e-10,4.3317612000875786e-12,-2.2813410664046656e-09,1.2242122313362411e-11,7,c_scan
-0.457286432160804,4.028313259245863,0.0404505095752952,-5.32834884318196e-10,4.506924462883181e-12,-2.1464258294877252e-09,1.161618869022444e-11,7,c_scan
-0.4472361809045225,4.011741467005644,0.0408058792507786,-4.875399183078453e-10,4.1683811962128856e-12,-1.955884107096128e-09,1.0777291261663432e-11,7,c_scan
-0.4371859296482412,3.9869193190555263,0.03805842669404,-4.606116235461391e-10,3.556216067095415e-12,-1.836421380497633e-09,1.0309256929581111e-11,7,c_scan
-0.4271356783919597,3.935100368499746,0.0352839405348111,-4.242652983422751e-10,2.947476301531667e-12,-1.6695265318483415e-09,9.46390986421818e-12,7,c_scan
-0.4170854271356784,3.904131124458807,0.0350187784434497,-4.0084291195060487e-10,2.769072838157253e-12,-1.5649432885650575e-09,8.95345089309137e-12,7,c_scan
-0.4070351758793969,3.8489070475538494,0.0410708812871982,-3.684113361851215e-10,3.285302802267696e-12,-1.417980988241645e-09,8.309927849581408e-12,7,c_scan
-0.3969849246231155,3.790993744270535,0.0389907970531897,-3.5002928343038627e-10,2.938386725843585e-12,-1.3269588237960926e-09,7.885390391054733e-12,7,c_scan
-0.3869346733668342,3.732159679867737,0.034106782549324,-3.214721000325693e-10,2.2316083476687238e-12,-1.1997852099439627e-09,7.130922239325995e-12,7,c_scan
-0.3768844221105527,3.7035613145093658,0.0365518520062114,-3.0270599148661314e-10,2.381422592379e-12,-1.1210901997400219e-09,6.680904307064724e-12,7,c_scan
-0.3668341708542714,3.642834748580388,0.0384437825852462,-2.7801329589513867e-10,2.400905594455538e-12,-1.0127564948541723e-09,6.143006654196823e-12,7,c_scan
-0.3567839195979899,3.607353652887877,0.0363351509085718,-2.6208347250801047e-10,2.084805629595465e-12,-9.45427771913311e-10,5.8416295707893225e-12,7,c_scan
-0.3467336683417085,3.5479571736129167,0.0372689710676744,-2.400482899094794e-10,2.0257482589329748e-12,-8.516810521978506e-10,5.327326312680464e-12,7,c_scan
-0.3366834170854271,3.486966115240132,0.039143532988805,-2.1965151734030107e-10,2.0463830027675417e-12,-7.6591739812671e-10,4.796535216933186e-12,7,c_scan
-0.3266331658291457,3.412227161871487,0.0389610976878903,-2.08736611044972e-10,1.9755061740030084e-12,-7.122567338846573e-10,4.549714030319726e-12,7,c_scan
-0.3165829145728643,3.2815396676112085,0.034685816561435,-1.9397485117638307e-10,1.5976671535361442e-12,-6.365361686542815e-10,4.216789835080407e-12,7,c_scan
-0.3065326633165829,3.203967901805281,0.0338633555625805,-1.838958745310896e-10,1.5041628071984984e-12,-5.891964792720226e-10,3.943869459864615e-12,7,c_scan
-0.2964824120603014,3.092211361952404,0.0389098336009949,-1.6950045394430236e-10,1.811794663115348e-12,-5.241312295426619e-10,3.479892048255532e-12,7,c_scan
-0.2864321608040201,3.015500661498017,0.0394928682313068,-1.6054729867359758e-10,1.798690043683769e-12,-4.841304853519533e-10,3.283649978706873e-12,7,c_scan
-0.2763819095477386,2.8757452728083424,0.0420143176092381,-1.4871235516926764e-10,1.908673003457046e-12,-4.2765885238621666e-10,2.985054462733595e-12,7,c_scan
-0.2663316582914573,2.756771446052585,0.0377236352514311,-1.4231852236434258e-10,1.6524773678062745e-12,-3.9233963869841596e-10,2.8409700378050364e-12,7,c_scan
-0.2562814070351759,2.6237752193447994,0.0359394636250735,-1.3130021593856671e-10,1.5503039997674365e-12,-3.4450225287423244e-10,2.392041652580984e-12,7,c_scan
-0.2462311557788944,2.5341691346063824,0.0352151628185969,-1.2449696114404767e-10,1.4901938562383009e-12,-3.154963562835357e-10,2.2270651573584664e-12,7,c_scan
-0.2361809045226131,2.371667612660029,0.0368855577499626,-1.1588319132605762e-10,1.5830067453981457e-12,-2.7483641171969643e-10,2.043372362739862e-12,7,c_scan
-0.2261306532663316,2.270623699536768,0.0359544600051665,-1.1000874092018871e-10,1.542584754574759e-12,-2.4978845428958065e-10,1.8373957736313047e-12,7,c_scan
-0.2160804020100502,2.1180143020166464,0.0363675722717063,-1.0224515201704275e-10,1.5935989535724176e-12,-2.1655669428396272e-10,1.5601735060123956e-12,7,c_scan
-0.2060301507537688,2.0006773542676326,0.0384836452579159,-9.860999434786568e-11,1.7533269854315269e-12,-1.9728678259623407e-10,1.4477918217418273e-12,7,c_scan
-0.1959798994974874,1.8424935022747573,0.0302756277221881,-9.26801230725566e-11,1.326131923859616e-12,-1.7076252455121036e-10,1.3795641449545757e-12,7,c_scan
-0.185929648241206,1.743871272082722,0.0287428593598998,-8.90110675948622e-11,1.27172539345535e-12,-1.552238436760935e-10,1.2756455212046556e-12,7,c_scan
-0.1758793969849246,1.5988513506709854,0.0256031199593419,-8.41720914371132e-11,1.1831257365685298e-12,-1.3457866208303012e-10,1.032476927202638e-12,7,c_scan
-0.1658291457286431,1.5348714938893837,0.0245020255053024,-7.993073343821853e-11,1.0962513326085941e-12,-1.2268340423999258e-10,1.0022102203780956e-12,7,c_scan
-0.1557788944723618,1.3768995533925066,0.0361929559825416,-7.708096239446011e-11,1.9085222870757106e-12,-1.0613274269599671e-10,9.366723172240162e-13,7,c_scan
-0.1457286432160803,1.288499696658253,0.0401395834188601,-7.424266695820465e-11,2.205785221075443e-12,-9.566165385474638e-11,8.960906976225521e-13,7,c_scan
-0.135678391959799,1.1674904248417353,0.0339041231809396,-7.052233748938164e-11,1.9365260529274493e-12,-8.233415375631039e-11,7.780185924243512e-13,7,c_scan
-0.1256281407035175,1.1177840269526604,0.0289633067193807,-6.711367195419384e-11,1.5841034325465865e-12,-7.501859050053864e-11,8.01974381656609e-13,7,c_scan
-0.1155778894472361,1.069240653276965,0.0282240064578542,-6.163650180170294e-11,1.4458480901921252e-12,-6.590425345215968e-11,7.976955521503004e-13,7,c_scan
-0.1055276381909547,1.0460435475166732,0.030112094373179,-5.921266842413299e-11,1.5386589127866605e-12,-6.193902973630858e-11,7.672336039349758e-13,7,c_scan
-0.0954773869346733,1.032883920047818,0.0363550345207072,-5.6228375127058446e-11,1.8167979570958105e-12,-5.807738451915536e-11,8.107297555130577e-13,7,c_scan
-0.085427135678392,1.0395791404837151,0.0398016031408076,-5.390894409836922e-11,1.9037892970933854e-12,-5.6042613770167315e-11,8.287782636332798e-13,7,c_scan
-0.0753768844221105,1.0418899520108311,0.0405592748028488,-5.065905820620087e-11,1.8146360298907768e-12,-5.2781163723372525e-11,8.044928714420513e-13,7,c_scan
-0.0653266331658291,1.0240990369336287,0.030650482461944,-4.9956983923028393e-11,1.2858268022146329e-12,-5.116089912368215e-11,7.81403665322952e-13,7,c_scan
-0.0552763819095477,0.9855648765936972,0.0340595720990739,-4.998333556755314e-11,1.5936926013502192e-12,-4.9261819950376863e-11,6.566157280902647e-13,7,c_scan
-0.0452261306532663,1.0209701697282352,0.0414380979042136,-4.7506783715296153e-11,1.7908620009073738e-12,-4.8503009033048475e-11,7.295491759091448e-13,7,c_scan
-0.0351758793969849,1.0119435986353051,0.0350053470229029,-4.644968259540792e-11,1.4156982095880026e-12,-4.70044589610648e-11,7.690724872033195e-13,7,c_scan
-0.0251256281407035,1.0065034116277594,0.029636330360676,-4.620301622521277e-11,1.1629179626711398e-12,-4.650349345816938e-11,7.105798287948249e-13,7,c_scan
-0.015075376884422,1.0260285600053047,0.0451775270635077,-4.5025112375921045e-11,1.821885299325889e-12,-4.6197051215143296e-11,8.020917004118399e-13,7,c_scan
-0.0050251256281407,1.0543978991341807,0.0748478473137022,-4.5297493723706775e-11,2.928620249430137e-12,-4.776158221832017e-11,1.399867479246548e-12,7,c_scan
0.0050251256281406,1.044783312054293,0.0771835883546885,-4.2276285623097645e-11,2.794332057027536e-12,-4.416955771465325e-11,1.4574245598648452e-12,7,c_scan
0.015075376884422,0.99070571474559,0.0365179555399056,-4.5513822563337116e-11,1.4475872852690837e-12,-4.509080411341486e-11,8.400863334762754e-13,7,c_scan
0.0251256281407035,0.9704768306781314,0.0420565875896523,-4.5698782228199126e-11,1.83736667161208e-12,-4.4349609342672805e-11,7.171542527059083e-13,7,c_scan
0.0351758793969849,0.9577973259925596,0.0397934733192448,-4.534762986588912e-11,1.705441051923093e-12,-4.343383862564894e-11,7.669090431705555e-13,7,c_scan
0.0452261306532664,0.9452591678882204,0.0408051087739856,-4.484886770102307e-11,1.7571383811199606e-12,-4.239380336379795e-11,7.683563886669341e-13,7,c_scan
0.0552763819095476,0.9547733334243208,0.0394342946965671,-4.3429855364324966e-11,1.6081460711184105e-12,-4.1465667776332657e-11,7.586749395369442e-13,7,c_scan
0.0653266331658291,0.9393014469817628,0.0400096316744944,-4.152311684460549e-11,1.5773791036684842e-12,-3.900272373533075e-11,7.515043225494015e-13,7,c_scan
0.0753768844221105,0.9528536701856646,0.0399517585940853,-3.926926631545943e-11,1.4384010845609162e-12,-3.7417864534183804e-11,7.634575143727235e-13,7,c_scan
0.085427135678392,0.927521567045496,0.0415896314606771,-3.745752561284776e-11,1.4509528741524537e-12,-3.474266285407536e-11,7.846840865588957e-13,7,c_scan
0.0954773869346734,0.8893339612927098,0.0478676626874639,-3.587499394501824e-11,1.7027430167264981e-12,-3.190485047647505e-11,8.098324110512631e-13,7,c_scan
0.1055276381909549,0.7907745271154164,0.0483042020550215,-3.212200075394972e-11,1.6709149026631625e-12,-2.5401259956205638e-11,8.134308783654826e-13,7,c_scan
0.1155778894472361,0.6831532601831339,0.0415173789108118,-2.9842911138829914e-11,1.3852388926907472e-12,-2.038728203784721e-11,7.997363851471955e-13,7,c_scan
0.1256281407035175,0.3373869460954114,0.0355234262453518,-2.771160653543577e-11,1.5188017849731492e-12,-9.349534300388319e-12,8.405279192281436e-13,7,c_scan
0.135678391959799,0.0259436516281502,0.0369165158780608,-2.4090375028633653e-11,1.5088942138974516e-12,-6.249922973343618e-13,8.884707345133009e-13,7,c_scan
0.1457286432160804,0.7805452317054998,0.1083827538090656,-1.7760310827265466e-11,2.124298260362175e-12,1.386272592982962e-11,9.777280803377175e-13,7,c_scan
0.1557788944723619,1.682629414823206,0.2281208405301303,-1.5037093772564897e-11,1.9540544601581623e-12,2.5301856295172543e-11,9.77839937947696e-13,7,c_scan
0.1658291457286431,4.540034940566074,0.6918716758996232,-9.928555547050136e-12,1.4952495565316718e-12,4.507598909295872e-11,1.0505062751158677e-12,7,c_scan
0.1758793969849246,11.480312312304989,3.4706351626239766,-5.143206945082741e-12,1.551337434321119e-12,5.904562201636592e-11,1.1996326794300257e-12,7,c_scan
0.185929648241206,79.78451809473403,145.78582925910325,1.0212054479780629e-12,1.865901477264059e-12,8.147638454264672e-11,1.467507128504174e-12,7,c_scan
0.1959798994974875,18.984817639265845,6.64445703801094,5.176354019453156e-12,1.809908754534613e-12,9.827213709559892e-11,1.5125362351956317e-12,7,c_scan
0.2060301507537689,10.963164171005246,1.5691085571177732,1.1590848149002763e-11,1.6516931872306233e-12,1.270723711387096e-10,1.698828883285603e-12,7,c_scan
0.2160804020100502,10.40454585921175,1.2826967973240404,1.4287112901682796e-11,1.7516787922477469e-12,1.486509213812945e-10,1.917681378121755e-12,7,c_scan
0.2261306532663316,8.6358506156248,0.5135731256979467,2.13858862725258e-11,1.2491048554325844e-12,1.8468531913227386e-10,2.0663701360952493e-12,7,c_scan
0.2361809045226131,7.640413283907934,0.3771867031229006,2.749779469595096e-11,1.327344855779046e-12,2.100945158731168e-10,2.1737089002037504e-12,7,c_scan
0.2462311557788945,7.184731435293118,0.3427255925300697,3.466813764542631e-11,1.615366900362529e-12,2.4908125834416315e-10,2.544619225789126e-12,7,c_scan
0.256281407035176,6.8180742380313,0.2825159228770483,4.0777837568209736e-11,1.6397236665362994e-12,2.780263238064357e-10,2.780713438863202e-12,7,c_scan
0.2663316582914572,6.385684776937121,0.1777363105427905,5.1226632536075445e-11,1.341234452079754e-12,3.2711712755936875e-10,3.0893178189360108e-12,7,c_scan
0.2763819095477386,6.365681377916712,0.1924282749477263,5.6827501619503405e-11,1.637234887343174e-12,3.6174576881280463e-10,3.310362631184692e-12,7,c_scan
0.2864321608040201,6.2076988713821,0.163515528521333,6.73221007137686e-11,1.6694117461484773e-12,4.179153286199333e-10,3.712766665391216e-12,7,c_scan
0.2964824120603015,6.128820271913215,0.1478487987205448,7.484335407082257e-11,1.6854138366073877e-12,4.587014656472357e-10,3.967957299801108e-12,7,c_scan
0.306532663316583,6.072832131116798,0.1456332929594958,8.648523189209039e-11,1.9445447056485163e-12,5.252102951013736e-10,4.380332184642948e-12,7,c_scan
0.3165829145728642,5.950534498802738,0.1288091311066757,9.624152967921906e-11,1.931224351963181e-12,5.726885425737407e-10,4.649568489151593e-12,7,c_scan
0.3266331658291457,5.817075626525688,0.0956488737957974,1.1199681536861924e-10,1.6181511456897914e-12,6.514939449292926e-10,5.113905146207651e-12,7,c_scan
0.3366834170854271,5.725531552843994,0.090093482085481,1.2941476286182748e-10,1.782048449766036e-12,7.409683081692162e-10,5.642469017124229e-12,7,c_scan
0.3467336683417086,5.71580240241294,0.085584208289965,1.4113746223923908e-10,1.8339954047195693e-12,8.067138457375083e-10,6.00145103054482e-12,7,c_scan
0.35678391959799,5.69362636426895,0.0807320392538765,1.6061785189551968e-10,1.956123183196415e-12,9.144980361245763e-10,6.64084448893617e-12,7,c_scan
0.3668341708542713,5.705106788183596,0.0768387481801577,1.739126746300807e-10,1.99204695826478e-12,9.921903805832383e-10,7.0296779956898846e-12,7,c_scan
0.3768844221105527,5.800778917634892,0.0751555605332641,1.9310932148485903e-10,2.1210371673353545e-12,1.120184480868149e-09,7.697653961897107e-12,7,c_scan
0.3869346733668342,5.8659142591419045,0.0761815370305324,2.0673548820475872e-10,2.297756613466192e-12,1.2126926481309572e-09,8.147148297226868e-12,7,c_scan
0.3969849246231156,5.967991825553826,0.0730617085937619,2.2835797604767202e-10,2.36509716918672e-12,1.3628385343525227e-09,8.895699725651933e-12,7,c_scan
0.4070351758793971,6.007551919599916,0.0756071152107604,2.4502182203493776e-10,2.653710382487904e-12,1.4719813173098596e-09,9.435738906221705e-12,7,c_scan
0.4170854271356783,6.113331715714842,0.0736429888270769,2.6991419672164133e-10,2.7814076754115912e-12,1.650075019340105e-09,1.0294749533577512e-11,7,c_scan
0.4271356783919597,6.190332881334376,0.0750602279996827,2.8728926799741285e-10,2.993831989684878e-12,1.7784162021388682e-09,1.10245506273675e-11,7,c_scan
0.4371859296482412,6.289274983499692,0.0776089879251284,3.1589482791173125e-10,3.3948858751048216e-12,1.9867494386021917e-09,1.2048520491501648e-11,7,c_scan
0.4472361809045226,6.337645839286462,0.0744974454882288,3.371964017859185e-10,3.415045096318979e-12,2.1370313728008924e-09,1.2751217667862863e-11,7,c_scan
0.4572864321608041,6.411258943457361,0.0754935716634633,3.709077368562496e-10,3.803535034933399e-12,2.3779855451171597e-09,1.3762787371072484e-11,7,c_scan
0.4673366834170853,6.431107738771469,0.0741981886422768,3.9632819643371637e-10,3.9855457667182375e-12,2.548829331178212e-09,1.4414903110620006e-11,7,c_scan
0.4773869346733668,6.437734870138225,0.0726043499080094,4.3891207315194996e-10,4.301972915308344e-12,2.8255995582549677e-09,1.5763568396137568e-11,7,c_scan
0.4874371859296482,6.428452887712885,0.0731205218185227,4.703905886393917e-10,4.682649684304809e-12,3.023883737891862e-09,1.663995586289052e-11,7,c_scan
0.4974874371859297,6.428481933471132,0.0748733231406874,5.205013541212039e-10,5.37510517983776e-12,3.346033551315419e-09,1.80229846360332e-11,7,c_scan
0.5075376884422111,6.419587030834317,0.0729605867954889,5.571269144388648e-10,5.5884168942193605e-12,3.5765247144604764e-09,1.9111400415085118e-11,7,c_scan
0.5175879396984926,6.4113369873959964,0.0726380210531801,6.156396122168312e-10,6.184892901620427e-12,3.947073016711899e-09,2.0673176112849924e-11,7,c_scan
0.5276381909547738,6.379652305036658,0.0766562120385451,6.602377201752529e-10,7.153421196840836e-12,4.2120870933882e-09,2.1882194855217925e-11,7,c_scan
0.5376884422110553,6.312357279936533,0.0752947504161107,7.349332244232233e-10,7.922855534402866e-12,4.639161089455163e-09,2.368440824366948e-11,7,c_scan
0.5477386934673367,6.281019055307381,0.0741700858343857,7.872167913621577e-10,8.428612075576906e-12,4.944523667203647e-09,2.4626787734873767e-11,7,c_scan
0.5577889447236182,6.19525819516967,0.071948720346827,8.765260541620191e-10,9.253878461009288e-12,5.430305220326983e-09,2.627617096761084e-11,7,c_scan
0.5678391959798996,6.13425956689687,0.0720942589795063,9.41226031155941e-10,1.0120230009309284e-11,5.773724786230705e-09,2.739763698549056e-11,7,c_scan
0.5778894472361809,6.035047016414844,0.0695806022490756,1.047858550565759e-09,1.1064099684789024e-11,6.323875619216667e-09,2.928159020341063e-11,7,c_scan
0.5879396984924623,5.961217195990445,0.0669954423133425,1.126328186704893e-09,1.157314946140778e-11,6.714286954913944e-09,3.056813310722966e-11,7,c_scan
0.5979899497487438,5.856041124493246,0.0657105399580145,1.2531094873937223e-09,1.2900547393094082e-11,7.338260691670288e-09,3.2757728921246686e-11,7,c_scan
0.6080402010050252,5.7824512959622165,0.06370401110822,1.3452053357456654e-09,1.3599025935497388e-11,7.778584337017814e-09,3.4059576161147247e-11,7,c_scan
0.6180904522613067,5.668060133733059,0.0611534606414302,1.497335976602753e-09,1.4845372297317198e-11,8.486990355786322e-09,3.6114755012750676e-11,7,c_scan
0.6281407035175879,5.592304189220134,0.0589787181073437,1.6087649595976282e-09,1.5579857364266558e-11,8.996703023028378e-09,3.7571226870755495e-11,7,c_scan
0.6381909547738693,5.4755103682151045,0.0556024665053949,1.7903047867139923e-09,1.6642652722527818e-11,9.802832421917596e-09,4.0064270343502186e-11,7,c_scan
0.6482412060301508,5.393687487409185,0.0538520356623795,1.924469165086316e-09,1.7563577434527067e-11,1.0379985255630862e-08,4.2027425296279166e-11,7,c_scan
0.6582914572864322,5.273992830169773,0.0519927465591773,2.142328303399505e-09,1.935185748621106e-11,1.1298624111998768e-08,4.461138094142601e-11,7,c_scan
0.6683417085427137,5.198181719818199,0.0512438162884221,2.298302633026914e-09,2.08263034458386e-11,1.1946994733610541e-08,4.637538040193962e-11,7,c_scan
0.6783919597989949,5.0992982929310005,0.0509798331700122,2.547383749328022e-09,2.3584561768372253e-11,1.2989869604388553e-08,4.900375482852424e-11,7,c_scan
0.6884422110552764,5.042226543382846,0.0507487853217094,2.723079812946182e-09,2.5475889269819056e-11,1.3730385312587234e-08,5.0956486878550925e-11,7,c_scan
0.6984924623115578,4.967068195320404,0.0499759749285382,3.001505074917964e-09,2.8155221523431213e-11,1.4908680395717807e-08,5.4251510492638205e-11,7,c_scan
0.7085427135678393,4.917349675067671,0.0493886118142927,3.202105386652672e-09,3.0063809789796326e-11,1.5745871882588958e-08,5.617538952896215e-11,7,c_scan
0.7185929648241207,4.846350732769497,0.0491747612612261,3.521818602749525e-09,3.3615183435056284e-11,1.706796816611641e-08,5.876153577407413e-11,7,c_scan
0.728643216080402,4.801158085487845,0.0486816722132889,3.749289201698518e-09,3.5857661064036937e-11,1.8000930165567113e-08,6.062738026751273e-11,7,c_scan
0.7386934673366834,4.7309507969635805,0.0473160162789656,4.117723789690741e-09,3.891359846246286e-11,1.9480748644513305e-08,6.378250267493149e-11,7,c_scan
0.7487437185929648,4.683752934278792,0.0480428970799881,4.3812153195378e-09,4.270118246547357e-11,2.0520530108592365e-08,6.560302737101984e-11,7,c_scan
0.7587939698492463,4.620540438819831,0.0484673024073701,4.797685357741525e-09,4.804263923619713e-11,2.2167899208178505e-08,6.923995077047884e-11,7,c_scan
0.7688442211055277,4.577368244449107,0.0478605374923867,5.0945878804730935e-09,5.0928144296040316e-11,2.3319804782632817e-08,7.14804467584213e-11,7,c_scan
0.778894472361809,4.511671015064151,0.0467296998753219,5.5735710424049556e-09,5.5235693481884286e-11,2.5146118922419323e-08,7.570740065100974e-11,7,c_scan
0.7889447236180904,4.473093190569055,0.0462669820607089,5.908247240386248e-09,5.849714430227934e-11,2.6428140499170143e-08,7.909680500437044e-11,7,c_scan
0.7989949748743719,4.41579850254224,0.0456032589030095,6.444736675878571e-09,6.386247932908116e-11,2.8458658562623653e-08,8.277456654813617e-11,7,c_scan
0.8090452261306533,4.37815606559063,0.0450094311364161,6.825169105011227e-09,6.745263830001561e-11,2.988165551578668e-08,8.459998717663408e-11,7,c_scan
0.8190954773869348,4.321012402282886,0.0430775951455906,7.438865620837591e-09,7.1242198452677e-11,3.214343060655501e-08,8.900960044800225e-11,7,c_scan
0.829145728643216,4.286389038353816,0.0421929942175377,7.870986931257533e-09,7.445963012859938e-11,3.373811210316843e-08,9.179195142204096e-11,7,c_scan
0.8391959798994975,4.231610160223477,0.0406035288156294,8.567402232812677e-09,7.908237093120988e-11,3.6253906335091433e-08,9.499209188538755e-11,7,c_scan
0.8492462311557789,4.193180351647516,0.0393271450624826,9.068458006412738e-09,8.181869318376617e-11,3.802567993223049e-08,9.739293506806082e-11,7,c_scan
0.8592964824120604,4.14088716698614,0.0373665992363065,9.860725115518489e-09,8.555319862109827e-11,4.083215008802844e-08,1.01289543678976e-10,7,c_scan
0.8693467336683418,4.1083064238937785,0.0363223249976385,1.0415980476513986e-08,8.855231315365713e-11,4.2792039502814586e-08,1.0385138675463944e-10,7,c_scan
0.879396984924623,4.055972796635138,0.0351854289796087,1.1319378632532782e-08,9.449696417253216e-11,4.591109180836601e-08,1.0827453418195652e-10,7,c_scan
0.8894472361809045,4.021941224905343,0.0337704228817308,1.1960572097344669e-08,9.652267356724772e-11,4.8104717991763083e-08,1.1153619694780248e-10,7,c_scan
0.8994974874371859,3.9703607972060624,0.03334034846455,1.29875807203207e-08,1.0496575552398742e-10,5.156538134251058e-08,1.1754106088168551e-10,7,c_scan
0.9095477386934674,3.9393598902094777,0.0329273389273502,1.3705133892197385e-08,1.1034784232870063e-10,5.3989454744872886e-08,1.2117706083608219e-10,7,c_scan
0.9195979899497488,3.8951695340945935,0.0329015521330552,1.4835304252996517e-08,1.2117363857654383e-10,5.7786025155295984e-08,1.2437731875031543e-10,7,c_scan
0.92964824120603,3.869014920897953,0.0322604314861067,1.562919312580417e-08,1.2612795927174954e-10,6.046958140533205e-08,1.268346106645336e-10,7,c_scan
0.9396984924623116,3.8298670283177896,0.0317432810264307,1.6883457327148916e-08,1.3567046124557442e-10,6.466139654125803e-08,1.3131554006690234e-10,7,c_scan
0.949748743718593,3.8056078997468767,0.0320071570850967,1.776716250998526e-08,1.4519154344090364e-10,6.761485400408647e-08,1.3449925156403902e-10,7,c_scan
0.9597989949748744,3.776512301773489,0.0331394637580802,1.912398886462409e-08,1.6370933687279968e-10,7.22219792062321e-08,1.393437168618205e-10,7,c_scan
0.969849246231156,3.7582114575390007,0.0331007270003608,2.0069682355294546e-08,1.7270366683282128e-10,7.542611017683629e-08,1.4158966814880738e-10,7,c_scan
0.9798994974874372,3.728889461299054,0.0323007502672323,2.1581450737289123e-08,1.8290596442076896e-10,8.04748442138221e-08,1.4412156253749708e-10,7,c_scan
0.9899497487437184,3.700106194574893,0.0323413909127531,2.3151776683870925e-08,1.981612963140545e-10,8.56640323234054e-08,1.5176997440732494e-10,7,c_scan
1.0,3.6877203148141176,0.0322665776469789,2.3860219034468934e-08,2.046248449059972e-10,8.79898144493256e-08,1.5266624850034946e-10,7,c_scan
-1.0,1.7311430164109587,0.0038146069983322,-1.6473178647191152e-06,3.4254288684602198e-09,-2.8517428173175085e-06,2.079236693308454e-09,80,c_scan
-0.9899497487437184,1.7229850528176998,0.0033654281452767,-1.6367554429481268e-06,2.928469600822906e-09,-2.820105163317636e-06,2.209773429499701e-09,80,c_scan
-0.9798994974874372,1.7178420625817568,0.0037172485779405,-1.6090281604992572e-06,3.266958495433646e-09,-2.764056253984174e-06,2.0684221530038903e-09,80,c_scan
-0.969849246231156,1.7286991950091264,0.0038342666043881,-1.5631671786286324e-06,3.2560685155224303e-09,-2.702245843360004e-06,2.0591902123398e-09,80,c_scan
-0.9597989949748744,1.736216260926999,0.003896164644516,-1.5328400028943186e-06,3.229331487002226e-09,-2.6613417384245044e-06,2.056874089011476e-09,80,c_scan
-0.949748743718593,1.7477024090451478,0.0040018815877968,-1.4877698985374992e-06,3.197987767577148e-09,-2.6001790357788425e-06,2.051899172405613e-09,80,c_scan
-0.9396984924623116,1.7555566641353946,0.0040610285825373,-1.4579405600949454e-06,3.163221243135608e-09,-2.559497266187972e-06,2.053522495802789e-09,80,c_scan
-0.92964824120603,1.76732614064312,0.0041871094405192,-1.4141870319162156e-06,3.143351736824938e-09,-2.499329709264034e-06,2.049582781479709e-09,80,c_scan
-0.9195979899497488,1.7753553792617878,0.0042654167112024,-1.3851899665609032e-06,3.123231543093562e-09,-2.459204458433356e-06,2.0405933394409883e-09,80,c_scan
-0.9095477386934674,1.7876503598718876,0.0043543293635658,-1.3424379359497714e-06,3.064260757689359e-09,-2.3998096593062827e-06,2.0401745145063716e-09,80,c_scan
-0.8994974874371859,1.7960734851149551,0.0044172666792629,-1.3142176968124358e-06,3.0274029135521394e-09,-2.360431558913661e-06,2.0335178712479972e-09,80,c_scan
-0.8894472361809045,1.8089674256640864,0.0045413768549637,-1.272390632469522e-06,2.990843307826612e-09,-2.30171320685749e-06,2.02933734075522e-09,80,c_scan
-0.879396984924623,1.8176190250262112,0.00462053196043,-1.2449763444855065e-06,2.9619765398487703e-09,-2.2628926894444424e-06,2.026328240184516e-09,80,c_scan
-0.8693467336683418,1.8308533402415168,0.0047358272784173,-1.2043181444962974e-06,2.913915448914476e-09,-2.204929897564512e-06,2.0168162555299424e-09,80,c_scan
-0.8592964824120604,1.8397812760753407,0.004820661476756,-1.1777198817622684e-06,2.886017641018322e-09,-2.1667469869278864e-06,2.010088169721076e-09,80,c_scan
-0.8492462311557789,1.8532907692279583,0.0048189585258275,-1.1384026089380878e-06,2.757720597989928e-09,-2.109791046809984e-06,1.993587750756388e-09,80,c_scan
-0.8391959798994975,1.862839930011164,0.0050509274888244,-1.112315658324783e-06,2.819265805097482e-09,-2.0720660231040607e-06,1.9956521267736863e-09,80,c_scan
-0.829145728643216,1.8770582726149525,0.0052694577178529,-1.0740591474406064e-06,2.8252159149245462e-09,-2.016071607981153e-06,1.977243884861724e-09,80,c_scan
-0.8190954773869348,1.886178097647984,0.0050364623706617,-1.049240132704555e-06,2.599618089647876e-09,-1.979053757480596e-06,1.9704647691920834e-09,80,c_scan
-0.8090452261306533,1.9013201833794384,0.0054699945498722,-1.0119371768483257e-06,2.7211167658665703e-09,-1.9240165786537294e-06,1.967771783414197e-09,80,c_scan
-0.7989949748743719,1.928739285019028,0.0051105654430794,-9.787136214164156e-07,2.384751604210949e-09,-1.887683410409081e-06,1.965149700140397e-09,80,c_scan
-0.7889447236180904,1.9260710600826785,0.005740147527153,-9.519940736059416e-07,2.649432700102447e-09,-1.833608234542623e-06,1.95477370212303e-09,80,c_scan
-0.778894472361809,1.954580345734346,0.0053715936244148,-9.19876904035246e-07,2.32286675896602e-09,-1.7979733171222513e-06,1.9498256708166142e-09,80,c_scan
-0.7688442211055277,1.9517197600413856,0.0060295295082969,-8.940373590344186e-07,2.577353693900089e-09,-1.7449103798426897e-06,1.9378328756133972e-09,80,c_scan
-0.7587939698492463,1.9877606241199028,0.0062085346858851,-8.602746742577768e-07,2.5056424367760116e-09,-1.7100201234171845e-06,1.928785606783409e-09,80,c_scan
-0.7487437185929648,1.9781569828243983,0.0062695267885012,-8.381329162284004e-07,2.475620796637194e-09,-1.6579584807721866e-06,1.9051503297658564e-09,80,c_scan
-0.7386934673366834,2.01541229128234,0.0065452517557429,-8.056801717380916e-07,2.4394128479953886e-09,-1.6237777209634162e-06,1.9071760328494063e-09,80,c_scan
-0.728643216080402,2.0053174836463064,0.0066722197549814,-7.844246296345644e-07,2.4329977907281787e-09,-1.5730204244089704e-06,1.894527718121457e-09,80,c_scan
-0.7185929648241207,2.0441569627016505,0.00699860106269,-7.53135856125188e-07,2.40869833193992e-09,-1.5395279041585714e-06,1.8812155236622914e-09,80,c_scan
-0.7085427135678393,2.033334487775657,0.0070646766067753,-7.327833451566074e-07,2.375242191382421e-09,-1.4899936477745429e-06,1.863981072021743e-09,80,c_scan
-0.6984924623115578,2.0734907091678827,0.007350296976218,-7.027576204944889e-07,2.3253527841486797e-09,-1.4571613968922515e-06,1.853200855987465e-09,80,c_scan
-0.6884422110552764,2.0613928171624223,0.0076876083696317,-6.834027154145063e-07,2.3874213801809408e-09,-1.4087614487847583e-06,1.838857193669596e-09,80,c_scan
-0.6783919597989949,2.1036573470383138,0.007604229377822,-6.54509711369584e-07,2.199996220934581e-09,-1.3768641630305514e-06,1.8309039070321603e-09,80,c_scan
-0.6683417085427137,2.091252474905645,0.0076905952251454,-6.357712352048716e-07,2.171330443350282e-09,-1.3295581690960069e-06,1.813269256204497e-09,80,c_scan
-0.6582914572864322,2.134396146182141,0.0080296398094576,-6.084499198093688e-07,2.127552165645689e-09,-1.2986731639859492e-06,1.8023263114515086e-09,80,c_scan
-0.6482412060301508,2.121227244799068,0.0080378379854741,-5.905317052202545e-07,2.073718241626312e-09,-1.252651942030856e-06,1.783398347927615e-09,80,c_scan
-0.6381909547738693,2.16604108839002,0.0083307794547742,-5.643061557936589e-07,2.010679339663961e-09,-1.2223103198804852e-06,1.7699002484451295e-09,80,c_scan
-0.6281407035175879,2.176956152072007,0.0069245578558528,-5.410435348298309e-07,1.5221623969458335e-09,-1.1778280516865856e-06,1.748052166726368e-09,80,c_scan
-0.6180904522613067,2.1982000742049044,0.0087415108906425,-5.224163157224528e-07,1.92224099018012e-09,-1.1483755839869483e-06,1.7321148972493195e-09,80,c_scan
-0.6080402010050252,2.2087936429831707,0.0072711568990713,-5.003295937211376e-07,1.452420734643955e-09,-1.1051248260076011e-06,1.7155090131579815e-09,80,c_scan
-0.5979899497487438,2.2303907135236045,0.0092015741102697,-4.826777590740359e-07,1.835707649336051e-09,-1.0765599914631134e-06,1.721141389996185e-09,80,c_scan
-0.5879396984924623,2.241254988266144,0.0075962451440658,-4.616755195927409e-07,1.369562477025435e-09,-1.0347325612475942e-06,1.696167426030033e-09,80,c_scan
-0.5778894472361809,2.2633944133761,0.0097010593607347,-4.449753482304858e-07,1.7625137475775e-09,-1.0071547172749662e-06,1.6492277108794111e-09,80,c_scan
-0.5678391959798996,2.2736587239136625,0.0081103244292691,-4.2511600374549174e-07,1.3370330338411643e-09,-9.665687105912506e-07,1.6267099740564724e-09,80,c_scan
-0.5577889447236182,2.296155443828003,0.0102361832704356,-4.093903515097129e-07,1.685029257372543e-09,-9.40023884269687e-07,1.609730779678505e-09,80,c_scan
-0.5477386934673367,2.31518187292105,0.0104874112882279,-3.890565159314409e-07,1.62421342445839e-09,-9.007365932262916e-07,1.5835936120599912e-09,80,c_scan
-0.5376884422110553,2.3277843387822608,0.0106795879585905,-3.758993110415357e-07,1.588274859559827e-09,-8.750125292015284e-07,1.564226594949462e-09,80,c_scan
-0.5276381909547738,2.346804614534193,0.0108915685165874,-3.567460267720216e-07,1.5210256480935335e-09,-8.37213221845319e-07,1.5347989700407083e-09,80,c_scan
-0.5175879396984926,2.359132259663254,0.011129593460353,-3.4439964086032375e-07,1.4921400992036712e-09,-8.124843029700286e-07,1.5167750035555447e-09,80,c_scan
-0.5075376884422111,2.376837636948953,0.0112966462493991,-3.264742748351624e-07,1.4202770572211667e-09,-7.759763439238302e-07,1.4852641556056746e-09,80,c_scan
-0.4974874371859297,2.388455973679552,0.0113587081765587,-3.149104655570273e-07,1.366042233790303e-09,-7.521497826338907e-07,1.466062587862785e-09,80,c_scan
-0.4874371859296482,2.4048136079406746,0.0115600756830029,-2.9817614393675737e-07,1.303041665108346e-09,-7.170580485023914e-07,1.4360053944025135e-09,80,c_scan
-0.4773869346733668,2.4152843786790035,0.0118232339472467,-2.87421140741963e-07,1.2793586929785795e-09,-6.942037913361624e-07,1.4141754506617e-09,80,c_scan
-0.4673366834170853,2.430099416455214,0.0122861283982833,-2.7180219126327694e-07,1.2509433039959514e-09,-6.605063463801378e-07,1.382200021061878e-09,80,c_scan
-0.4572864321608041,2.439198646443568,0.0124156531009737,-2.6180107554881e-07,1.21046180574292e-09,-6.385848291161276e-07,1.3593057862018567e-09,80,c_scan
-0.4472361809045226,2.452143775917184,0.0127671101359242,-2.47244557790445e-07,1.168447429534853e-09,-6.06279203515236e-07,1.3246647849505083e-09,80,c_scan
-0.4371859296482412,2.495564045386223,0.0098640501236457,-2.3450248920346977e-07,7.667600629424876e-10,-5.852159806097501e-07,1.299676405848057e-09,80,c_scan
-0.4271356783919597,2.4702173146795885,0.0131962976597352,-2.2442329376961146e-07,1.0843240913506034e-09,-5.543743060871181e-07,1.263474841159275e-09,80,c_scan
-0.4170854271356783,2.5132417285387336,0.0099911992714748,-2.125823926751767e-07,6.86027296620921e-10,-5.342709400238608e-07,1.2403527512093763e-09,80,c_scan
-0.4070351758793971,2.48314160862587,0.013262225461738,-2.0332266819185973e-07,9.711576397882654e-10,-5.048789773640386e-07,1.2065379599520002e-09,80,c_scan
-0.3969849246231156,2.5249728111212835,0.0102494223598623,-1.923220949225341e-07,6.24808525044521e-10,-4.856080606572851e-07,1.18181738505461e-09,80,c_scan
-0.3869346733668342,2.4909641700443745,0.0135477633299983,-1.8368494168962245e-07,8.873458672722591e-10,-4.575526083255397e-07,1.143284551951622e-09,80,c_scan
-0.3768844221105527,2.5317314267079896,0.0104709678949811,-1.735159730032092e-07,5.657271715902605e-10,-4.3929584188803974e-07,1.1178811953192263e-09,80,c_scan
-0.3668341708542713,2.493134092177293,0.0139558399464509,-1.654884951090444e-07,8.189547139746568e-10,-4.125850090194738e-07,1.079413413899562e-09,80,c_scan
-0.35678391959799,2.532626964011285,0.0106315571702968,-1.5611419410139652e-07,5.062888059959701e-10,-3.953790174460884e-07,1.053843288193736e-09,80,c_scan
-0.3467336683417086,2.488680842956568,0.0139787601526091,-1.486993948785061e-07,7.290516877349127e-10,-3.70065335393372e-07,1.014274171436462e-09,80,c_scan
-0.3366834170854271,2.5268378200704045,0.0107141591448153,-1.399506277030611e-07,4.4660306683951567e-10,-3.536325390226877e-07,9.873512887636918e-10,80,c_scan
-0.3266331658291457,2.479097640218353,0.0139874804526116,-1.330582539111433e-07,6.46219697606147e-10,-3.298644032826898e-07,9.472806368380134e-10,80,c_scan
-0.3165829145728642,2.4768193483511847,0.0147989810772251,-1.241871141360161e-07,5.94755865521414e-10,-3.075890471079816e-07,1.0989240275355156e-09,80,c_scan
-0.306532663316583,2.4637226491251827,0.013967980709703,-1.1852467159192124e-07,5.700059338579491e-10,-2.920119178811404e-07,8.767472814633384e-10,80,c_scan
-0.2964824120603015,2.452387182427944,0.0142788688270586,-1.1027349320913957e-07,5.441921732707893e-10,-2.704333013076487e-07,8.356001886934126e-10,80,c_scan
-0.2864321608040201,2.4437686173076543,0.0146067004774422,-1.0498800288456244e-07,5.335996587008215e-10,-2.565663866430991e-07,8.07036845551302e-10,80,c_scan
-0.2763819095477386,2.4280271782769938,0.0147209562769279,-9.738578594874761e-08,4.994922690142477e-10,-2.3645533506142493e-07,7.644643819607603e-10,80,c_scan
-0.2663316582914572,2.4649052847098343,0.0117141534375146,-9.06838482372098e-08,3.1104476186159003e-10,-2.23527096757723e-07,7.352726143102351e-10,80,c_scan
-0.256281407035176,2.3997381826484725,0.0149846735753857,-8.537351245317125e-08,4.4873543619646917e-10,-2.048740776206899e-07,6.906468153383315e-10,80,c_scan
-0.2462311557788945,2.4396297096945023,0.0121829761961707,-7.908301895685955e-08,2.871162566350386e-10,-1.9293328257948805e-07,6.615340277782344e-10,80,c_scan
-0.2361809045226131,2.369878744451444,0.0159812932599629,-7.41631744314375e-08,4.2690177140973985e-10,-1.757577307061085e-07,6.174194009847991e-10,80,c_scan
-0.2261306532663316,2.4105541616350337,0.0121706198270095,-6.835924134649371e-08,2.4430128703294195e-10,-1.6478365371400408e-07,5.876872818155638e-10,80,c_scan
-0.2160804020100502,2.336082607870579,0.0167407523813916,-6.379457168864079e-08,3.9337107818819607e-10,-1.4902938939838658e-07,5.44145068119747e-10,80,c_scan
-0.2060301507537689,2.378064775823727,0.0123558711027877,-5.8470827056240416e-08,2.1297242242439688e-10,-1.3904741423572629e-07,5.152102376491904e-10,80,c_scan
-0.1959798994974875,2.298447953918646,0.0165285802073006,-5.427298267837345e-08,3.316219734492049e-10,-1.2474362599016956e-07,4.730066592284567e-10,80,c_scan
-0.185929648241206,2.343401322575834,0.0126343696076947,-4.9379897753667655e-08,1.8711420132456047e-10,-1.1571691770460424e-07,4.4380532769176576e-10,80,c_scan
-0.1758793969849246,2.2577998877314567,0.0171089720752174,-4.553638090586348e-08,2.959077887762518e-10,-1.0281203569695541e-07,4.007596719203025e-10,80,c_scan
-0.1658291457286431,2.307519591078037,0.0134180230163659,-4.1036101529855326e-08,1.7561882395872868e-10,-9.469160822160857e-08,3.7277805616996767e-10,80,c_scan
-0.1557788944723619,2.2172155747882103,0.0177810740055814,-3.753508879225136e-08,2.6105089057514393e-10,-8.32233834712381e-08,3.3230287588605087e-10,80,c_scan
-0.1457286432160804,2.271633883507277,0.0144643555731113,-3.3446816097801345e-08,1.6523413355772243e-10,-7.59789207432022e-08,3.052225383958322e-10,80,c_scan
-0.135678391959799,2.1748035491960858,0.0183235571683687,-3.028614846515876e-08,2.2359355375817403e-10,-6.586642317350684e-08,2.6741159574508075e-10,80,c_scan
-0.1256281407035175,2.2353283075585506,0.0148610543832181,-2.6622791543774717e-08,1.3945985100417455e-10,-5.9510679564030024e-08,2.4362319824555966e-10,80,c_scan
-0.1155778894472361,2.1298397374278943,0.0198451647167605,-2.3780191487991146e-08,1.9862332165633887e-10,-5.06479967947681e-08,2.0916710248704496e-10,80,c_scan
-0.1055276381909549,2.234846696602612,0.034155124777087,-2.022927031803777e-08,2.9761931219318805e-10,-4.5209317944947954e-08,1.8704581493697304e-10,80,c_scan
-0.0954773869346734,2.057420336617775,0.0289307026416994,-1.8283976196681086e-08,2.4574720648215966e-10,-3.7617824461286966e-08,1.5546935368751808e-10,80,c_scan
-0.085427135678392,2.1930941921160243,0.025808727912511,-1.5041592335817212e-08,1.6576104347219522e-10,-3.298762879185764e-08,1.3619424150169927e-10,80,c_scan
-0.0753768844221105,2.1440516528393263,0.0187966314393977,-1.2417282551083416e-08,9.618286790317016e-11,-2.6623295177423324e-08,1.0931552208568767e-10,80,c_scan
-0.0653266331658291,2.171823260666521,0.0275167464433689,-1.047985005802562e-08,1.2569162234462485e-10,-2.2760382124317427e-08,9.295147404126008e-11,80,c_scan
-0.0552763819095476,2.110321273594348,0.021343330093241,-8.325037824055546e-09,7.712287450689295e-11,-1.756850442358202e-08,7.129331102953004e-11,80,c_scan
-0.0452261306532664,2.1507777374837835,0.0340114049867735,-6.722885096178625e-09,1.02790953912189e-10,-1.4459431596522512e-08,5.836452165601224e-11,80,c_scan
-0.0351758793969849,2.076428292452772,0.0280834670432229,-4.950236898481466e-09,6.395976701450816e-11,-1.0278811950350572e-08,4.1092318293121645e-11,80,c_scan
-0.0251256281407035,2.1402542949092527,0.0499510336036882,-3.6300077310113255e-09,8.347843076390058e-11,-7.76913963685078e-09,3.0930436108052674e-11,80,c_scan
-0.015075376884422,2.020958918925098,0.0541113435536737,-2.1296810940109803e-09,5.638737579641168e-11,-4.303998001407651e-09,1.7150391515589023e-11,80,c_scan
-0.0050251256281406,2.1740955861960205,0.164979836921283,-9.77735127912838e-10,7.408352072162453e-11,-2.1256896260641027e-09,8.831203740716055e-12,80,c_scan
0.0050251256281407,2.80984236725908,0.3738146555230389,4.077765470022297e-10,5.420303781401485e-11,1.1457878181414782e-09,6.314807843190469e-12,80,c_scan
0.015075376884422,2.2094178876252872,0.0985669745974556,1.543240530284443e-09,6.850391723310842e-11,3.409663232518782e-09,1.5174358611341234e-11,80,c_scan
0.0251256281407035,2.3811758067463185,0.055267291919674,2.989474108874757e-09,6.812124307416352e-11,7.118463422947081e-09,3.1401369832116876e-11,80,c_scan
0.0351758793969849,2.3323386706800835,0.041329087730514,4.225472550467924e-09,7.24896964976911e-11,9.85523303135354e-09,4.37323193419738e-11,80,c_scan
0.0452261306532663,2.4782595705708848,0.0364346481424702,5.8346105951716415e-09,8.169421665477165e-11,1.4459679548038409e-08,6.481713684734985e-11,80,c_scan
0.0552763819095477,2.4705028804121776,0.029006045334111,7.245831089830334e-09,7.848389978253998e-11,1.790084657840595e-08,8.110175801974382e-11,80,c_scan
0.0653266331658291,2.6005869130206656,0.0309279356996413,9.101300300178666e-09,9.996587631770696e-11,2.3668722452115693e-08,1.0793104209677191e-10,80,c_scan
0.0753768844221105,2.6026317119797016,0.0259443858869756,1.0737532145065431e-08,9.517683401020815e-11,2.794584166914873e-08,1.2745867304918452e-10,80,c_scan
0.085427135678392,2.717938289005981,0.028746773460642,1.2898051298230982e-08,1.2320714067436174e-10,3.5056107477025296e-08,1.5918018494975179e-10,80,c_scan
0.0954773869346733,2.610707615483723,0.0267417669219655,1.5444595634796193e-08,1.4123045030519018e-10,4.0321323441829096e-08,1.861019245695281e-10,80,c_scan
0.1055276381909547,2.817321889081413,0.0280101374484315,1.7263239406227688e-08,1.5291695889881566e-10,4.863610225561809e-08,2.1957634616832004e-10,80,c_scan
0.1155778894472361,2.714397036682454,0.0261884697870262,2.0178657370529896e-08,1.7286935942655015e-10,5.477288777079692e-08,2.4305341123663056e-10,80,c_scan
0.1256281407035175,2.871969065207599,0.0215178223317689,2.251836301063922e-08,1.3680374568065807e-10,6.46720419656709e-08,2.835799550641363e-10,80,c_scan
0.135678391959799,2.8067250449622687,0.0248246566837133,2.5557101210199813e-08,1.9690822677831398e-10,7.173175604330331e-08,3.1157819252059487e-10,80,c_scan
0.1457286432160803,2.945176637631549,0.0204942122518415,2.8187371323975976e-08,1.5485171020844998e-10,8.30167874996195e-08,3.5456448018760784e-10,80,c_scan
0.1557788944723618,2.881111833063249,0.0251712149338398,3.1588475308125785e-08,2.4176359495806126e-10,9.100992999866745e-08,3.8345435343303135e-10,80,c_scan
0.1658291457286431,3.005323452128432,0.0195251924212545,3.4509364723575114e-08,1.728882824685761e-10,1.037118031218139e-07,4.2899921532380314e-10,80,c_scan
0.1758793969849246,2.942564267452433,0.0248689564925745,3.828380142186892e-08,2.833160815235901e-10,1.1265254608623616e-07,4.5982342362749455e-10,80,c_scan
0.185929648241206,3.053210935684623,0.0192211419528341,4.153256529247789e-08,2.0188463511321357e-10,1.268076825380291e-07,5.072905674041392e-10,80,c_scan
0.1959798994974874,2.9909631847982747,0.023676642899093,4.5694077235418766e-08,3.1360920659780936e-10,1.3666930277446644e-07,5.391080043289205e-10,80,c_scan
0.2060301507537688,3.090014256369753,0.0179349422070046,4.926667517256696e-08,2.1369604861512264e-10,1.522347286471697e-07,5.871222232861733e-10,80,c_scan
0.2160804020100502,3.028586592466786,0.0236028005012946,5.383439848412672e-08,3.663938370325984e-10,1.6304213746254045e-07,6.190293120535226e-10,80,c_scan
0.2261306532663316,3.117274913175074,0.0176489738677249,5.77587255654152e-08,2.471108591664102e-10,1.8004982622203257e-07,6.67651726144253e-10,80,c_scan
0.2361809045226131,3.0557927779556424,0.0230116162866539,6.278355945722316e-08,4.1351160657603856e-10,1.9185354756373125e-07,7.004330092795911e-10,80,c_scan
0.2462311557788944,3.1348337823600976,0.0172226253274093,6.707317264124544e-08,2.8048610852893406e-10,2.102632474858472e-07,7.492017433530726e-10,80,c_scan
0.2562814070351759,3.073090512008481,0.0226073792546889,7.257066257651266e-08,4.694345401165613e-10,2.2301621461405002e-07,7.813689405645756e-10,80,c_scan
0.2663316582914573,3.1433733126988583,0.0171464441078352,7.72739179999399e-08,3.2870092404378976e-10,2.42900771608691e-07,8.29451378495956e-10,80,c_scan
0.2763819095477386,3.080394752647478,0.0221121149815769,8.33174285128201e-08,5.286058263194652e-10,2.566505695949725e-07,8.618302040945791e-10,80,c_scan
0.2864321608040201,3.080308768160242,0.0217199785873121,9.025433775446642e-08,5.636879214536e-10,2.780112279495789e-07,9.099514819577103e-10,80,c_scan
0.2964824120603014,3.077632113753689,0.0216332203330351,9.511256728204329e-08,5.945378503817107e-10,2.927214914887749e-07,9.410778091415594e-10,80,c_scan
0.3065326633165829,3.0718694961628987,0.0215233442184869,1.027353732141156e-07,6.43939274652668e-10,3.155896591533527e-07,9.88218082258603e-10,80,c_scan
0.3165829145728643,3.0662087834196234,0.0214296119831465,1.0804470725662694e-07,6.78126598116963e-10,3.312876303922715e-07,1.0185667540490755e-09,80,c_scan
0.3266331658291457,3.0549456245772784,0.021030898531827,1.1644353050146057e-07,7.219428990874535e-10,3.5572865401576785e-07,1.064404254388606e-09,80,c_scan
0.3366834170854271,3.0459393714877727,0.0206885385816343,1.222987625337529e-07,7.488778067216651e-10,3.725146158857916e-07,1.0948503503595162e-09,80,c_scan
0.3467336683417085,3.029359273043182,0.0202773063718096,1.3152899419902957e-07,7.960224735053136e-10,3.984485782508732e-07,1.139360337316154e-09,80,c_scan
0.3567839195979899,3.0641462855149344,0.015162083484362,1.388303279137251e-07,5.681030434088462e-10,4.25396433593661e-07,1.1834824085733324e-09,80,c_scan
0.3668341708542714,2.9951077185122608,0.019719768934296,1.4818380278467925e-07,8.87754468865741e-10,4.438264514788915e-07,1.2120667115988576e-09,80,c_scan
0.3768844221105527,3.023668832534131,0.0148515233700775,1.562284092806655e-07,6.455142654278432e-10,4.723829718983342e-07,1.2545357764725171e-09,80,c_scan
0.3869346733668342,2.9537132498258742,0.0191154773857609,1.665480428569117e-07,9.865522427936207e-10,4.919351609190276e-07,1.2822814845694388e-09,80,c_scan
0.3969849246231155,2.9770967727178714,0.0143060509355636,1.7538578711251186e-07,7.16054249416584e-10,5.221404607932427e-07,1.3232761672873424e-09,80,c_scan
0.4070351758793969,2.9070324734504744,0.0185102009016966,1.8672592857036939e-07,1.094508354882352e-09,5.428183379892574e-07,1.3500292747956582e-09,80,c_scan
0.4170854271356784,2.9255467373631,0.0137835811261353,1.9642886476890866e-07,7.946635350265594e-10,5.746618244486182e-07,1.387698331126506e-09,80,c_scan
0.4271356783919597,2.8555092371257307,0.017579271120167,2.0888336789667573e-07,1.187201539728892e-09,5.964683865108898e-07,1.4110885920923423e-09,80,c_scan
0.4371859296482412,2.8699779244233308,0.0132766364266423,2.1951794610594025e-07,8.81336876463663e-10,6.300116593387989e-07,1.4477999090275643e-09,80,c_scan
0.4472361809045225,2.800981214296008,0.0167980927116969,2.331177779403021e-07,1.2953316541368171e-09,6.529585167292143e-07,1.4733319061096552e-09,80,c_scan
0.457286432160804,2.796713217934778,0.0222549722017826,2.460935785842181e-07,1.882581416218828e-09,6.882531640753536e-07,1.5082279487277491e-09,80,c_scan
0.4673366834170854,2.743836619496593,0.0159374467827797,2.595861821913715e-07,1.4009474430290256e-09,7.122620726119995e-07,1.52964803376477e-09,80,c_scan
0.4773869346733668,2.7092135730522355,0.0155350744388939,2.765568444001576e-07,1.4771012464436215e-09,7.492515565694021e-07,1.563392570794465e-09,80,c_scan
0.4874371859296482,2.6859764466604075,0.0150661010484976,2.883175892075247e-07,1.5061643806578602e-09,7.744142537693222e-07,1.5819419455260243e-09,80,c_scan
0.4974874371859297,2.651071326242012,0.0144542395030033,3.0673866553293845e-07,1.559922816979152e-09,8.13186080844112e-07,1.598556200021426e-09,80,c_scan
0.507537688442211,2.62494634713463,0.013572422825865,3.197437099475482e-07,1.5270417131392124e-09,8.393100834460913e-07,1.663032595981294e-09,80,c_scan
0.5175879396984925,2.59430799801691,0.014797080759647,3.3902935101663775e-07,1.828128496067618e-09,8.795465569049458e-07,1.635008085555545e-09,80,c_scan
0.5276381909547738,2.5684113000890485,0.0128397584527374,3.531569167232205e-07,1.6330348243568075e-09,9.070522156165266e-07,1.7230894019969812e-09,80,c_scan
0.5376884422110553,2.538256207076828,0.015262847240329,3.7381867467235993e-07,2.148392896672933e-09,9.488475713083508e-07,1.678116692911915e-09,80,c_scan
0.5477386934673367,2.512592090586676,0.0132518345128896,3.889272043053015e-07,1.9307362991106563e-09,9.772154173514889e-07,1.7406958730082967e-09,80,c_scan
0.5577889447236181,2.477912979361005,0.0121791360499598,4.11967360607671e-07,1.893650873123033e-09,1.0208192699228438e-06,1.776701870444913e-09,80,c_scan
0.5678391959798995,2.4440894708823824,0.0095061375942182,4.296777599828635e-07,1.5039915442767814e-09,1.0501708890464442e-06,1.7808969102621687e-09,80,c_scan
0.5778894472361809,2.422390264150932,0.0114719762504268,4.520712964053812e-07,1.9939061275991787e-09,1.0950931071144856e-06,1.8886721516069403e-09,80,c_scan
0.5879396984924623,2.3896114205682166,0.0089763902490937,4.709153736374917e-07,1.6075482274889819e-09,1.125304754965299e-06,1.7641063109419967e-09,80,c_scan
0.5979899497487438,2.3691741805387907,0.010743416575746,4.946915704591145e-07,2.0998070947515563e-09,1.17201049606192e-06,1.870047072632715e-09,80,c_scan
0.6080402010050251,2.3376355998790577,0.0084881893145684,5.146976254091452e-07,1.7088064063719663e-09,1.2031754923296337e-06,1.7692639760899087e-09,80,c_scan
0.6180904522613065,2.3172988694579684,0.010123230971379,5.39850007601348e-07,2.22377711726662e-09,1.2509938122914792e-06,1.819751033697189e-09,80,c_scan
0.6281407035175879,2.286742922254405,0.0078415823109882,5.611103424488794e-07,1.732335305347422e-09,1.2831151041987205e-06,1.914994598496367e-09,80,c_scan
0.6381909547738693,2.2650683569769594,0.0097604195716987,5.881623259965442e-07,2.399892338100835e-09,1.3322278733807391e-06,1.8456801761357767e-09,80,c_scan
0.6482412060301508,2.214108585181872,0.008251493883708,6.166779396246577e-07,2.1374786909691315e-09,1.3653919204152223e-06,1.8695936949882904e-09,80,c_scan
0.6582914572864322,2.218036253868888,0.0073512935875454,6.382902191977069e-07,1.927436573466744e-09,1.4157508466704328e-06,1.9340645550781115e-09,80,c_scan
0.6683417085427136,2.165762332815273,0.0116120714505245,6.692539523395032e-07,3.481802313906761e-09,1.4494450010646444e-06,1.8793712961819993e-09,80,c_scan
0.6783919597989949,2.174855083757214,0.007225639407792,6.901111381274381e-07,2.123668804803537e-09,1.5008917171139357e-06,1.879626205845681e-09,80,c_scan
0.6884422110552764,2.1243199514374296,0.0088603414613529,7.227861960933697e-07,2.870492932604066e-09,1.5354291369847116e-06,1.956832767405438e-09,80,c_scan
0.6984924623115578,2.131132391223166,0.0085075899425491,7.45402600933533e-07,2.837876250462993e-09,1.5885516273514476e-06,1.907527004779593e-09,80,c_scan
0.7085427135678393,2.0808826722606555,0.0089185701621815,7.808017299753231e-07,3.224481875444493e-09,1.6247567903767931e-06,1.863120974390726e-09,80,c_scan
0.7185929648241206,2.089627561762492,0.0067568869363692,8.026523883728495e-07,2.408008479482527e-09,1.677244553258398e-06,2.02340945872591e-09,80,c_scan
0.728643216080402,2.0429280333729936,0.0070154994306353,8.388246069186145e-07,2.704870179291538e-09,1.7136583045571191e-06,2.023730466027554e-09,80,c_scan
0.7386934673366834,2.0490974292843185,0.0069977527142312,8.630587402804469e-07,2.7889264153136587e-09,1.7684914460300258e-06,1.9535826075401357e-09,80,c_scan
0.7487437185929648,2.00559651951801,0.006737710630743,9.000879757756684e-07,2.8584160535251387e-09,1.805213311475692e-06,1.978186201536792e-09,80,c_scan
0.7587939698492463,2.011593747542449,0.0066648317378344,9.25191431662403e-07,2.900551643240617e-09,1.8611092992119368e-06,1.994614704622276e-09,80,c_scan
0.7688442211055276,1.9701229065119927,0.0066744288565958,9.637752667524772e-07,3.104296467453772e-09,1.8987557297587613e-06,1.9938434794267204e-09,80,c_scan
0.778894472361809,1.9742853384040184,0.0070500185877978,9.90147348342053e-07,3.390535170905274e-09,1.954833392691332e-06,1.9799236365038223e-09,80,c_scan
0.7889447236180904,1.93718847044988,0.0057907101189106,1.029038251816559e-06,2.9010868688483477e-09,1.9934410370709385e-06,1.9809538263095798e-09,80,c_scan
0.7989949748743719,1.9353479343003488,0.0057734866553769,1.0600813525857543e-06,2.965210876523963e-09,2.05162625591716e-06,2.1274462288590616e-09,80,c_scan
0.8090452261306533,1.90506889634859,0.0051548756824555,1.096450731795254e-06,2.7877526305074674e-09,2.0888141855217883e-06,1.9340685279172423e-09,80,c_scan
0.8190954773869347,1.904699848439493,0.0050385857170594,1.1278738133880868e-06,2.8023448137519707e-09,2.148261081419162e-06,1.9506351625945564e-09,80,c_scan
0.8291457286432161,1.8739302619148848,0.0060109224405847,1.1672985887954916e-06,3.5789988965071354e-09,2.187436150234412e-06,2.061737435487322e-09,80,c_scan
0.8391959798994975,1.859568160864571,0.0043342511453459,1.2081157934226516e-06,2.606019447835947e-09,2.2465736640864024e-06,1.983481141509118e-09,80,c_scan
0.8492462311557789,1.8466635021566429,0.0046661729567564,1.2382835926337486e-06,2.922925491811361e-09,2.286693115836148e-06,2.061814056258663e-09,80,c_scan
0.8592964824120604,1.831069396695452,0.0050725069499887,1.2817940242204332e-06,3.3735568675255107e-09,2.3470538106171434e-06,2.028993658634336e-09,80,c_scan
0.8693467336683417,1.8206073318700424,0.0051783293485014,1.3111145242238473e-06,3.547295295170915e-09,2.387024715723239e-06,2.094507293206919e-09,80,c_scan
0.8793969849246231,1.8043729549507213,0.0045771677818997,1.3566778730489172e-06,3.2609668025294823e-09,2.447952862709534e-06,1.984802062728613e-09,80,c_scan
0.8894472361809045,1.7948887496917287,0.0045170053327434,1.3869919300632945e-06,3.305737343686927e-09,2.489496211183824e-06,2.011280719789991e-09,80,c_scan
0.8994974874371859,1.7797688693664089,0.0044058609133806,1.4329756514455768e-06,3.3614387831800316e-09,2.5503654550028874e-06,2.017141857082565e-09,80,c_scan
0.9095477386934674,1.7704919170233102,0.0043212978479898,1.4639612900853952e-06,3.379574126782575e-09,2.5919316309312097e-06,2.0539211241649353e-09,80,c_scan
0.9195979899497488,1.7564667249029682,0.0042097542855444,1.5109219920693042e-06,3.4297809864885246e-09,2.653884202993839e-06,2.0408869062213344e-09,80,c_scan
0.9296482412060302,1.7478847709242846,0.0041404404021742,1.542607706249761e-06,3.468954158197895e-09,2.6963005172644e-06,2.007668756446042e-09,80,c_scan
0.9396984924623116,1.7345843878913816,0.0040370897421722,1.5905837115733627e-06,3.517395947316309e-09,2.759001673729483e-06,2.00214431370012e-09,80,c_scan
0.949748743718593,1.7261386388499835,0.0039238401650065,1.6229902755141055e-06,3.50317659878279e-09,2.8015062250426784e-06,1.997526040637597e-09,80,c_scan
0.9597989949748744,1.7123759414354427,0.0031923728505913,1.673325343313032e-06,2.891977212592604e-09,2.865362060083439e-06,2.002961149841583e-09,80,c_scan
0.9698492462311558,1.7073507855832153,0.0047100114474029,1.703181671572811e-06,4.5496633295839694e-09,2.907928564950773e-06,2.003183226492643e-09,80,c_scan
0.9798994974874372,1.6942938295991103,0.0036133541888265,1.7542797733717283e-06,3.53734619532172e-09,2.972265395414245e-06,2.064249931948973e-09,80,c_scan
0.9899497487437184,1.690586629685837,0.0035541938573034,1.7834322810092429e-06,3.562578088813288e-09,3.01504676922434e-06,1.9758485395300502e-09,80,c_scan
1.0,1.7099703244782096,0.0035988001362503,1.7914869524705804e-06,3.581693223290188e-09,3.0633895254145974e-06,2.013911839133329e-09,80,c_scan
-1.0,1.6064137091673012,0.0035848715116493,-1.946071178191296e-06,4.1438082521103824e-09,-3.1261954196618595e-06,2.0878475540931982e-09,90,c_scan
-0.9899497487437184,1.607533736668571,0.0036215987047054,-1.924589935027801e-06,4.07681419897972e-09,-3.093843249809963e-06,2.373246900630486e-09,90,c_scan
-0.9798994974874372,1.615302351805405,0.0040260591707579,-1.8798392032285608e-06,4.505067758459171e-09,-3.0365086859910926e-06,2.079524565168375e-09,90,c_scan
-0.969849246231156,1.624364766857266,0.0041521780626495,-1.8303815997479044e-06,4.500009756347058e-09,-2.9732073805343345e-06,2.08086018664529e-09,90,c_scan
-0.9597989949748744,1.6303728057655489,0.0042366705538737,-1.7978296419775754e-06,4.485506274109308e-09,-2.931132557679452e-06,2.129591650933083e-09,90,c_scan
-0.949748743718593,1.639927163094328,0.0043081165959313,-1.7493189688979592e-06,4.417567442571677e-09,-2.8687556940119253e-06,2.0767157080572182e-09,90,c_scan
-0.9396984924623116,1.6462213156731655,0.0043975595562549,-1.7172560833571712e-06,4.4078032084407245e-09,-2.826983568891989e-06,2.091887248781233e-09,90,c_scan
-0.92964824120603,1.6560007558386265,0.0045686178361255,-1.669869121227226e-06,4.429906283580868e-09,-2.765304526903869e-06,2.0942075596562203e-09,90,c_scan
-0.9195979899497488,1.6629272180358503,0.0047525982628267,-1.63817712802388e-06,4.5093316601349484e-09,-2.7241693341547098e-06,2.094081104822633e-09,90,c_scan
-0.9095477386934674,1.672908705431051,0.0048035427207696,-1.5919550284006907e-06,4.3963930020668775e-09,-2.663195425666252e-06,2.0939007942552747e-09,90,c_scan
-0.8994974874371859,1.6791207236299963,0.0045674548583238,-1.561972060162932e-06,4.0611176630253925e-09,-2.622739655950619e-06,2.096930575546466e-09,90,c_scan
-0.8894472361809045,1.6901182861360429,0.0049663950976624,-1.5161143524506577e-06,4.279269748444668e-09,-2.562412590950162e-06,2.094413719491568e-09,90,c_scan
-0.879396984924623,1.6972076923209818,0.0050707387525498,-1.486251194579976e-06,4.265053799515893e-09,-2.522476960162384e-06,2.097302668283876e-09,90,c_scan
-0.8693467336683418,1.708166551898717,0.005159935338041,-1.441780278264168e-06,4.17867853440118e-09,-2.462800846518077e-06,2.0968407107486692e-09,90,c_scan
-0.8592964824120604,1.715555823167228,0.0052484222306607,-1.4126412748443504e-06,4.146096208425979e-09,-2.423464965105602e-06,2.0920492799270953e-09,90,c_scan
-0.8492462311557789,1.7268821551185642,0.0054510943892978,-1.3693877119115592e-06,4.152683599987509e-09,-2.364771203138713e-06,2.072470321005789e-09,90,c_scan
-0.8391959798994975,1.734557778619125,0.0056216720498894,-1.3408510341142988e-06,4.1772155753746735e-09,-2.325783591192455e-06,2.078405065060808e-09,90,c_scan
-0.829145728643216,1.746367766842695,0.0059068268509696,-1.2986923024621812e-06,4.22888334921007e-09,-2.267994376066677e-06,2.074990373512785e-09,90,c_scan
-0.8190954773869348,1.7543460268542326,0.0060824677115903,-1.27098541369675e-06,4.246034057025922e-09,-2.2297482107085767e-06,2.0679354576798682e-09,90,c_scan
-0.8090452261306533,1.7664905900458965,0.0062769909015666,-1.2299976916007997e-06,4.21157578199415e-09,-2.172779347990988e-06,2.063903226201366e-09,90,c_scan
-0.7989949748743719,1.7747613598902647,0.006389254542731,-1.2030491126491847e-06,4.172668613399649e-09,-2.135125079180044e-06,2.059689915087818e-09,90,c_scan
-0.7889447236180904,1.7873637476870623,0.0065834425307391,-1.1631793468288965e-06,4.127739582197271e-09,-2.079024596580285e-06,2.051638789822057e-09,90,c_scan
-0.778894472361809,1.795915050367078,0.006695225205583,-1.137057938394536e-06,4.083351321282227e-09,-2.042059464702109e-06,2.043910163176232e-09,90,c_scan
-0.7688442211055277,1.808931655260124,0.0069471554604569,-1.0984065896538332e-06,4.065394679878673e-09,-1.986942450371136e-06,2.036541750601981e-09,90,c_scan
-0.7587939698492463,1.8177085346327209,0.0071432457941153,-1.0731498455880446e-06,4.066959608031037e-09,-1.950673633265175e-06,2.028379548449426e-09,90,c_scan
-0.7487437185929648,1.8311620013124787,0.0074170125349733,-1.0356858422257722e-06,4.047857404610906e-09,-1.896508559581145e-06,2.016556921342801e-09,90,c_scan
-0.7386934673366834,1.8403571339351248,0.0075556262766,-1.0110903023935706e-06,4.004249441098635e-09,-1.8607672510626308e-06,2.013681634042797e-09,90,c_scan
-0.728643216080402,1.854359430952776,0.0077622190346697,-9.748587538178168e-07,3.935153580532475e-09,-1.8077385239889395e-06,2.002881942900863e-09,90,c_scan
-0.7185929648241207,1.8638633535484432,0.0079724297245809,-9.511117598206596e-07,3.924396412896221e-09,-1.7727423542586962e-06,1.9986079640975756e-09,90,c_scan
-0.7085427135678393,1.878385894080553,0.0082405093421064,-9.161483424021608e-07,3.8777398454258e-09,-1.7208801232534993e-06,1.9850208041848507e-09,90,c_scan
-0.6984924623115578,1.89422758944793,0.0061413426243693,-8.902952452657991e-07,2.6920764372157166e-09,-1.6864218163367884e-06,1.9725117750443828e-09,90,c_scan
-0.6884422110552764,1.903281196973529,0.0087045821469836,-8.593432925958782e-07,3.793468016770031e-09,-1.6355719305430568e-06,1.9557173775025555e-09,90,c_scan
-0.6783919597989949,1.9198892914105063,0.0064634740963497,-8.344105695605442e-07,2.6200576600412396e-09,-1.6019759171390304e-06,1.945093964887361e-09,90,c_scan
-0.6683417085427137,1.92932721760219,0.0092517480395863,-8.04501343702967e-07,3.725492357659451e-09,-1.5521463390036685e-06,1.9328625739504702e-09,90,c_scan
-0.6582914572864322,1.9465663057060103,0.0068185319297707,-7.806349698601795e-07,2.549869064217794e-09,-1.5195577293856523e-06,1.922448804374573e-09,90,c_scan
-0.6482412060301508,1.9562407266360995,0.0097256768511621,-7.518765324105996e-07,3.608432982951551e-09,-1.470851494103542e-06,1.9088764819960664e-09,90,c_scan
-0.6381909547738693,1.9739705678890864,0.0072447261724296,-7.288246650437449e-07,2.4966196960919247e-09,-1.4386784379479744e-06,1.895294551791091e-09,90,c_scan
-0.6281407035175879,1.984057140676616,0.0103491746579631,-7.012747513542792e-07,3.533661675094026e-09,-1.391369178000676e-06,1.875910339744317e-09,90,c_scan
-0.6180904522613067,2.0027422774911128,0.0074694624588596,-6.790637098718259e-07,2.3553435789052873e-09,-1.3599896008702648e-06,1.8644462177244264e-09,90,c_scan
-0.6080402010050252,2.01413132354316,0.0115255106327062,-6.522951217191831e-07,3.6185113364660445e-09,-1.3138080368490046e-06,1.844886933688649e-09,90,c_scan
-0.5979899497487438,2.032415062950008,0.0077196464460579,-6.314586197388248e-07,2.221807858017222e-09,-1.2833860103868088e-06,1.8360616576461566e-09,90,c_scan
-0.5879396984924623,2.042768978223806,0.0112895458375699,-6.061994431684685e-07,3.231440062651371e-09,-1.2383254171210927e-06,1.806135153458009e-09,90,c_scan
-0.5778894472361809,2.0632966843498,0.0081788494807844,-5.858646685301564e-07,2.157217633731349e-09,-1.208812628055966e-06,1.77458610684458e-09,90,c_scan
-0.5678391959798996,2.0742365768399416,0.01221447450886,-5.61601387338588e-07,3.195629533814508e-09,-1.1648941392217548e-06,1.765818094391299e-09,90,c_scan
-0.5577889447236182,2.095115231851883,0.0085518938600263,-5.422974814151522e-07,2.050346502720111e-09,-1.1361757135077987e-06,1.7478113387455543e-09,90,c_scan
-0.5477386934673367,2.106162820527316,0.0128799837660486,-5.192213313236915e-07,3.067950507679698e-09,-1.0935646636586543e-06,1.723708974146821e-09,90,c_scan
-0.5376884422110553,2.12753064304181,0.0089985614487389,-5.007895398450076e-07,1.9590182369429846e-09,-1.065445091735061e-06,1.7135805730538491e-09,90,c_scan
-0.5276381909547738,2.139373009393215,0.0136926946623145,-4.787923702418069e-07,2.9591739739869232e-09,-1.0243154739987249e-06,1.7034803346599007e-09,90,c_scan
-0.5175879396984926,2.1619141269952458,0.0094107955433755,-4.61258788059972e-07,1.8550831815919807e-09,-9.972018901075597e-07,1.6608115206745295e-09,90,c_scan
-0.5075376884422111,2.1735185383076576,0.0144951301502088,-4.404181559834081e-07,2.839031047559461e-09,-9.572570266372105e-07,1.636166872257165e-09,90,c_scan
-0.4974874371859297,2.196860382822737,0.0098746649666297,-4.237987286067712e-07,1.7561151992861947e-09,-9.310266371668606e-07,1.621554936229513e-09,90,c_scan
-0.4874371859296482,2.208366374997643,0.0152291190080862,-4.040286631628581e-07,2.6910333573179823e-09,-8.922433142641048e-07,1.5945821035735575e-09,90,c_scan
-0.4773869346733668,2.2322819232862523,0.0104387921297173,-3.88328264746252e-07,1.6734897226932622e-09,-8.668581656941764e-07,1.5737994504548587e-09,90,c_scan
-0.4673366834170853,2.2436810667887346,0.0161658856860421,-3.6963749945448193e-07,2.573243935959149e-09,-8.293486591011523e-07,1.5404742823177787e-09,90,c_scan
-0.4572864321608041,2.2682543250926064,0.011071516994904,-3.548403670575611e-07,1.597359171327228e-09,-8.04868197295761e-07,1.5186717350786887e-09,90,c_scan
-0.4472361809045226,2.2792069141697966,0.0171282177013052,-3.372463186956728e-07,2.449217493351104e-09,-7.686541413494882e-07,1.4850413618050391e-09,90,c_scan
-0.4371859296482412,2.304442168450966,0.0116602044068431,-3.23266065386918e-07,1.50719363850361e-09,-7.449479527068411e-07,1.4644409374513387e-09,90,c_scan
-0.4271356783919597,2.31470406472974,0.0180302863038708,-3.0675881167982224e-07,2.308327445511719e-09,-7.100558682869493e-07,1.429243061494645e-09,90,c_scan
-0.4170854271356783,2.340257103153398,0.0121492485306141,-2.9365451642665405e-07,1.400661568862779e-09,-6.872270679405533e-07,1.408428434364834e-09,90,c_scan
-0.4070351758793971,2.361517917881,0.0123452907930922,-2.768060727823816e-07,1.3247054611022175e-09,-6.536825006538664e-07,1.3752267249256243e-09,90,c_scan
-0.3969849246231156,2.3753326085268,0.012513231304471,-2.658986192401325e-07,1.279789717475745e-09,-6.315976608433383e-07,1.3525705645299786e-09,90,c_scan
-0.3869346733668342,2.396127875374467,0.0128328108078931,-2.501121224453806e-07,1.221810361717656e-09,-5.993006285604483e-07,1.3156275757711079e-09,90,c_scan
-0.3768844221105527,2.409903538161207,0.0131053204540812,-2.399090900418359e-07,1.1897921104470454e-09,-5.781577649288558e-07,1.2899437517854536e-09,90,c_scan
-0.3668341708542713,2.4297781511059515,0.0133061211368545,-2.2515144087578065e-07,1.1200767296397716e-09,-5.470680517299953e-07,1.2524384436582062e-09,90,c_scan
-0.35678391959799,2.443024302558539,0.013398580293018,-2.156909301627127e-07,1.070931027291186e-09,-5.269381842289637e-07,1.2274946912388563e-09,90,c_scan
-0.3467336683417086,2.4623700468888905,0.0135882632332002,-2.018978438561085e-07,1.004011377226371e-09,-4.971472032427318e-07,1.1893110937676991e-09,90,c_scan
-0.3366834170854271,2.4744550789301,0.0138542653511386,-1.9304149238332608e-07,9.729881961140267e-10,-4.776725012721673e-07,1.1644997308771943e-09,90,c_scan
-0.3266331658291457,2.492262524048358,0.0141346588561607,-1.802838672605606e-07,9.172854115786747e-10,-4.49314726064004e-07,1.1257248077055086e-09,90,c_scan
-0.3165829145728642,2.48749992590024,0.0302849787588907,-1.700317541410446e-07,2.012221312140246e-09,-4.229539758265362e-07,1.209285153198537e-09,90,c_scan
-0.306532663316583,2.520412495877127,0.0146262771283809,-1.6014431183795786e-07,8.294823441290932e-10,-4.0362972470003226e-07,1.0562547572795091e-09,90,c_scan
-0.2964824120603015,2.5205426038018195,0.0244506968065071,-1.4966810192095193e-07,1.39485947021709e-09,-3.7724482732191227e-07,1.015378629678595e-09,90,c_scan
-0.2864321608040201,2.546636474115513,0.0150713312568662,-1.4142425360443445e-07,7.416848834273201e-10,-3.601561625536151e-07,9.876813825744148e-10,90,c_scan
-0.2763819095477386,2.543790170900272,0.0255805643854873,-1.317456174123776e-07,1.2716714350372036e-09,-3.351332066327938e-07,9.45200604341836e-10,90,c_scan
-0.2663316582914572,2.57006584250599,0.0154816968252061,-1.240845326624739e-07,6.570502587331157e-10,-3.18905418979143e-07,9.158659788386352e-10,90,c_scan
-0.256281407035176,2.564794260404211,0.0266709667420154,-1.151174723869334e-07,1.147949540887885e-09,-2.9525263245024705e-07,8.706738857603645e-10,90,c_scan
-0.2462311557788945,2.590822656370099,0.0154464366060107,-1.080506756239826e-07,5.564956835751967e-10,-2.799401384427105e-07,8.407257419011997e-10,90,c_scan
-0.2361809045226131,2.583371161004202,0.0280053491708453,-9.974709591735964e-08,1.0366855389952238e-09,-2.576837709868268e-07,7.943064490809811e-10,90,c_scan
-0.2261306532663316,2.6095757091221894,0.0160812987546638,-9.32321116976752e-08,4.944846314311554e-10,-2.432962539964199e-07,7.63388076236409e-10,90,c_scan
-0.2160804020100502,2.597670981056934,0.0294659745071392,-8.56119264126943e-08,9.311095669201491e-10,-2.223916168746376e-07,7.166018229467016e-10,90,c_scan
-0.2060301507537689,2.6243640614340205,0.0161945856052999,-7.963177205486272e-08,4.1603224435559806e-10,-2.089827607290877e-07,6.862989497487054e-10,90,c_scan
-0.1959798994974875,2.609996045873154,0.0312905453888598,-7.260965358347294e-08,8.353519210346742e-10,-1.895109087450839e-07,6.390679890906205e-10,90,c_scan
-0.185929648241206,2.637792938203948,0.0165630338346763,-6.712627535653837e-08,3.5295377127215327e-10,-1.770652151034106e-07,6.077300130317725e-10,90,c_scan
-0.1758793969849246,2.619670664169337,0.033653627139173,-6.070834305154147e-08,7.499246484463916e-10,-1.5903586536245165e-07,5.6089113596697e-10,90,c_scan
-0.1658291457286431,2.648248404500512,0.0168088218354273,-5.570853219989712e-08,2.9159422712445223e-10,-1.47530031515443e-07,5.296421695850453e-10,90,c_scan
-0.1557788944723619,2.624222243669956,0.0358107071938966,-4.993819486859329e-08,6.56142349675658e-10,-1.3104892178288738e-07,4.82993217798618e-10,90,c_scan
-0.1457286432160804,2.6532619377507745,0.0168020875155541,-4.541247272051511e-08,2.3183936672094555e-10,-1.204911853684881e-07,4.5146487121113965e-10,90,c_scan
-0.135678391959799,2.6246232277837853,0.0386616652361166,-4.020323787832674e-08,5.717278546596034e-10,-1.0551835196757329e-07,4.0523146001755804e-10,90,c_scan
-0.1256281407035175,2.65489572081466,0.0171572394142384,-3.61538340783766e-08,1.8621218991840838e-10,-9.59846593857252e-08,3.7465514175591537e-10,90,c_scan
-0.1155778894472361,2.653123920354493,0.0173976036842426,-3.109582362623579e-08,1.6160077894859474e-10,-8.250107348589058e-08,3.2992321693257545e-10,90,c_scan
-0.1055276381909549,2.651422319527124,0.0177447848598731,-2.7950999130286002e-08,1.4851346041869708e-10,-7.410990294712354e-08,3.0156969103393016e-10,90,c_scan
-0.0954773869346734,2.648447244455819,0.0190139223489721,-2.3496569063256093e-08,1.3742848747086574e-10,-6.222942358974644e-08,2.5907632445255963e-10,90,c_scan
-0.085427135678392,2.645073155943569,0.019474914371281,-2.07472408113551e-08,1.2512613261300125e-10,-5.487796973001225e-08,2.31769996608992e-10,90,c_scan
-0.0753768844221105,2.6383176914006765,0.0187700506754862,-1.691967717690675e-08,9.567335894553278e-11,-4.463948362862133e-08,1.9273009469747006e-10,90,c_scan
-0.0653266331658291,2.632377316799256,0.0183001670681819,-1.4569086065302704e-08,7.868463274872587e-11,-3.835133168479896e-08,1.6787676811807327e-10,90,c_scan
-0.0552763819095476,2.6248563067794417,0.0180511118614701,-1.1350588765491022e-08,5.932914906668564e-11,-2.9793664506758988e-08,1.3314740910555194e-10,90,c_scan
-0.0452261306532664,2.618170292022066,0.0178224210054673,-9.39864476309195e-09,4.7813952882452906e-11,-2.4607252503996122e-08,1.1129762053340268e-10,90,c_scan
-0.0351758793969849,2.610878441877096,0.0185064891447156,-6.725388854808591e-09,3.632266290495049e-11,-1.7559172774260238e-08,8.060783770626173e-11,90,c_scan
-0.0251256281407035,2.6055176055258884,0.0185338110514489,-5.094589890536303e-09,2.753576739021196e-11,-1.3274043652726546e-08,6.138575568524925e-11,90,c_scan
-0.015075376884422,2.5737958563649763,0.0199818774174318,-2.828612346257819e-09,1.7783351152591398e-11,-7.280270736061188e-09,3.3161172563104194e-11,90,c_scan
-0.0050251256281406,2.4785551661400573,0.0279639169682297,-1.3978565979707795e-09,1.4567789020370616e-11,-3.4646646924234406e-09,1.4975719723198436e-11,90,c_scan
0.0050251256281407,3.227466857612793,0.0690234628804972,7.235026888409383e-10,1.4840008409098084e-11,2.33508094962787e-09,1.4137820897257366e-11,90,c_scan
0.015075376884422,2.9700292681311566,0.0276052098033202,2.1499826556167794e-09,1.649658478923529e-11,6.385511413156183e-09,3.349574492566817e-11,90,c_scan
0.0251256281407035,2.962924163648524,0.0250611455704821,4.4013359839893936e-09,2.999184955044377e-11,1.3040824739297924e-08,6.53445577000735e-11,90,c_scan
0.0351758793969849,2.991733575305173,0.0258241001430381,5.999841381321557e-09,4.244716732378463e-11,1.7949926907005072e-08,8.876904597332487e-11,90,c_scan
0.0452261306532663,3.047634985499476,0.0261906675951735,8.581490827920661e-09,6.100368251372309e-11,2.6153251674913867e-08,1.2629205555311346e-10,90,c_scan
0.0552763819095477,3.0828623080423267,0.0253759265901157,1.0451580452818592e-08,7.030769718604658e-11,3.222078343746639e-08,1.5284229096661432e-10,90,c_scan
0.0653266331658291,3.126721781599204,0.0247441115545446,1.3515149421583374e-08,8.665429806439948e-11,4.2258112078032615e-08,1.9602651281962783e-10,90,c_scan
0.0753768844221105,3.1508399234254894,0.0252946463764181,1.5735982336142266e-08,1.0390330114825091e-10,4.958156137903536e-08,2.2639198635699102e-10,90,c_scan
0.085427135678392,3.18295807154678,0.0255316968701268,1.934773796386617e-08,1.2961128343900507e-10,6.15830387182599e-08,2.717012243986003e-10,90,c_scan
0.0954773869346733,3.2168046815694487,0.0266853856525182,2.1939491483626643e-08,1.5152466268725815e-10,7.057505891578323e-08,3.2432157204076876e-10,90,c_scan
0.1055276381909547,3.194338564403018,0.0276175600462874,2.6158209101469523e-08,1.9436407568962634e-10,8.35581761085421e-08,3.6935926562018046e-10,90,c_scan
0.1155778894472361,3.206555455092837,0.0279009067721366,2.9165941189718683e-08,2.2281964370884947e-10,9.352220782480932e-08,3.895027961333511e-10,90,c_scan
0.1256281407035175,3.2086326313249547,0.0279832944937779,3.400012666389355e-08,2.626888025098361e-10,1.0909391588295053e-07,4.4135772469134207e-10,90,c_scan
0.135678391959799,3.2056168987030187,0.0277095374999424,3.7436179083160834e-08,2.8731724137593156e-10,1.2000604829185286e-07,4.77261150867279e-10,90,c_scan
0.1457286432160803,3.196012835369068,0.0271092388352202,4.29227068067614e-08,3.2406270628330405e-10,1.371815218831927e-07,5.30355697839137e-10,90,c_scan
0.1557788944723618,3.1529196928609267,0.049793233697783,4.7310795951143775e-08,7.252510785237084e-10,1.491671402392862e-07,5.663804513417887e-10,90,c_scan
0.1658291457286431,3.1706236440275024,0.0264047701868529,5.2966900923297857e-08,3.9528365674330816e-10,1.6793810841827032e-07,6.2070335705219e-10,90,c_scan
0.1758793969849246,3.12722333979366,0.04682706532131,5.786769102148112e-08,8.406549020179742e-10,1.8096519398234373e-07,6.57022479808191e-10,90,c_scan
0.185929648241206,3.137339898802607,0.0257338678137087,6.41574573346034e-08,4.747622817852954e-10,2.012837507015772e-07,7.12238079951782e-10,90,c_scan
0.1959798994974874,3.0940362495411704,0.043846559505343,6.95660609021406e-08,9.55663844717863e-10,2.1523991416901179e-07,7.489360589566222e-10,90,c_scan
0.2060301507537688,3.098276825179232,0.0250377667951767,7.649690517095834e-08,5.612269100274766e-10,2.370085884891137e-07,8.030361278837892e-10,90,c_scan
0.2160804020100502,3.055472996802451,0.0417081587901483,8.245221311798128e-08,1.0915340284650822e-09,2.519305107085926e-07,8.384483686497341e-10,90,c_scan
0.2261306532663316,3.0540055982665324,0.0246671083340555,9.008328014852178e-08,6.665228544028202e-10,2.751148418837979e-07,8.911671727868584e-10,90,c_scan
0.2361809045226131,3.011207646250777,0.0389985572788131,9.66470998713322e-08,1.213239659344912e-09,2.91024486120518e-07,9.270242339950555e-10,90,c_scan
0.2462311557788944,3.0053082150059995,0.0236491595811011,1.0499888971647498e-07,7.593014971931421e-10,3.1555402583143106e-07,9.791498541307632e-10,90,c_scan
0.2562814070351759,2.9628738496076616,0.0369935224117442,1.121752659987883e-07,1.358081291472333e-09,3.323611622005933e-07,1.0145626364264212e-09,90,c_scan
0.2663316582914573,2.9536788697355143,0.0229839884332766,1.213033931476604e-07,8.72105902092647e-10,3.5829126916746425e-07,1.0666656920287914e-09,90,c_scan
0.2763819095477386,2.911699065277068,0.0350370961080411,1.2914846762198184e-07,1.507489440739286e-09,3.7604147245689017e-07,1.09957595025993e-09,90,c_scan
0.2864321608040201,2.898817385897,0.0220752381908364,1.39141847987491e-07,9.827378938377547e-10,4.033468080519764e-07,1.1485326840517932e-09,90,c_scan
0.2964824120603014,2.857461146564768,0.033174607620359,1.4767661510726077e-07,1.6638823705433051e-09,4.219801899251972e-07,1.1816272377366555e-09,90,c_scan
0.3065326633165829,2.842594500395037,0.0212484199511821,1.58545783499018e-07,1.1032315422346892e-09,4.506813722351308e-07,1.230604073677856e-09,90,c_scan
0.3165829145728643,2.802070047338431,0.0313057077665559,1.6780617371904233e-07,1.8199994397438918e-09,4.7020465313659794e-07,1.260735621267991e-09,90,c_scan
0.3266331658291457,2.785363567421823,0.0201634843265933,1.796209751778122e-07,1.212549262291413e-09,5.003097202050578e-07,1.307882903535155e-09,90,c_scan
0.3366834170854271,2.7454046100588387,0.029503995423255,1.897015702003804e-07,1.979582991586115e-09,5.208075653635247e-07,1.3376551315160843e-09,90,c_scan
0.3467336683417085,2.7271731591879886,0.0192403566837821,2.024880082588563e-07,1.335315011716383e-09,5.522198611809885e-07,1.3845045452434035e-09,90,c_scan
0.3567839195979899,2.688394964073111,0.0187642152115386,2.171337639954565e-07,1.4072941872803555e-09,5.837413176556246e-07,1.5121018287714675e-09,90,c_scan
0.3668341708542714,2.6688570868665624,0.0183984184734304,2.272497819166673e-07,1.4688947723346822e-09,6.064971909571782e-07,1.4534608042730055e-09,90,c_scan
0.3768844221105527,2.633831646092962,0.0177543603933965,2.430877275159332e-07,1.5368957103394187e-09,6.402521495082877e-07,1.4970022639556321e-09,90,c_scan
0.3869346733668342,2.6108168579719555,0.0173260943140691,2.540159648441381e-07,1.5812257123046719e-09,6.631891632090874e-07,1.525430071062818e-09,90,c_scan
0.3969849246231155,2.576602041956943,0.0167102952454287,2.710463416444789e-07,1.649439617299916e-09,6.983785573461234e-07,1.5659391168545211e-09,90,c_scan
0.4070351758793969,2.554026925963081,0.0163518158985814,2.8280956145805e-07,1.6998744133206155e-09,7.223032348836705e-07,1.5927012285491823e-09,90,c_scan
0.4170854271356784,2.5204871791372523,0.0158110529774587,3.010856199461001e-07,1.774061448875869e-09,7.588824448967365e-07,1.633362129751493e-09,90,c_scan
0.4271356783919597,2.4978602165647152,0.0154957140440778,3.1377100369399217e-07,1.8299327217391367e-09,7.837561072388033e-07,1.6573466472240783e-09,90,c_scan
0.4371859296482412,2.464734654173317,0.01510286151188,3.3340835465466894e-07,1.9245364419736194e-09,8.217631257082701e-07,1.689654774731257e-09,90,c_scan
0.4472361809045225,2.4310831396494663,0.0211095406074876,3.486554449183152e-07,2.9443875149095373e-09,8.476103736878993e-07,1.712093585901949e-09,90,c_scan
0.457286432160804,2.411210638607495,0.0140883373394799,3.679114860614577e-07,2.024142144882644e-09,8.871120892572798e-07,1.745169535194949e-09,90,c_scan
0.4673366834170854,2.3788620420232216,0.0196129112854629,3.8415198995445083e-07,3.0788844571126512e-09,9.138445872703292e-07,1.7668477714563703e-09,90,c_scan
0.4773869346733668,2.359498037095582,0.0132206940972202,4.046538527011525e-07,2.136090214243399e-09,9.54779971151534e-07,1.793821807875917e-09,90,c_scan
0.4874371859296482,2.328378171635467,0.018400389832108,4.219484918349828e-07,3.242590118498262e-09,9.8245565794308e-07,1.8104743972468942e-09,90,c_scan
0.4974874371859297,2.310130578838,0.0124505549720488,4.437582572389649e-07,2.247016493117979e-09,1.0251395196595918e-06,1.892239588540169e-09,90,c_scan
0.507537688442211,2.2790766143246945,0.0165289621550178,4.624147412386921e-07,3.2510991638606782e-09,1.0538786228761075e-06,1.8757137867204233e-09,90,c_scan
0.5175879396984925,2.264958743880688,0.0138632366601072,4.844393343605765e-07,2.8443445877370395e-09,1.0972351062397278e-06,1.897299895007257e-09,90,c_scan
0.5276381909547738,2.231730364454432,0.0157390685873742,5.049215251942597e-07,3.455385547947206e-09,1.1268486994426729e-06,1.920328509654922e-09,90,c_scan
0.5376884422110553,2.2183134190574907,0.0129202069842129,5.282694806259645e-07,2.951617036981502e-09,1.171867277751108e-06,1.92722546671778e-09,90,c_scan
0.5477386934673367,2.1882131355812,0.0154790199575896,5.495082848745224e-07,3.775789081897747e-09,1.2024412470731258e-06,2.0211416987452957e-09,90,c_scan
0.5577889447236181,2.1712865105147325,0.0102381668408758,5.753298150020538e-07,2.5607798922155326e-09,1.249205866410896e-06,1.944279579553117e-09,90,c_scan
0.5678391959798995,2.1442811459019544,0.0142191495363519,5.969048839447496e-07,3.8413071248818085e-09,1.2799318885395209e-06,2.047373923014232e-09,90,c_scan
0.5778894472361809,2.128207960343901,0.0095887680548913,6.24002999343047e-07,2.6530894060645663e-09,1.328008150480343e-06,1.9799792892464467e-09,90,c_scan
0.5879396984924623,2.1037458922134875,0.0133041908522372,6.466921517944996e-07,3.977962685011912e-09,1.3604759578643796e-06,1.997518598097629e-09,90,c_scan
0.5979899497487438,2.0870351636444195,0.008974077355597,6.751251462088143e-07,2.733559881518793e-09,1.4090099199983756e-06,2.039487491842663e-09,90,c_scan
0.6080402010050251,2.063483011008098,0.0124061713359989,6.98939989897172e-07,4.083773405340907e-09,1.4422507948669862e-06,2.044081231077805e-09,90,c_scan
0.6180904522613065,2.0470501931063363,0.0079926127050124,7.29082760390352e-07,2.662404355315413e-09,1.492469005447571e-06,2.0624805020328843e-09,90,c_scan
0.6281407035175879,2.0241171657199613,0.0121114112507904,7.539931644203075e-07,4.395119406579869e-09,1.5261705069386574e-06,2.061300619095104e-09,90,c_scan
0.6381909547738693,2.0128316761973606,0.0055727420162924,7.838217611153854e-07,1.901945694700921e-09,1.5777012692658485e-06,2.10330409713618e-09,90,c_scan
0.6482412060301508,1.9901352093922653,0.010815141456344,8.103262204277399e-07,4.283333464903306e-09,1.6126587423670032e-06,2.034318039613757e-09,90,c_scan
0.6582914572864322,1.975592026857,0.0076318025098426,8.426568904022814e-07,3.078006726735065e-09,1.66474623405486e-06,2.0929586291204176e-09,90,c_scan
0.6683417085427136,1.954976970309148,0.0102834948981824,8.696949674497175e-07,4.432662050133701e-09,1.700233632557962e-06,2.2115600580413203e-09,90,c_scan
0.6783919597989949,1.941611066853656,0.0070425380849809,9.033422582259726e-07,3.093927524535153e-09,1.7539393257281217e-06,2.094345596408075e-09,90,c_scan
0.6884422110552764,1.92161032606892,0.0095610706792889,9.312792347637108e-07,4.493206332942596e-09,1.7895557939755078e-06,2.17541337668424e-09,90,c_scan
0.6984924623115578,1.909140376304288,0.0066029334818503,9.661402467098452e-07,3.141341127265624e-09,1.8444973541663511e-06,2.1746469966926234e-09,90,c_scan
0.7085427135678393,1.8898384464295688,0.0085524825245546,9.956232576914076e-07,4.359830892786358e-09,1.881567110544676e-06,2.149131843917344e-09,90,c_scan
0.7185929648241206,1.879798330994212,0.0074302786413337,1.030178604284259e-06,3.8856651998811755e-09,1.9365280209594965e-06,2.288945175525597e-09,90,c_scan
0.728643216080402,1.858373929962216,0.0076303621547926,1.0623213486379044e-06,4.1974695015968575e-09,1.974190299550984e-06,2.2041462229815272e-09,90,c_scan
0.7386934673366834,1.8438458659646275,0.0084697610584851,1.1014915332776037e-06,4.917379469537644e-09,2.0309806100289485e-06,2.197420216189414e-09,90,c_scan
0.7487437185929648,1.8296549148764985,0.0070900562075068,1.130629728998392e-06,4.190802072961052e-09,2.068662240567391e-06,2.337939675178641e-09,90,c_scan
0.7587939698492463,1.816383025215412,0.0081690516614,1.17077513273212e-06,5.126493930247571e-09,2.126576077438944e-06,2.182915430963172e-09,90,c_scan
0.7688442211055276,1.8048042353128728,0.0075468797886433,1.199553300753512e-06,4.8481309722828546e-09,2.1649588776834745e-06,2.3223890511041682e-09,90,c_scan
0.778894472361809,1.7895037971037957,0.0071948463015184,1.2427618631461871e-06,4.8367918112685255e-09,2.22392707299589e-06,2.2434647188807795e-09,90,c_scan
0.7889447236180904,1.7786494449145962,0.0070063962996029,1.2718202217494984e-06,4.844483972743331e-09,2.262122331445904e-06,2.2709594735106448e-09,90,c_scan
0.7989949748743719,1.7644387684113298,0.006714288206236,1.3160809338395314e-06,4.844702792397966e-09,2.322144222033456e-06,2.239006859637429e-09,90,c_scan
0.8090452261306533,1.7548092737009786,0.0065941437911076,1.3459269438031648e-06,4.8823243724152805e-09,2.3618450827098096e-06,2.316663613190708e-09,90,c_scan
0.8190954773869347,1.7405442986655744,0.0063694411968064,1.3914158272146996e-06,4.9298624062039134e-09,2.421820885131589e-06,2.217473412503331e-09,90,c_scan
0.8291457286432161,1.731368180180879,0.0062491141417284,1.4221125239518788e-06,4.933654912911463e-09,2.4622003726070007e-06,2.452031723832518e-09,90,c_scan
0.8391959798994975,1.718095456196233,0.0059216401542869,1.4684695605324497e-06,4.878564518230726e-09,2.522970879513281e-06,2.315341189849754e-09,90,c_scan
0.8492462311557789,1.7096206021151197,0.0057241006450228,1.4998309763597708e-06,4.8525225959878735e-09,2.5641419368750988e-06,2.2095731736285267e-09,90,c_scan
0.8592964824120604,1.6967100299364586,0.0054906659713459,1.5475012024135972e-06,4.816801256359271e-09,2.62566081147388e-06,2.324337949525588e-09,90,c_scan
0.8693467336683417,1.687598841750316,0.0055849717869835,1.5802316762052516e-06,5.0284605876062305e-09,2.666797146461143e-06,2.4243995442815547e-09,90,c_scan
0.8793969849246231,1.6777223695781047,0.0046177101711381,1.6265176914860058e-06,4.254607417305213e-09,2.7288451155206105e-06,2.3367000954985444e-09,90,c_scan
0.8894472361809045,1.6694353187364523,0.0052484694464802,1.6597597884303722e-06,5.029950856166188e-09,2.770861611424205e-06,2.317841267761162e-09,90,c_scan
0.8994974874371859,1.6574114003314957,0.0047716591832667,1.7100944553359778e-06,4.6944873962830015e-09,2.834330045917529e-06,2.458893657545802e-09,90,c_scan
0.9095477386934674,1.6493340706776356,0.0046614392429481,1.743465278676686e-06,4.715842781943059e-09,2.875556685164937e-06,2.3562207921153444e-09,90,c_scan
0.9195979899497488,1.6386878225307486,0.0046147997092204,1.7941469333816445e-06,4.833955434419668e-09,2.940046731563387e-06,2.409266053683753e-09,90,c_scan
0.9296482412060302,1.6306168316369658,0.0052011949206041,1.829352056715752e-06,5.655211928640867e-09,2.9829722546704054e-06,2.344349105464944e-09,90,c_scan
0.9396984924623116,1.6219581971434829,0.0038442450184244,1.87872986481277e-06,4.206597417012516e-09,3.04722130445134e-06,2.368391759231026e-09,90,c_scan
0.949748743718593,1.614477093291434,0.0039516519346388,1.914052218161842e-06,4.426973006156728e-09,3.0901934615859524e-06,2.4750642834219275e-09,90,c_scan
0.9597989949748744,1.6042313015322136,0.0043332007883206,1.966899387529757e-06,5.097948965630309e-09,3.1553615644397768e-06,2.3992918283130367e-09,90,c_scan
0.9698492462311558,1.5989725487047963,0.0042485614286144,2.000574539104148e-06,5.0887356575266895e-09,3.1988637696652827e-06,2.456808293799362e-09,90,c_scan
0.9798994974874372,1.589256207969989,0.0037664014554848,2.0543351023712525e-06,4.624374554145603e-09,3.264864814694176e-06,2.4198550450083e-09,90,c_scan
0.9899497487437184,1.5832509428330337,0.0036952961407346,2.089673171835678e-06,4.6299470963621494e-09,3.3084770195217333e-06,2.4278361401492303e-09,90,c_scan
1.0,1.57960670593043,0.0033807724700489,2.1253645329910706e-06,4.2726023560070975e-09,3.3572400688593915e-06,2.4658009191166677e-09,90,c_scan
