df_index,H,A,A_err,V_peak,V_peak_err,V0_gauss,V0_gauss_err,slope,slope_err,intercept,intercept_err,chi2,n_points,V_peak_rough,abs_H,fwhm_meas_V,fwhm_meas_err,V_left_meas,V_right_meas,height_meas,sigma_noise,fwhm_fit_V,fwhm_fit_err_V,Phi_eV,Phi_err_eV,Phi_err_stat_eV,Phi_err_floor_eV,Phi_err_repeat_eV,window,Phi_meV,Phi_meV_err,Phi_err_stat_meV,Phi_err_repeat_meV,Phi_err_floor_meV,fwhm_fit_meV,fwhm_fit_meV_err,fwhm_meas_meV,fwhm_meas_meV_err
0,0.8999311587560461,0.04224299044131217,0.013513509082091946,0.7379290463392787,0.018061437635383756,0.6875183111112787,0.05811430551228341,0.06252778434117444,0.06326080874788297,1.4579129398044106,0.054510018001502916,0.0026547282760180186,90,0.7410568731631264,0.8999311587560461,0.3679420061370221,0.025599578491791074,0.5181757029597283,0.8861177090967504,0.04675750707594391,0.004614937294820294,0.4261424110228766,0.03004730754475101,0.7379290463392787,0.021371372383588317,0.018061437635383756,0.021371372383588317,0.005250720949208535,FM,737.9290463392787,21.371372383588316,18.061437635383754,5.250720949208535,21.371372383588316,426.1424110228766,30.04730754475101,367.9420061370221,25.599578491791075
1,0.8999311587560461,0.03081518783502873,0.011516072312451034,0.750711014658467,0.023863613715294107,0.7088082401801071,0.08017472326813446,0.03840187801438344,0.06150156382803134,1.4852527414675274,0.052479396520644456,0.003237107662572437,90,0.7550838613785071,0.8999311587560461,0.3139281820747136,0.037940799981063714,0.5524884535667035,0.8664166356414171,0.035253884025717976,0.004619485988862666,0.4261424110228766,0.03004730754475101,0.750711014658467,0.023863613715294107,0.023863613715294107,0.021371372383588317,0.005250720949208535,FM,750.711014658467,23.863613715294107,23.863613715294107,5.250720949208535,21.371372383588316,426.1424110228766,30.04730754475101,313.9281820747136,37.94079998106371
2,0.8999311543112617,0.038657646159202586,0.011716827253745066,0.7431023438502006,0.019159876579973176,0.6978230710398472,0.06404796856014625,0.05179681974191469,0.0614265905428576,1.4686653900129534,0.05175449982475434,0.0031188070176325746,90,0.7429214776052107,0.8999311543112617,0.3232259517234215,0.025668241966049752,0.5221776037186642,0.8454035554420857,0.04255284442939433,0.0045601245471418835,0.4261424110228766,0.03004730754475101,0.7431023438502006,0.021371372383588317,0.019159876579973176,0.021371372383588317,0.005250720949208535,FM,743.1023438502006,21.371372383588316,19.159876579973176,5.250720949208535,21.371372383588316,426.1424110228766,30.04730754475101,323.2259517234215,25.668241966049752
3,0.8999311543112617,0.03902247130276782,0.010674765030440824,0.7441218116856215,0.018364642972280847,0.7093087687869508,0.06378073167430452,0.04069893506336241,0.060362715311587975,1.4763585988842405,0.0502716901453763,0.0032308413066906333,90,0.7444454663108219,0.8999311543112617,0.34746897823667666,0.02689542881692623,0.5456232399103422,0.8930922181470189,0.043463419167600534,0.004647674484840421,0.4261424110228766,0.03004730754475101,0.7441218116856215,0.021371372383588317,0.018364642972280847,0.021371372383588317,0.005250720949208535,FM,744.1218116856215,21.371372383588316,18.364642972280848,5.250720949208535,21.371372383588316,426.1424110228766,30.04730754475101,347.46897823667666,26.89542881692623
4,0.8601111570023958,0.041394224768989726,0.018794374893580938,0.7825896782669339,0.018466031408523268,0.8372689279918639,0.05642577427717412,-0.06605108985446752,0.07009636954185658,1.557471054353135,0.042349717701596234,0.002902345400079065,90,0.754329025202405,0.8601111570023958,,,0.6754905329726232,,0.045773133301530794,0.004546466500368106,0.4261424110228766,0.03004730754475101,0.7825896782669339,0.021943881040772356,0.018466031408523268,0.021371372383588317,0.021943881040772356,FM,782.5896782669339,21.943881040772357,18.466031408523268,21.943881040772357,21.371372383588316,426.1424110228766,30.04730754475101,,
5,0.8601111570023958,0.02733759748003753,0.009374655988539763,0.7607872261712424,0.026070625655583095,0.723127298764306,0.09124523083263059,0.030778077358114282,0.0596041090407544,1.4947677577385723,0.04920632283263424,0.003088215505600209,90,0.754053604030962,0.8601111570023958,0.27780711858313933,0.01641564093469079,0.5457760564259843,0.8235831750091236,0.0316275390551131,0.004580085249296856,0.4261424110228766,0.03004730754475101,0.7607872261712424,0.026070625655583095,0.026070625655583095,0.021371372383588317,0.021943881040772356,FM,760.7872261712424,26.070625655583093,26.070625655583093,21.943881040772357,21.371372383588316,426.1424110228766,30.04730754475101,277.80711858313936,16.41564093469079
6,0.819992807590408,0.04146875276690156,0.008976623187041267,0.7591516961250502,0.016343488080864454,0.7609864619410567,0.06253756817583869,-0.002295878293854002,0.06088500784622387,1.5074938030887415,0.043478158279163175,0.0024999179227975284,89,0.7431753416272546,0.819992807590408,,,0.5579497214020164,,0.0434817071889482,0.0046604902970964965,0.4261424110228766,0.03004730754475101,0.7591516961250502,0.021371372383588317,0.016343488080864454,0.021371372383588317,0.007905404981061227,FM,759.1516961250502,21.371372383588316,16.343488080864454,7.905404981061227,21.371372383588316,426.1424110228766,30.04730754475101,,
7,0.819992807590408,0.03357629287777541,0.008001725361251294,0.7540697493866733,0.019999451414523764,0.7542180990841981,0.07477508546063057,-0.0001616221955065087,0.05827161077564139,1.5120198798847548,0.04209563515435457,0.003829640638783221,90,0.7404146202448897,0.819992807590408,0.3949864589059664,0.018261194812430746,0.568696559149393,0.9636830180553594,0.03735014072815296,0.004909996498679086,0.4261424110228766,0.03004730754475101,0.7540697493866733,0.021371372383588317,0.019999451414523764,0.021371372383588317,0.007905404981061227,FM,754.0697493866733,21.371372383588316,19.999451414523765,7.905404981061227,21.371372383588316,426.1424110228766,30.04730754475101,394.9864589059664,18.261194812430745
8,0.7798744539988471,0.031947039158405,0.008557773466750091,0.7531480345058115,0.020383035560004044,0.7504245043424428,0.07841505352635644,0.002669205361055692,0.05876923828606201,1.5126977938589359,0.04069134430097421,0.0030791645641527958,90,0.728532232971543,0.7798744539988471,0.34644922042502346,0.023127028228493742,0.5677463084115502,0.9141955288365736,0.037417689380438,0.0048725769878935205,0.4261424110228766,0.03004730754475101,0.7531480345058115,0.021371372383588317,0.020383035560004044,0.021371372383588317,0.013380978498502808,FM,753.1480345058114,21.371372383588316,20.383035560004043,13.380978498502808,21.371372383588316,426.1424110228766,30.04730754475101,346.44922042502344,23.127028228493742
9,0.7798744539988471,0.036146435101806526,0.016726418746726063,0.7393495748578408,0.023362854858719816,0.671517294442732,0.06581245841447562,0.06978133477912227,0.06743580097534532,1.461201031978747,0.060117890953776974,0.003142552844859605,90,0.7457390051603208,0.7798744539988471,0.35690797602522517,0.015985076090724987,0.509080188647501,0.8659881646727262,0.03828482728332281,0.004855462179691972,0.4261424110228766,0.03004730754475101,0.7393495748578408,0.023362854858719816,0.023362854858719816,0.021371372383588317,0.013380978498502808,FM,739.3495748578408,23.362854858719817,23.362854858719817,13.380978498502808,21.371372383588316,426.1424110228766,30.04730754475101,356.9079760252252,15.985076090724988
10,0.7400544564422269,0.033742572608485066,0.009311143076016779,0.7531487236735469,0.021119587847460597,0.7220998629598068,0.07663212814528908,0.03151721934099923,0.061497820256959504,1.4919104966863737,0.04987309415148953,0.00361994387471947,89,0.7476035090059117,0.7400544564422269,0.2867686829665189,0.021671151825004138,0.5638204766527584,0.8505891596192773,0.03908994435122675,0.004265063009433398,0.4261424110228766,0.03004730754475101,0.7531487236735469,0.021371372383588317,0.021119587847460597,0.021371372383588317,0.017208633691583715,FM,753.1487236735469,21.371372383588316,21.119587847460597,17.208633691583714,21.371372383588316,426.1424110228766,30.04730754475101,286.7686829665189,21.671151825004138
11,0.7400544564422269,0.049138373504662915,0.02010782479202034,0.7244222789413828,0.018280690367289073,0.6487822633629492,0.04723875691964876,0.1040110285896979,0.07175830390343343,1.4278353207639902,0.06497358806461657,0.0030429964890112834,90,0.737217152799349,0.7400544564422269,0.3849740919800224,0.01069477714659193,0.45255022895569574,0.8375243209357182,0.05382047126644702,0.004392321111094385,0.4261424110228766,0.03004730754475101,0.7244222789413828,0.021371372383588317,0.018280690367289073,0.021371372383588317,0.017208633691583715,FM,724.4222789413827,21.371372383588316,18.280690367289072,17.208633691583714,21.371372383588316,426.1424110228766,30.04730754475101,384.9740919800224,10.69477714659193
12,0.6999361051553207,0.03593895422514592,0.009850582119588423,0.757469395207816,0.01945936807079727,0.7764470411256975,0.07184076937094243,-0.020723787751199964,0.06187431360491866,1.5300521112406902,0.04287792012950464,0.0022944828780121548,89,0.7472106365856716,0.6999361051553207,0.38069074134587055,0.015814489208023166,0.5769488206367556,0.9576395619826261,0.03916736225291829,0.004636834346084132,0.4261424110228766,0.03004730754475101,0.757469395207816,0.021371372383588317,0.01945936807079727,0.021371372383588317,0.015583186486712287,FM,757.469395207816,21.371372383588316,19.459368070797268,15.583186486712288,21.371372383588316,426.1424110228766,30.04730754475101,380.69074134587055,15.814489208023165
13,0.6999361051553207,0.043060946229851745,0.020478473149420043,0.7363527032312627,0.021513078676916292,0.6586269726151689,0.05530821821957921,0.09319898830782555,0.0743209710326999,1.4412336034647037,0.0677795878299038,0.003096707725859232,89,0.7473870378402808,0.6999361051553207,0.3451526147027969,0.03216332698623835,0.47432192234942383,0.8194745370522207,0.04744865380168616,0.004732780990539268,0.4261424110228766,0.03004730754475101,0.7363527032312627,0.021513078676916292,0.021513078676916292,0.021371372383588317,0.015583186486712287,FM,736.3527032312627,21.51307867691629,21.51307867691629,15.583186486712288,21.371372383588316,426.1424110228766,30.04730754475101,345.1526147027969,32.163326986238346
14,0.6600166555474187,0.043972823902248305,0.013149515907454407,0.7612267872384773,0.015920917237724725,0.7882806151965842,0.05799518887079031,-0.03593635696261149,0.06483344411219734,1.535036639167657,0.04178308247998585,0.003921852804708245,89,0.7396340846573148,0.6600166555474187,,,0.6063577480428269,,0.05102189941783831,0.005009523393218341,0.4261424110228766,0.03004730754475101,0.7612267872384773,0.021371372383588317,0.015920917237724725,0.021371372383588317,0.016783122444498654,FM,761.2267872384773,21.371372383588316,15.920917237724725,16.783122444498655,21.371372383588316,426.1424110228766,30.04730754475101,,
15,0.6600166555474187,0.03476498291718536,0.007822574669297738,0.7575534897490984,0.019776158342515546,0.7528506910467305,0.07475885958535525,0.004971944446263178,0.06029687056650621,1.5121816253162255,0.04567612476565837,0.0026850906183782004,89,0.7512838139949902,0.6600166555474187,0.38790237385082504,0.017114843182359528,0.5706696680854941,0.9585720419363192,0.038850816383416614,0.004540439679697996,0.4261424110228766,0.03004730754475101,0.7575534897490984,0.021371372383588317,0.019776158342515546,0.021371372383588317,0.016783122444498654,FM,757.5534897490984,21.371372383588316,19.776158342515547,16.783122444498655,21.371372383588316,426.1424110228766,30.04730754475101,387.90237385082503,17.11484318235953
16,0.6199977564475536,0.02839124870552548,0.010885080247540934,0.7534991824276555,0.026041861494620358,0.7124814925817313,0.09032678982161817,0.03465661914879627,0.06307634555260189,1.4973825339150633,0.052972160790242286,0.0031623993120621172,89,0.7516915248086173,0.6199977564475536,0.2819587109033438,0.05105970149803148,0.5619577751514172,0.843916486054761,0.03484387137356212,0.00461893205121941,0.4261424110228766,0.03004730754475101,0.7534991824276555,0.026041861494620358,0.026041861494620358,0.021371372383588317,0.01713136747411409,FM,753.4991824276555,26.04186149462036,26.04186149462036,17.13136747411409,21.371372383588316,426.1424110228766,30.04730754475101,281.9587109033438,51.05970149803148
17,0.6199977564475536,0.033535067634650736,0.015568574926686366,0.7418859889045591,0.02409669062875585,0.6813089478828442,0.07160310390523432,0.05865265278411413,0.06602681636960099,1.4759738434752372,0.058562004090933574,0.0030681528210457065,90,0.7488350468722444,0.6199977564475536,0.32193060037081267,0.015508731054590786,0.5398126585028481,0.8617432588736608,0.03607579778073248,0.004915887066005607,0.4261424110228766,0.03004730754475101,0.7418859889045591,0.02409669062875585,0.02409669062875585,0.021371372383588317,0.01713136747411409,FM,741.8859889045591,24.09669062875585,24.09669062875585,17.13136747411409,21.371372383588316,426.1424110228766,30.04730754475101,321.93060037081267,15.508731054590786
18,0.5800783043693325,0.03817953999627576,0.007884874463968579,0.7484982830647795,0.017746752075660236,0.7398293593819478,0.06583878802740385,0.010102829187209998,0.0579809591714464,1.5073723839519944,0.04379834761586342,0.0029448656334571193,90,0.7405802561777055,0.5800783043693325,0.38817306170913723,0.019236600587716406,0.5562243473255613,0.9443974090346985,0.042858323826251744,0.00469146760362247,0.4261424110228766,0.03004730754475101,0.7484982830647795,0.021371372383588317,0.017746752075660236,0.021371372383588317,0.008312264216906111,FM,748.4982830647795,21.371372383588316,17.746752075660236,8.312264216906112,21.371372383588316,426.1424110228766,30.04730754475101,388.17306170913724,19.236600587716406
19,0.5800783043693325,0.04211153392138715,0.013023725889511673,0.7339696259538079,0.018102827047636116,0.6824873803931533,0.058468077000468265,0.06359421452636202,0.06270556414029363,1.4657647774746803,0.053222870865486875,0.003361453781522685,90,0.7342922786168338,0.5800783043693325,0.37113934356785405,0.017010902759425996,0.5018029859233024,0.8729423294911565,0.045779807171477296,0.0047490478858610375,0.4261424110228766,0.03004730754475101,0.7339696259538079,0.021371372383588317,0.018102827047636116,0.021371372383588317,0.008312264216906111,FM,733.9696259538078,21.371372383588316,18.102827047636115,8.312264216906112,21.371372383588316,426.1424110228766,30.04730754475101,371.13934356785404,17.010902759425996
20,0.539959961941624,0.05487581382865615,0.025677414133208062,0.7182749934318635,0.021018372120674526,0.617058946660578,0.038576801265694766,0.14505475635245027,0.0802209497335536,1.4025155346295841,0.07412731691730018,0.0030894301900621685,90,0.7344647526397792,0.539959961941624,0.41343721377831716,0.018996680018625943,0.4122794726567381,0.8257166864350552,0.05653466061716991,0.004838459846203072,0.4261424110228766,0.03004730754475101,0.7182749934318635,0.021371372383588317,0.021018372120674526,0.021371372383588317,0.0192619689505126,FM,718.2749934318635,21.371372383588316,21.018372120674528,19.2619689505126,21.371372383588316,426.1424110228766,30.04730754475101,413.4372137783172,18.99668001862594
21,0.539959961941624,0.034869456260690525,0.007973755693159414,0.7540313094425851,0.019063177014452416,0.7484478949725717,0.07202571220009811,0.005959583366751041,0.05819655529373934,1.515164672773296,0.04204694491396515,0.0036507227403877653,90,0.7385660076513025,0.539959961941624,0.37035474142077907,0.00908754608393754,0.5671831116630635,0.9375378530838425,0.03766990275157617,0.004826319600349968,0.4261424110228766,0.03004730754475101,0.7540313094425851,0.021371372383588317,0.019063177014452416,0.021371372383588317,0.0192619689505126,FM,754.0313094425851,21.371372383588316,19.063177014452414,19.2619689505126,21.371372383588316,426.1424110228766,30.04730754475101,370.3547414207791,9.08754608393754
22,0.49984056307986846,0.03323620139341966,0.01204996612750486,0.7465298565100198,0.02261179544212937,0.698000240208628,0.07417845047932302,0.04749526047247539,0.06197441091718818,1.4880845165224326,0.05274391940997095,0.0026642898325460384,90,0.7456801377805609,0.49984056307986846,0.3441414608607807,0.030074031310739848,0.5296306769353257,0.8737721377961064,0.039423625350227344,0.004723247142128384,0.4261424110228766,0.03004730754475101,0.7465298565100198,0.02261179544212937,0.02261179544212937,0.021371372383588317,0.009885094216621473,FM,746.5298565100198,22.611795442129367,22.611795442129367,9.885094216621473,21.371372383588316,426.1424110228766,30.04730754475101,344.1414608607807,30.074031310739848
23,0.49984056307986846,0.0362605733248168,0.007774648507131939,0.7534440670012275,0.01859353605872367,0.7390924553182012,0.06932205490901579,0.015849653203185828,0.05798674003340256,1.5083041252326095,0.04387489424309517,0.002580141364246651,90,0.7411837839837174,0.49984056307986846,0.35060544566727514,0.02098772787174231,0.5635235607525042,0.9141290064197793,0.041171369252091,0.0043259786975706985,0.4261424110228766,0.03004730754475101,0.7534440670012275,0.021371372383588317,0.01859353605872367,0.021371372383588317,0.009885094216621473,FM,753.4440670012275,21.371372383588316,18.593536058723668,9.885094216621473,21.371372383588316,426.1424110228766,30.04730754475101,350.60544566727515,20.98772787174231
24,0.46002056877926667,0.04928706220444531,0.02391646725381615,0.7295636629082167,0.020355415527685355,0.6428191264052767,0.04614254289815043,0.11640018279754608,0.0793076240077815,1.42907986487696,0.07357246315984356,0.0029798834745917734,89,0.7474688915000003,0.46002056877926667,0.4037078165441208,0.015948846212423415,0.4423414554224355,0.8460492719665563,0.05274842467124588,0.004546251001257769,0.4261424110228766,0.03004730754475101,0.7295636629082167,0.021371372383588317,0.020355415527685355,0.021371372383588317,0.00668070998820924,FM,729.5636629082168,21.371372383588316,20.355415527685356,6.68070998820924,21.371372383588316,426.1424110228766,30.04730754475101,403.7078165441208,15.948846212423415
25,0.46002056877926667,0.038983013009943,0.012807982082286512,0.7359380387582165,0.019825075060484858,0.6788464267539275,0.06313235666939651,0.0646487151334494,0.06258822951797806,1.4721171311023675,0.05274719418698447,0.0029469621286051834,90,0.7286963885140282,0.46002056877926667,0.3491132788850516,0.0313946326600612,0.5127216251833566,0.8618349040684082,0.04306562589000078,0.004509847213492843,0.4261424110228766,0.03004730754475101,0.7359380387582165,0.021371372383588317,0.019825075060484858,0.021371372383588317,0.00668070998820924,FM,735.9380387582165,21.371372383588316,19.825075060484856,6.68070998820924,21.371372383588316,426.1424110228766,30.04730754475101,349.1132788850516,31.3946326600612
26,0.4199022192129973,0.03535762415293608,0.00982091651130662,0.7396332330677107,0.02017909105618651,0.702445639429155,0.0705666591946845,0.0393312900350505,0.059713919770808824,1.4951912183145357,0.04833750676090807,0.002705100338980205,90,0.7332858949149802,0.4199022192129973,0.34008493977772614,0.015869649683595718,0.5471358130174152,0.8872207527951413,0.03882584187127264,0.004558612765693953,0.4261424110228766,0.03004730754475101,0.7396332330677107,0.021371372383588317,0.02017909105618651,0.021371372383588317,0.008802449837733584,FM,739.6332330677106,21.371372383588316,20.17909105618651,8.802449837733585,21.371372383588316,426.1424110228766,30.04730754475101,340.08493977772616,15.869649683595718
27,0.4199022192129973,0.03744175533772876,0.01583855668300224,0.7446510987042085,0.02195990063578462,0.6807213821707149,0.06416743869938529,0.06866379386713925,0.06625548415848286,1.473166509531171,0.058919993629576436,0.0030320587573487746,90,0.7506842987705411,0.4199022192129973,0.34385166406859147,0.024904629313433662,0.5137966553570826,0.8576483194256741,0.04001426707065119,0.004670430680742273,0.4261424110228766,0.03004730754475101,0.7446510987042085,0.02195990063578462,0.02195990063578462,0.021371372383588317,0.008802449837733584,FM,744.6510987042085,21.95990063578462,21.95990063578462,8.802449837733585,21.371372383588316,426.1424110228766,30.04730754475101,343.85166406859145,24.904629313433663
28,0.3799838239978118,0.03400150857418823,0.012614970316627524,0.7345989855809618,0.02268257673478894,0.6786215707930005,0.0722832491808829,0.0554009229166982,0.06255356396362993,1.4877063808965685,0.05261238661019142,0.0026766341109039395,90,0.7293533744772543,0.3799838239978118,0.32601685200543584,0.037855853770163074,0.5349641812559083,0.8609810332613441,0.037622107992829855,0.004555053617751065,0.4261424110228766,0.03004730754475101,0.7345989855809618,0.02268257673478894,0.02268257673478894,0.021371372383588317,0.0054524309019647,FM,734.5989855809618,22.68257673478894,22.68257673478894,5.4524309019647,21.371372383588316,426.1424110228766,30.04730754475101,326.01685200543585,37.85585377016307
29,0.3799838239978118,0.03912279492275936,0.010978766192117356,0.7431393504946895,0.018404041075195745,0.70711835874149,0.06353113444433243,0.04217058058347402,0.06065699186963856,1.4924046290478568,0.050770706197278505,0.002972335788472213,90,0.7456033348975453,0.3799838239978118,0.36040839457752194,0.017215711678402083,0.5411413084340021,0.901549703011524,0.0437789825735441,0.004546248874779726,0.4261424110228766,0.03004730754475101,0.7431393504946895,0.021371372383588317,0.018404041075195745,0.021371372383588317,0.0054524309019647,FM,743.1393504946894,21.371372383588316,18.404041075195746,5.4524309019647,21.371372383588316,426.1424110228766,30.04730754475101,360.40839457752196,17.215711678402084
30,0.33996492833820374,0.05874436270336742,0.02595300221379562,0.7133730506432866,0.019475301619450235,0.6128612403396417,0.036231848386504714,0.15454668489080675,0.08058873806939375,1.4028028926356464,0.07428206706532563,0.0028532356844436398,90,0.7282581610435872,0.33996492833820374,0.4083724045121309,0.026565708860506538,0.390079911214612,0.7984523157267429,0.06333879942798845,0.00449978389226115,0.4261424110228766,0.03004730754475101,0.7133730506432866,0.021371372383588317,0.019475301619450235,0.021371372383588317,0.015703917170093906,spinflip,713.3730506432865,21.371372383588316,19.475301619450235,15.703917170093906,21.371372383588316,426.1424110228766,30.04730754475101,408.3724045121309,26.56570886050654
31,0.33996492833820374,0.046421051293550904,0.012891367050295281,0.735564199904108,0.015930211911773136,0.692829699348388,0.05321247477595079,0.05893724666167352,0.06236610505948388,1.476866381929172,0.053318056718561956,0.002794940654850363,90,0.74141002603006,0.33996492833820374,0.3834329879047974,0.015183749557650757,0.5026933482843773,0.8861263361891747,0.05082182571375558,0.004488763265359893,0.4261424110228766,0.03004730754475101,0.735564199904108,0.021371372383588317,0.015930211911773136,0.021371372383588317,0.015703917170093906,spinflip,735.564199904108,21.371372383588316,15.930211911773135,15.703917170093906,21.371372383588316,426.1424110228766,30.04730754475101,383.4329879047974,15.183749557650756
32,0.3000444290434335,0.041729164270832564,0.014991331269805947,0.7252887052385018,0.01970138774570175,0.658583196797655,0.05819395851420404,0.07943248101961073,0.06505213789422043,1.4717293193079615,0.055625121045714904,0.0033236834600326504,90,0.7206237713202404,0.3000444290434335,0.32408868608517044,0.024348567720776305,0.4879074719784748,0.8119961580636452,0.04550345090316012,0.004869401937559917,0.4261424110228766,0.03004730754475101,0.7252887052385018,0.021371372383588317,0.01970138774570175,0.021371372383588317,0.003267930357781272,spinflip,725.2887052385017,21.371372383588316,19.70138774570175,3.267930357781272,21.371372383588316,426.1424110228766,30.04730754475101,324.0886860851704,24.348567720776305
33,0.3000444290434335,0.044948263335045445,0.018426565965905545,0.7277239405010022,0.019412102914533734,0.6575907365659055,0.05446479796540253,0.08929612815181212,0.07138770171135869,1.4618534690598213,0.06347135871616694,0.0031095651491456593,89,0.7352401484402808,0.3000444290434335,0.37414209215736055,0.024530303381261557,0.4806239389909656,0.8547660311483262,0.04832222928046387,0.004745686702281791,0.4261424110228766,0.03004730754475101,0.7277239405010022,0.021371372383588317,0.019412102914533734,0.021371372383588317,0.003267930357781272,spinflip,727.7239405010022,21.371372383588316,19.412102914533733,3.267930357781272,21.371372383588316,426.1424110228766,30.04730754475101,374.14209215736054,24.530303381261557
34,0.25992714152238894,0.04680940866836836,0.01517505779736685,0.7295587741654306,0.01727238312988057,0.6670586075047399,0.05201844170457527,0.08418727451505373,0.06508539374032044,1.4718049506171538,0.05629206291926756,0.002783685554269689,90,0.7281764783971942,0.25992714152238894,0.40272648823686374,0.013911129184414374,0.4737540506403948,0.8764805388772585,0.05206568897599624,0.004461672661644375,0.4261424110228766,0.03004730754475101,0.7295587741654306,0.021371372383588317,0.01727238312988057,0.021371372383588317,0.0059181362175810825,spinflip,729.5587741654306,21.371372383588316,17.27238312988057,5.9181362175810825,21.371372383588316,426.1424110228766,30.04730754475101,402.72648823686376,13.911129184414374
35,0.25992714152238894,0.047618074663240625,0.01503600063187494,0.7332688245328657,0.016189457205954765,0.6846624489631572,0.05306333634960529,0.0681541976766579,0.06688319312031542,1.481782371604911,0.05838176419171153,0.0026879291644697134,89,0.743781080371092,0.25992714152238894,0.4123951995451425,0.031081934877010383,0.48726971654701423,0.8996649160921567,0.05082404963679355,0.004661097611684195,0.4261424110228766,0.03004730754475101,0.7332688245328657,0.021371372383588317,0.016189457205954765,0.021371372383588317,0.0059181362175810825,spinflip,733.2688245328657,21.371372383588316,16.189457205954763,5.9181362175810825,21.371372383588316,426.1424110228766,30.04730754475101,412.3951995451425,31.081934877010383
36,0.22000665671747296,0.1957221812977776,0.03332804758611389,0.6292188862881765,0.00435511841304459,0.6028875150502153,0.015250201061101426,0.15577199048457918,0.08606398208248825,1.48051123522485,0.027504596461692826,0.1507171931108888,89,0.5232326820905814,0.22000665671747296,0.03827518569162203,0.0028274943881940826,0.5036607739026776,0.5419359595942996,0.3247948828197072,0.010090174137846526,0.4261424110228766,0.03004730754475101,0.6292188862881765,0.055917601116742224,0.00435511841304459,0.021371372383588317,0.055917601116742224,AFM,629.2188862881765,55.917601116742226,4.35511841304459,55.917601116742226,21.371372383588316,426.1424110228766,30.04730754475101,38.27518569162203,2.827494388194083
37,0.22000665671747296,0.18633872373715543,0.02714230016195907,0.7333457398332666,0.004241400595060148,0.6740219346164078,0.014669193548668264,0.3198943957698653,0.07097345488427995,1.4000629340112383,0.0702524838723901,0.13957836897901613,90,0.7301663188004007,0.22000665671747296,0.15806480545593038,0.003743973081600255,0.5801986335204642,0.7382634389763946,0.30327084728355586,0.01241765031505535,0.4261424110228766,0.03004730754475101,0.7333457398332666,0.055917601116742224,0.004241400595060148,0.021371372383588317,0.055917601116742224,AFM,733.3457398332665,55.917601116742226,4.241400595060148,55.917601116742226,21.371372383588316,426.1424110228766,30.04730754475101,158.06480545593038,3.743973081600255
38,0.1799877620839817,0.09472681483762138,0.013245211776707337,0.7346340198274801,0.007286809531949042,0.7147178369516933,0.026558728234196093,0.05724610225102013,0.0588466794105452,1.7792044559519795,0.04804354883025502,0.0032717804908424524,90,0.7321324704185874,0.1799877620839817,0.39055894798672486,0.014638469981865026,0.5192692539763601,0.909828201963085,0.0967531473977354,0.005234218326559383,0.4261424110228766,0.03004730754475101,0.7346340198274801,0.021371372383588317,0.007286809531949042,0.021371372383588317,0.003827278907768215,AFM,734.6340198274801,21.371372383588316,7.286809531949042,3.827278907768215,21.371372383588316,426.1424110228766,30.04730754475101,390.55894798672483,14.638469981865025
39,0.1799877620839817,0.09705279202520681,0.01692693301442111,0.7282112443749997,0.007674742234582038,0.6836134752505966,0.02597699599009379,0.12816211824323903,0.06399503201180268,1.7274491437074746,0.05674732395774985,0.003241124438225903,90,0.7321306516407813,0.1799877620839817,0.4004140625568694,0.022732182208382676,0.4899047651663564,0.8903188277232258,0.10026916596391772,0.0054352274108135645,0.4261424110228766,0.03004730754475101,0.7282112443749997,0.021371372383588317,0.007674742234582038,0.021371372383588317,0.003827278907768215,AFM,728.2112443749998,21.371372383588316,7.6747422345820375,3.827278907768215,21.371372383588316,426.1424110228766,30.04730754475101,400.4140625568694,22.732182208382675
40,0.13986943232886878,0.09429856210930578,0.013399256336793902,0.7326289819438883,0.007338680405794244,0.7120175877234122,0.026683665327015334,0.058974414000957064,0.05911026486077865,1.7848498589493775,0.04865540937380433,0.0035505879115690013,90,0.7320688505010025,0.13986943232886878,0.38977416220381644,0.016215176040914055,0.5195278034479203,0.9093019656517367,0.09708027373165581,0.005893376670753327,0.4261424110228766,0.03004730754475101,0.7326289819438883,0.021371372383588317,0.007338680405794244,0.021371372383588317,0.005192418697098265,AFM,732.6289819438882,21.371372383588316,7.338680405794244,5.192418697098265,21.371372383588316,426.1424110228766,30.04730754475101,389.77416220381645,16.215176040914056
41,0.13986943232886878,0.09250963924042462,0.012386527122680974,0.7377944214535073,0.007342246346232356,0.7379895887509865,0.027173119350722346,-0.000495825950425111,0.057977768216653666,1.8293248035905652,0.044322195844532626,0.0031751350353693706,90,0.7380779939330162,0.13986943232886878,0.39945837589364386,0.01681676844273836,0.5454630987785547,0.9449214746721986,0.0965661416210905,0.005338749105795235,0.4261424110228766,0.03004730754475101,0.7377944214535073,0.021371372383588317,0.007342246346232356,0.021371372383588317,0.005192418697098265,AFM,737.7944214535073,21.371372383588316,7.342246346232356,5.192418697098265,21.371372383588316,426.1424110228766,30.04730754475101,399.45837589364385,16.816768442738358
42,0.09995005402699891,0.10129552898541946,0.015836336399654528,0.7256777839804608,0.007096998444762421,0.6904874122750329,0.02492759421359192,0.10683951467171084,0.061822235237950114,1.7469557880369706,0.05356123411186254,0.0031266127284481954,90,0.7283892576653307,0.09995005402699891,0.4089346364209572,0.020699087063899703,0.49014217155367823,0.8990768079746354,0.10404089452534573,0.005405792506826758,0.4261424110228766,0.03004730754475101,0.7256777839804608,0.021371372383588317,0.007096998444762421,0.021371372383588317,0.006837958975520553,AFM,725.6777839804608,21.371372383588316,7.096998444762421,6.837958975520553,21.371372383588316,426.1424110228766,30.04730754475101,408.9346364209572,20.699087063899704
43,0.09995005402699891,0.08877990123843214,0.012035918553433323,0.7400691643943638,0.007646798066282429,0.7392405278547433,0.028314799752269103,0.0021939567429106652,0.05798486275481178,1.8330870281567264,0.04401987739095979,0.003376454651385372,90,0.7380245370844188,0.09995005402699891,0.3922241276759787,0.06491396283102786,0.5516842539811376,0.9439083816571163,0.09182278322257123,0.0052699363445363094,0.4261424110228766,0.03004730754475101,0.7400691643943638,0.021371372383588317,0.007646798066282429,0.021371372383588317,0.006837958975520553,AFM,740.0691643943637,21.371372383588316,7.646798066282429,6.837958975520553,21.371372383588316,426.1424110228766,30.04730754475101,392.2241276759787,64.91396283102786
44,0.05993123559547225,0.09085971806858974,0.012864385028969236,0.7235869252288325,0.007570314300833486,0.7069358101084056,0.02767999395747801,0.04601640293399792,0.058804132698679554,1.8047958535511122,0.0473450970166166,0.0037320452917275985,90,0.725670632674098,0.05993123559547225,0.41715149109668814,0.02755477100187101,0.5130696922728714,0.9302211833695595,0.09264725304844959,0.0057868469460278585,0.4261424110228766,0.03004730754475101,0.7235869252288325,0.021371372383588317,0.007570314300833486,0.021371372383588317,0.0010855492718643608,AFM,723.5869252288325,21.371372383588316,7.570314300833486,1.0855492718643607,21.371372383588316,426.1424110228766,30.04730754475101,417.1514910966881,27.55477100187101
45,0.05993123559547225,0.09093101795492625,0.012780590957879173,0.7220300786138779,0.00756763643068896,0.704316766338645,0.02765682749367755,0.048970028792465606,0.058685411306511684,1.8024178985512171,0.04681109868323044,0.004219568398790072,90,0.7211152319844691,0.05993123559547225,0.40992570038996834,0.018312582066166344,0.5131379563402486,0.923063656730217,0.09312364207825935,0.0059479228564443855,0.4261424110228766,0.03004730754475101,0.7220300786138779,0.021371372383588317,0.00756763643068896,0.021371372383588317,0.0010855492718643608,AFM,722.0300786138779,21.371372383588316,7.56763643068896,1.0855492718643607,21.371372383588316,426.1424110228766,30.04730754475101,409.9257003899683,18.312582066166343
46,0.020011306803904637,0.09609238495552667,0.016466826125915705,0.7171212840496994,0.007590359577488132,0.6781652795822709,0.026227471300921828,0.11166205594025232,0.06338302246447611,1.7572032018494976,0.055365305639162254,0.002761214497434636,90,0.7261825802677355,0.020011306803904637,0.3992029359153909,0.0863366469630469,0.4847713105058823,0.8839742464212732,0.09964263244254529,0.00540370911553253,0.4261424110228766,0.03004730754475101,0.7171212840496994,0.021371372383588317,0.007590359577488132,0.021371372383588317,0.004360132047114963,AFM,717.1212840496994,21.371372383588316,7.590359577488131,4.360132047114963,21.371372383588316,426.1424110228766,30.04730754475101,399.2029359153909,86.33664696304689
47,0.020011306803904637,0.08693523928146937,0.01194400848567866,0.7257262978206915,0.007829290740338675,0.7186160181365214,0.0289165083208323,0.018813294105251552,0.05808675995860124,1.8299280983684774,0.044788597439729266,0.003517892441452193,90,0.7238209515701404,0.020011306803904637,0.3943058359236321,0.01227725872256358,0.5291119051121508,0.9234177410357829,0.09051462551431183,0.005376899853532251,0.4261424110228766,0.03004730754475101,0.7257262978206915,0.021371372383588317,0.007829290740338675,0.021371372383588317,0.004360132047114963,AFM,725.7262978206916,21.371372383588316,7.829290740338675,4.360132047114963,21.371372383588316,426.1424110228766,30.04730754475101,394.3058359236321,12.277258722563579
48,-0.020009310332942513,0.08965619112489198,0.012119769051837129,0.7286711521889025,0.007574877946622784,0.7235355296662239,0.028038084722864776,0.014104535921750877,0.05798560700639179,1.8296862040547885,0.04398851723362348,0.003064278023293869,90,0.7270273339571138,0.020009310332942513,0.38761003974771624,0.030001757774945043,0.5401580714132974,0.9277681111610137,0.09136232240668817,0.005309421445120601,0.4261424110228766,0.03004730754475101,0.7286711521889025,0.021371372383588317,0.007574877946622784,0.021371372383588317,0.004026212920582609,AFM,728.6711521889025,21.371372383588316,7.5748779466227845,4.0262129205826085,21.371372383588316,426.1424110228766,30.04730754475101,387.61003974771626,30.00175777494504
49,-0.020009310332942513,0.09170775487946198,0.014477948070147321,0.7256274227899548,0.007665418969855348,0.6984195239140735,0.027442480477742632,0.07531043368853511,0.06091707691775197,1.784236576502167,0.05197049515442295,0.003675788416534964,90,0.7318023783880261,0.020009310332942513,0.39981734586771467,0.029282727223608102,0.5060476862882487,0.9058650321559634,0.09529065499061293,0.005406607988535955,0.4261424110228766,0.03004730754475101,0.7256274227899548,0.021371372383588317,0.007665418969855348,0.021371372383588317,0.004026212920582609,AFM,725.6274227899548,21.371372383588316,7.665418969855348,4.0262129205826085,21.371372383588316,426.1424110228766,30.04730754475101,399.81734586771466,29.282727223608102
50,-0.05992812361487718,0.09231933399841889,0.0130304520485387,0.7259070893547344,0.007474281180624804,0.7065128187683554,0.027246162610619854,0.05432248202545016,0.05885058416842261,1.7969489968686723,0.047511869171747406,0.0034239205576034808,90,0.7249356280601202,0.05992812361487718,0.40350861267915417,0.014455721140159625,0.5115502113500031,0.9150588240291573,0.09343908059395377,0.00534608347529253,0.4261424110228766,0.03004730754475101,0.7259070893547344,0.021371372383588317,0.007474281180624804,0.021371372383588317,0.003715944340441181,AFM,725.9070893547344,21.371372383588316,7.474281180624804,3.715944340441181,21.371372383588316,426.1424110228766,30.04730754475101,403.50861267915417,14.455721140159625
51,-0.05992812361487718,0.09734187364891882,0.018291926755930884,0.7185130632096193,0.007871601588336077,0.6712010360817215,0.026695142778441913,0.13594809058322424,0.06803672993776914,1.736037447945208,0.06042781586806591,0.0040348897285454035,89,0.7277717524521042,0.05992812361487718,0.4090161832978581,0.012229920660230773,0.4791793169300666,0.8881955002279247,0.10068633358643488,0.005605715827979892,0.4261424110228766,0.03004730754475101,0.7185130632096193,0.021371372383588317,0.007871601588336077,0.021371372383588317,0.003715944340441181,AFM,718.5130632096193,21.371372383588316,7.871601588336077,3.715944340441181,21.371372383588316,426.1424110228766,30.04730754475101,409.0161832978581,12.229920660230773
52,-0.09994691591039716,0.09954893125237539,0.01405438045970554,0.7369468215075399,0.006980449992130178,0.7140566224171606,0.025297838570376152,0.06905598265328101,0.059373486172135,1.7696924343987324,0.049658659104786916,0.0035932527439698114,90,0.7379583628116231,0.09994691591039716,0.39425816624937704,0.030896404705359558,0.5198236449595887,0.9140818112089657,0.10391618381812456,0.005491048629004432,0.4261424110228766,0.03004730754475101,0.7369468215075399,0.021371372383588317,0.006980449992130178,0.021371372383588317,0.0040475391049482915,AFM,736.9468215075399,21.371372383588316,6.980449992130178,4.047539104948291,21.371372383588316,426.1424110228766,30.04730754475101,394.25816624937704,30.896404705359558
53,-0.09994691591039716,0.09351341132348989,0.013312640935360815,0.740732524775952,0.007398929233862242,0.7201970195871639,0.026905260246177516,0.058236243148815876,0.05908769806432204,1.7825786065342495,0.04903446282170696,0.0040797429852904325,90,0.7427315583541083,0.09994691591039716,0.389482635187003,0.029897432614038114,0.5272237165325175,0.9167063517195205,0.09769197472712275,0.005656607202658934,0.4261424110228766,0.03004730754475101,0.740732524775952,0.021371372383588317,0.007398929233862242,0.021371372383588317,0.0040475391049482915,AFM,740.732524775952,21.371372383588316,7.398929233862242,4.047539104948291,21.371372383588316,426.1424110228766,30.04730754475101,389.482635187003,29.897432614038113
54,-0.1398663176036318,0.09901099221155608,0.014879953471658741,0.7292014440385772,0.007178528804790153,0.6968568734779654,0.0254637766921654,0.09625817372658244,0.06065069966564445,1.7570395286393068,0.0515763809701199,0.003404105690426337,90,0.7296789076380761,0.1398663176036318,0.400542066126904,0.010225507765237295,0.5005707686294608,0.9011128347563648,0.10152990622977626,0.005467932896332984,0.4261424110228766,0.03004730754475101,0.7292014440385772,0.021371372383588317,0.007178528804790153,0.021371372383588317,0.003258144130566926,AFM,729.2014440385773,21.371372383588316,7.178528804790153,3.258144130566926,21.371372383588316,426.1424110228766,30.04730754475101,400.542066126904,10.225507765237296
55,-0.1398663176036318,0.10210889091699937,0.017238409165207833,0.7240236361046092,0.007356238972386231,0.6807136939779547,0.025550315147571886,0.1312114571205459,0.06589119726784572,1.7300230495744822,0.057768749504469925,0.0038430149649416414,89,0.7274735969674346,0.1398663176036318,0.4050735979838463,0.020056398487783643,0.487306288219092,0.8923798862029383,0.10427338026199405,0.005504789508095264,0.4261424110228766,0.03004730754475101,0.7240236361046092,0.021371372383588317,0.007356238972386231,0.021371372383588317,0.003258144130566926,AFM,724.0236361046092,21.371372383588316,7.3562389723862305,3.258144130566926,21.371372383588316,426.1424110228766,30.04730754475101,405.0735979838463,20.056398487783643
56,-0.17998463517756175,0.10099861247340153,0.016624678736772182,0.726446369330461,0.007302758840811612,0.6882852445377742,0.02581707770608018,0.11515044333775615,0.06506569880521273,1.7380743756610164,0.05680207853416881,0.003372092199058438,89,0.7314484701272547,0.17998463517756175,0.41114699575093905,0.016321940860684264,0.4894649457510456,0.9006119415019846,0.10409336563820501,0.005513118680093021,0.4261424110228766,0.03004730754475101,0.726446369330461,0.021371372383588317,0.007302758840811612,0.021371372383588317,0.004838546999672856,AFM,726.446369330461,21.371372383588316,7.302758840811611,4.838546999672856,21.371372383588316,426.1424110228766,30.04730754475101,411.146995750939,16.321940860684265
57,-0.17998463517756175,0.09722798561085061,0.015656848169376562,0.7293513724877758,0.00744810837625896,0.6968989611078568,0.026779073530958725,0.0948091733188906,0.06403983103058226,1.756033969432459,0.05535292583094891,0.0036307198497288083,89,0.7354556959689381,0.17998463517756175,0.40592386255601387,0.019419029722831264,0.5067609365867921,0.912684799142806,0.09793328505512325,0.005350623968252689,0.4261424110228766,0.03004730754475101,0.7293513724877758,0.021371372383588317,0.00744810837625896,0.021371372383588317,0.004838546999672856,AFM,729.3513724877758,21.371372383588316,7.4481083762589595,4.838546999672856,21.371372383588316,426.1424110228766,30.04730754475101,405.9238625560139,19.419029722831265
58,-0.22000249316769116,0.0890236876719966,0.012340225383052713,0.7545483614705412,0.007693290520564755,0.7371567451281122,0.028241907040506487,0.04700347074056314,0.05834046133937676,1.7391229589288155,0.04729897959869377,0.004003946335288521,90,0.7490682853755513,0.22000249316769116,0.388041735914593,0.03872071122282515,0.5581584482042323,0.9462001841188253,0.09436399694683728,0.0052745940834365325,0.4261424110228766,0.03004730754475101,0.7545483614705412,0.021371372383588317,0.007693290520564755,0.021371372383588317,0.0024475379517526086,AFM,754.5483614705412,21.371372383588316,7.693290520564755,2.447537951752609,21.371372383588316,426.1424110228766,30.04730754475101,388.041735914593,38.72071122282515
59,-0.22000249316769116,0.09385576683251137,0.015011641311557928,0.75344710675992,0.007733317230100357,0.7196041250083559,0.027713834529370217,0.09527010585107805,0.0634846924257509,1.699540258502016,0.05557773166580308,0.004031078011048588,89,0.755141527561423,0.22000249316769116,0.41042725102758126,0.02401485547562345,0.5074975436329773,0.9179247946605585,0.09831427330641904,0.005641121653186794,0.4261424110228766,0.03004730754475101,0.75344710675992,0.021371372383588317,0.007733317230100357,0.021371372383588317,0.0024475379517526086,AFM,753.44710675992,21.371372383588316,7.733317230100357,2.447537951752609,21.371372383588316,426.1424110228766,30.04730754475101,410.4272510275813,24.01485547562345
60,-0.25992192789374274,0.0579775484776827,0.014490354817486603,0.7486071544118236,0.012023421087175721,0.7796667183850703,0.0425651446481587,-0.05419370476797969,0.06368184259171741,1.5645331514389258,0.03931010165913778,0.002960854144215018,90,0.7251236260629258,0.25992192789374274,,,0.5812944342426719,,0.061491017348376156,0.004860160877153371,0.4261424110228766,0.03004730754475101,0.7486071544118236,0.021371372383588317,0.012023421087175721,0.021371372383588317,0.005264442663971908,spinflip,748.6071544118236,21.371372383588316,12.023421087175722,5.264442663971908,21.371372383588316,426.1424110228766,30.04730754475101,,
61,-0.25992192789374274,0.04430739718870725,0.01160432759616392,0.737399539776077,0.01647354365121289,0.6966644395332509,0.05605431509805572,0.05374765589043973,0.061062220818534976,1.4971226589828925,0.05104435166406446,0.0034353127791058808,90,0.7378830176121243,0.25992192789374274,0.3710899233691084,0.03138232147399189,0.5273552611365043,0.8984451845056127,0.046924539126799295,0.005014008025238121,0.4261424110228766,0.03004730754475101,0.737399539776077,0.021371372383588317,0.01647354365121289,0.021371372383588317,0.005264442663971908,spinflip,737.399539776077,21.371372383588316,16.47354365121289,5.264442663971908,21.371372383588316,426.1424110228766,30.04730754475101,371.0899233691084,31.382321473991894
62,-0.3000402722969035,0.03907590222240415,0.009195428135663946,0.7406604184342185,0.017904083174172095,0.7098260404699078,0.06407172728036381,0.0362718518051284,0.059001716459101496,1.504410866446307,0.046956007351748444,0.0023921599568645347,90,0.7347244033394289,0.3000402722969035,0.37200587688955467,0.015421036050602919,0.5300856137279564,0.902091490617511,0.04221533020176091,0.004501623552786152,0.4261424110228766,0.03004730754475101,0.7406604184342185,0.021371372383588317,0.017904083174172095,0.021371372383588317,0.009602539804742542,spinflip,740.6604184342185,21.371372383588316,17.904083174172094,9.602539804742541,21.371372383588316,426.1424110228766,30.04730754475101,372.00587688955466,15.421036050602918
63,-0.3000402722969035,0.04073538976460991,0.008715356858564161,0.7394609702530062,0.0169273936155168,0.7123628019504806,0.06158501447505502,0.033316642016455504,0.05851643815890074,1.5055594749536287,0.04555692738111262,0.0028270880350592174,90,0.7303199601703408,0.3000402722969035,0.35069718587747334,0.016329138542477313,0.5399676721696841,0.8906648580471574,0.04427089624943104,0.004779937354642238,0.4261424110228766,0.03004730754475101,0.7394609702530062,0.021371372383588317,0.0169273936155168,0.021371372383588317,0.009602539804742542,spinflip,739.4609702530062,21.371372383588316,16.9273936155168,9.602539804742541,21.371372383588316,426.1424110228766,30.04730754475101,350.6971858774733,16.329138542477313
64,-0.3399597126131272,0.04019395224203151,0.008438946450951834,0.7399880764703657,0.017054699359619736,0.7238830025263275,0.0624609077194459,0.019690278200211884,0.05831712829257581,1.5107586138644595,0.045407062390126075,0.0031766674286101727,90,0.7368842931698898,0.3399597126131272,0.3703209319659214,0.019387011517385408,0.5499202849725269,0.9202412169384483,0.04349711655776618,0.004969876408562289,0.4261424110228766,0.03004730754475101,0.7399880764703657,0.021371372383588317,0.017054699359619736,0.021371372383588317,0.0171508276123172,spinflip,739.9880764703657,21.371372383588316,17.054699359619736,17.1508276123172,21.371372383588316,426.1424110228766,30.04730754475101,370.32093196592143,19.387011517385407
65,-0.3399597126131272,0.05850526507121655,0.026346649743354995,0.7128419682498996,0.01995832101190755,0.6106331315858055,0.03598184788077496,0.15567616728949843,0.08123423253471208,1.4030340013032614,0.07495593574002206,0.002843266345184906,90,0.7282621610435871,0.3399597126131272,0.4297263950277326,0.0346650394464861,0.3779520076896318,0.8076784027173644,0.061746936401225215,0.004615505201455196,0.4261424110228766,0.03004730754475101,0.7128419682498996,0.021371372383588317,0.01995832101190755,0.021371372383588317,0.0171508276123172,spinflip,712.8419682498997,21.371372383588316,19.95832101190755,17.1508276123172,21.371372383588316,426.1424110228766,30.04730754475101,429.72639502773256,34.6650394464861
66,-0.37997860268704603,0.049066276267699584,0.011447584138085725,0.7391416460687377,0.014829792538376697,0.703908348024759,0.052517007455217854,0.051797108231275944,0.06277481930276108,1.4768158244238876,0.05205809878788491,0.0023865812352908606,89,0.7396105961603209,0.37997860268704603,0.39561499958626634,0.040386382778772496,0.5091685164254838,0.9047835160117501,0.053211940357314066,0.0044304670137004,0.4261424110228766,0.03004730754475101,0.7391416460687377,0.021371372383588317,0.014829792538376697,0.021371372383588317,0.00628532557358408,FM,739.1416460687377,21.371372383588316,14.829792538376697,6.28532557358408,21.371372383588316,426.1424110228766,30.04730754475101,395.6149995862663,40.38638277877249
67,-0.37997860268704603,0.04322339445679584,0.015810360435303313,0.7330287017594939,0.018864300759238645,0.6703823376102495,0.05587498459146349,0.07788938239937211,0.06602981483817025,1.4640885237749586,0.05795099766313088,0.00349028819396327,90,0.7366735735286574,0.37997860268704603,0.37146256528034344,0.01818318464268253,0.48726636334478596,0.8587289286251294,0.04641267532836964,0.00476311850603971,0.4261424110228766,0.03004730754475101,0.7330287017594939,0.021371372383588317,0.018864300759238645,0.021371372383588317,0.00628532557358408,FM,733.0287017594939,21.371372383588316,18.864300759238645,6.28532557358408,21.371372383588316,426.1424110228766,30.04730754475101,371.4625652803434,18.18318464268253
68,-0.41989805072183894,0.03148907236809201,0.011441552254423702,0.7434554408228956,0.02334213621334616,0.7014675028294269,0.07851206587517354,0.039294353478111076,0.06140463425044802,1.4991274090908624,0.05184969030991869,0.003115524273652072,90,0.7454299361202402,0.41989805072183894,0.31723780265979995,0.02829175291798672,0.5660778923617548,0.8833156950215547,0.036882708681089296,0.004695686603658865,0.4261424110228766,0.03004730754475101,0.7434554408228956,0.02334213621334616,0.02334213621334616,0.021371372383588317,0.004201087351410496,FM,743.4554408228956,23.34213621334616,23.34213621334616,4.2010873514104965,21.371372383588316,426.1424110228766,30.04730754475101,317.23780265979997,28.29175291798672
69,-0.41989805072183894,0.040878523163436514,0.01594988788832589,0.7352520317122744,0.019945416024818557,0.6729637837487196,0.05888559759446447,0.07327984002808588,0.06628931340350083,1.466974467612495,0.058497786857313085,0.0028657849569628793,90,0.741701567882064,0.41989805072183894,0.35580519103240005,0.024199299115410085,0.5046607989084319,0.8604659899408319,0.04502639771771813,0.004478169287424817,0.4261424110228766,0.03004730754475101,0.7352520317122744,0.021371372383588317,0.019945416024818557,0.021371372383588317,0.004201087351410496,FM,735.2520317122744,21.371372383588316,19.945416024818556,4.2010873514104965,21.371372383588316,426.1424110228766,30.04730754475101,355.80519103240005,24.199299115410085
70,-0.4600163925340053,0.038331645727113964,0.011672835298393068,0.7373095331425102,0.019227630786740786,0.6940003486530588,0.06459867367972282,0.049253635784555654,0.06139430062627253,1.484108861655987,0.05145433476122424,0.00272857724672817,90,0.7384713831051105,0.4600163925340053,0.3837169165727796,0.017443925248186387,0.5166487326467805,0.9003656492195601,0.04192645218584621,0.004575822384874483,0.4261424110228766,0.03004730754475101,0.7373095331425102,0.021371372383588317,0.019227630786740786,0.021371372383588317,0.009430656156098734,FM,737.3095331425102,21.371372383588316,19.227630786740786,9.430656156098733,21.371372383588316,426.1424110228766,30.04730754475101,383.7169165727796,17.44392524818639
71,-0.4600163925340053,0.04058756271841538,0.012726684453443065,0.7456816827049099,0.018647408822305377,0.6958898676276508,0.06071885483371155,0.059414175560161146,0.06243526479886478,1.4744088354840659,0.053549843477280555,0.002555674887363101,90,0.7453925981310623,0.4600163925340053,0.36820605452452126,0.014011980261226704,0.507111477415699,0.8753175319402202,0.04421135886256965,0.004465021303002539,0.4261424110228766,0.03004730754475101,0.7456816827049099,0.021371372383588317,0.018647408822305377,0.021371372383588317,0.009430656156098734,FM,745.6816827049099,21.371372383588316,18.647408822305376,9.430656156098733,21.371372383588316,426.1424110228766,30.04730754475101,368.2060545245213,14.011980261226704
72,-0.49983638853128726,0.03867199743245556,0.011233139482846878,0.737136745973873,0.01898556477020185,0.6931246396972721,0.06418200681658505,0.050436906326225384,0.060930364267062345,1.4809702586103344,0.05048570726238501,0.002574361388671025,90,0.7350710660657317,0.49983638853128726,0.3624755039883665,0.048003145152245845,0.5105690525056107,0.8730445564939772,0.04141334159282553,0.0047132292432241,0.4261424110228766,0.03004730754475101,0.737136745973873,0.021371372383588317,0.01898556477020185,0.021371372383588317,0.013315745589871851,FM,737.1367459738731,21.371372383588316,18.98556477020185,13.31574558987185,21.371372383588316,426.1424110228766,30.04730754475101,362.4755039883665,48.00314515224584
73,-0.49983638853128726,0.038836135823329586,0.009193965377109462,0.7486868392392283,0.018009660539722607,0.7097036871259975,0.06446361788222583,0.04515039932012434,0.059011418863009764,1.4844749984657992,0.046973727675581466,0.002750954937460732,90,0.7346644551164829,0.49983638853128726,0.37438398165328,0.03140296748368494,0.5193216064064425,0.8937055880597226,0.04277088978115138,0.004418921425823991,0.4261424110228766,0.03004730754475101,0.7486868392392283,0.021371372383588317,0.018009660539722607,0.021371372383588317,0.013315745589871851,FM,748.6868392392283,21.371372383588316,18.009660539722606,13.31574558987185,21.371372383588316,426.1424110228766,30.04730754475101,374.38398165328005,31.402967483684943
74,-0.5399536946813125,0.038457066340029565,0.014865348587435262,0.7300123468272293,0.021454352006395616,0.6624221002904651,0.06305177677386754,0.07400442248810589,0.06500980579359444,1.4640588447415623,0.055767647089899515,0.003012711607957825,90,0.7260718618426351,0.5399536946813125,0.32499910539271615,0.07089709242588843,0.5165891533134912,0.8415882587062073,0.043209040192787894,0.00447638053472889,0.4261424110228766,0.03004730754475101,0.7300123468272293,0.021454352006395616,0.021454352006395616,0.021371372383588317,0.01756009779407948,FM,730.0123468272293,21.454352006395617,21.454352006395617,17.56009779407948,21.371372383588316,426.1424110228766,30.04730754475101,324.99910539271616,70.89709242588843
75,-0.5399536946813125,0.04806634848026523,0.025000292107772756,0.7292674793577404,0.022247857311887338,0.6346504411152235,0.04392467311474481,0.12114678599279877,0.07926497998393352,1.4234563561088722,0.07423518604405883,0.002781090824112263,90,0.7481742334453907,0.5399536946813125,0.42433046980249295,0.014658571748858746,0.44011441943343427,0.8644448892359272,0.04876252604658171,0.004780749112886297,0.4261424110228766,0.03004730754475101,0.7292674793577404,0.022247857311887338,0.022247857311887338,0.021371372383588317,0.01756009779407948,FM,729.2674793577404,22.247857311887337,22.247857311887337,17.56009779407948,21.371372383588316,426.1424110228766,30.04730754475101,424.3304698024929,14.658571748858746
76,-0.5800720431980841,0.032761528581855354,0.015009170595161374,0.7474575312949647,0.024432836895655136,0.6882818758386161,0.07362649707500886,0.056100433022245884,0.06535776358499365,1.4794180799032506,0.057943297092144505,0.00332034997633567,90,0.7526585493387272,0.5800720431980841,0.34731545524642393,0.028420302320393522,0.5220440254544524,0.8693594807008763,0.036769805745715714,0.004834105849003874,0.4261424110228766,0.03004730754475101,0.7474575312949647,0.024432836895655136,0.024432836895655136,0.021371372383588317,0.006997840186101891,FM,747.4575312949647,24.432836895655136,24.432836895655136,6.99784018610189,21.371372383588316,426.1424110228766,30.04730754475101,347.31545524642394,28.42030232039352
77,-0.5800720431980841,0.04145939904490881,0.014908338808986163,0.7340515361008016,0.019231889403523,0.6750154059815164,0.058598439149526574,0.07085135940200013,0.06495934727863213,1.4617223031625104,0.05653412576189836,0.0024479044720500907,90,0.7358832410062125,0.5800720431980841,0.36353241397001657,0.052031324676557196,0.5096996830867937,0.8732320970568103,0.04483507535861819,0.0045539488849799,0.4261424110228766,0.03004730754475101,0.7340515361008016,0.021371372383588317,0.019231889403523,0.021371372383588317,0.006997840186101891,FM,734.0515361008016,21.371372383588316,19.231889403523,6.99784018610189,21.371372383588316,426.1424110228766,30.04730754475101,363.5324139700166,52.0313246765572
78,-0.6199935784344868,0.04035760294090144,0.014738000669084964,0.76031616572996,0.01779404734944559,0.7991919558902458,0.060228343471153564,-0.04680294961948078,0.0647899919610943,1.548488338671511,0.04018015718547331,0.0029067662687258765,90,0.7367380152885772,0.6199935784344868,,,0.6067019787218128,,0.04674226374937278,0.00468754800467774,0.4261424110228766,0.03004730754475101,0.76031616572996,0.021371372383588317,0.01779404734944559,0.021371372383588317,0.012343122977242018,FM,760.31616572996,21.371372383588316,17.79404734944559,12.343122977242018,21.371372383588316,426.1424110228766,30.04730754475101,,
79,-0.6199935784344868,0.04030345377390186,0.011825958723814181,0.7383495256897796,0.018560537407411103,0.6937903498380571,0.0636022270688522,0.053176416976655226,0.06357577408139366,1.4740868390436392,0.05295381789040773,0.0027960346335449988,89,0.7354596750420842,0.6199935784344868,0.3867029700480795,0.02745917667973552,0.5095427128194141,0.8962456828674936,0.043016155544089385,0.0048622891779834445,0.4261424110228766,0.03004730754475101,0.7383495256897796,0.021371372383588317,0.018560537407411103,0.021371372383588317,0.012343122977242018,FM,738.3495256897796,21.371372383588316,18.560537407411104,12.343122977242018,21.371372383588316,426.1424110228766,30.04730754475101,386.7029700480795,27.45917667973552
80,-0.6600124775335691,0.03676911128828355,0.020708105843014045,0.7370553540905811,0.025876861819500656,0.6560464084575637,0.06401444121248535,0.08228504507298144,0.07479383828324788,1.4561487441424088,0.06822172269333789,0.003208002636863176,89,0.7471958516537074,0.6600124775335691,0.3191460040205151,0.015540655180008472,0.4900908043251435,0.8092368083456586,0.03947004865515949,0.004890543401745649,0.4261424110228766,0.03004730754475101,0.7370553540905811,0.025876861819500656,0.025876861819500656,0.021371372383588317,0.004772551954235225,FM,737.0553540905811,25.876861819500657,25.876861819500657,4.772551954235224,21.371372383588316,426.1424110228766,30.04730754475101,319.1460040205151,15.540655180008471
81,-0.6600124775335691,0.047649146234202557,0.019172013440766904,0.7315550337230461,0.01861909367466948,0.6573223787361485,0.049198615482310463,0.09928512453581148,0.07044907741152555,1.4340986023174975,0.06370165692443291,0.003873785932161851,90,0.7412235985691382,0.6600124775335691,0.36004078068859807,0.030045537513438598,0.4818870058051276,0.8419277864937257,0.05311429292710672,0.005018238156013288,0.4261424110228766,0.03004730754475101,0.7315550337230461,0.021371372383588317,0.01861909367466948,0.021371372383588317,0.004772551954235225,FM,731.5550337230461,21.371372383588316,18.61909367466948,4.772551954235224,21.371372383588316,426.1424110228766,30.04730754475101,360.0407806885981,30.0455375134386
82,-0.6999319218324023,0.05362058068176676,0.021093258971600432,0.784723199063026,0.01586639811995904,0.8539992963145216,0.043028490820678944,-0.10539112882587685,0.07308592150745609,1.5829335139633252,0.04373516444921818,0.002572949971438766,90,0.7600337238366732,0.6999319218324023,,,0.6512709760538241,,0.06112070616505332,0.004542118390280221,0.4261424110228766,0.03004730754475101,0.784723199063026,0.027100257015141734,0.01586639811995904,0.021371372383588317,0.027100257015141734,FM,784.723199063026,27.100257015141736,15.86639811995904,27.100257015141736,21.371372383588316,426.1424110228766,30.04730754475101,,
83,-0.6999319218324023,0.047004151874327334,0.019751016060874805,0.732390788534018,0.018916095497403286,0.658075014286201,0.049457554804486804,0.09801875827535979,0.07130217647429518,1.4345922916961373,0.06496919180114817,0.0032832936190962726,90,0.7446420269823646,0.6999319218324023,0.3839828976576112,0.03229409482223366,0.4695363358622685,0.8535192335198797,0.05056065147016775,0.004690660275322972,0.4261424110228766,0.03004730754475101,0.732390788534018,0.027100257015141734,0.018916095497403286,0.021371372383588317,0.027100257015141734,FM,732.3907885340179,27.100257015141736,18.916095497403287,27.100257015141736,21.371372383588316,426.1424110228766,30.04730754475101,383.9828976576112,32.29409482223366
84,-0.7400492292408661,0.04082715745274437,0.018708408284278003,0.7304752622853707,0.020871988926935613,0.6619766446243259,0.057231511419093266,0.07947181735939636,0.06999137205062606,1.4521390932580793,0.06330313403645356,0.0036529678330478703,90,0.7443352880240481,0.7400492292408661,0.3684019487063255,0.023383224567777115,0.4891679410011621,0.8575698897074876,0.04639598608637974,0.004744340933004421,0.4261424110228766,0.03004730754475101,0.7304752622853707,0.021371372383588317,0.020871988926935613,0.021371372383588317,0.0202935840700676,FM,730.4752622853707,21.371372383588316,20.87198892693561,20.293584070067602,21.371372383588316,426.1424110228766,30.04730754475101,368.40194870632547,23.383224567777116
85,-0.7400492292408661,0.032375273334518326,0.011294233251323336,0.7677402902202404,0.021697883862047396,0.7920915893492415,0.07914919286891088,-0.023877320463259907,0.06334248576725666,1.5352477616434343,0.042661280593753945,0.0027566999784148483,89,0.7516557511434869,0.7400492292408661,0.31541442541615483,0.018253882926731104,0.6411223060690081,0.9565367314851629,0.0356269191477743,0.004539044303537953,0.4261424110228766,0.03004730754475101,0.7677402902202404,0.021697883862047396,0.021697883862047396,0.021371372383588317,0.0202935840700676,FM,767.7402902202404,21.697883862047398,21.697883862047398,20.293584070067602,21.371372383588316,426.1424110228766,30.04730754475101,315.4144254161548,18.253882926731105
86,-0.779869221472421,0.03564012643678819,0.009344486871472962,0.7459147092156811,0.0198045768990214,0.7106377572137113,0.07014633791503637,0.03766524054062857,0.05928029309760569,1.484533448386212,0.04773068407348053,0.004108869938890512,90,0.7385447932314626,0.779869221472421,0.326161984965875,0.02026568173924232,0.5480777015164049,0.8742396864822799,0.04058460267009513,0.005195400571672173,0.4261424110228766,0.03004730754475101,0.7459147092156811,0.021371372383588317,0.0198045768990214,0.021371372383588317,0.009925541657463727,FM,745.9147092156811,21.371372383588316,19.8045768990214,9.925541657463727,21.371372383588316,426.1424110228766,30.04730754475101,326.16198496587504,20.26568173924232
87,-0.779869221472421,0.04359285489616473,0.009728748233292155,0.7474668233057365,0.016085138837142323,0.7192878796607484,0.057395999743523246,0.03707783939765957,0.059256625431774214,1.4783811150849202,0.04828237715129832,0.0032946047474218944,90,0.7467448623439881,0.779869221472421,0.3511923843973852,0.02415132386718795,0.534704362740607,0.8858967471379922,0.04807839087924787,0.0046201739776751925,0.4261424110228766,0.03004730754475101,0.7474668233057365,0.021371372383588317,0.016085138837142323,0.021371372383588317,0.009925541657463727,FM,747.4668233057365,21.371372383588316,16.085138837142324,9.925541657463727,21.371372383588316,426.1424110228766,30.04730754475101,351.1923843973852,24.151323867187948
88,-0.8199865292186207,0.03226592042491108,0.007943140675631727,0.7578516009224951,0.02111468647176724,0.7664466090956245,0.07780676739322545,-0.008456173257175351,0.05827898728512389,1.5206601942418807,0.042761258653842435,0.0027709441671661273,90,0.7540338639119741,0.8199865292186207,0.37178310021567373,0.03289515079265178,0.588932322054333,0.9607154222700067,0.035453384314893484,0.004645140007711216,0.4261424110228766,0.03004730754475101,0.7578516009224951,0.021371372383588317,0.02111468647176724,0.021371372383588317,0.01981180863832133,FM,757.8516009224951,21.371372383588316,21.11468647176724,19.81180863832133,21.371372383588316,426.1424110228766,30.04730754475101,371.78310021567376,32.89515079265178
89,-0.8199865292186207,0.039542177126591076,0.01626161536765918,0.7771043333476955,0.018797996753188446,0.8240371870380304,0.0606282477865568,-0.05477128630451138,0.06673388486937104,1.551696153831176,0.04153855087868698,0.0031932609002149528,90,0.7523493638957917,0.8199865292186207,,,0.6320645075323535,,0.04296035643030519,0.004802032244760262,0.4261424110228766,0.03004730754475101,0.7771043333476955,0.021371372383588317,0.018797996753188446,0.021371372383588317,0.01981180863832133,FM,777.1043333476955,21.371372383588316,18.797996753188446,19.81180863832133,21.371372383588316,426.1424110228766,30.04730754475101,,
90,-0.8598065254462772,0.03446004222022561,0.009776820659194184,0.7440952169082414,0.020768047293250092,0.7024421116920821,0.07239870698461673,0.04267037823641357,0.0597092741044449,1.479525780422911,0.04831578316278583,0.0028837274529495294,90,0.7320773892111221,0.8598065254462772,0.3680579027416795,0.021924386022461703,0.5279342964611807,0.8959921992028602,0.03839251710877417,0.004930656144438239,0.4261424110228766,0.03004730754475101,0.7440952169082414,0.08486989673731647,0.020768047293250092,0.021371372383588317,0.08486989673731647,FM,744.0952169082415,84.86989673731647,20.768047293250092,84.86989673731647,21.371372383588316,426.1424110228766,30.04730754475101,368.05790274167947,21.924386022461704
91,-0.8598065254462772,0.08026830154036951,0.03356840284061807,0.9117974206412827,0.047080192331925126,0.5791603726583961,0.022218666204961695,0.2360536569699889,0.09307337916124478,1.3151732486641818,0.08778138065554783,0.002429287148664174,90,0.7350099907860721,0.8598065254462772,,,,0.7737436905825489,0.08305033741417746,0.0044231678396515275,0.4261424110228766,0.03004730754475101,0.9117974206412827,0.08486989673731647,0.047080192331925126,0.021371372383588317,0.08486989673731647,FM,911.7974206412827,84.86989673731647,47.080192331925126,84.86989673731647,21.371372383588316,426.1424110228766,30.04730754475101,,
92,-0.8999248717531925,0.037962118326381196,0.008388932644540823,0.7577147109634266,0.018099781286204285,0.7386017441125518,0.06611277558317644,0.022054750360109825,0.058383224095618656,1.4919666014385637,0.046511104761624254,0.003343281295172305,90,0.7547612374028054,0.8999248717531925,0.3703030395860938,0.014041853285519525,0.5503779429735829,0.9206809825596767,0.04058632558370452,0.004699797689961076,0.4261424110228766,0.03004730754475101,0.7577147109634266,0.025717453370839704,0.018099781286204285,0.021371372383588317,0.025717453370839704,FM,757.7147109634266,25.717453370839703,18.099781286204284,25.717453370839703,21.371372383588316,426.1424110228766,30.04730754475101,370.3030395860938,14.041853285519524
93,-0.8999248717531925,0.07858026520677892,0.03404008282946622,0.7064672195206413,0.017139131020263355,0.5921716949255884,0.02352031646287841,0.22467105595321482,0.0955055834803164,1.3216551582570282,0.09084571665905637,0.002763255227326659,89,0.7437135448016032,0.8999248717531925,,,,0.8108133358894904,0.08175406099777771,0.004724552341839026,0.4261424110228766,0.03004730754475101,0.7064672195206413,0.025717453370839704,0.017139131020263355,0.021371372383588317,0.025717453370839704,FM,706.4672195206413,25.717453370839703,17.139131020263356,25.717453370839703,21.371372383588316,426.1424110228766,30.04730754475101,,
94,-0.8999248704753081,0.029748106533648087,0.007666240230696275,0.7635116977010271,0.022669676933892064,0.7638598254928594,0.08442989562037054,-0.0003304605797137775,0.05816915121782973,1.5152882185785315,0.042999611301357966,0.003929370602020276,90,0.7540159745543087,0.8999248704753081,0.32382939272958833,0.021178626981018897,0.5916506897911192,0.9154800825207076,0.036094552771927885,0.004972319020913321,0.4261424110228766,0.03004730754475101,0.7635116977010271,0.025717453370839704,0.022669676933892064,0.021371372383588317,0.025717453370839704,FM,763.5116977010271,25.717453370839703,22.669676933892063,25.717453370839703,21.371372383588316,426.1424110228766,30.04730754475101,323.82939272958833,21.178626981018898
95,-0.8999248704753081,0.031719241910195546,0.01273286349427538,0.7467013018272544,0.02357605098840453,0.701361165822419,0.07733911848828282,0.04256131516341599,0.06275405018122039,1.4825998562129765,0.05436204052627656,0.0030014730191632332,90,0.752687424019038,0.8999248704753081,0.31968741121876754,0.014822964168727323,0.5426054606038058,0.8622928718225733,0.036012715828137525,0.004546425989199797,0.4261424110228766,0.03004730754475101,0.7467013018272544,0.025717453370839704,0.02357605098840453,0.021371372383588317,0.025717453370839704,FM,746.7013018272544,25.717453370839703,23.57605098840453,25.717453370839703,21.371372383588316,426.1424110228766,30.04730754475101,319.6874112187675,14.822964168727323
96,-0.8601048773260155,0.03644311030206752,0.01756208901047973,0.7376824754621242,0.023801440385096725,0.6680825668707167,0.06721857845220468,0.07192594366687839,0.07047152295734453,1.4580788175115942,0.06276631041701024,0.0031345907160969673,89,0.7431305030927855,0.8601048773260155,0.313405071227562,0.01314098024965517,0.5017181837708375,0.8151232549983995,0.04045521391212546,0.004569408336900311,0.4261424110228766,0.03004730754475101,0.7376824754621242,0.08486989673731647,0.023801440385096725,0.021371372383588317,0.08486989673731647,FM,737.6824754621242,84.86989673731647,23.801440385096726,84.86989673731647,21.371372383588316,426.1424110228766,30.04730754475101,313.405071227562,13.14098024965517
97,-0.8601048773260155,0.03896954343208542,0.008136645154096529,0.7447550008437873,0.017496462821345014,0.7281150836053369,0.06446658904808002,0.019738526870690623,0.058137277665079506,1.492928935722482,0.044701394346066396,0.0029645572588661573,90,0.7371416110871741,0.8601048773260155,0.3494035978192713,0.0175842576796603,0.5417990255665853,0.8912026233858567,0.043122191020721165,0.004514599853084876,0.4261424110228766,0.03004730754475101,0.7447550008437873,0.08486989673731647,0.017496462821345014,0.021371372383588317,0.08486989673731647,FM,744.7550008437873,84.86989673731647,17.496462821345013,84.86989673731647,21.371372383588316,426.1424110228766,30.04730754475101,349.40359781927134,17.5842576796603
98,-0.8199865242795152,0.03597355745398996,0.014823943963149466,0.7370443816716182,0.022563064217156033,0.6740534246076123,0.06730782944661161,0.06510703508878653,0.06503900238324824,1.4644207752357086,0.05653872947190933,0.0038049691250644415,90,0.7358975611921343,0.8199865242795152,0.29474659906241985,0.018359637625533044,0.5132846136102543,0.8080312126726742,0.04261186184074517,0.0048656637520734965,0.4261424110228766,0.03004730754475101,0.7370443816716182,0.022563064217156033,0.022563064217156033,0.021371372383588317,0.01981180863832133,FM,737.0443816716182,22.563064217156032,22.563064217156032,19.81180863832133,21.371372383588316,426.1424110228766,30.04730754475101,294.7465990624198,18.359637625533043
99,-0.8199865242795152,0.039496978846240025,0.017496352856488494,0.7349810880712677,0.021318424209051067,0.6681412936547717,0.059926787980763445,0.0753087468628286,0.06836504723549248,1.4549038574433275,0.061320431240134664,0.0034604968333062838,90,0.7468495814915332,0.8199865242795152,0.3975754349146106,0.024717498984442327,0.4885031332780054,0.886078568192616,0.04179423041557334,0.004896203789847715,0.4261424110228766,0.03004730754475101,0.7349810880712677,0.021371372383588317,0.021318424209051067,0.021371372383588317,0.01981180863832133,FM,734.9810880712677,21.371372383588316,21.318424209051066,19.81180863832133,21.371372383588316,426.1424110228766,30.04730754475101,397.57543491461064,24.717498984442326
100,-0.7798692178820754,0.04628338343155877,0.01973806308633065,0.7282622165624247,0.020345863598925408,0.6459224348200727,0.05018159053502707,0.10492861135681956,0.07130380879570698,1.429628311755952,0.06410299205539209,0.0025974078678812893,90,0.7330258500813627,0.7798692178820754,0.39803441800433087,0.013186086406546355,0.45380068805723756,0.8518351060615684,0.04976723589645997,0.004822164576585461,0.4261424110228766,0.03004730754475101,0.7282622165624247,0.021371372383588317,0.020345863598925408,0.021371372383588317,0.009925541657463727,FM,728.2622165624248,21.371372383588316,20.34586359892541,9.925541657463727,21.371372383588316,426.1424110228766,30.04730754475101,398.03441800433086,13.186086406546355
101,-0.7798692178820754,0.029863963257702787,0.012512566336855156,0.7500654071501005,0.02581270701188444,0.6985696922985013,0.0851454576484588,0.04509006739304807,0.06465068076624665,1.4848909991105848,0.05519519408736156,0.0034247472377847026,89,0.7477787801550103,0.7798692178820754,0.2354340382643837,0.043569233703684596,0.5508054923775827,0.7862395306419664,0.03650047505858903,0.0046877071468456035,0.4261424110228766,0.03004730754475101,0.7500654071501005,0.02581270701188444,0.02581270701188444,0.021371372383588317,0.009925541657463727,FM,750.0654071501006,25.812707011884438,25.812707011884438,9.925541657463727,21.371372383588316,426.1424110228766,30.04730754475101,235.4340382643837,43.569233703684596
102,-0.7400492233628787,0.04380993580385594,0.01655569091946014,0.724218151826979,0.019386776560923604,0.6543685505370526,0.054789919366608646,0.08675336612929777,0.06697712041655815,1.4448628215708286,0.05835470403789392,0.002898417144085453,90,0.7245503242770541,0.7400492233628787,0.3631600158575336,0.02243491370694388,0.4738060805642072,0.8369660964217408,0.04715219200862257,0.004599499907877205,0.4261424110228766,0.03004730754475101,0.724218151826979,0.021371372383588317,0.019386776560923604,0.021371372383588317,0.0202935840700676,FM,724.218151826979,21.371372383588316,19.386776560923604,20.293584070067602,21.371372383588316,426.1424110228766,30.04730754475101,363.1600158575336,22.434913706943878
103,-0.7400492233628787,0.031767259589078035,0.009248939608346374,0.7538829297468188,0.02221029838245392,0.7218015147956366,0.07864885962329862,0.030616289261884234,0.05934810650528984,1.49447937583445,0.04852051258476413,0.003562033529372222,90,0.7492009576342187,0.7400492233628787,0.3547938256661849,0.014971488454904234,0.5461619330650525,0.9009557587312373,0.035418218944780214,0.004823854592895602,0.4261424110228766,0.03004730754475101,0.7538829297468188,0.02221029838245392,0.02221029838245392,0.021371372383588317,0.0202935840700676,FM,753.8829297468188,22.21029838245392,22.21029838245392,20.293584070067602,21.371372383588316,426.1424110228766,30.04730754475101,354.7938256661849,14.971488454904234
104,-0.6999308707293885,0.04907032592271575,0.025746181165806323,0.7232559639673349,0.022180492035047294,0.626883571974863,0.04229874460586138,0.12531621432340234,0.08043437947939683,1.4160291073282971,0.07520044796625645,0.0032957256445162067,90,0.7461112356120243,0.6999308707293885,0.3917400190469227,0.02038930734520689,0.4342816676041148,0.8260216866510375,0.051496761912613265,0.004859612035648484,0.4261424110228766,0.03004730754475101,0.7232559639673349,0.027100257015141734,0.022180492035047294,0.021371372383588317,0.027100257015141734,FM,723.255963967335,27.100257015141736,22.180492035047294,27.100257015141736,21.371372383588316,426.1424110228766,30.04730754475101,391.74001904692267,20.38930734520689
105,-0.6999308707293885,0.030970682296771912,0.018598639940251408,0.7447386243455911,0.029080726972136185,0.6684151467297931,0.07471545229492792,0.0660484712230898,0.07006573483356578,1.4710196588915028,0.0637907254474041,0.0031152485630382906,90,0.7536456477283064,0.6999308707293885,0.32149065528978504,0.014910887131294964,0.5165220262858903,0.8380126815756753,0.0345404990553974,0.004816435197407622,0.4261424110228766,0.03004730754475101,0.7447386243455911,0.029080726972136185,0.029080726972136185,0.021371372383588317,0.027100257015141734,FM,744.7386243455911,29.080726972136187,29.080726972136187,27.100257015141736,21.371372383588316,426.1424110228766,30.04730754475101,321.490655289785,14.910887131294963
106,-0.660011420052714,0.049488376900212086,0.022244519733681235,0.7254510959866982,0.020154948806465456,0.6376605674522496,0.04540112018725794,0.11795583821082993,0.07494653948770252,1.4207406516453145,0.06858958250833558,0.0030290797274915332,90,0.7372955632940881,0.660011420052714,0.37521894963006863,0.07247658980007696,0.4384269689827557,0.8136459186128243,0.05016082508372788,0.004522001822414621,0.4261424110228766,0.03004730754475101,0.7254510959866982,0.021371372383588317,0.020154948806465456,0.021371372383588317,0.004772551954235225,FM,725.4510959866982,21.371372383588316,20.154948806465455,4.772551954235224,21.371372383588316,426.1424110228766,30.04730754475101,375.2189496300686,72.47658980007695
107,-0.660011420052714,0.046195852581724255,0.018116059993085732,0.730233335338076,0.018471579718888416,0.6635457387851674,0.05323960286762609,0.08787064047788166,0.07092417869597414,1.4434428738076517,0.06321967880282915,0.0031400079936726244,89,0.7393467609149798,0.660011420052714,0.4050814864688481,0.035461604128910036,0.46954421614951836,0.8746257026183665,0.04991957209191891,0.004739597692707078,0.4261424110228766,0.03004730754475101,0.730233335338076,0.021371372383588317,0.018471579718888416,0.021371372383588317,0.004772551954235225,FM,730.233335338076,21.371372383588316,18.471579718888417,4.772551954235224,21.371372383588316,426.1424110228766,30.04730754475101,405.08148646884814,35.46160412891004
108,-0.6199925219710316,0.03958464070126946,0.00891328448305907,0.7414392066340683,0.017722008306332665,0.7173024260152212,0.06550013532215408,0.028909660344962295,0.06092287337789172,1.4918274556563234,0.047872038438300346,0.0024234568329010763,89,0.7353629103246495,0.6199925219710316,0.3613105612099211,0.03269264297469343,0.5419096574652711,0.9032202186751922,0.040670034128950885,0.004623866207175104,0.4261424110228766,0.03004730754475101,0.7414392066340683,0.021371372383588317,0.017722008306332665,0.021371372383588317,0.012343122977242018,FM,741.4392066340682,21.371372383588316,17.722008306332665,12.343122977242018,21.371372383588316,426.1424110228766,30.04730754475101,361.3105612099211,32.69264297469343
109,-0.6199925219710316,0.04133163649163931,0.017935580342977143,0.7314590727394789,0.02016836138840956,0.6662353523121858,0.05709779021508969,0.07712563314746419,0.0689088657566314,1.4568736465372916,0.06201514737524006,0.003862084099786048,90,0.7443882148897794,0.6199925219710316,0.3882193060352419,0.02536239485413382,0.4843833693961266,0.8726026754313685,0.044384544697336256,0.005068207133833631,0.4261424110228766,0.03004730754475101,0.7314590727394789,0.021371372383588317,0.02016836138840956,0.021371372383588317,0.012343122977242018,FM,731.4590727394789,21.371372383588316,20.16836138840956,12.343122977242018,21.371372383588316,426.1424110228766,30.04730754475101,388.2193060352419,25.362394854133818
110,-0.5800720306996364,0.04213043814148564,0.018201435310223227,0.7372588760743486,0.02071859535870226,0.6650162255881409,0.055894042077314944,0.08582951101678826,0.06925086547477483,1.451146739942585,0.06244309000739757,0.004111370159343199,90,0.7468222351889777,0.5800720306996364,0.35820662559890853,0.014947145847650714,0.48921458898255415,0.8474212145814627,0.04637429459042247,0.004931554120109693,0.4261424110228766,0.03004730754475101,0.7372588760743486,0.021371372383588317,0.02071859535870226,0.021371372383588317,0.006997840186101891,FM,737.2588760743486,21.371372383588316,20.718595358702263,6.99784018610189,21.371372383588316,426.1424110228766,30.04730754475101,358.20662559890854,14.947145847650713
111,-0.5800720306996364,0.04554957461491713,0.01771915259070235,0.7315144536306615,0.018944338584338923,0.6605130727364391,0.05218784567635692,0.0914377785149037,0.06848187451614622,1.4454120878831307,0.06103587200979223,0.0023244446071086626,90,0.7366363179907816,0.5800720306996364,0.355188564778263,0.022172643277488524,0.4830907916147934,0.8382793563930564,0.04861546205372139,0.004352717347308005,0.4261424110228766,0.03004730754475101,0.7315144536306615,0.021371372383588317,0.018944338584338923,0.021371372383588317,0.006997840186101891,FM,731.5144536306615,21.371372383588316,18.944338584338922,6.99784018610189,21.371372383588316,426.1424110228766,30.04730754475101,355.188564778263,22.172643277488525
112,-0.5399536803282297,0.030367350179170537,0.007481430012085105,0.7653341522573145,0.022258286164316552,0.762061230959478,0.08276467153461954,0.0030397148875373732,0.058013916564231736,1.5222993679204817,0.043862207500636366,0.0027991031631132107,90,0.7583139514182362,0.5399536803282297,0.37378765029134375,0.01702309917588053,0.578528808076,0.9523164583673438,0.033077830764429675,0.0047313465740869715,0.4261424110228766,0.03004730754475101,0.7653341522573145,0.022258286164316552,0.022258286164316552,0.021371372383588317,0.01756009779407948,FM,765.3341522573145,22.25828616431655,22.25828616431655,17.56009779407948,21.371372383588316,426.1424110228766,30.04730754475101,373.78765029134377,17.023099175880528
113,-0.5399536803282297,0.043381890022899626,0.014898665536088708,0.731510837453532,0.017786167218121082,0.6796412937736753,0.05608919445323802,0.06594039390721163,0.0648760406205891,1.4646918061258993,0.05672180091564651,0.003293388722088484,90,0.7400886921946392,0.5399536803282297,0.40011043632806886,0.019155298240267567,0.4998903806428303,0.9000008169708992,0.04755630756057926,0.004764712841575684,0.4261424110228766,0.03004730754475101,0.731510837453532,0.021371372383588317,0.017786167218121082,0.021371372383588317,0.01756009779407948,FM,731.510837453532,21.371372383588316,17.786167218121083,17.56009779407948,21.371372383588316,426.1424110228766,30.04730754475101,400.1104363280689,19.155298240267566
114,-0.4998353256823691,0.03541729976122438,0.011178605250071895,0.7435005541078157,0.020533430303818122,0.7044185789769382,0.0700084567795978,0.0412775631913059,0.06100357035735247,1.491075287704353,0.05127569511743524,0.003163560996997036,90,0.745141875735471,0.4998353256823691,0.35402553611850685,0.03583401006170748,0.5331533672203703,0.8871789033388772,0.03977513922659755,0.004754841169293342,0.4261424110228766,0.03004730754475101,0.7435005541078157,0.021371372383588317,0.020533430303818122,0.021371372383588317,0.013315745589871851,FM,743.5005541078157,21.371372383588316,20.533430303818122,13.31574558987185,21.371372383588316,426.1424110228766,30.04730754475101,354.02553611850686,35.83401006170748
115,-0.4998353256823691,0.023099719322545516,0.008206660170720435,0.7680076802052105,0.029428909014930237,0.7788824402345453,0.10840322915324938,-0.007642130431910702,0.058780565805979866,1.5375893167580512,0.04226638780095133,0.003641496110516517,90,0.7567228582925852,0.4998353256823691,0.10757875725104316,0.033641247788560494,0.7528078954110048,0.860386652662048,0.03322120588992414,0.004508036519557012,0.4261424110228766,0.03004730754475101,0.7680076802052105,0.029428909014930237,0.029428909014930237,0.021371372383588317,0.013315745589871851,FM,768.0076802052105,29.428909014930237,29.428909014930237,13.31574558987185,21.371372383588316,426.1424110228766,30.04730754475101,107.57875725104316,33.64124778856049
116,-0.4600163767736971,0.03407284916904893,0.008191280955432303,0.754119273226453,0.020399087091946766,0.7387818383975956,0.07618379891568011,0.015897420063787894,0.06059610480131429,1.5126380414614615,0.04777294083933309,0.003036997630890176,89,0.7517965710310621,0.4600163767736971,0.34642280112647406,0.030808447579330163,0.5750068836443533,0.9214296847708273,0.03711607029239171,0.004598879874061677,0.4261424110228766,0.03004730754475101,0.754119273226453,0.021371372383588317,0.020399087091946766,0.021371372383588317,0.009430656156098734,FM,754.119273226453,21.371372383588316,20.399087091946765,9.430656156098733,21.371372383588316,426.1424110228766,30.04730754475101,346.42280112647404,30.808447579330164
117,-0.4600163767736971,0.04471317259560444,0.01581573300131241,0.7327663440692638,0.01850113242077229,0.6667724255796795,0.05408289658133682,0.08433142416106264,0.06598244501265708,1.4545149449918913,0.05765873126844641,0.0026597477056732465,90,0.7337007339701906,0.4600163767736971,0.37828133413659065,0.02189394978844593,0.48491731292699053,0.8631986470635812,0.04731129561400409,0.0046155455199658685,0.4261424110228766,0.03004730754475101,0.7327663440692638,0.021371372383588317,0.01850113242077229,0.021371372383588317,0.009430656156098734,FM,732.7663440692638,21.371372383588316,18.50113242077229,9.430656156098733,21.371372383588316,426.1424110228766,30.04730754475101,378.28133413659066,21.89394978844593
118,-0.419896983199451,0.038845031397189436,0.011048672724627647,0.7403355852306612,0.01898176066424654,0.6985713931456831,0.06619339079277259,0.048232481770623746,0.06286277810610616,1.4864818492769856,0.05176562854384097,0.002494438433120635,89,0.7357663370663325,0.419896983199451,0.3547520879448057,0.02261052498964301,0.5310950186973258,0.8858471066421315,0.04281008143092897,0.004448271193114785,0.4261424110228766,0.03004730754475101,0.7403355852306612,0.021371372383588317,0.01898176066424654,0.021371372383588317,0.004201087351410496,FM,740.3355852306612,21.371372383588316,18.98176066424654,4.2010873514104965,21.371372383588316,426.1424110228766,30.04730754475101,354.75208794480574,22.61052498964301
119,-0.419896983199451,0.042359558525374985,0.008618519577428093,0.7446685716757516,0.016206810136849305,0.7232139661483353,0.05926278564267975,0.02758477064397262,0.05835474603575468,1.498017502900959,0.045562550964380735,0.0030187435499818664,90,0.7389389775426853,0.419896983199451,0.3709757416272712,0.02391678600343825,0.5312020345231644,0.9021777761504356,0.046098489011439286,0.004675405811608416,0.4261424110228766,0.03004730754475101,0.7446685716757516,0.021371372383588317,0.016206810136849305,0.021371372383588317,0.004201087351410496,FM,744.6685716757517,21.371372383588316,16.206810136849306,4.2010873514104965,21.371372383588316,426.1424110228766,30.04730754475101,370.9757416272712,23.916786003438247
120,-0.37997753788875466,0.034928096695199334,0.012140601574549627,0.7456347881851202,0.02122548848028985,0.7019066906890999,0.07060091800495782,0.04528685870353409,0.06201223031328137,1.4942625416908886,0.05307395784208727,0.0030980665220615602,90,0.7495236580986975,0.37997753788875466,0.3149340430663875,0.029746236315183684,0.5365684261205581,0.8515024691869456,0.04060903674965798,0.004553252194265907,0.4261424110228766,0.03004730754475101,0.7456347881851202,0.021371372383588317,0.02122548848028985,0.021371372383588317,0.00628532557358408,FM,745.6347881851202,21.371372383588316,21.22548848028985,6.28532557358408,21.371372383588316,426.1424110228766,30.04730754475101,314.9340430663875,29.746236315183683
121,-0.37997753788875466,0.04710119131462383,0.01510433942282049,0.732054026911473,0.01701411456429024,0.6715721287438919,0.05173574965202771,0.0822891929629294,0.06498427201283213,1.458378924855294,0.056425890526109926,0.0032755583626977646,90,0.7328751883286575,0.37997753788875466,0.3642536955957676,0.021120861850496865,0.4882336749117878,0.8524873705075554,0.05473915842780472,0.004637902422276964,0.4261424110228766,0.03004730754475101,0.732054026911473,0.021371372383588317,0.01701411456429024,0.021371372383588317,0.00628532557358408,FM,732.054026911473,21.371372383588316,17.01411456429024,6.28532557358408,21.371372383588316,426.1424110228766,30.04730754475101,364.25369559576757,21.120861850496865
122,-0.3399596883455449,0.037856055033812765,0.01327524699685739,0.7318724827154306,0.01999066359830052,0.6836526299588928,0.06477849768875944,0.053812572736726336,0.06315457336595148,1.488388315915012,0.05402809634506055,0.0033922009500123784,90,0.7361636644328655,0.3399596883455449,0.36141917881164287,0.02421125449264533,0.5224235368604286,0.8838427156720715,0.04158959429521062,0.004699550716702186,0.4261424110228766,0.03004730754475101,0.7318724827154306,0.021371372383588317,0.01999066359830052,0.021371372383588317,0.0171508276123172,spinflip,731.8724827154306,21.371372383588316,19.990663598300518,17.1508276123172,21.371372383588316,426.1424110228766,30.04730754475101,361.4191788116429,24.211254492645327
123,-0.3399596883455449,0.03491696662906612,0.007835750754821917,0.7539023442160319,0.0197064685480377,0.7455699160282208,0.07443216802514223,0.008884149498952719,0.060299718790538984,1.5237735254989044,0.04588126750352607,0.0026442895968097463,89,0.7478180319887774,0.3399596883455449,0.34854047354686457,0.04865395291827467,0.5784292127477825,0.926969686294647,0.04115858625116908,0.004373215239065777,0.4261424110228766,0.03004730754475101,0.7539023442160319,0.021371372383588317,0.0197064685480377,0.021371372383588317,0.0171508276123172,spinflip,753.9023442160319,21.371372383588316,19.7064685480377,17.1508276123172,21.371372383588316,426.1424110228766,30.04730754475101,348.5404735468646,48.65395291827467
124,-0.3000402403011969,0.05622481909311142,0.020219531819354486,0.7225832772104208,0.024607357794328336,0.5914274208770458,0.04332597519893974,0.17316258954310962,0.0735424334680622,1.400112175584017,0.06187727877426985,0.00287837109348831,89,0.6753196533066133,0.3000402403011969,0.40702598349371844,0.02970821939529021,0.3741295894976763,0.7811555729913947,0.05840420877523994,0.0045743646459305365,0.4261424110228766,0.03004730754475101,0.7225832772104208,0.024607357794328336,0.024607357794328336,0.021371372383588317,0.009602539804742542,spinflip,722.5832772104208,24.607357794328337,24.607357794328337,9.602539804742541,21.371372383588316,426.1424110228766,30.04730754475101,407.02598349371846,29.70821939529021
125,-0.3000402403011969,0.05443522796003088,0.021158242821324755,0.7244187861448396,0.01648765432221418,0.6488575238928439,0.04240967286101553,0.11514067828285593,0.0731588600565506,1.436868234373251,0.0669862283414022,0.002648642531489413,90,0.7401946929857215,0.3000402403011969,0.3963100292933936,0.01771480561586857,0.44191764999491717,0.8382276792883108,0.057705365268836545,0.00448601865547127,0.4261424110228766,0.03004730754475101,0.7244187861448396,0.021371372383588317,0.01648765432221418,0.021371372383588317,0.009602539804742542,spinflip,724.4187861448396,21.371372383588316,16.48765432221418,9.602539804742541,21.371372383588316,426.1424110228766,30.04730754475101,396.3100292933936,17.71480561586857
126,-0.25992085179915825,0.037860706858308585,0.012411739466796454,0.7376235758792586,0.019886312602192216,0.689021966083886,0.06511996622484872,0.054191423187034696,0.06219617554963748,1.5010280354600476,0.05265515808230455,0.0028427503404523584,90,0.7370514180022545,0.25992085179915825,0.38219605189807004,0.02863869023796685,0.5176105606378636,0.8998066125359336,0.040066141313881136,0.004707232630202427,0.4261424110228766,0.03004730754475101,0.7376235758792586,0.021371372383588317,0.019886312602192216,0.021371372383588317,0.005264442663971908,spinflip,737.6235758792586,21.371372383588316,19.886312602192216,5.264442663971908,21.371372383588316,426.1424110228766,30.04730754475101,382.19605189807004,28.63869023796685
127,-0.25992085179915825,0.04233050895997521,0.011247716335150128,0.7400307505311122,0.017227680055719168,0.6984121209377344,0.05871942852397048,0.05238340019574687,0.06078639443018359,1.4978425682136363,0.05056025624052943,0.0025410030894264207,90,0.7388603852140782,0.25992085179915825,0.3625942728576095,0.019173094480270002,0.516527928767297,0.8791222016249065,0.04540142546074419,0.004549409400362639,0.4261424110228766,0.03004730754475101,0.7400307505311122,0.021371372383588317,0.017227680055719168,0.021371372383588317,0.005264442663971908,spinflip,740.0307505311122,21.371372383588316,17.22768005571917,5.264442663971908,21.371372383588316,426.1424110228766,30.04730754475101,362.5942728576095,19.173094480270002
128,-0.22000141840451848,0.06982978521117089,0.011670069351035551,0.7504527915330661,0.01008153617211332,0.7189398887397507,0.0359208621124305,0.06616828400305688,0.059468902568727694,1.7409147284720592,0.049325021082682635,0.016305610234568394,90,0.7463905911197395,0.22000141840451848,0.07334936453547747,0.019518068527073953,0.5846499550379509,0.6579993195734284,0.08975271405623012,0.0070090142115428545,0.4261424110228766,0.03004730754475101,0.7504527915330661,0.021371372383588317,0.01008153617211332,0.021371372383588317,0.0024475379517526086,AFM,750.4527915330661,21.371372383588316,10.08153617211332,2.447537951752609,21.371372383588316,426.1424110228766,30.04730754475101,73.34936453547746,19.518068527073954
129,-0.22000141840451848,0.09923796368905524,0.017117381045650155,0.749354449242485,0.007628759576288925,0.703796188349246,0.026251120710600685,0.13370521883562728,0.06601551908014373,1.6657257839025947,0.05937548207905327,0.019729811902120864,89,0.7516520886615732,0.22000141840451848,0.304920962113865,0.010055769132035309,0.5953434934064618,0.9002644555203267,0.11934322287650967,0.007857295721667296,0.4261424110228766,0.03004730754475101,0.749354449242485,0.021371372383588317,0.007628759576288925,0.021371372383588317,0.0024475379517526086,AFM,749.354449242485,21.371372383588316,7.6287595762889255,2.447537951752609,21.371372383588316,426.1424110228766,30.04730754475101,304.920962113865,10.055769132035309
130,-0.17998357313932845,0.09234273065404988,0.013384250926811992,0.731562136289529,0.007512582433451264,0.7099120845975553,0.027246420729569364,0.06057662029141117,0.05932527562071004,1.7827198823049086,0.04905676474452099,0.004110458901128387,90,0.7320741697844689,0.17998357313932845,0.38864288593288987,0.031437594794052975,0.5220801662760104,0.9107230522089003,0.09416924045814482,0.005629265075130013,0.4261424110228766,0.03004730754475101,0.731562136289529,0.021371372383588317,0.007512582433451264,0.021371372383588317,0.004838546999672856,AFM,731.562136289529,21.371372383588316,7.512582433451264,4.838546999672856,21.371372383588316,426.1424110228766,30.04730754475101,388.6428859328899,31.437594794052977
131,-0.17998357313932845,0.09608353797559387,0.012811458816101727,0.7378430129146791,0.00708304179362446,0.7308914144854017,0.02616571524834816,0.020325758328116172,0.05808534506104246,1.8083449589835447,0.04572909889924293,0.004201364381625369,90,0.737216248314128,0.17998357313932845,0.4023663989598216,0.02017421219728931,0.5341176277419599,0.9364840267017815,0.09974754292682392,0.005926789722171681,0.4261424110228766,0.03004730754475101,0.7378430129146791,0.021371372383588317,0.00708304179362446,0.021371372383588317,0.004838546999672856,AFM,737.8430129146791,21.371372383588316,7.08304179362446,4.838546999672856,21.371372383588316,426.1424110228766,30.04730754475101,402.36639895982165,20.17421219728931
132,-0.13986629329470343,0.10032324104134725,0.014648832350196797,0.7254634675629505,0.00702294472392263,0.6962800012564228,0.025126422743583544,0.08821024763092629,0.06014404199147718,1.7646594116640566,0.05050300007241921,0.003540112133078892,90,0.7267555786712422,0.13986629329470343,0.406925206206581,0.023229467632545072,0.5009867339031152,0.9079119401096962,0.10219153138830528,0.005531362320598912,0.4261424110228766,0.03004730754475101,0.7254634675629505,0.021371372383588317,0.00702294472392263,0.021371372383588317,0.003258144130566926,AFM,725.4634675629505,21.371372383588316,7.02294472392263,3.258144130566926,21.371372383588316,426.1424110228766,30.04730754475101,406.92520620658104,23.229467632545074
133,-0.13986629329470343,0.09533810358157285,0.013814047770907455,0.7310684437363724,0.007296092377118791,0.7081739792402436,0.02640478707696167,0.06610471422081189,0.05955983599521222,1.7844517605634722,0.04965329697001607,0.003507703597232334,90,0.7335559599783565,0.13986629329470343,0.4004584036146791,0.029044187548748154,0.5136496329983632,0.9141080366130423,0.0966436788736802,0.00546873367817054,0.4261424110228766,0.03004730754475101,0.7310684437363724,0.021371372383588317,0.007296092377118791,0.021371372383588317,0.003258144130566926,AFM,731.0684437363724,21.371372383588316,7.296092377118791,3.258144130566926,21.371372383588316,426.1424110228766,30.04730754475101,400.4584036146791,29.044187548748155
134,-0.09994686638409431,0.09128260616718274,0.013611101967926626,0.7321846561366735,0.007665798483406566,0.7062611153145827,0.027563162973722636,0.07147595149241971,0.05975802859951492,1.7848256393183421,0.04989495368900797,0.004029130465819713,90,0.7338159490032066,0.09994686638409431,0.38081585281183306,0.028420877721936792,0.5147287748438357,0.8955446276556688,0.09790629151678931,0.005612684100406381,0.4261424110228766,0.03004730754475101,0.7321846561366735,0.021371372383588317,0.007665798483406566,0.021371372383588317,0.0040475391049482915,AFM,732.1846561366735,21.371372383588316,7.665798483406566,4.047539104948291,21.371372383588316,426.1424110228766,30.04730754475101,380.81585281183305,28.420877721936794
135,-0.09994686638409431,0.09294971581640635,0.013176257282756895,0.7325460793436874,0.007456392757103201,0.7092964665408663,0.027064845474755402,0.06547080993518811,0.058970631522551935,1.7880010188713205,0.04805373685342754,0.004017744252564179,90,0.7305871242885772,0.09994686638409431,0.3803595134193368,0.018333368174699688,0.5216845665155657,0.9020440799349025,0.0964278964686442,0.005262451475589622,0.4261424110228766,0.03004730754475101,0.7325460793436874,0.021371372383588317,0.007456392757103201,0.021371372383588317,0.0040475391049482915,AFM,732.5460793436874,21.371372383588316,7.456392757103202,4.047539104948291,21.371372383588316,426.1424110228766,30.04730754475101,380.35951341933685,18.33336817469969
136,-0.05992702311979129,0.08988478034757566,0.012268868545251608,0.7241296709531313,0.007585321935240535,0.7130136470759845,0.027969393101895987,0.030486441576028013,0.05814746756677915,1.8204647530094549,0.044968487484736454,0.002951763327154659,90,0.720836522047495,0.05992702311979129,0.38947401783584235,0.02055304540345212,0.5232663631210165,0.9127403809568588,0.09399410724202642,0.004988479510502063,0.4261424110228766,0.03004730754475101,0.7241296709531313,0.021371372383588317,0.007585321935240535,0.021371372383588317,0.003715944340441181,AFM,724.1296709531313,21.371372383588316,7.585321935240535,3.715944340441181,21.371372383588316,426.1424110228766,30.04730754475101,389.47401783584235,20.55304540345212
137,-0.05992702311979129,0.09398791629006774,0.014160797440095295,0.7189116922825649,0.0074824600595219054,0.6912055263070468,0.02678735790445655,0.07860590250847128,0.06020912994776642,1.7830564693226132,0.05013412891858823,0.004167994031916458,90,0.7226993375030059,0.05992702311979129,0.393325722597178,0.032266190095577754,0.5046736146669462,0.8979993372641242,0.09670902786118474,0.005677842567331133,0.4261424110228766,0.03004730754475101,0.7189116922825649,0.021371372383588317,0.0074824600595219054,0.021371372383588317,0.003715944340441181,AFM,718.9116922825649,21.371372383588316,7.482460059521905,3.715944340441181,21.371372383588316,426.1424110228766,30.04730754475101,393.325722597178,32.266190095577755
138,-0.020008093362437113,0.09129922064226922,0.015083512502443082,0.719933026229634,0.007869811397057606,0.685159535493616,0.027558022521495817,0.09519484390330611,0.0618275078716051,1.7741975798011145,0.052915160333832145,0.0026826273787999267,90,0.7249045633242481,0.020008093362437113,0.40560399702542693,0.014558942231800962,0.4909636553679423,0.8965676523933692,0.09451960285378147,0.005278473701452438,0.4261424110228766,0.03004730754475101,0.719933026229634,0.021371372383588317,0.007869811397057606,0.021371372383588317,0.004026212920582609,AFM,719.9330262296339,21.371372383588316,7.869811397057607,4.0262129205826085,21.371372383588316,426.1424110228766,30.04730754475101,405.6039970254269,14.558942231800962
139,-0.020008093362437113,0.0873950613081794,0.01202693386622711,0.728261961769539,0.007876798266256306,0.7237570369939047,0.029739114065283227,0.011980208127940864,0.06029421931427455,1.8368518458278156,0.04508471925102243,0.0030892481062635845,89,0.7234742997247494,0.020008093362437113,0.38456893820524585,0.0490897697364906,0.5328837469997664,0.9174526852050122,0.09045675840669118,0.005396113223540083,0.4261424110228766,0.03004730754475101,0.728261961769539,0.021371372383588317,0.007876798266256306,0.021371372383588317,0.004026212920582609,AFM,728.261961769539,21.371372383588316,7.876798266256306,4.0262129205826085,21.371372383588316,426.1424110228766,30.04730754475101,384.56893820524584,49.0897697364906
140,0.020011219353152872,0.09221476919243705,0.01411783086362696,0.7251454289859721,0.00761993969622435,0.6980688880802031,0.027293243386861437,0.0753463440338315,0.060352637453358705,1.785546310593926,0.05079142704008565,0.0032779552789860087,90,0.7281114194268538,0.020011219353152872,0.3984025202877225,0.01614865204787953,0.5019116368187287,0.9003141571064512,0.09626698761106482,0.005442683577193183,0.4261424110228766,0.03004730754475101,0.7251454289859721,0.021371372383588317,0.00761993969622435,0.021371372383588317,0.004360132047114963,AFM,725.1454289859721,21.371372383588316,7.61993969622435,4.360132047114963,21.371372383588316,426.1424110228766,30.04730754475101,398.4025202877225,16.14865204787953
141,0.020011219353152872,0.09733081315721423,0.01298076153927205,0.7264547453531065,0.007080238570247635,0.722881456888342,0.026703275863501914,0.010603460811613296,0.06029461031628188,1.8268625179846936,0.04550714586515657,0.003467600313928073,89,0.7236761371134273,0.020011219353152872,0.4216084198895377,0.02355880186541332,0.522701350410393,0.9443097702999307,0.09844039821102953,0.005444172308003746,0.4261424110228766,0.03004730754475101,0.7264547453531065,0.021371372383588317,0.007080238570247635,0.021371372383588317,0.004360132047114963,AFM,726.4547453531065,21.371372383588316,7.0802385702476345,4.360132047114963,21.371372383588316,426.1424110228766,30.04730754475101,421.6084198895377,23.558801865413322
142,0.05993123559547225,0.09660099466798702,0.015055643426278392,0.7236718024055608,0.00733986293894232,0.6933152135555436,0.026090347227642183,0.08823240005132967,0.06119836316309947,1.771615250609956,0.05238512712940975,0.0033734609131002725,90,0.7283898255591179,0.05993123559547225,0.40332173828315554,0.01975072182392603,0.4934831963223706,0.8968049346055261,0.09802381776856206,0.005339414417546236,0.4261424110228766,0.03004730754475101,0.7236718024055608,0.021371372383588317,0.00733986293894232,0.021371372383588317,0.0010855492718643608,AFM,723.6718024055608,21.371372383588316,7.33986293894232,1.0855492718643607,21.371372383588316,426.1424110228766,30.04730754475101,403.3217382831555,19.750721823926032
143,0.05993123559547225,0.09310132784224745,0.013445478151697308,0.7246568274056612,0.007461480851065593,0.7020087120712922,0.027026804373171585,0.06394309338540592,0.059318494364097786,1.7917172445695932,0.048608273533953486,0.0035613049783329337,90,0.7261874177616231,0.05993123559547225,0.40450343080949525,0.017552836852966984,0.508420955885004,0.9129243866944993,0.09475716488812001,0.005548836181787169,0.4261424110228766,0.03004730754475101,0.7246568274056612,0.021371372383588317,0.007461480851065593,0.021371372383588317,0.0010855492718643608,AFM,724.6568274056611,21.371372383588316,7.461480851065593,1.0855492718643607,21.371372383588316,426.1424110228766,30.04730754475101,404.5034308094952,17.552836852966983
144,0.09995003651825246,0.09953150358981629,0.013137915835618293,0.7401166685696392,0.006838580988858427,0.7312785927445882,0.025259623420228014,0.02683283947929048,0.058074807576359785,1.8041177015842138,0.045776208594476994,0.0030943259386932618,90,0.7371406578907815,0.09995003651825246,0.4024162410199513,0.0141265740324937,0.5414938344723873,0.9439100754923386,0.10263314705210125,0.005382340370820068,0.4261424110228766,0.03004730754475101,0.7401166685696392,0.021371372383588317,0.006838580988858427,0.021371372383588317,0.006837958975520553,AFM,740.1166685696392,21.371372383588316,6.838580988858427,6.837958975520553,21.371372383588316,426.1424110228766,30.04730754475101,402.4162410199513,14.1265740324937
145,0.09995003651825246,0.10323900842461675,0.015480438628531846,0.7368115625012023,0.006854362444634494,0.7070730347413452,0.02445633418637714,0.09248602318498382,0.06103225532549588,1.7533782969418943,0.05310565129425404,0.003872073726154908,90,0.7404078208761021,0.09995003651825246,0.41124460774267413,0.01955341095921119,0.5035648332243502,0.9148094409670243,0.10478242026340225,0.005413384292400209,0.4261424110228766,0.03004730754475101,0.7368115625012023,0.021371372383588317,0.006854362444634494,0.021371372383588317,0.006837958975520553,AFM,736.8115625012023,21.371372383588316,6.854362444634495,6.837958975520553,21.371372383588316,426.1424110228766,30.04730754475101,411.24460774267413,19.553410959211188
146,0.1398694566372516,0.10485244069005935,0.016353493769182024,0.7265715842685371,0.006904995958783857,0.6890526230832139,0.024120748250671977,0.1175748913493068,0.0621985112614383,1.7394204393370207,0.054286728207958136,0.0036298311934103242,90,0.7285275327655312,0.1398694566372516,0.40591755471571705,0.018980697098951275,0.48727612678591176,0.8931936815016288,0.10623546019548585,0.005678668548530163,0.4261424110228766,0.03004730754475101,0.7265715842685371,0.021371372383588317,0.006904995958783857,0.021371372383588317,0.005192418697098265,AFM,726.5715842685371,21.371372383588316,6.904995958783856,5.192418697098265,21.371372383588316,426.1424110228766,30.04730754475101,405.9175547157171,18.980697098951275
147,0.1398694566372516,0.10622963040228042,0.015915634223891653,0.7274633979350701,0.006728230344058749,0.6937452860102042,0.023796517331749516,0.10749721338086253,0.061328019058307495,1.7454701216093975,0.053001967095766045,0.0034658581874217748,90,0.729938391393988,0.1398694566372516,0.4089422480052469,0.015489199463836933,0.4915827153914041,0.900524963396651,0.10745156132157874,0.005579693623841213,0.4261424110228766,0.03004730754475101,0.7274633979350701,0.021371372383588317,0.006728230344058749,0.021371372383588317,0.005192418697098265,AFM,727.4633979350701,21.371372383588316,6.728230344058749,5.192418697098265,21.371372383588316,426.1424110228766,30.04730754475101,408.94224800524694,15.489199463836933
148,0.1799877809741539,0.09933432638127725,0.013519350568009146,0.7342493740158316,0.006986953225376643,0.7221100861306545,0.026177222441756107,0.0367526157831471,0.06075852876259715,1.7962724006852615,0.04887924304434086,0.0038808000733387,89,0.7352403764435369,0.1799877809741539,0.40342972780052866,0.010021022260837413,0.5289608210105796,0.9323905488111083,0.10324737192986344,0.005486382623256506,0.4261424110228766,0.03004730754475101,0.7342493740158316,0.021371372383588317,0.006986953225376643,0.021371372383588317,0.003827278907768215,AFM,734.2493740158316,21.371372383588316,6.986953225376643,3.827278907768215,21.371372383588316,426.1424110228766,30.04730754475101,403.42972780052867,10.021022260837414
149,0.1799877809741539,0.10223108407598253,0.01403455825431809,0.727467099044088,0.006768728818076921,0.705710721905598,0.024628893260042257,0.06744248048846115,0.058989974334743074,1.7716241479329773,0.04821469308214368,0.00394621290944348,90,0.7248959104789577,0.1799877809741539,0.4118807049130614,0.01243728993846582,0.5099454722523715,0.9218261771654329,0.10817380264495804,0.00537171962386466,0.4261424110228766,0.03004730754475101,0.727467099044088,0.021371372383588317,0.006768728818076921,0.021371372383588317,0.003827278907768215,AFM,727.4670990440881,21.371372383588316,6.768728818076921,3.827278907768215,21.371372383588316,426.1424110228766,30.04730754475101,411.8807049130614,12.43728993846582
150,0.22000665671747296,0.08296333652566863,0.011639610170933032,0.752141238270541,0.008222117908778866,0.7404977339261779,0.030299568916801495,0.02946595121735084,0.05816324332972066,1.7661169103538104,0.04641945420501687,0.003987699136910214,90,0.7478485749751502,0.22000665671747296,0.4095236246253745,0.026360406815558932,0.5411116705196507,0.9506352951450252,0.08364885933743675,0.00554845874447165,0.4261424110228766,0.03004730754475101,0.752141238270541,0.055917601116742224,0.008222117908778866,0.021371372383588317,0.055917601116742224,AFM,752.1412382705411,55.917601116742226,8.222117908778866,55.917601116742226,21.371372383588316,426.1424110228766,30.04730754475101,409.5236246253745,26.36040681555893
151,0.22000665671747296,0.11404197346238928,0.022939799643445363,0.7334632030137276,0.007254237039699202,0.669405014494086,0.02234891438221077,0.2095701994515626,0.07257040680783051,1.611153296578546,0.06880838443823951,0.004075102743549013,90,0.7442865722631264,0.22000665671747296,0.4505458802722144,0.02629545643810059,0.42929599867150303,0.8798418789437175,0.1172527212834455,0.005890822572185357,0.4261424110228766,0.03004730754475101,0.7334632030137276,0.055917601116742224,0.007254237039699202,0.021371372383588317,0.055917601116742224,AFM,733.4632030137276,55.917601116742226,7.254237039699202,55.917601116742226,21.371372383588316,426.1424110228766,30.04730754475101,450.54588027221445,26.29545643810059
152,0.2599271482550447,0.04581864521633853,0.008878781388878307,0.7430286617474948,0.014637414038247304,0.7441468151032098,0.05478825474839799,-0.001554844830444451,0.05838698363821359,1.535659499776938,0.041298483169337125,0.003670710939032525,90,0.7294847711967936,0.2599271482550447,0.34149937508217687,0.028701353320457902,0.559101645885809,0.9006010209679859,0.049552657903671526,0.004515643186051509,0.4261424110228766,0.03004730754475101,0.7430286617474948,0.021371372383588317,0.014637414038247304,0.021371372383588317,0.0059181362175810825,spinflip,743.0286617474949,21.371372383588316,14.637414038247304,5.9181362175810825,21.371372383588316,426.1424110228766,30.04730754475101,341.49937508217687,28.7013533204579
153,0.2599271482550447,0.0401388447221468,0.010103337507399082,0.7386028662178357,0.01767783134025461,0.7062246756516429,0.06218114282079261,0.03907150164946145,0.05976917897909351,1.5107649930651714,0.048755256425765975,0.0028391306620217413,90,0.737049725526453,0.2599271482550447,0.37791613258641066,0.021451473511034585,0.5225823862231948,0.9004985188096054,0.04478912191856013,0.004778256470376678,0.4261424110228766,0.03004730754475101,0.7386028662178357,0.021371372383588317,0.01767783134025461,0.021371372383588317,0.0059181362175810825,spinflip,738.6028662178356,21.371372383588316,17.67783134025461,5.9181362175810825,21.371372383588316,426.1424110228766,30.04730754475101,377.91613258641064,21.451473511034585
154,0.30004547988596664,0.047631718939154515,0.018230583096123278,0.7283883866088428,0.017595502781144006,0.66235165836787,0.049758088839191625,0.08987756491006581,0.06911957224017298,1.459650535582864,0.06212260793642694,0.002556827921602858,90,0.7428401326352706,0.30004547988596664,0.38610781793056653,0.02090356886173806,0.46662228793453503,0.8527301058651016,0.05160822726915121,0.0046707029109824974,0.4261424110228766,0.03004730754475101,0.7283883866088428,0.021371372383588317,0.017595502781144006,0.021371372383588317,0.003267930357781272,spinflip,728.3883866088428,21.371372383588316,17.595502781144006,3.267930357781272,21.371372383588316,426.1424110228766,30.04730754475101,386.1078179305665,20.90356886173806
155,0.30004547988596664,0.05832247270678535,0.02251846748206023,0.7211658215010017,0.015687024218036447,0.6429771794142638,0.03908160741664955,0.12684210081045963,0.07512593639706078,1.425551377528049,0.06929301692747127,0.0030108334333107806,90,0.7416908467687372,0.30004547988596664,0.4195039198173101,0.015415184193058155,0.4183375079654356,0.8378414277827457,0.06200576490069054,0.004603889867451466,0.4261424110228766,0.03004730754475101,0.7211658215010017,0.021371372383588317,0.015687024218036447,0.021371372383588317,0.003267930357781272,spinflip,721.1658215010017,21.371372383588316,15.687024218036447,3.267930357781272,21.371372383588316,426.1424110228766,30.04730754475101,419.50391981731013,15.415184193058154
156,0.33996493348579354,0.036461885922123655,0.008313891149537449,0.743830453881989,0.018358373599230204,0.7444893362201606,0.06882823326976407,-0.0007440407421265274,0.0583913903752634,1.5293361920415536,0.041206010570221184,0.002911175274799259,90,0.7303286626188877,0.33996493348579354,0.342203285553609,0.021331017626296026,0.558893706850451,0.90109699240406,0.04276312250201712,0.004926236408961922,0.4261424110228766,0.03004730754475101,0.743830453881989,0.021371372383588317,0.018358373599230204,0.021371372383588317,0.015703917170093906,spinflip,743.830453881989,21.371372383588316,18.358373599230205,15.703917170093906,21.371372383588316,426.1424110228766,30.04730754475101,342.203285553609,21.331017626296028
157,0.33996493348579354,0.03526759510168396,0.0077746782491448525,0.7489482986165832,0.019184202459675843,0.7320104455606596,0.0712613693314049,0.018174032594511762,0.05803044666212104,1.5164294420675002,0.044064346786822126,0.003192409219652767,90,0.7388538947289078,0.33996493348579354,0.36568151376966906,0.014251507551680956,0.5483480264265025,0.9140295401961716,0.03809514939477607,0.004560287387922972,0.4261424110228766,0.03004730754475101,0.7489482986165832,0.021371372383588317,0.019184202459675843,0.021371372383588317,0.015703917170093906,spinflip,748.9482986165832,21.371372383588316,19.184202459675845,15.703917170093906,21.371372383588316,426.1424110228766,30.04730754475101,365.68151376966904,14.251507551680957
158,0.37998381965552164,0.03852149383935769,0.01056247548476713,0.7436381143983467,0.018690201468408274,0.705945898140603,0.06463084451387,0.04338430344403791,0.060275420701796756,1.4924371520882893,0.04987329510617764,0.002649476630963004,90,0.741833964507014,0.37998381965552164,0.37884528100728376,0.051764240149841476,0.5264427071896371,0.9052879881969209,0.04095504102266241,0.0044750625475746255,0.4261424110228766,0.03004730754475101,0.7436381143983467,0.021371372383588317,0.018690201468408274,0.021371372383588317,0.0054524309019647,FM,743.6381143983467,21.371372383588316,18.690201468408276,5.4524309019647,21.371372383588316,426.1424110228766,30.04730754475101,378.84528100728375,51.76424014984148
159,0.37998381965552164,0.044628396490621204,0.015827775130076157,0.7333824531446144,0.0179164505810385,0.6746977075746688,0.054175933970790874,0.0758524710099296,0.06600099141413816,1.464815874151195,0.05820624023259048,0.0034610868750459033,90,0.7414432609904811,0.37998381965552164,0.35927487842514216,0.021358830758675416,0.48475505492503,0.8440299333501722,0.047697329073560446,0.004621300053961262,0.4261424110228766,0.03004730754475101,0.7333824531446144,0.021371372383588317,0.0179164505810385,0.021371372383588317,0.0054524309019647,FM,733.3824531446144,21.371372383588316,17.9164505810385,5.4524309019647,21.371372383588316,426.1424110228766,30.04730754475101,359.27487842514216,21.358830758675417
160,0.41990222314248354,0.0455415389190167,0.019704431963050436,0.726526976690381,0.020433488160514927,0.6459015543911063,0.050965810058293044,0.10153474738593772,0.07127619919522596,1.4447475141644905,0.06405607571519437,0.002840887708310876,90,0.734584775634469,0.41990222314248354,0.36891850838287465,0.022775808079183408,0.4766920728624555,0.8456105812453302,0.04789975819085655,0.004667305921812941,0.4261424110228766,0.03004730754475101,0.726526976690381,0.021371372383588317,0.020433488160514927,0.021371372383588317,0.008802449837733584,FM,726.526976690381,21.371372383588316,20.433488160514926,8.802449837733585,21.371372383588316,426.1424110228766,30.04730754475101,368.9185083828747,22.77580807918341
161,0.41990222314248354,0.032735067281882635,0.009385886644990519,0.7456781014356212,0.021339916618152422,0.7210214674019514,0.07630082608331416,0.024410773961237173,0.05943056743972622,1.5091855958828668,0.04869878182134717,0.0033230802285215233,90,0.7486987068553106,0.41990222314248354,0.34685009731391936,0.021017083113151497,0.5675703156662976,0.9144204129802169,0.0359755770746214,0.00504715660186108,0.4261424110228766,0.03004730754475101,0.7456781014356212,0.021371372383588317,0.021339916618152422,0.021371372383588317,0.008802449837733584,FM,745.6781014356212,21.371372383588316,21.339916618152422,8.802449837733585,21.371372383588316,426.1424110228766,30.04730754475101,346.8500973139194,21.017083113151497
162,0.46002161786159573,0.046494326207846735,0.02097281454131586,0.7244647043962424,0.019521623936276756,0.6474995594580805,0.0490807864341579,0.09983158593387909,0.07310710895839406,1.4425176092774614,0.06675158395999863,0.002729613363163114,90,0.7400246955096192,0.46002161786159573,0.3927158114905466,0.025003852734794874,0.45891438837934695,0.8516301998698935,0.04873997252918258,0.004537450730534447,0.4261424110228766,0.03004730754475101,0.7244647043962424,0.021371372383588317,0.019521623936276756,0.021371372383588317,0.00668070998820924,FM,724.4647043962425,21.371372383588316,19.521623936276757,6.68070998820924,21.371372383588316,426.1424110228766,30.04730754475101,392.71581149054657,25.003852734794876
163,0.46002161786159573,0.047366646668695764,0.02819102604943383,0.7204805009282564,0.024333979503297673,0.6197926302323286,0.042685154890793484,0.12476280810339858,0.08610649108440133,1.4261760858909986,0.08091463725377372,0.0029918836903134296,89,0.7472606277731462,0.46002161786159573,0.3801829272760676,0.011056884213252254,0.4528623830085594,0.833045310284627,0.048427126602361065,0.004642782665022493,0.4261424110228766,0.03004730754475101,0.7204805009282564,0.024333979503297673,0.024333979503297673,0.021371372383588317,0.00668070998820924,FM,720.4805009282564,24.333979503297673,24.333979503297673,6.68070998820924,21.371372383588316,426.1424110228766,30.04730754475101,380.18292727606763,11.056884213252253
164,0.4998416089122633,0.04693710206611303,0.019262934728183106,0.7301267241216431,0.01881263067237222,0.6566376153440016,0.049837976221446964,0.09699411113742971,0.07060121551589983,1.4419924820077992,0.06386495565695702,0.0035326649145693482,90,0.7421159682328656,0.4998416089122633,0.3766272238410211,0.021416164363811822,0.47270648492649536,0.8493337087675165,0.05306113434861315,0.004691858783845165,0.4261424110228766,0.03004730754475101,0.7301267241216431,0.021371372383588317,0.01881263067237222,0.021371372383588317,0.009885094216621473,FM,730.1267241216432,21.371372383588316,18.812630672372222,9.885094216621473,21.371372383588316,426.1424110228766,30.04730754475101,376.6272238410211,21.416164363811824
165,0.4998416089122633,0.04216250397969582,0.009296419325899419,0.7404710425232466,0.01652069192958412,0.7146671446533939,0.05940877687215999,0.032871271831510084,0.058942215869724125,1.490893265415489,0.047105462342391644,0.0031506631564594285,90,0.7369158587120241,0.4998416089122633,0.4119148325995817,0.019392019302185762,0.5308441159837128,0.9427589485832946,0.04513292056400525,0.004669290795421339,0.4261424110228766,0.03004730754475101,0.7404710425232466,0.021371372383588317,0.01652069192958412,0.021371372383588317,0.009885094216621473,FM,740.4710425232465,21.371372383588316,16.520691929584117,9.885094216621473,21.371372383588316,426.1424110228766,30.04730754475101,411.9148325995817,19.392019302185762
166,0.539959961941624,0.04272291777929244,0.02396733331660795,0.7268224732540581,0.024391911557973493,0.6347263080812755,0.05001579563562439,0.10554542573048291,0.07773721010519029,1.43986651456933,0.07215415679305162,0.002898301835139946,90,0.7455653789927856,0.539959961941624,0.39151108832832815,0.054995643890554745,0.45832370485379004,0.8498347931821182,0.04507104591292098,0.004686403928048797,0.4261424110228766,0.03004730754475101,0.7268224732540581,0.024391911557973493,0.024391911557973493,0.021371372383588317,0.0192619689505126,FM,726.8224732540581,24.391911557973494,24.391911557973494,19.2619689505126,21.371372383588316,426.1424110228766,30.04730754475101,391.5110883283281,54.995643890554746
167,0.539959961941624,0.06032171922204374,0.02546564453686856,0.7094980111534319,0.017510665657287615,0.6160497079461381,0.035881816276473535,0.1506402364874042,0.07976257813080666,1.3941660089838437,0.0734467385834467,0.0033775936374691637,90,0.7283436585300602,0.539959961941624,0.42169850378729656,0.026282922003724764,0.37632876786266534,0.7980272716499619,0.06491782988809636,0.004576454430430051,0.4261424110228766,0.03004730754475101,0.7094980111534319,0.021371372383588317,0.017510665657287615,0.021371372383588317,0.0192619689505126,FM,709.4980111534319,21.371372383588316,17.510665657287614,19.2619689505126,21.371372383588316,426.1424110228766,30.04730754475101,421.69850378729654,26.282922003724764
168,0.5800783095410481,0.037721313765487194,0.007949205945405505,0.7523379523104711,0.017700615531918172,0.7438350306022473,0.06662076730166515,0.009772796853101815,0.058051434974940766,1.5086503233212738,0.04256522107406573,0.002964241837476382,90,0.736831584423447,0.5800783095410481,,,0.5670182836328386,,0.042617824099412865,0.004574370225113291,0.4261424110228766,0.03004730754475101,0.7523379523104711,0.021371372383588317,0.017700615531918172,0.021371372383588317,0.008312264216906111,FM,752.3379523104711,21.371372383588316,17.70061553191817,8.312264216906112,21.371372383588316,426.1424110228766,30.04730754475101,,
169,0.5800783095410481,0.03656390576874253,0.012202305792374668,0.7500396763840933,0.020025699641793453,0.7100089259336585,0.06746950119309658,0.0436051399715289,0.062019272313640995,1.4851131276505853,0.05360474598528362,0.0026365175234144816,90,0.7563038513316634,0.5800783095410481,0.3778755999785596,0.02848410624268675,0.5240112227556105,0.9018868227341701,0.03907582839845113,0.004518445138442117,0.4261424110228766,0.03004730754475101,0.7500396763840933,0.021371372383588317,0.020025699641793453,0.021371372383588317,0.008312264216906111,FM,750.0396763840934,21.371372383588316,20.02569964179345,8.312264216906112,21.371372383588316,426.1424110228766,30.04730754475101,377.8755999785596,28.48410624268675
170,0.6199977539475446,0.05131424160728574,0.0232512073803416,0.7210417922062122,0.020299275665009234,0.6288956946586994,0.043144824252208974,0.12681924840616454,0.07645381859359802,1.414853475213633,0.06999008689522819,0.002401749387896995,90,0.7348337091288576,0.6199977539475446,0.37992068400788837,0.041496580968069706,0.4312978018753145,0.8112184858832029,0.05698036560457044,0.004600086370137135,0.4261424110228766,0.03004730754475101,0.7210417922062122,0.021371372383588317,0.020299275665009234,0.021371372383588317,0.01713136747411409,FM,721.0417922062122,21.371372383588316,20.299275665009233,17.13136747411409,21.371372383588316,426.1424110228766,30.04730754475101,379.9206840078884,41.49658096806971
171,0.6199977539475446,0.03415808698766934,0.008927047134003718,0.7600852112370744,0.01973407611046687,0.7690771180584716,0.0732775322868158,-0.009368035917805585,0.05898518342061576,1.5252036086380247,0.04144266293535778,0.003927809720133305,90,0.7453343584356216,0.6199977539475446,0.35161797192716227,0.020634175343861447,0.6125182663285826,0.9641362382557449,0.042354110701790376,0.004489021796840158,0.4261424110228766,0.03004730754475101,0.7600852112370744,0.021371372383588317,0.01973407611046687,0.021371372383588317,0.01713136747411409,FM,760.0852112370744,21.371372383588316,19.734076110466873,17.13136747411409,21.371372383588316,426.1424110228766,30.04730754475101,351.6179719271623,20.634175343861447
172,0.6600166555474187,0.04997132731175679,0.021460608742802,0.7267849151301602,0.01876752607834274,0.6459224940828922,0.045600892511456007,0.11168493714439537,0.07374493505620078,1.4246040495756276,0.06754875378601928,0.002974103416927304,90,0.7403889517547092,0.6600166555474187,0.39309470465657714,0.013208402148251792,0.4538100929305001,0.8469047975870773,0.054460783524239983,0.0046452656462388905,0.4261424110228766,0.03004730754475101,0.7267849151301602,0.021371372383588317,0.01876752607834274,0.021371372383588317,0.016783122444498654,FM,726.7849151301602,21.371372383588316,18.76752607834274,16.783122444498655,21.371372383588316,426.1424110228766,30.04730754475101,393.09470465657716,13.208402148251793
173,0.6600166555474187,0.04301866023155346,0.016313315233304183,0.7353794674468941,0.01830886861167899,0.6795401474411863,0.05588037301216504,0.06992040387132593,0.06668677855548043,1.4588026480068588,0.05957349276033833,0.0034150821200941805,90,0.7483126435671345,0.6600166555474187,0.3702218708117403,0.025368750389004747,0.5026263636885675,0.8728482345003078,0.048814595516908255,0.004824900380232821,0.4261424110228766,0.03004730754475101,0.7353794674468941,0.021371372383588317,0.01830886861167899,0.021371372383588317,0.016783122444498654,FM,735.3794674468941,21.371372383588316,18.308868611678992,16.783122444498655,21.371372383588316,426.1424110228766,30.04730754475101,370.2218708117403,25.36875038900475
174,0.6999361027979626,0.03069757185268305,0.007450308262083105,0.75785694125987,0.02189452945397542,0.7467854356225094,0.0818864513039941,0.010340063871404175,0.05797947742560001,1.5109672661235614,0.04356675556862932,0.0029430299610302066,90,0.7454107650876756,0.6999361027979626,0.3489843369729779,0.028608631830696604,0.5660216496347865,0.9150059866077644,0.03411753765942241,0.004769212297285123,0.4261424110228766,0.03004730754475101,0.75785694125987,0.02189452945397542,0.02189452945397542,0.021371372383588317,0.015583186486712287,FM,757.85694125987,21.89452945397542,21.89452945397542,15.583186486712288,21.371372383588316,426.1424110228766,30.04730754475101,348.9843369729779,28.608631830696606
175,0.6999361027979626,0.05664661002817784,0.02195010207809218,0.7267360297963428,0.016623017109833417,0.6454043639749003,0.040453249757407723,0.12718309945640688,0.07429738568680194,1.4067972658609056,0.06832526456824316,0.0027487107356579106,90,0.7419608357074651,0.6999361027979626,0.4099842654842254,0.027596179307935835,0.43556059726130913,0.8455448627455345,0.06289370180600748,0.004355987263278814,0.4261424110228766,0.03004730754475101,0.7267360297963428,0.021371372383588317,0.016623017109833417,0.021371372383588317,0.015583186486712287,FM,726.7360297963428,21.371372383588316,16.623017109833416,15.583186486712288,21.371372383588316,426.1424110228766,30.04730754475101,409.9842654842254,27.596179307935834
176,0.7400554975135311,0.04767931076114833,0.020105608307373964,0.7282532087711423,0.01887431472299816,0.652387819437985,0.048572720106670915,0.1011426648439633,0.07179803548437824,1.4314080554485624,0.06527427840653448,0.002890579932361883,90,0.7417815516781564,0.7400554975135311,0.35985612263574024,0.017440658204828065,0.46480965249308376,0.824665775128824,0.05356920157994746,0.00462392555505754,0.4261424110228766,0.03004730754475101,0.7282532087711423,0.021371372383588317,0.01887431472299816,0.021371372383588317,0.017208633691583715,FM,728.2532087711423,21.371372383588316,18.87431472299816,17.208633691583714,21.371372383588316,426.1424110228766,30.04730754475101,359.85612263574023,17.440658204828065
177,0.7400554975135311,0.06468661679252666,0.02838023099530179,0.7121272645120238,0.02014187262706369,0.6015339197097743,0.03140375749089994,0.18125518403620025,0.08447473552063903,1.364974186765298,0.07846389609388524,0.0032783393042561935,90,0.7296437257189377,0.7400554975135311,0.549876819651317,0.014813940660544861,0.2683344152945676,0.8182112349458845,0.06675283183925367,0.004971972673722064,0.4261424110228766,0.03004730754475101,0.7121272645120238,0.021371372383588317,0.02014187262706369,0.021371372383588317,0.017208633691583715,FM,712.1272645120238,21.371372383588316,20.14187262706369,17.208633691583714,21.371372383588316,426.1424110228766,30.04730754475101,549.876819651317,14.813940660544862
178,0.7798744476516717,0.036323232934621426,0.008777748524431375,0.7500967719821645,0.019121189158042253,0.7245779482941898,0.06898177549856489,0.02804576147898697,0.058771647082249634,1.4912461314105154,0.04708033199320052,0.00286668187255322,90,0.7451287211027056,0.7798744476516717,0.3654697360218847,0.014992617172399142,0.5365869589405766,0.9020566949624613,0.040648105513913804,0.004635139956555122,0.4261424110228766,0.03004730754475101,0.7500967719821645,0.021371372383588317,0.019121189158042253,0.021371372383588317,0.013380978498502808,FM,750.0967719821645,21.371372383588316,19.121189158042252,13.380978498502808,21.371372383588316,426.1424110228766,30.04730754475101,365.4697360218847,14.992617172399141
179,0.7798744476516717,0.06286568036560528,0.023768998800170166,0.7235291889586672,0.01555021921018856,0.637973562931933,0.03589193397508184,0.14688675297823262,0.07696218670940695,1.386254449092955,0.07143559464907721,0.0034118627550009163,90,0.7400255644744488,0.7798744476516717,0.4488238942502808,0.01609653470244433,0.37726426915361044,0.8260881634038912,0.06738823352795256,0.004536862082011167,0.4261424110228766,0.03004730754475101,0.7235291889586672,0.021371372383588317,0.01555021921018856,0.021371372383588317,0.013380978498502808,FM,723.5291889586672,21.371372383588316,15.55021921018856,13.380978498502808,21.371372383588316,426.1424110228766,30.04730754475101,448.8238942502808,16.09653470244433
180,0.8199938429646896,0.03168237208763912,0.011996856325470396,0.7472020291383514,0.023769457323075366,0.6979241058592793,0.07778855337695555,0.045936724772908194,0.061968833017206085,1.481556863176878,0.05271272502702832,0.002900035084986443,90,0.7455672193022042,0.8199938429646896,0.33719027351447706,0.022878211298542995,0.545227229532276,0.882417503046753,0.03630227371788676,0.004713223868101183,0.4261424110228766,0.03004730754475101,0.7472020291383514,0.023769457323075366,0.023769457323075366,0.021371372383588317,0.007905404981061227,FM,747.2020291383515,23.769457323075365,23.769457323075365,7.905404981061227,21.371372383588316,426.1424110228766,30.04730754475101,337.19027351447704,22.878211298542993
181,0.8199938429646896,0.04453367653261631,0.009887355954445794,0.7410617284754512,0.015857926798407612,0.706329789645984,0.05616770709057411,0.04637220388564268,0.05935429092685923,1.4693560364006286,0.04779532314349801,0.002890526850567787,90,0.7341883238977958,0.8199938429646896,0.3672381044454326,0.01306182727987135,0.5203039381107022,0.8875420425561348,0.049314952510696536,0.004403638039850616,0.4261424110228766,0.03004730754475101,0.7410617284754512,0.021371372383588317,0.015857926798407612,0.021371372383588317,0.007905404981061227,FM,741.0617284754511,21.371372383588316,15.857926798407613,7.905404981061227,21.371372383588316,426.1424110228766,30.04730754475101,367.2381044454326,13.06182727987135
182,0.8598138406655245,0.043101842519353104,0.020630455013420847,0.7346649367361723,0.021287302659883368,0.6564148366833644,0.052929022266831556,0.09380836843605657,0.07268645383629038,1.43752587209329,0.06678471915250901,0.002585273996110937,90,0.7484267893707415,0.8598138406655245,0.38580051064103676,0.02292101936630682,0.46267066925204,0.8484711798930767,0.04543157611134094,0.004558470831465716,0.4261424110228766,0.03004730754475101,0.7346649367361723,0.021943881040772356,0.021287302659883368,0.021371372383588317,0.021943881040772356,FM,734.6649367361723,21.943881040772357,21.287302659883366,21.943881040772357,21.371372383588316,426.1424110228766,30.04730754475101,385.80051064103674,22.92101936630682
183,0.8598138406655245,0.038683661552349605,0.016628106731897976,0.7395785793979958,0.022147717687717366,0.6686527085964903,0.06170206983365132,0.07758222795063234,0.06723578591040442,1.4528421152126698,0.05964521086004716,0.002548924316937256,90,0.7428662308200398,0.8598138406655245,0.4023341690804065,0.02075510730300787,0.49272175957279724,0.8950559286532037,0.040985131905427116,0.004322726030450202,0.4261424110228766,0.03004730754475101,0.7395785793979958,0.022147717687717366,0.022147717687717366,0.021371372383588317,0.021943881040772356,FM,739.5785793979958,22.147717687717368,22.147717687717368,21.943881040772357,21.371372383588316,426.1424110228766,30.04730754475101,402.33416908040647,20.755107303007872
