df_index,H,A,A_err,V_peak,V_peak_err,V0_gauss,V0_gauss_err,slope,slope_err,intercept,intercept_err,chi2,n_points,V_peak_rough,abs_H,fwhm_meas_V,fwhm_meas_err,V_left_meas,V_right_meas,height_meas,sigma_noise,fwhm_fit_V,fwhm_fit_err_V,Phi_eV,Phi_err_eV,Phi_err_stat_eV,Phi_err_floor_eV,Phi_err_repeat_eV,window,Phi_meV,Phi_meV_err,Phi_err_stat_meV,Phi_err_repeat_meV,Phi_err_floor_meV,fwhm_fit_meV,fwhm_fit_meV_err,fwhm_meas_meV,fwhm_meas_meV_err
0,0.899930115786776,0.8169368704235905,0.02910713774213416,0.6094330312302605,0.0017880490093961044,0.5398096544000276,0.0027766015051593,2.541348394363686,0.10791532678276343,0.6503978314221454,0.08428523573488142,0.01677723812755626,90,0.6239344305617234,0.899930115786776,,,,,1.9788525524227891,,0.3313866398488171,0.0023746303725852695,0.6094330312302605,0.002553952567718873,0.0017880490093961044,0.0024032323779287277,0.002553952567718873,FM,609.4330312302604,2.553952567718873,1.7880490093961043,2.553952567718873,2.403232377928728,331.3866398488171,2.3746303725852695,,
1,0.899930115786776,0.850552341017244,0.029265392358533263,0.6073389526696892,0.0017520650952042686,0.5359686585911397,0.0026782448764648813,2.6954497520890324,0.10814827491926274,0.5399124741235763,0.08414699021474614,0.013140045470298857,90,0.6207926917824648,0.899930115786776,,,,,2.1579048267547294,,0.3313866398488171,0.0023746303725852695,0.6073389526696892,0.002553952567718873,0.0017520650952042686,0.0024032323779287277,0.002553952567718873,FM,607.3389526696892,2.553952567718873,1.7520650952042687,2.553952567718873,2.403232377928728,331.3866398488171,2.3746303725852695,,
2,0.8999311611451178,0.8779244528864509,0.028802598634313115,0.6051604100180363,0.0016829983478161697,0.534253110511895,0.0026209230631887258,2.7680657919146037,0.10713160864969491,0.4775081438907151,0.08288775147152415,0.02171014060929949,90,0.617520460697395,0.8999311611451178,,,,,2.1513950411182092,,0.3313866398488171,0.0023746303725852695,0.6051604100180363,0.002553952567718873,0.0016829983478161697,0.0024032323779287277,0.002553952567718873,FM,605.1604100180364,2.553952567718873,1.6829983478161696,2.553952567718873,2.403232377928728,331.3866398488171,2.3746303725852695,,
3,0.8999311611451178,0.8025323239124562,0.02724748028388801,0.6110416041612228,0.0017880651806676114,0.5422295331628779,0.002877131823358875,2.474465561432903,0.10424184629424432,0.7010791322247419,0.08051657614217844,0.017493843018714414,90,0.6225669579464933,0.8999311611451178,,,,,1.9509032040440133,,0.3313866398488171,0.0023746303725852695,0.6110416041612228,0.002553952567718873,0.0017880651806676114,0.0024032323779287277,0.002553952567718873,FM,611.0416041612227,2.553952567718873,1.7880651806676113,2.553952567718873,2.403232377928728,331.3866398488171,2.3746303725852695,,
4,0.8601111591532806,0.8333084064993995,0.028383772722394424,0.6081438291534568,0.0017418409836754889,0.5387754797319448,0.0027522762395075367,2.5855567324474507,0.10641648985024911,0.6168707772651197,0.08255745214008213,0.01900613186537391,90,0.6201787123939878,0.8601111591532806,,,,,2.039754897809793,,0.3313866398488171,0.0023746303725852695,0.6081438291534568,0.0024032323779287277,0.0017418409836754889,0.0024032323779287277,0.0008869631378417736,FM,608.1438291534567,2.403232377928728,1.741840983675489,0.8869631378417736,2.403232377928728,331.3866398488171,2.3746303725852695,,
5,0.8601111591532806,0.8386632370374334,0.030121258100989135,0.6087079189859719,0.0017939109786832756,0.5377642423481009,0.0027792512547706125,2.646314495010178,0.1122158992631183,0.5767004140960644,0.08737425584519856,0.013341296220039659,89,0.6228906666392784,0.8601111591532806,,,,,1.9834794535449187,,0.3313866398488171,0.0023746303725852695,0.6087079189859719,0.0024032323779287277,0.0017939109786832756,0.0024032323779287277,0.0008869631378417736,FM,608.7079189859719,2.403232377928728,1.7939109786832756,0.8869631378417736,2.403232377928728,331.3866398488171,2.3746303725852695,,
6,0.819992807590408,0.8372560511841862,0.02865211379457736,0.6083647354036075,0.0017571713825902788,0.537889906619735,0.002733180696464321,2.6288887834008112,0.10694513208883437,0.5895686344976936,0.08304065013755854,0.02300637522113267,90,0.6220254037000503,0.819992807590408,,,,,2.06568431480432,,0.3313866398488171,0.0023746303725852695,0.6083647354036075,0.002569101088521667,0.0017571713825902788,0.0024032323779287277,0.002569101088521667,FM,608.3647354036075,2.5691010885216667,1.7571713825902788,2.5691010885216667,2.403232377928728,331.3866398488171,2.3746303725852695,,
7,0.819992807590408,0.794853801233115,0.02838394076125752,0.6134017062432365,0.001870927010864425,0.5419544457864294,0.002866777689863498,2.520357638419783,0.10652164664621211,0.6793748217911384,0.08298003881511304,0.020966915317048196,90,0.6259696946643287,0.819992807590408,,,,,1.915978192784379,,0.3313866398488171,0.0023746303725852695,0.6134017062432365,0.002569101088521667,0.001870927010864425,0.0024032323779287277,0.002569101088521667,FM,613.4017062432365,2.5691010885216667,1.870927010864425,2.5691010885216667,2.403232377928728,331.3866398488171,2.3746303725852695,,
8,0.7798744563710238,0.8415318398200634,0.028012070999064914,0.6076144336690883,0.001757299464350194,0.536294318641224,0.0027397121534520528,2.6652131087604647,0.10564657739559577,0.5650745876898063,0.08146618128619053,0.020818111988115715,90,0.6188266479056114,0.7798744563710238,,,,,2.130162366204475,,0.3313866398488171,0.0023746303725852695,0.6076144336690883,0.0024032323779287277,0.001757299464350194,0.0024032323779287277,0.0005078461314930287,FM,607.6144336690883,2.403232377928728,1.757299464350194,0.5078461314930287,2.403232377928728,331.3866398488171,2.3746303725852695,,
9,0.7798744563710238,0.8476187203340547,0.02867174166929124,0.6083223409123498,0.0017313754505845773,0.5380510194728714,0.0027040513912204764,2.6549005754307564,0.10695559390200993,0.5647620337461183,0.08307708148560683,0.01888495622894296,90,0.6201598105985473,0.7798744563710238,,,,,2.0671148309785683,,0.3313866398488171,0.0023746303725852695,0.6083223409123498,0.0024032323779287277,0.0017313754505845773,0.0024032323779287277,0.0005078461314930287,FM,608.3223409123498,2.403232377928728,1.7313754505845773,0.5078461314930287,2.403232377928728,331.3866398488171,2.3746303725852695,,
10,0.7400544564422269,0.8478034161315324,0.028789431958047226,0.6076078608443134,0.001726362373561294,0.5376285826233624,0.0027000696569744235,2.647352223632219,0.10719252446490427,0.5687142583601417,0.08328909256132475,0.01979169133100824,90,0.621287068054559,0.7400544564422269,,,,,2.053598547931389,,0.3313866398488171,0.0023746303725852695,0.6076078608443134,0.0024032323779287277,0.001726362373561294,0.0024032323779287277,0.001753822317992934,FM,607.6078608443134,2.403232377928728,1.726362373561294,1.753822317992934,2.403232377928728,331.3866398488171,2.3746303725852695,,
11,0.7400544564422269,0.8571024300413395,0.029795632200448664,0.6066245441972444,0.001764401742277461,0.5341982062194567,0.002644332510356033,2.745932010437143,0.1092089443110429,0.5084220933960121,0.08510328924571368,0.020601058698111636,90,0.6214560639529059,0.7400544564422269,,,,,2.2057185888766844,,0.3313866398488171,0.0023746303725852695,0.6066245441972444,0.0024032323779287277,0.001764401742277461,0.0024032323779287277,0.001753822317992934,FM,606.6245441972444,2.403232377928728,1.764401742277461,1.753822317992934,2.403232377928728,331.3866398488171,2.3746303725852695,,
12,0.6999361051553207,0.8674147642967802,0.029231202113207597,0.6075631921763527,0.0017091571181058651,0.537473898932412,0.0027270463522952233,2.7123889297614685,0.11034196841403249,0.5172071115089669,0.0853298125730234,0.016948932824840304,89,0.6193871409739478,0.6999361051553207,,,,,2.1477967239363034,,0.3313866398488171,0.0023746303725852695,0.6075631921763527,0.0024032323779287277,0.0017091571181058651,0.0024032323779287277,0.0012245797635869345,FM,607.5631921763527,2.403232377928728,1.7091571181058651,1.2245797635869344,2.403232377928728,331.3866398488171,2.3746303725852695,,
13,0.6999361051553207,0.8614706333899744,0.02920630945251694,0.6065388178225198,0.0017039902038513716,0.536430280962196,0.002651378146080531,2.6931591214415347,0.10799849047416828,0.5338123360947387,0.08404279394773212,0.02526978229133031,90,0.6200827605160318,0.6999361051553207,,,,,2.158549437902634,,0.3313866398488171,0.0023746303725852695,0.6065388178225198,0.0024032323779287277,0.0017039902038513716,0.0024032323779287277,0.0012245797635869345,FM,606.5388178225198,2.403232377928728,1.7039902038513717,1.2245797635869344,2.403232377928728,331.3866398488171,2.3746303725852695,,
14,0.6600166580473557,0.8324641014680517,0.027951894675566295,0.6089914133253007,0.0017267059129047668,0.5403204080570917,0.00276715037095637,2.562580243604538,0.10555312676545361,0.6304414128291272,0.08177941479404248,0.02036477306302817,90,0.6220729281872746,0.6600166580473557,,,,,1.9968278619364908,,0.3313866398488171,0.0023746303725852695,0.6089914133253007,0.0024032323779287277,0.0017267059129047668,0.0024032323779287277,0.001525671597686708,FM,608.9914133253008,2.403232377928728,1.7267059129047668,1.525671597686708,2.403232377928728,331.3866398488171,2.3746303725852695,,
15,0.6600166580473557,0.8794436671503177,0.029900343730456632,0.606404323878557,0.0017120464434038263,0.5343333617056396,0.0025850501709309063,2.8066814516953658,0.1093645389594311,0.4563706609444661,0.0852996729632606,0.023075606796229532,90,0.6212223414440882,0.6600166580473557,,,,,2.182953839005097,,0.3313866398488171,0.0023746303725852695,0.606404323878557,0.0024032323779287277,0.0017120464434038263,0.0024032323779287277,0.001525671597686708,FM,606.4043238785571,2.403232377928728,1.7120464434038263,1.525671597686708,2.403232377928728,331.3866398488171,2.3746303725852695,,
16,0.6199977564475536,0.8663126053920822,0.029933996764899887,0.6060479224649299,0.0017402225083677845,0.5339100231855127,0.0026164554015324264,2.76691765281921,0.10946735396090229,0.4901404602184195,0.08535577706579457,0.015851465922936896,90,0.6207336750260521,0.6199977564475536,,,,,2.133110928965413,,0.3313866398488171,0.0023746303725852695,0.6060479224649299,0.0024032323779287277,0.0017402225083677845,0.0024032323779287277,0.002070850012718557,FM,606.0479224649299,2.403232377928728,1.7402225083677845,2.070850012718557,2.403232377928728,331.3866398488171,2.3746303725852695,,
17,0.6199977564475536,0.842174014688038,0.030301810256060605,0.6086627730941883,0.0017983485600249784,0.5372071414672044,0.0027634774847283094,2.670678427678666,0.11257201807660618,0.5638057029491227,0.0876999826539898,0.022943121111137055,89,0.6234366910044088,0.6199977564475536,,,,,2.0328835300865875,,0.3313866398488171,0.0023746303725852695,0.6086627730941883,0.0024032323779287277,0.0017983485600249784,0.0024032323779287277,0.002070850012718557,FM,608.6627730941883,2.403232377928728,1.7983485600249784,2.070850012718557,2.403232377928728,331.3866398488171,2.3746303725852695,,
18,0.5800783095410481,0.8775329752923778,0.028903270059537335,0.6056533421347944,0.0017011196142522572,0.5338832549965169,0.0026191149207187903,2.792987270310395,0.10733723424675155,0.4680425945873532,0.08306946319328955,0.02072679098899663,90,0.6168996315752503,0.5800783095410481,,,,,2.169044005689922,,0.3313866398488171,0.0023746303725852695,0.6056533421347944,0.0024032323779287277,0.0017011196142522572,0.0024032323779287277,0.001436610104565295,FM,605.6533421347943,2.403232377928728,1.701119614252257,1.436610104565295,2.403232377928728,331.3866398488171,2.3746303725852695,,
19,0.5800783095410481,0.8477197395112579,0.028264277527304243,0.6090365555426605,0.0017130199132864535,0.5395270944137543,0.0027154751590869057,2.6338910221843657,0.10613436405414213,0.5779377901445499,0.08234191942482776,0.014596117687538778,90,0.6209191296047095,0.5800783095410481,,,,,2.024101509822539,,0.3313866398488171,0.0023746303725852695,0.6090365555426605,0.0024032323779287277,0.0017130199132864535,0.0024032323779287277,0.001436610104565295,FM,609.0365555426605,2.403232377928728,1.7130199132864534,1.436610104565295,2.403232377928728,331.3866398488171,2.3746303725852695,,
20,0.5399599588858418,0.8583868599539233,0.030235591448671623,0.6075611935521039,0.001729026190321992,0.5377852396518651,0.0027213326310008955,2.6746390858722346,0.1123957259398771,0.5492404391348684,0.08758415063912917,0.02457556932567542,89,0.6231578031350198,0.5399599588858418,,,,,2.086094617565557,,0.3313866398488171,0.0023746303725852695,0.6075611935521039,0.0024032323779287277,0.001729026190321992,0.0024032323779287277,0.0017229250603260403,FM,607.5611935521039,2.403232377928728,1.729026190321992,1.7229250603260404,2.403232377928728,331.3866398488171,2.3746303725852695,,
21,0.5399599588858418,0.8420207127522209,0.03002239869037662,0.609237186751503,0.0017882181609993298,0.5381808499400191,0.002773026526124034,2.6597532907459325,0.11200779599062306,0.5698983353443969,0.0871970506693957,0.017149767119651046,89,0.6230882551978959,0.5399599588858418,,,,,2.0786866262348282,,0.3313866398488171,0.0023746303725852695,0.609237186751503,0.0024032323779287277,0.0017882181609993298,0.0024032323779287277,0.0017229250603260403,FM,609.2371867515029,2.403232377928728,1.7882181609993297,1.7229250603260404,2.403232377928728,331.3866398488171,2.3746303725852695,,
22,0.49984056307986846,0.8542994709799506,0.029352920388768727,0.6064948176816134,0.00173250099025211,0.5357395672846217,0.0026656290094115884,2.689453831711461,0.10831584093658428,0.546454138446913,0.08430580858175962,0.02114529025130341,90,0.6219050187139281,0.49984056307986846,,,,,2.1178066844711503,,0.3313866398488171,0.0023746303725852695,0.6064948176816134,0.0024422488309376114,0.00173250099025211,0.0024032323779287277,0.0024422488309376114,FM,606.4948176816134,2.4422488309376114,1.73250099025211,2.4422488309376114,2.403232377928728,331.3866398488171,2.3746303725852695,,
23,0.49984056307986846,0.8702072784921271,0.029054959441776662,0.606716367403557,0.001674643244081339,0.5371747814840556,0.0026333809969016977,2.7044018592967087,0.10766694733905667,0.5228310838222612,0.08377095001222754,0.019815531936711976,90,0.6205789314769536,0.49984056307986846,,,,,2.1455100702947574,,0.3313866398488171,0.0023746303725852695,0.606716367403557,0.0024422488309376114,0.001674643244081339,0.0024032323779287277,0.0024422488309376114,FM,606.716367403557,2.4422488309376114,1.674643244081339,2.4422488309376114,2.403232377928728,331.3866398488171,2.3746303725852695,,
24,0.46002056877926667,0.895998005189919,0.029196674156941403,0.6045380215913826,0.0016586984133961347,0.5332504489617345,0.002565633292921363,2.836742461119043,0.10788000287440497,0.4301084985097509,0.08360040811289622,0.030154758267050937,90,0.6171295325859718,0.46002056877926667,,,,,2.195518463540832,,0.3313866398488171,0.0023746303725852695,0.6045380215913826,0.0024032323779287277,0.0016586984133961347,0.0024032323779287277,0.0016271100562337674,FM,604.5380215913826,2.403232377928728,1.6586984133961347,1.6271100562337675,2.403232377928728,331.3866398488171,2.3746303725852695,,
25,0.46002056877926667,0.8605251973040382,0.028931882302811695,0.6080037082981964,0.0017118753448880045,0.5383709240967242,0.0027541762384479425,2.6766686970873366,0.10976181164586987,0.5476656963476682,0.08479136144531396,0.023741766116706628,89,0.619508987535471,0.46002056877926667,,,,,2.053837880188731,,0.3313866398488171,0.0023746303725852695,0.6080037082981964,0.0024032323779287277,0.0017118753448880045,0.0024032323779287277,0.0016271100562337674,FM,608.0037082981964,2.403232377928728,1.7118753448880044,1.6271100562337675,2.403232377928728,331.3866398488171,2.3746303725852695,,
26,0.4199022192129973,0.9415101902487892,0.02949972143212611,0.5998601258128007,0.0015669093480398426,0.5292295864102385,0.0024544405857610564,2.9598612632278023,0.10836205260692107,0.35186734787343477,0.08372203248697398,0.023561670531762953,90,0.6144992861719439,0.4199022192129973,,,,,2.2659475384885517,,0.3313866398488171,0.0023746303725852695,0.5998601258128007,0.0024032323779287277,0.0015669093480398426,0.0024032323779287277,0.0012733994729766036,FM,599.8601258128007,2.403232377928728,1.5669093480398426,1.2733994729766036,2.403232377928728,331.3866398488171,2.3746303725852695,,
27,0.4199022192129973,0.9183872609878407,0.028354373750859918,0.6017756685370743,0.0015691018493599223,0.532802542043032,0.0025343174810837877,2.8364425527218935,0.10609105249090905,0.4389195820533887,0.08165111291379161,0.016835430813315063,90,0.6127859638276554,0.4199022192129973,,,,,2.154841024322604,,0.3313866398488171,0.0023746303725852695,0.6017756685370743,0.0024032323779287277,0.0015691018493599223,0.0024032323779287277,0.0012733994729766036,FM,601.7756685370744,2.403232377928728,1.5691018493599223,1.2733994729766036,2.403232377928728,331.3866398488171,2.3746303725852695,,
28,0.3799838239978118,0.975705251049473,0.0262853234635642,0.5811190470300602,0.0013785482094253137,0.5176613427677956,0.0024455830497744466,2.824299012689377,0.10166019896668656,0.5573049621442693,0.07541142271315215,0.023310769710359655,90,0.5906503607743488,0.3799838239978118,,,,,1.4590219646699503,,0.3313866398488171,0.0023746303725852695,0.5811190470300602,0.010015842702337087,0.0013785482094253137,0.0024032323779287277,0.010015842702337087,spinflip,581.1190470300602,10.015842702337087,1.3785482094253136,10.015842702337087,2.403232377928728,331.3866398488171,2.3746303725852695,,
29,0.3799838239978118,0.9826548467562034,0.026976115322626885,0.5820479821138023,0.0013653377544226842,0.5193104112385132,0.0024195914343145206,2.8190264300441283,0.10303135441999603,0.5510849708567276,0.07705380895944536,0.018850788903932842,90,0.5922210806004006,0.3799838239978118,,,,0.33826630538613134,1.4498448622666935,0.01100542527087531,0.3313866398488171,0.0023746303725852695,0.5820479821138023,0.010015842702337087,0.0013653377544226842,0.0024032323779287277,0.010015842702337087,spinflip,582.0479821138023,10.015842702337087,1.3653377544226841,10.015842702337087,2.403232377928728,331.3866398488171,2.3746303725852695,,
30,0.33996492348476187,0.5703168462109222,0.026839827365651336,0.850670150419439,0.0026075308517471965,0.7901695821558391,0.0075934644563948476,1.5887004025810463,0.17611856705049506,1.7354003489019396,0.15993355221636651,0.0181336592072921,73,0.8597965594396795,0.33996492348476187,0.35151336342501793,0.009203874422775553,0.6070733802164944,0.9585867436415123,0.572630111295899,0.012920018868128082,0.3313866398488171,0.0023746303725852695,0.850670150419439,0.013259200477693016,0.0026075308517471965,0.0024032323779287277,0.013259200477693016,spinflip,850.6701504194391,13.259200477693016,2.6075308517471965,13.259200477693016,2.403232377928728,331.3866398488171,2.3746303725852695,351.5133634250179,9.203874422775554
31,0.33996492348476187,0.5533477330213854,0.02353755194224542,0.850520241958993,0.0025272119276202147,0.7937042884761242,0.007568369247067552,1.4629315807099117,0.16497885638939414,1.8500306522899765,0.14790233326570776,0.01817234389983407,74,0.8577182568757515,0.33996492348476187,0.3382316607598469,0.007842994770932988,0.6238860546911272,0.9621177154509741,0.5677170977253307,0.011548835387835639,0.3313866398488171,0.0023746303725852695,0.850520241958993,0.013259200477693016,0.0025272119276202147,0.0024032323779287277,0.013259200477693016,spinflip,850.520241958993,13.259200477693016,2.5272119276202147,13.259200477693016,2.403232377928728,331.3866398488171,2.3746303725852695,338.2316607598469,7.842994770932989
32,0.3000444397085205,0.7617973696400984,0.023280799638717084,0.8402803340700402,0.0018002972691203898,0.7802537309931483,0.0047135617682158275,2.1086665440516197,0.1399817311136798,1.2141756936532506,0.12644308133770515,0.0235100073090003,78,0.8412532946046595,0.3000444397085205,0.38986086324652924,0.006986665187293511,0.5580330136746727,0.947893876921202,0.7720267984057989,0.013277804890213381,0.3313866398488171,0.0023746303725852695,0.8402803340700402,0.00791350030011298,0.0018002972691203898,0.0024032323779287277,0.00791350030011298,spinflip,840.2803340700402,7.91350030011298,1.8002972691203898,7.91350030011298,2.403232377928728,331.3866398488171,2.3746303725852695,389.8608632465292,6.986665187293511
33,0.3000444397085205,0.8054486467138495,0.03054984776053822,0.838328755439178,0.0019358682929315862,0.7752537752894753,0.004912982139108352,2.320247622022696,0.16749638839826375,1.0127124454001224,0.15505749175409836,0.031000787294681434,75,0.8531997155220437,0.3000444397085205,0.3793351987184924,0.013467228192529204,0.5503090694854278,0.9296442682039202,0.82113967689372,0.013758857218333835,0.3313866398488171,0.0023746303725852695,0.838328755439178,0.00791350030011298,0.0019358682929315862,0.0024032323779287277,0.00791350030011298,spinflip,838.3287554391779,7.91350030011298,1.9358682929315862,7.91350030011298,2.403232377928728,331.3866398488171,2.3746303725852695,379.3351987184924,13.467228192529204
34,0.2599260952655581,0.7127573903133471,0.014178609039238742,0.7922033645691382,0.0014284603608529579,0.773917248599217,0.0035376975934902186,0.6528522742991617,0.08457856691509061,2.7571361249939135,0.07257474506073985,0.03187922484057178,89,0.7976964329358718,0.2599260952655581,0.3337395301699908,0.006111093840181414,0.5999021273339308,0.9336416575039216,0.7247527686726871,0.014408879221638434,0.3313866398488171,0.0023746303725852695,0.7922033645691382,0.020646877237589813,0.0014284603608529579,0.0024032323779287277,0.020646877237589813,AFM,792.2033645691382,20.646877237589813,1.4284603608529578,20.646877237589813,2.403232377928728,331.3866398488171,2.3746303725852695,333.7395301699908,6.111093840181414
35,0.2599260952655581,0.7041758228456975,0.013446198909654962,0.7938314989170341,0.0014313425033832853,0.7795019861489789,0.003584424373302086,0.5072253747257764,0.08364122273386143,2.8762504843082044,0.07070320833384104,0.03716781304032712,89,0.7975549971943888,0.2599260952655581,0.32261872387082446,0.012333683633697377,0.6171632911020005,0.939782014972825,0.725173088681769,0.014625351044300652,0.3313866398488171,0.0023746303725852695,0.7938314989170341,0.020646877237589813,0.0014313425033832853,0.0024032323779287277,0.020646877237589813,AFM,793.8314989170341,20.646877237589813,1.4313425033832854,20.646877237589813,2.403232377928728,331.3866398488171,2.3746303725852695,322.61872387082445,12.333683633697378
36,0.2200066646717776,0.6998770933319761,0.013512029474448968,0.7912316747924848,0.0014288852808965148,0.7743769013913607,0.0034987154236604825,0.5917930659595961,0.0809365947249922,2.834985447830646,0.06888460048149762,0.028544052412168886,90,0.7947657964698897,0.2200066646717776,0.34545485194093273,0.008225167057757988,0.5956719649308727,0.9411268168718054,0.7089148100906626,0.013066866939758334,0.3313866398488171,0.0023746303725852695,0.7912316747924848,0.021840553553539706,0.0014288852808965148,0.0024032323779287277,0.021840553553539706,AFM,791.2316747924848,21.840553553539706,1.4288852808965147,21.840553553539706,2.403232377928728,331.3866398488171,2.3746303725852695,345.4548519409327,8.225167057757988
37,0.2200066646717776,0.6900350287690905,0.012620614632766883,0.791859315678557,0.0014319787078668179,0.7793028656087866,0.0035525656660782,0.43575902572480163,0.07980886486977463,2.964390434780059,0.06593435343083295,0.027000129805853635,90,0.7895566763895792,0.2200066646717776,0.3268156471141286,0.006301334928311904,0.6154185900600766,0.9422342371742052,0.7005433587549024,0.014439522087690213,0.3313866398488171,0.0023746303725852695,0.791859315678557,0.021840553553539706,0.0014319787078668179,0.0024032323779287277,0.021840553553539706,AFM,791.8593156785571,21.840553553539706,1.4319787078668178,21.840553553539706,2.403232377928728,331.3866398488171,2.3746303725852695,326.8156471141286,6.3013349283119044
38,0.1799877712512714,0.669193579781412,0.01274902104885319,0.7929262407955411,0.001480309624239774,0.7801751351956875,0.0036618296532439933,0.42900888477599036,0.08011955343815225,2.9934014482560887,0.06706012198400392,0.03903104991433406,90,0.7931246408329158,0.1799877712512714,0.3271765892784244,0.008749881046826658,0.6128994193334664,0.9400760086118908,0.6747914530449091,0.015083980116477406,0.3313866398488171,0.0023746303725852695,0.7929262407955411,0.010711029940641619,0.001480309624239774,0.0024032323779287277,0.010711029940641619,AFM,792.926240795541,10.71102994064162,1.480309624239774,10.71102994064162,2.403232377928728,331.3866398488171,2.3746303725852695,327.1765892784244,8.749881046826658
39,0.1799877712512714,0.692309110825304,0.013546586227446523,0.7900703540314632,0.0014435173407792382,0.7737504837679954,0.0035363955926705605,0.5666132169938947,0.08103556793776964,2.863734368067569,0.06906329122769793,0.035254690651919246,90,0.7927908346316637,0.1799877712512714,0.3338981235848004,0.009310262865471696,0.6008433948146649,0.9347415183994653,0.7039443250038357,0.01462647696280686,0.3313866398488171,0.0023746303725852695,0.7900703540314632,0.010711029940641619,0.0014435173407792382,0.0024032323779287277,0.010711029940641619,AFM,790.0703540314632,10.71102994064162,1.4435173407792383,10.71102994064162,2.403232377928728,331.3866398488171,2.3746303725852695,333.89812358480043,9.310262865471696
40,0.1398694441255845,0.6970785147598507,0.01341234348868079,0.7936563993647295,0.0014456664455913541,0.7794572652471585,0.003620783605815522,0.4979050443799083,0.0836445525857423,2.9149493854569823,0.07069933992435849,0.03150762226163202,89,0.7962877000430862,0.1398694441255845,0.3253233074204177,0.006585726688520089,0.6128996498292335,0.9382229572496512,0.7082417132095125,0.012818981466626904,0.3313866398488171,0.0023746303725852695,0.7936563993647295,0.010028833611956028,0.0014456664455913541,0.0024032323779287277,0.010028833611956028,AFM,793.6563993647295,10.028833611956028,1.4456664455913542,10.028833611956028,2.403232377928728,331.3866398488171,2.3746303725852695,325.32330742041773,6.585726688520089
41,0.1398694441255845,0.693136120283071,0.013196890112081363,0.7944069092304609,0.0014500980344896006,0.7813703567812071,0.003642358120408269,0.45394273654614276,0.08338686706046655,2.949508046622098,0.07010662256887583,0.029456490709593715,89,0.7957025191988978,0.1398694441255845,0.3266672967943871,0.01160848298647298,0.620368630558474,0.9470359273528611,0.714749300541953,0.015196426561474444,0.3313866398488171,0.0023746303725852695,0.7944069092304609,0.010028833611956028,0.0014500980344896006,0.0024032323779287277,0.010028833611956028,AFM,794.4069092304609,10.028833611956028,1.4500980344896006,10.028833611956028,2.403232377928728,331.3866398488171,2.3746303725852695,326.6672967943871,11.60848298647298
42,0.09995005402699891,0.7505218921642663,0.015383230888722895,0.8067681712649295,0.0014461433881281774,0.7836845235910328,0.0038066050629400436,0.8632473881653013,0.09884045512239016,2.5056426566492624,0.08499617837110152,0.02442968323354415,85,0.8143434329202401,0.09995005402699891,0.3361706611632066,0.010649964445882842,0.612757451505058,0.9489281126682646,0.7653095246373305,0.014187752787330714,0.3313866398488171,0.0023746303725852695,0.8067681712649295,0.0024032323779287277,0.0014461433881281774,0.0024032323779287277,0.0015846215800125213,AFM,806.7681712649295,2.403232377928728,1.4461433881281773,1.5846215800125214,2.403232377928728,331.3866398488171,2.3746303725852695,336.1706611632066,10.649964445882842
43,0.09995005402699891,0.7320759288477598,0.014242762313598183,0.8100915118381763,0.0014557098104145607,0.7917900794027243,0.003908766475716087,0.6707977009445447,0.09750651489752736,2.6735827203314453,0.08202611938536193,0.019677183665852825,85,0.8146937804477454,0.09995005402699891,0.32591351737830265,0.010205357050084823,0.6314076902381837,0.9573212076164863,0.7548215643591172,0.012343243254935507,0.3313866398488171,0.0023746303725852695,0.8100915118381763,0.0024032323779287277,0.0014557098104145607,0.0024032323779287277,0.0015846215800125213,AFM,810.0915118381763,2.403232377928728,1.4557098104145607,1.5846215800125214,2.403232377928728,331.3866398488171,2.3746303725852695,325.91351737830263,10.205357050084823
44,0.05993123559547225,0.7442422850530149,0.01535180540510179,0.8061384347085171,0.0014571439206644188,0.7836641949374709,0.003838565847033301,0.834115346412435,0.09884063765445884,2.5412697997759333,0.08498656908978873,0.02568851693930042,85,0.8131726122245491,0.05993123559547225,0.322274169766,0.012539405265970343,0.6192599483001725,0.9415341180661725,0.766483371692604,0.01347848265288862,0.3313866398488171,0.0023746303725852695,0.8061384347085171,0.0024032323779287277,0.0014571439206644188,0.0024032323779287277,0.001961720130008402,AFM,806.1384347085171,2.403232377928728,1.4571439206644188,1.9617201300084022,2.403232377928728,331.3866398488171,2.3746303725852695,322.274169766,12.539405265970343
45,0.05993123559547225,0.7476707331328852,0.015225474674456481,0.8061780745581164,0.001446551567168851,0.7846119991332049,0.0038219824103417365,0.8050949968243338,0.09865258848131161,2.559035072709898,0.08462649514306932,0.020042142198694553,85,0.8125418958780062,0.05993123559547225,0.3262053222737987,0.008084665390324075,0.6255578583207478,0.9517631805945466,0.7632689336550473,0.01201455788365314,0.3313866398488171,0.0023746303725852695,0.8061780745581164,0.0024032323779287277,0.001446551567168851,0.0024032323779287277,0.001961720130008402,AFM,806.1780745581165,2.403232377928728,1.4465515671688511,1.9617201300084022,2.403232377928728,331.3866398488171,2.3746303725852695,326.20532227379874,8.084665390324075
46,0.020011306803904637,0.7509538595939794,0.01580038035212806,0.8077785186597444,0.0014668884904613891,0.7852495128564186,0.003929486826011213,0.8431113915992833,0.10308229077836373,2.5260433672648737,0.08887012279853616,0.036032635075906004,84,0.815751084332064,0.020011306803904637,0.3227394970053473,0.00912485113277551,0.621567603736486,0.9443071007418333,0.7724567688603914,0.014390696188238317,0.3313866398488171,0.0023746303725852695,0.8077785186597444,0.0024032323779287277,0.0014668884904613891,0.0024032323779287277,0.0012171111850021604,AFM,807.7785186597443,2.403232377928728,1.466888490461389,1.2171111850021603,2.403232377928728,331.3866398488171,2.3746303725852695,322.73949700534735,9.12485113277551
47,0.020011306803904637,0.7515941786414039,0.015200767626278948,0.80844975425491,0.0014416697344292277,0.7849246648803865,0.0038024069245622526,0.8802362601498546,0.09859428410046397,2.495465721468733,0.0845169644173037,0.030270967389084243,85,0.8148105628396795,0.020011306803904637,0.3418190035571248,0.021107318059124133,0.613649772081176,0.9554687756383008,0.7683573696570016,0.01528390939330622,0.3313866398488171,0.0023746303725852695,0.80844975425491,0.0024032323779287277,0.0014416697344292277,0.0024032323779287277,0.0012171111850021604,AFM,808.44975425491,2.403232377928728,1.4416697344292277,1.2171111850021603,2.403232377928728,331.3866398488171,2.3746303725852695,341.8190035571248,21.107318059124133
48,-0.020009217875769158,0.7598611727673672,0.016219380892993934,0.8057154264124249,0.0014478833970012026,0.7790733811712747,0.0037547752602149565,1.004185394266578,0.09990211320861116,2.3923767766896917,0.0869212049153332,0.028281106378993465,85,0.8148117443246494,0.020009217875769158,0.33193839351516974,0.00996515169169899,0.6129884635148322,0.9449268570300019,0.7764810035213461,0.014661703784184873,0.3313866398488171,0.0023746303725852695,0.8057154264124249,0.0037180698629623457,0.0014478833970012026,0.0024032323779287277,0.0037180698629623457,AFM,805.7154264124249,3.718069862962346,1.4478833970012026,3.718069862962346,2.403232377928728,331.3866398488171,2.3746303725852695,331.93839351516976,9.96515169169899
49,-0.020009217875769158,0.7270259706130283,0.014079990273776636,0.8109735712384769,0.0014615961604939084,0.793238039145891,0.003936684533725174,0.6462761060135229,0.09734006697288267,2.7002238746229805,0.08154906438043182,0.02738318904613934,85,0.8152221234629259,0.020009217875769158,0.3287073604201757,0.007564580531993133,0.6332810695444276,0.9619884299646033,0.7491743532932262,0.013228225916120611,0.3313866398488171,0.0023746303725852695,0.8109735712384769,0.0037180698629623457,0.0014615961604939084,0.0024032323779287277,0.0037180698629623457,AFM,810.9735712384769,3.718069862962346,1.4615961604939085,3.718069862962346,2.403232377928728,331.3866398488171,2.3746303725852695,328.7073604201757,7.564580531993133
50,-0.059928154485183335,0.7645394927145627,0.0169904564375144,0.804032201332665,0.001454846038964032,0.7752401819508524,0.003726443132863315,1.0887022046934198,0.1009451794324724,2.320983034665805,0.08863792315425875,0.028926150665951,85,0.8145774496893784,0.059928154485183335,0.33728476777874217,0.011493392351435587,0.6038856173206816,0.9411703850994237,0.7887029737608657,0.01557735094781092,0.3313866398488171,0.0023746303725852695,0.804032201332665,0.0035974135303453504,0.001454846038964032,0.0024032323779287277,0.0035974135303453504,AFM,804.032201332665,3.5974135303453503,1.4548460389640319,3.5974135303453503,2.403232377928728,331.3866398488171,2.3746303725852695,337.28476777874215,11.493392351435586
51,-0.059928154485183335,0.7335995000081194,0.016002924575069032,0.8055014679553103,0.001496941166218842,0.7794724209047801,0.0038889459900034178,0.9482366768415198,0.0997772905801546,2.4579964162078367,0.08666099047580797,0.0234136655162757,85,0.8122109736799596,0.059928154485183335,0.3337739665132021,0.013799052883183978,0.611687234942075,0.9454612014552771,0.7359796252146,0.012926422336234275,0.3313866398488171,0.0023746303725852695,0.8055014679553103,0.0035974135303453504,0.001496941166218842,0.0024032323779287277,0.0035974135303453504,AFM,805.5014679553103,3.5974135303453503,1.4969411662188419,3.5974135303453503,2.403232377928728,331.3866398488171,2.3746303725852695,333.77396651320214,13.799052883183979
52,-0.09994693442022122,0.7344992652748621,0.014330168155242596,0.8089561329923847,0.0014525650603458813,0.7910614601197946,0.0038954544911694983,0.6589269576166061,0.09759874311534811,2.686194593742171,0.08227285242014969,0.032623719013383665,85,0.8148419863476952,0.09994693442022122,0.32707647820393093,0.008403558575156636,0.6288802053470687,0.9559566835509996,0.7530765825030494,0.013604167319037654,0.3313866398488171,0.0023746303725852695,0.8089561329923847,0.0024032323779287277,0.0014525650603458813,0.0024032323779287277,0.0017335508041535156,AFM,808.9561329923847,2.403232377928728,1.4525650603458813,1.7335508041535157,2.403232377928728,331.3866398488171,2.3746303725852695,327.07647820393095,8.403558575156636
53,-0.09994693442022122,0.7354461271416474,0.015162270181067606,0.8059542844901053,0.0014624459370173942,0.7804365923695816,0.00376111539157581,0.9314721753968196,0.09515229452414577,2.471372670262837,0.08193401063575607,0.029599208345022096,86,0.8104478431351705,0.09994693442022122,0.33863436045922424,0.009218089396268494,0.6103826253510974,0.9490169858103217,0.7472097312854449,0.013436693497519556,0.3313866398488171,0.0023746303725852695,0.8059542844901053,0.0024032323779287277,0.0014624459370173942,0.0024032323779287277,0.0017335508041535156,AFM,805.9542844901054,2.403232377928728,1.4624459370173941,1.7335508041535157,2.403232377928728,331.3866398488171,2.3746303725852695,338.63436045922424,9.218089396268494
54,-0.1398663447724291,0.7390623612321531,0.014738023109500573,0.8084524723194388,0.001454473891319544,0.7877722010914153,0.003869145009119892,0.7634913845779661,0.09808156512200411,2.5981459153134043,0.08342607699131262,0.0331959012585528,85,0.813415470878006,0.1398663447724291,0.3278182537152732,0.006884506400140772,0.6254888947124012,0.9533071484276744,0.7552975749695786,0.014651098484285025,0.3313866398488171,0.0023746303725852695,0.8084524723194388,0.007516541022766268,0.001454473891319544,0.0024032323779287277,0.007516541022766268,AFM,808.4524723194388,7.516541022766268,1.4544738913195439,7.516541022766268,2.403232377928728,331.3866398488171,2.3746303725852695,327.81825371527316,6.884506400140772
55,-0.1398663447724291,0.740214358605296,0.015411427938605664,0.8085669777779558,0.001480912840823978,0.7873078354409769,0.0039885925395825765,0.7848724929963534,0.10265100966534169,2.5784531525312415,0.08801153863196363,0.029651384337772115,84,0.8161542644168336,0.1398663447724291,0.3310075302984009,0.0093880088156744,0.6213692812875922,0.9523768115859931,0.7574596808789993,0.01481406895545199,0.3313866398488171,0.0023746303725852695,0.8085669777779558,0.007516541022766268,0.001480912840823978,0.0024032323779287277,0.007516541022766268,AFM,808.5669777779558,7.516541022766268,1.480912840823978,7.516541022766268,2.403232377928728,331.3866398488171,2.3746303725852695,331.0075302984009,9.3880088156744
56,-0.1799846660135246,0.7601059364622937,0.015875845687098832,0.8065178240110218,0.0014396913767273942,0.7810111705830624,0.0037559288984418456,0.9625128291199829,0.09943278782412858,2.423351005790849,0.08610561524545424,0.027620773859712434,85,0.812560007571643,0.1799846660135246,0.3365027189097173,0.00792222031430213,0.6106134092916647,0.947116128201382,0.7680905940095134,0.014597084709119036,0.3313866398488171,0.0023746303725852695,0.8065178240110218,0.007545375349157783,0.0014396913767273942,0.0024032323779287277,0.007545375349157783,AFM,806.5178240110218,7.5453753491577835,1.4396913767273942,7.5453753491577835,2.403232377928728,331.3866398488171,2.3746303725852695,336.50271890971726,7.92222031430213
57,-0.1799846660135246,0.7513299354276524,0.015209878081095831,0.8082809631951903,0.0014422183545650523,0.7848526430631297,0.0038036743528478286,0.8765567673530277,0.09860800901705169,2.4972175266734777,0.08454371408001288,0.029779927239708296,85,0.8150856639356212,0.1799846660135246,0.3401494651930119,0.004519643442461159,0.6140143031392411,0.954163768332253,0.7588668518551014,0.012288812062025747,0.3313866398488171,0.0023746303725852695,0.8082809631951903,0.007545375349157783,0.0014422183545650523,0.0024032323779287277,0.007545375349157783,AFM,808.2809631951902,7.5453753491577835,1.4422183545650524,7.5453753491577835,2.403232377928728,331.3866398488171,2.3746303725852695,340.1494651930119,4.51964344246116
58,-0.2200025020312269,0.7658519887114061,0.01706943886163474,0.830489816390481,0.0015322237193878365,0.7951145937211413,0.004416876677642082,1.324876956955183,0.12171784924534242,1.9520309021614435,0.10511459287112293,0.03128471958660503,80,0.8322368344869739,0.2200025020312269,0.3200861192055092,0.004913680444532361,0.6392391605092801,0.9593252797147893,0.761328179852502,0.012442406802145398,0.3313866398488171,0.0023746303725852695,0.830489816390481,0.02094901996740773,0.0015322237193878365,0.0024032323779287277,0.02094901996740773,AFM,830.489816390481,20.94901996740773,1.5322237193878365,20.94901996740773,2.403232377928728,331.3866398488171,2.3746303725852695,320.08611920550925,4.9136804445323605
59,-0.2200025020312269,0.7535873701915567,0.017319430912128234,0.8298205204609218,0.0015599622198182572,0.7894455959303874,0.0043288280698340256,1.4742178721560377,0.11744644548771747,1.8446296202471395,0.1021624654199089,0.02339975928304959,81,0.8296511793958916,0.2200025020312269,0.31794117028534785,0.006108681265050938,0.6392558910285525,0.9571970613139004,0.7599730146417727,0.01277121068184993,0.3313866398488171,0.0023746303725852695,0.8298205204609218,0.02094901996740773,0.0015599622198182572,0.0024032323779287277,0.02094901996740773,AFM,829.8205204609218,20.94901996740773,1.5599622198182572,20.94901996740773,2.403232377928728,331.3866398488171,2.3746303725852695,317.9411702853479,6.108681265050938
60,-0.2599219353959954,0.7657338323270665,0.018011721892227214,0.829974561240982,0.0015647393875892045,0.7905972887814364,0.0044098898235037974,1.463747353385059,0.12288751855560695,1.840036085773692,0.10730306109570711,0.0335680092034729,80,0.8324325127124249,0.2599219353959954,0.31709089112492217,0.006024859731431274,0.6370263930359193,0.9541172841608415,0.7821495456277905,0.01300149169923748,0.3313866398488171,0.0023746303725852695,0.829974561240982,0.01676857164023765,0.0015647393875892045,0.0024032323779287277,0.01676857164023765,AFM,829.974561240982,16.76857164023765,1.5647393875892046,16.76857164023765,2.403232377928728,331.3866398488171,2.3746303725852695,317.09089112492217,6.024859731431274
61,-0.2599219353959954,0.7957344592359422,0.019172068739818103,0.826938265991984,0.0015323254786807987,0.7824364750893646,0.004087160309352851,1.701458068246344,0.11963810231263457,1.624494005480334,0.10588450631603546,0.025380117666314306,81,0.8293932138627254,0.2599219353959954,0.32815214664339254,0.0072058794203151534,0.6186673443368347,0.9468194909802272,0.7885886837114091,0.013476581364316368,0.3313866398488171,0.0023746303725852695,0.826938265991984,0.01676857164023765,0.0015323254786807987,0.0024032323779287277,0.01676857164023765,AFM,826.9382659919839,16.76857164023765,1.5323254786807987,16.76857164023765,2.403232377928728,331.3866398488171,2.3746303725852695,328.15214664339254,7.205879420315154
62,-0.30004027879603096,0.7466841667340509,0.017004482192072557,0.8308647178637272,0.0015637470802330536,0.7908109048607169,0.004370990566446402,1.4503899999238783,0.11709167104371254,1.8636997283940084,0.10150134481364467,0.026302443888388954,81,0.8297645012899796,0.30004027879603096,0.31939313728931906,0.004360566487002711,0.6388395092554148,0.9582326465447338,0.747776439090327,0.012520147381681581,0.3313866398488171,0.0023746303725852695,0.8308647178637272,0.008205500842457832,0.0015637470802330536,0.0024032323779287277,0.008205500842457832,spinflip,830.8647178637272,8.205500842457832,1.5637470802330535,8.205500842457832,2.403232377928728,331.3866398488171,2.3746303725852695,319.39313728931904,4.360566487002711
63,-0.30004027879603096,0.7820349928303206,0.0192551757921178,0.8276575215931864,0.0015662519664199077,0.7818234779251623,0.004156791960335016,1.7164378320866385,0.11983492001169414,1.6232623529736012,0.10616588142166887,0.027311429774699972,81,0.8285022225864229,0.30004027879603096,0.3057732124015591,0.009377831761148139,0.6354356046235766,0.9412088170251357,0.8036313331444043,0.013262837517990473,0.3313866398488171,0.0023746303725852695,0.8276575215931864,0.008205500842457832,0.0015662519664199077,0.0024032323779287277,0.008205500842457832,spinflip,827.6575215931864,8.205500842457832,1.5662519664199077,8.205500842457832,2.403232377928728,331.3866398488171,2.3746303725852695,305.7732124015591,9.377831761148139
64,-0.3399597183491009,0.7878124424160615,0.01859048233418786,0.8305315080591182,0.0015369586441148092,0.7886245293023373,0.004282986932239078,1.5951508854450651,0.12349691170755571,1.6929616148820334,0.10839070140297938,0.01923828728915186,80,0.8331948759939879,0.3399597183491009,0.32258317475375,0.005003564840480427,0.6288404807133596,0.9514236554671096,0.8038174722886391,0.013968423116883195,0.3313866398488171,0.0023746303725852695,0.8305315080591182,0.016878535770448077,0.0015369586441148092,0.0024032323779287277,0.016878535770448077,spinflip,830.5315080591182,16.878535770448078,1.536958644114809,16.878535770448078,2.403232377928728,331.3866398488171,2.3746303725852695,322.58317475375,5.0035648404804265
65,-0.3399597183491009,0.7272980686968812,0.016700452805047845,0.8348595830803609,0.001614840208227782,0.8002026836729054,0.004823689692476121,1.2347585123497,0.12648042493797526,2.0287711206641905,0.10848392883205302,0.025424326846914855,79,0.8371311593310624,0.3399597183491009,0.3251601373857965,0.004664097692016538,0.6395862590502892,0.9647463964360857,0.7381401793830087,0.011761716920150054,0.3313866398488171,0.0023746303725852695,0.8348595830803609,0.016878535770448077,0.001614840208227782,0.0024032323779287277,0.016878535770448077,spinflip,834.859583080361,16.878535770448078,1.614840208227782,16.878535770448078,2.403232377928728,331.3866398488171,2.3746303725852695,325.16013738579653,4.664097692016537
66,-0.3799786075557412,1.0131575165220954,0.025113598643282196,0.5780469023795092,0.0012677538084197818,0.5189480423739754,0.002381925347507297,2.768313663529053,0.09910561329554735,0.5858732321434053,0.0728484639474672,0.01781018374694607,90,0.5853061055205412,0.3799786075557412,,,,0.6352880758419687,1.424692744354373,0.009209400361414537,0.3313866398488171,0.0023746303725852695,0.5780469023795092,0.0024032323779287277,0.0012677538084197818,0.0024032323779287277,0.002014803091379461,spinflip,578.0469023795092,2.403232377928728,1.2677538084197817,2.014803091379461,2.403232377928728,331.3866398488171,2.3746303725852695,,
67,-0.3799786075557412,1.0011646777229435,0.025731523015697647,0.5814291236148796,0.0013099894785797673,0.5203415041825303,0.0023992740684251313,2.811352755166049,0.10041620725347161,0.5522823051954572,0.07438287777424935,0.020275208376780297,90,0.589642255611022,0.3799786075557412,,,,0.3392277897994222,1.454655874569952,0.010928461829957482,0.3313866398488171,0.0023746303725852695,0.5814291236148796,0.0024032323779287277,0.0013099894785797673,0.0024032323779287277,0.002014803091379461,spinflip,581.4291236148796,2.403232377928728,1.3099894785797672,2.014803091379461,2.403232377928728,331.3866398488171,2.3746303725852695,,
68,-0.41989805536582336,0.8568773218673097,0.029941075296932924,0.6068019565990731,0.0016975053581629192,0.5376782837184746,0.0026401610085025062,2.6512976203891667,0.10950538073185774,0.5731652625268322,0.08580168818961978,0.025856268529479576,90,0.6254853314386273,0.41989805536582336,,,,,2.0928795950274512,,0.3313866398488171,0.0023746303725852695,0.6068019565990731,0.0024032323779287277,0.0016975053581629192,0.0024032323779287277,0.0019684683141720487,FM,606.8019565990732,2.403232377928728,1.6975053581629191,1.9684683141720487,2.403232377928728,331.3866398488171,2.3746303725852695,,
69,-0.41989805536582336,0.9063047009116193,0.02950655969528572,0.6037357161866732,0.0016432858752103933,0.5323746197107402,0.0025327760768239843,2.8721705470993006,0.10848339352987615,0.4096921834476165,0.08416153985986805,0.01414267397453107,90,0.616823234728056,0.41989805536582336,,,,,2.2057364313735044,,0.3313866398488171,0.0023746303725852695,0.6037357161866732,0.0024032323779287277,0.0016432858752103933,0.0024032323779287277,0.0019684683141720487,FM,603.7357161866732,2.403232377928728,1.6432858752103934,1.9684683141720487,2.403232377928728,331.3866398488171,2.3746303725852695,,
70,-0.46001744499529584,0.8844729461761521,0.028422660995879902,0.606098683566082,0.0016557071217593049,0.5357771075225981,0.0026146438337746286,2.7719045395929913,0.10634114500500434,0.4768803653743687,0.0822022583046669,0.018232506866525264,90,0.6173720238847693,0.46001744499529584,,,,,2.132305341194322,,0.3313866398488171,0.0023746303725852695,0.606098683566082,0.0024032323779287277,0.0016557071217593049,0.0024032323779287277,0.000993166029769408,FM,606.098683566082,2.403232377928728,1.655707121759305,0.993166029769408,2.403232377928728,331.3866398488171,2.3746303725852695,,
71,-0.46001744499529584,0.8850684119832848,0.029058704916865345,0.6057846241875753,0.0016977403286555566,0.5334932490772354,0.002596012839136634,2.831979412881594,0.107631315927633,0.44154172333022923,0.08335021228023534,0.015882112732912217,90,0.6174913285029059,0.46001744499529584,,,,,2.1337332762343726,,0.3313866398488171,0.0023746303725852695,0.6057846241875753,0.0024032323779287277,0.0016977403286555566,0.0024032323779287277,0.000993166029769408,FM,605.7846241875753,2.403232377928728,1.6977403286555566,0.993166029769408,2.403232377928728,331.3866398488171,2.3746303725852695,,
72,-0.4998363961337749,0.8360132157348933,0.028561028658107432,0.6084571573034068,0.0017548481096592429,0.5381950977597104,0.0027393860765882777,2.6187655360645943,0.10676523155333144,0.6017861721605111,0.08287689593791459,0.022741841749831015,90,0.6220286470092183,0.4998363961337749,,,,,2.034142643641714,,0.3313866398488171,0.0023746303725852695,0.6084571573034068,0.0024032323779287277,0.0017548481096592429,0.0024032323779287277,0.0016095701707328225,FM,608.4571573034068,2.403232377928728,1.754848109659243,1.6095701707328225,2.403232377928728,331.3866398488171,2.3746303725852695,,
73,-0.4998363961337749,0.8654609909087557,0.028748543052098202,0.6085897325747995,0.0016981353733748488,0.5381737956075795,0.0026543689737188415,2.715408132221243,0.10705907254977355,0.5208794015805259,0.08321659832890921,0.024780459080495178,90,0.6203670940641282,0.4998363961337749,,,,,2.072688133138231,,0.3313866398488171,0.0023746303725852695,0.6085897325747995,0.0024032323779287277,0.0016981353733748488,0.0024032323779287277,0.0016095701707328225,FM,608.5897325747995,2.403232377928728,1.6981353733748488,1.6095701707328225,2.403232377928728,331.3866398488171,2.3746303725852695,,
74,-0.5399547393069164,0.8792293885074741,0.02839288059396751,0.6067218320717687,0.0016771491907802787,0.5357633238957705,0.0026286696760206337,2.774010229645351,0.10629727918132907,0.4770333557096477,0.08214870458155946,0.026352599532611647,90,0.617252673833467,0.5399547393069164,,,,,2.150300919747402,,0.3313866398488171,0.0023746303725852695,0.6067218320717687,0.0024032323779287277,0.0016771491907802787,0.0024032323779287277,0.001830118171581111,FM,606.7218320717686,2.403232377928728,1.6771491907802787,1.830118171581111,2.403232377928728,331.3866398488171,2.3746303725852695,,
75,-0.5399547393069164,0.8943673749790217,0.029673076157129857,0.6071611183879007,0.001672970444759894,0.5354994813676249,0.002556019253670438,2.842255046090873,0.10885884114034804,0.4241234835050799,0.08489306892062548,0.024010948071781762,90,0.6197942079493988,0.5399547393069164,,,,,2.197048322330041,,0.3313866398488171,0.0023746303725852695,0.6071611183879007,0.0024032323779287277,0.001672970444759894,0.0024032323779287277,0.001830118171581111,FM,607.1611183879006,2.403232377928728,1.672970444759894,1.830118171581111,2.403232377928728,331.3866398488171,2.3746303725852695,,
76,-0.5800730938424915,0.8090320726098831,0.02697528344503955,0.6108662898316632,0.0017468331242918517,0.5433610593509592,0.002864277098403833,2.458188106044361,0.1036837452410844,0.71025140628525,0.08002557159268948,0.020067246897131567,90,0.6225800329478957,0.5800730938424915,,,,,1.9340630992606536,,0.3313866398488171,0.0023746303725852695,0.6108662898316632,0.0024032323779287277,0.0017468331242918517,0.0024032323779287277,0.0016935260402072823,FM,610.8662898316633,2.403232377928728,1.7468331242918518,1.6935260402072823,2.403232377928728,331.3866398488171,2.3746303725852695,,
77,-0.5800730938424915,0.8441748581023263,0.02779120952161553,0.6098374912950901,0.0017006814960159836,0.5411595166993604,0.0027383452584277775,2.598245351894738,0.10519622581734023,0.6008426701174514,0.08148796013292019,0.02491546413616107,90,0.6220847914579157,0.5800730938424915,,,,,2.01019883630233,,0.3313866398488171,0.0023746303725852695,0.6098374912950901,0.0024032323779287277,0.0017006814960159836,0.0024032323779287277,0.0016935260402072823,FM,609.8374912950901,2.403232377928728,1.7006814960159835,1.6935260402072823,2.403232377928728,331.3866398488171,2.3746303725852695,,
78,-0.6199935784344868,0.842237699364578,0.030040212276507133,0.6093452527742488,0.0017964346958678034,0.5369903690718668,0.0026750152931731175,2.695551475993889,0.10974297705564821,0.5490839165467409,0.08597491987893414,0.01562203676359311,90,0.6237554708450403,0.6199935784344868,,,,,2.0578998981748504,,0.3313866398488171,0.0023746303725852695,0.6093452527742488,0.0024032323779287277,0.0017964346958678034,0.0024032323779287277,0.0008541857851767436,FM,609.3452527742488,2.403232377928728,1.7964346958678035,0.8541857851767436,2.403232377928728,331.3866398488171,2.3746303725852695,,
79,-0.6199935784344868,0.8703334905374578,0.02961336641534627,0.6078764831454913,0.001741349909067316,0.5351615243478982,0.002616416438524927,2.79680957691577,0.10880270422926083,0.46982786002812416,0.08477921184883651,0.023801527389971877,90,0.6220276470092186,0.6199935784344868,,,,,2.189153070842164,,0.3313866398488171,0.0023746303725852695,0.6078764831454913,0.0024032323779287277,0.001741349909067316,0.0024032323779287277,0.0008541857851767436,FM,607.8764831454913,2.403232377928728,1.7413499090673161,0.8541857851767436,2.403232377928728,331.3866398488171,2.3746303725852695,,
80,-0.6600124801850341,0.8247710951407013,0.028630548109242294,0.6086233462124246,0.0017911836090619782,0.5386735860025352,0.0028660959236770436,2.5746973139724654,0.10926649322218988,0.6337341818269936,0.08425448538929929,0.024383204690629347,89,0.6194322525774045,0.6600124801850341,,,,,1.996294554508445,,0.3313866398488171,0.0023746303725852695,0.6086233462124246,0.0024032323779287277,0.0017911836090619782,0.0024032323779287277,0.0013822951390272586,FM,608.6233462124246,2.403232377928728,1.7911836090619782,1.3822951390272586,2.403232377928728,331.3866398488171,2.3746303725852695,,
81,-0.6600124801850341,0.8592451981337321,0.02948019907031007,0.6079158614124247,0.0017552219708494965,0.536429662256054,0.0027420622136700677,2.726684475392581,0.11086759251862703,0.5158301128203326,0.08577847523568106,0.014296415773135484,89,0.6194301755921341,0.6600124801850341,,,,,2.1373254733841467,,0.3313866398488171,0.0023746303725852695,0.6079158614124247,0.0024032323779287277,0.0017552219708494965,0.0024032323779287277,0.0013822951390272586,FM,607.9158614124248,2.403232377928728,1.7552219708494965,1.3822951390272586,2.403232377928728,331.3866398488171,2.3746303725852695,,
82,-0.6999319241897743,0.8293723884491233,0.02912208061421251,0.6096552588707667,0.0017609789722156425,0.5400267898111212,0.0027406275619289862,2.580224910132997,0.10791370713545559,0.6240048022445611,0.08431489539785801,0.033306004569243215,90,0.6254848437832166,0.6999319241897743,,,,,2.0300270684924406,,0.3313866398488171,0.0023746303725852695,0.6096552588707667,0.0024032323779287277,0.0017609789722156425,0.0024032323779287277,0.0015865331524639373,FM,609.6552588707666,2.403232377928728,1.7609789722156424,1.5865331524639372,2.403232377928728,331.3866398488171,2.3746303725852695,,
83,-0.6999319241897743,0.8826877559055063,0.030421549390922453,0.6058678749152305,0.001735987879009433,0.5325222409073764,0.0025607469708590984,2.8542668812282965,0.11042457291478515,0.4271768883230531,0.08624083512547008,0.02341753021351356,90,0.6218201767228457,0.6999319241897743,,,,,2.2117111490000254,,0.3313866398488171,0.0023746303725852695,0.6058678749152305,0.0024032323779287277,0.001735987879009433,0.0024032323779287277,0.0015865331524639373,FM,605.8678749152306,2.403232377928728,1.735987879009433,1.5865331524639372,2.403232377928728,331.3866398488171,2.3746303725852695,,
84,-0.7400492314704475,0.8770094207737438,0.02888581621375979,0.6063665548978706,0.0017147423242825435,0.5339338045381723,0.002620914798248732,2.8098719909209287,0.10730313824588766,0.45638279710927043,0.08303782536582581,0.024008960771943394,90,0.6180818075039077,0.7400492314704475,,,,,2.170485233577903,,0.3313866398488171,0.0023746303725852695,0.6063665548978706,0.0024032323779287277,0.0017147423242825435,0.0024032323779287277,0.001070978448946027,FM,606.3665548978706,2.403232377928728,1.7147423242825435,1.070978448946027,2.403232377928728,331.3866398488171,2.3746303725852695,,
85,-0.7400492314704475,0.8537116016437437,0.030189975559805588,0.6083610014779559,0.0017577521831268399,0.5367037768239964,0.0026400077639420092,2.7133225426753187,0.11002129839553756,0.5269340329238801,0.08624991139928433,0.024506579654404982,90,0.6242141032064128,0.7400492314704475,,,,,2.0931363312848252,,0.3313866398488171,0.0023746303725852695,0.6083610014779559,0.0024032323779287277,0.0017577521831268399,0.0024032323779287277,0.001070978448946027,FM,608.3610014779559,2.403232377928728,1.75775218312684,1.070978448946027,2.403232377928728,331.3866398488171,2.3746303725852695,,
86,-0.7798702705578666,0.8544522217437044,0.030123867255116663,0.6077388725292587,0.0017371915189381805,0.5369618461588131,0.0026403226345726185,2.6911420445806487,0.10988424382438955,0.5397821874313716,0.08613092775261054,0.019405330942699372,90,0.6256151057837678,0.7798702705578666,,,,0.243890064418539,2.0369268118997246,0.010357097192705843,0.3313866398488171,0.0023746303725852695,0.6077388725292587,0.0024032323779287277,0.0017371915189381805,0.0024032323779287277,0.0023535066467049734,FM,607.7388725292587,2.403232377928728,1.7371915189381806,2.3535066467049734,2.403232377928728,331.3866398488171,2.3746303725852695,,
87,-0.7798702705578666,0.8798744916615828,0.029668133884660615,0.6068506202813625,0.0017013144187346223,0.5351827856229294,0.002591094880076909,2.7975025413006107,0.10888887687907618,0.45761063545956165,0.0848807158495122,0.023965079045914297,90,0.6226916944929857,0.7798702705578666,,,,,2.2099460399973916,,0.3313866398488171,0.0023746303725852695,0.6068506202813625,0.0024032323779287277,0.0017013144187346223,0.0024032323779287277,0.0023535066467049734,FM,606.8506202813625,2.403232377928728,1.7013144187346223,2.3535066467049734,2.403232377928728,331.3866398488171,2.3746303725852695,,
88,-0.8199875739302395,0.8302474449305356,0.030079698118346397,0.6097402562821643,0.0017534231237448625,0.5405867904452254,0.002705890297744872,2.5699683160379876,0.1098517567342275,0.6277575921154562,0.08647912240216414,0.027392868285021528,90,0.6289266191839678,0.8199875739302395,,,,,1.9944533520498509,,0.3313866398488171,0.0023746303725852695,0.6097402562821643,0.0024032323779287277,0.0017534231237448625,0.0024032323779287277,0.0011753518033353273,FM,609.7402562821643,2.403232377928728,1.7534231237448625,1.1753518033353274,2.403232377928728,331.3866398488171,2.3746303725852695,,
89,-0.8199875739302395,0.842148010394942,0.029628349755158687,0.6085842746671344,0.0017464338175638562,0.5384776559013958,0.0026890934436870945,2.633694307715615,0.10890633881990695,0.5814031119991016,0.08523196105338025,0.023335437603108317,90,0.6243988014396795,0.8199875739302395,,,,,1.9992307734876835,,0.3313866398488171,0.0023746303725852695,0.6085842746671344,0.0024032323779287277,0.0017464338175638562,0.0024032323779287277,0.0011753518033353273,FM,608.5842746671344,2.403232377928728,1.746433817563856,1.1753518033353274,2.403232377928728,331.3866398488171,2.3746303725852695,,
90,-0.8599070248579204,0.7804663039834072,0.02689249613057334,0.611131173702455,0.0018220562650922724,0.543058195175408,0.0029590533905248027,2.3859179377979585,0.10360878463086276,0.7762781921887547,0.07988526298545251,0.022736556980892397,90,0.6227667391976454,0.8599070248579204,,,,,1.8701575900566987,,0.3313866398488171,0.0023746303725852695,0.611131173702455,0.0024032323779287277,0.0018220562650922724,0.0024032323779287277,0.001874151721124399,FM,611.1311737024549,2.403232377928728,1.8220562650922725,1.874151721124399,2.403232377928728,331.3866398488171,2.3746303725852695,,
91,-0.8599070248579204,0.8441794315459156,0.02752662103753563,0.6084149231887022,0.0017267474282392763,0.5381102937129428,0.002745367156030182,2.6454780146363253,0.10466743699713638,0.5723339969370014,0.08059289769927086,0.022700590203942064,90,0.616488763847144,0.8599070248579204,,,,,2.0861259950945215,,0.3313866398488171,0.0023746303725852695,0.6084149231887022,0.0024032323779287277,0.0017267474282392763,0.0024032323779287277,0.001874151721124399,FM,608.4149231887021,2.403232377928728,1.7267474282392763,1.874151721124399,2.403232377928728,331.3866398488171,2.3746303725852695,,
92,-0.8999259227847589,0.8843701486614486,0.031263605610173995,0.6055086310335671,0.0017073680276570085,0.5335145905275678,0.0025283616958059712,2.8200915708924876,0.11215350352770674,0.44422169236000536,0.08820452083986158,0.017522421267454208,90,0.6240632309338677,0.8999259227847589,,,,,2.1209603520020766,,0.3313866398488171,0.0023746303725852695,0.6055086310335671,0.0024032323779287277,0.0017073680276570085,0.0024032323779287277,0.0015242984778048173,FM,605.5086310335671,2.403232377928728,1.7073680276570085,1.5242984778048172,2.403232377928728,331.3866398488171,2.3746303725852695,,
93,-0.8999259227847589,0.8775279253255988,0.029783168425910753,0.60689441576255,0.00171725910524234,0.5347121999653636,0.0025933472096973786,2.8044810562893843,0.10913009609933368,0.455372461076881,0.08508757909916079,0.02288869413619002,90,0.6207329456806612,0.8999259227847589,,,,,2.233141233905304,,0.3313866398488171,0.0023746303725852695,0.60689441576255,0.0024032323779287277,0.00171725910524234,0.0024032323779287277,0.0015242984778048173,FM,606.89441576255,2.403232377928728,1.71725910524234,1.5242984778048172,2.403232377928728,331.3866398488171,2.3746303725852695,,
94,-0.899925921062395,0.8249845459439119,0.029069804871836958,0.609080869983968,0.0018397917891292115,0.5361119107205525,0.002754719960492052,2.6574529189385276,0.10781966982344697,0.583855703245584,0.08378983838141163,0.019488773415115002,90,0.6210631514338678,0.899925921062395,,,,,2.0468826723254736,,0.3313866398488171,0.0023746303725852695,0.609080869983968,0.0024032323779287277,0.0018397917891292115,0.0024032323779287277,0.0015242984778048173,FM,609.080869983968,2.403232377928728,1.8397917891292115,1.5242984778048172,2.403232377928728,331.3866398488171,2.3746303725852695,,
95,-0.899925921062395,0.8743181468156235,0.02978512217633809,0.6079639401853959,0.0017475478881257879,0.5346306891081078,0.002601200262543412,2.825971205529294,0.10914267646430452,0.443996713279469,0.08509008843167509,0.015926135411718015,90,0.6215880303176353,0.899925921062395,,,,,2.175232624721619,,0.3313866398488171,0.0023746303725852695,0.6079639401853959,0.0024032323779287277,0.0017475478881257879,0.0024032323779287277,0.0015242984778048173,FM,607.9639401853959,2.403232377928728,1.747547888125788,1.5242984778048172,2.403232377928728,331.3866398488171,2.3746303725852695,,
96,-0.8600064738128428,0.8700752135361632,0.030103712679868704,0.606627355855436,0.001757172234665901,0.533382050005048,0.00260162228807412,2.8101186979804003,0.10980466901964513,0.46132109391598214,0.08566286107016491,0.011302963203073137,90,0.6203015570197896,0.8600064738128428,,,,,2.163817483249785,,0.3313866398488171,0.0023746303725852695,0.606627355855436,0.0024032323779287277,0.001757172234665901,0.0024032323779287277,0.001874151721124399,FM,606.627355855436,2.403232377928728,1.7571722346659011,1.874151721124399,2.403232377928728,331.3866398488171,2.3746303725852695,,
97,-0.8600064738128428,0.8234421490622071,0.0287636422828562,0.6093034538472193,0.0018220360575975027,0.5371857360178752,0.0027689036322291515,2.629155244356121,0.1072072721679806,0.602349046172753,0.08323986984512874,0.01743659635665554,90,0.6213724006823146,0.8600064738128428,,,,,1.9899634047300503,,0.3313866398488171,0.0023746303725852695,0.6093034538472193,0.0024032323779287277,0.0018220360575975027,0.0024032323779287277,0.001874151721124399,FM,609.3034538472193,2.403232377928728,1.8220360575975028,1.874151721124399,2.403232377928728,331.3866398488171,2.3746303725852695,,
98,-0.8199865292186207,0.8660092099479038,0.029652230197443227,0.6072561208902553,0.0017426717707293112,0.5349255458113923,0.002626097881118023,2.771048490067449,0.1088928890390069,0.487348756248969,0.08484815738341446,0.02456130634613365,90,0.6228161859118234,0.8199865292186207,,,,,2.1680849044360997,,0.3313866398488171,0.0023746303725852695,0.6072561208902553,0.0024032323779287277,0.0017426717707293112,0.0024032323779287277,0.0011753518033353273,FM,607.2561208902553,2.403232377928728,1.7426717707293111,1.1753518033353274,2.403232377928728,331.3866398488171,2.3746303725852695,,
99,-0.8199865292186207,0.8724511839777818,0.029348938923411255,0.6073414441013275,0.0017038644157028361,0.5361649435567984,0.0026190694582735826,2.7597849510740486,0.10825808152921247,0.48494606843792537,0.08430233484596167,0.024355524791018834,90,0.6196859565130259,0.8199865292186207,,,,,2.153065707017233,,0.3313866398488171,0.0023746303725852695,0.6073414441013275,0.0024032323779287277,0.0017038644157028361,0.0024032323779287277,0.0011753518033353273,FM,607.3414441013275,2.403232377928728,1.7038644157028362,1.1753518033353274,2.403232377928728,331.3866398488171,2.3746303725852695,,
100,-0.779869221472421,0.8664884822515356,0.029026152225521667,0.6076977295980959,0.0017001321101687015,0.5371941801484618,0.0026437349090773473,2.7211796492199873,0.10761870472765475,0.5126306882492997,0.08371825385804078,0.021401609861032116,90,0.6196855234148294,0.779869221472421,,,,,2.1465425139011116,,0.3313866398488171,0.0023746303725852695,0.6076977295980959,0.0024032323779287277,0.0017001321101687015,0.0024032323779287277,0.0023535066467049734,FM,607.6977295980959,2.403232377928728,1.7001321101687015,2.3535066467049734,2.403232377928728,331.3866398488171,2.3746303725852695,,
101,-0.779869221472421,0.8020535587610992,0.027973911965987332,0.6120643333443134,0.0017901616431793795,0.543593523230313,0.0028572827140812248,2.4635271334269224,0.10568495647373977,0.7105452487746996,0.08224229491774981,0.014666831864870281,90,0.6235901892973446,0.779869221472421,,,,,1.8965204363872603,,0.3313866398488171,0.0023746303725852695,0.6120643333443134,0.0024032323779287277,0.0017901616431793795,0.0024032323779287277,0.0023535066467049734,FM,612.0643333443135,2.403232377928728,1.7901616431793794,2.3535066467049734,2.403232377928728,331.3866398488171,2.3746303725852695,,
102,-0.7400492251870817,0.8529506864072591,0.030648423867262308,0.6078261689659319,0.0017869550568548396,0.5350224643653595,0.0026260329725806605,2.7427204072861193,0.1109598493030478,0.5144501210256578,0.08707599755609834,0.021691762217703997,90,0.6238396177619239,0.7400492251870817,,,,,2.116766054465637,,0.3313866398488171,0.0023746303725852695,0.6078261689659319,0.0024032323779287277,0.0017869550568548396,0.0024032323779287277,0.001070978448946027,FM,607.8261689659319,2.403232377928728,1.7869550568548396,1.070978448946027,2.403232377928728,331.3866398488171,2.3746303725852695,,
103,-0.7400492251870817,0.8462499460328434,0.030403615235284356,0.6088392911134269,0.0017997189110908534,0.5369382835579977,0.002748834505313689,2.6966897931013056,0.1127676712288859,0.5414950589683807,0.08788421054153277,0.021334215576327937,89,0.6230129949751504,0.7400492251870817,,,,,2.067552652300054,,0.3313866398488171,0.0023746303725852695,0.6088392911134269,0.0024032323779287277,0.0017997189110908534,0.0024032323779287277,0.001070978448946027,FM,608.839291113427,2.403232377928728,1.7997189110908534,1.070978448946027,2.403232377928728,331.3866398488171,2.3746303725852695,,
104,-0.6999308726581505,0.8437475170124692,0.029944955347978783,0.6084511926703405,0.0017651850341447394,0.5373675186675969,0.002674267187465499,2.6656980427555954,0.10954572172367379,0.566498076331522,0.08580369849750313,0.01969983907414225,90,0.6249125466132261,0.6999308726581505,,,,,2.050681148084009,,0.3313866398488171,0.0023746303725852695,0.6084511926703405,0.0024032323779287277,0.0017651850341447394,0.0024032323779287277,0.0015865331524639373,FM,608.4511926703406,2.403232377928728,1.7651850341447395,1.5865331524639372,2.403232377928728,331.3866398488171,2.3746303725852695,,
105,-0.6999308726581505,0.8537403490470044,0.02947473413442149,0.6082791176863728,0.0017806616763879999,0.5352870841266818,0.0026632826947264824,2.7506087246599793,0.10856450976347538,0.5093536692404939,0.08452498548174638,0.018132302265638785,90,0.6213736438931864,0.6999308726581505,,,,,2.080375232337159,,0.3313866398488171,0.0023746303725852695,0.6082791176863728,0.0024032323779287277,0.0017806616763879999,0.0024032323779287277,0.0015865331524639373,FM,608.2791176863727,2.403232377928728,1.7806616763879999,1.5865331524639372,2.403232377928728,331.3866398488171,2.3746303725852695,,
106,-0.6600114279313654,0.8318699161433274,0.028480179589671983,0.6090359232518534,0.0017704678014558173,0.5383952619285164,0.0027534907327271476,2.615605147834916,0.10661408781839703,0.6030193537901417,0.08273089389589354,0.013968811382318157,90,0.6214936731859716,0.6600114279313654,,,,,1.9856053327806025,,0.3313866398488171,0.0023746303725852695,0.6090359232518534,0.0024032323779287277,0.0017704678014558173,0.0024032323779287277,0.0013822951390272586,FM,609.0359232518534,2.403232377928728,1.7704678014558173,1.3822951390272586,2.403232377928728,331.3866398488171,2.3746303725852695,,
107,-0.6600114279313654,0.8949675702256207,0.028992490794359012,0.6059198039835669,0.001671309584703565,0.5339623145802458,0.002573680945247198,2.8534367457295726,0.10746652876894099,0.4204438779368891,0.0832315049890738,0.02555142646853117,90,0.6179627070781561,0.6600114279313654,,,,,2.2126116020998716,,0.3313866398488171,0.0023746303725852695,0.6059198039835669,0.0024032323779287277,0.001671309584703565,0.0024032323779287277,0.0013822951390272586,FM,605.9198039835669,2.403232377928728,1.671309584703565,1.3822951390272586,2.403232377928728,331.3866398488171,2.3746303725852695,,
108,-0.6199925285033684,0.8472394951476484,0.029661671445892008,0.6097466469643789,0.0017600458432443465,0.5384735469647584,0.00267441204696564,2.681553813920011,0.10896075583038246,0.5530983362809536,0.08529378506774056,0.014240651030815796,90,0.6240020518481966,0.6199925285033684,,,,,2.070162554949582,,0.3313866398488171,0.0023746303725852695,0.6097466469643789,0.0024032323779287277,0.0017600458432443465,0.0024032323779287277,0.0008541857851767436,FM,609.7466469643789,2.403232377928728,1.7600458432443464,0.8541857851767436,2.403232377928728,331.3866398488171,2.3746303725852695,,
109,-0.6199925285033684,0.8533938424127266,0.02921609614136488,0.6084118082503759,0.001762471088007965,0.5362130702872765,0.0026722279584298647,2.727618018638669,0.10804049255583066,0.5223506816657985,0.08405896559478823,0.022639310029636334,90,0.6219787908577157,0.6199925285033684,,,,,2.075775321565435,,0.3313866398488171,0.0023746303725852695,0.6084118082503759,0.0024032323779287277,0.001762471088007965,0.0024032323779287277,0.0008541857851767436,FM,608.4118082503759,2.403232377928728,1.7624710880079648,0.8541857851767436,2.403232377928728,331.3866398488171,2.3746303725852695,,
110,-0.5800720351818384,0.8716894569754713,0.02927046255835199,0.6068957816525048,0.0016908967115903883,0.5364311135089354,0.0026233109964381818,2.735774974884103,0.10810046425445892,0.5046977469907501,0.08416045051633614,0.021905545305210734,90,0.6201791984577152,0.5800720351818384,,,,,2.098443183590224,,0.3313866398488171,0.0023746303725852695,0.6068957816525048,0.0024032323779287277,0.0016908967115903883,0.0024032323779287277,0.0016935260402072823,FM,606.8957816525048,2.403232377928728,1.6908967115903883,1.6935260402072823,2.403232377928728,331.3866398488171,2.3746303725852695,,
111,-0.5800720351818384,0.8488296980287225,0.02871399345195849,0.6088138451701403,0.0017411663105865445,0.5379260332027413,0.002699514321539816,2.676936785001886,0.10703719354080594,0.5555624193980144,0.0831533189551784,0.02295661174841252,90,0.6221518699679359,0.5800720351818384,,,,,1.984843436638871,,0.3313866398488171,0.0023746303725852695,0.6088138451701403,0.0024032323779287277,0.0017411663105865445,0.0024032323779287277,0.0016935260402072823,FM,608.8138451701402,2.403232377928728,1.7411663105865445,1.6935260402072823,2.403232377928728,331.3866398488171,2.3746303725852695,,
112,-0.5399536855138596,0.8296555174322974,0.02893860616508681,0.6105030134388778,0.0017626754787026778,0.5406977056341465,0.0027456899037071676,2.585493119086618,0.10754320232763825,0.6235629575582995,0.08398413378854051,0.020968899975238642,90,0.6245985533803607,0.5399536855138596,,,,,2.005561781564025,,0.3313866398488171,0.0023746303725852695,0.6105030134388778,0.0024032323779287277,0.0017626754787026778,0.0024032323779287277,0.001830118171581111,FM,610.5030134388778,2.403232377928728,1.7626754787026777,1.830118171581111,2.403232377928728,331.3866398488171,2.3746303725852695,,
113,-0.5399536855138596,0.8883460573555326,0.03010055231538174,0.6067167331419088,0.0017129283922238932,0.5338169258880274,0.0025574652423351347,2.858872927555921,0.10975128880793132,0.41954441150635263,0.08566427679781494,0.018295952634897288,90,0.6204019497928357,0.5399536855138596,,,,,2.237050178988495,,0.3313866398488171,0.0023746303725852695,0.6067167331419088,0.0024032323779287277,0.0017129283922238932,0.0024032323779287277,0.001830118171581111,FM,606.7167331419088,2.403232377928728,1.7129283922238931,1.830118171581111,2.403232377928728,331.3866398488171,2.3746303725852695,,
114,-0.4998353308840822,0.8473829801700733,0.02911435070150616,0.6080118169204409,0.0017614128041768668,0.5364473893727483,0.0026913753046786705,2.6908993651491544,0.10785056616323274,0.5510929697304185,0.08387465047977317,0.019936901598989126,90,0.6204910986652304,0.4998353308840822,,,,,2.073460479775172,,0.3313866398488171,0.0023746303725852695,0.6080118169204409,0.0024032323779287277,0.0017614128041768668,0.0024032323779287277,0.0016095701707328225,FM,608.0118169204409,2.403232377928728,1.7614128041768669,1.6095701707328225,2.403232377928728,331.3866398488171,2.3746303725852695,,
115,-0.4998353308840822,0.8167826915600342,0.02768582026676231,0.6115338563123247,0.001794133834971062,0.5409449209364966,0.0028208205155257236,2.566794442665943,0.10506897554321759,0.6425313940257601,0.08130230808467313,0.012921336674287623,90,0.6224645034092184,0.4998353308840822,,,,,1.9527365402175914,,0.3313866398488171,0.0023746303725852695,0.6115338563123247,0.0024032323779287277,0.001794133834971062,0.0024032323779287277,0.0016095701707328225,FM,611.5338563123247,2.403232377928728,1.794133834971062,1.6095701707328225,2.403232377928728,331.3866398488171,2.3746303725852695,,
116,-0.4600163855777314,0.8551977943630813,0.030823567894399363,0.607871231811398,0.0017973868671624653,0.5344375641618709,0.0026141158348258996,2.767499906568335,0.11131369042240105,0.5035990255319159,0.08739292369769071,0.026395074755821802,90,0.6263892381528058,0.4600163855777314,,,,,2.1077794295604315,,0.3313866398488171,0.0023746303725852695,0.607871231811398,0.0024032323779287277,0.0017973868671624653,0.0024032323779287277,0.000993166029769408,FM,607.871231811398,2.403232377928728,1.7973868671624653,0.993166029769408,2.403232377928728,331.3866398488171,2.3746303725852695,,
117,-0.4600163855777314,0.8713642150366648,0.029823023608042887,0.6073399526696891,0.0017451907707953698,0.5344262252990352,0.00260735259354274,2.8048037733037816,0.10922792562535906,0.46664279556791843,0.0851575775445451,0.019785115885918192,90,0.6197345473857714,0.4600163855777314,,,,,2.1863310843144936,,0.3313866398488171,0.0023746303725852695,0.6073399526696891,0.0024032323779287277,0.0017451907707953698,0.0024032323779287277,0.000993166029769408,FM,607.3399526696891,2.403232377928728,1.7451907707953698,0.993166029769408,2.403232377928728,331.3866398488171,2.3746303725852695,,
118,-0.41989803107421214,0.9300575964283889,0.02869334102954927,0.6021953966364733,0.001574662435223881,0.532722593683253,0.0025823924169508334,2.887871106997722,0.10904895136464854,0.39804756637251326,0.08347187264415318,0.021409073948659055,89,0.6110984408428859,0.41989803107421214,,,,,2.149478486507297,,0.3313866398488171,0.0023746303725852695,0.6021953966364733,0.0024032323779287277,0.001574662435223881,0.0024032323779287277,0.0019684683141720487,FM,602.1953966364732,2.403232377928728,1.574662435223881,1.9684683141720487,2.403232377928728,331.3866398488171,2.3746303725852695,,
119,-0.41989803107421214,0.928987655394209,0.02953406080332609,0.6033305127571393,0.0015869087189753252,0.5328107913797671,0.002480795297036611,2.9178604136260415,0.10847231219981168,0.379496090052047,0.08421477557823462,0.015252234149708853,90,0.6179495901177355,0.41989803107421214,,,,,2.202921508496103,,0.3313866398488171,0.0023746303725852695,0.6033305127571393,0.0024032323779287277,0.0015869087189753252,0.0024032323779287277,0.0019684683141720487,FM,603.3305127571393,2.403232377928728,1.5869087189753253,1.9684683141720487,2.403232377928728,331.3866398488171,2.3746303725852695,,
120,-0.37997858584399197,0.9988829692832905,0.027994475547298316,0.5802648447479208,0.0013685786521555195,0.5160195974138019,0.002368587818228666,2.920358284811948,0.10504943480838473,0.48378957920992477,0.07887520350582368,0.017461183043792107,90,0.5915942879928857,0.37997858584399197,,,,0.33474537601461474,1.5687232460912148,0.012310165769621248,0.3313866398488171,0.0023746303725852695,0.5802648447479208,0.0024032323779287277,0.0013685786521555195,0.0024032323779287277,0.002014803091379461,spinflip,580.2648447479208,2.403232377928728,1.3685786521555194,2.014803091379461,2.403232377928728,331.3866398488171,2.3746303725852695,,
121,-0.37997858584399197,0.9797626860971292,0.02689808259209323,0.5828058084034069,0.001375798829611283,0.519523184860793,0.002427010759631127,2.83030210242939,0.10288516819618813,0.5455183513313145,0.07691557474534017,0.026455654110002873,90,0.5918180609063127,0.37997858584399197,,,,0.3348776895015942,1.4662223587195373,0.010745971812452427,0.3313866398488171,0.0023746303725852695,0.5828058084034069,0.0024032323779287277,0.001375798829611283,0.0024032323779287277,0.002014803091379461,spinflip,582.8058084034069,2.403232377928728,1.375798829611283,2.014803091379461,2.403232377928728,331.3866398488171,2.3746303725852695,,
122,-0.3399596883455449,0.5817949917610519,0.02273670789531779,0.8603733282188379,0.0023686644039196095,0.8000916687089235,0.007518334834286626,1.6154252751688731,0.17094119900090438,1.570507333125028,0.1521631305070773,0.026578568053198838,73,0.8629886071922849,0.3399596883455449,0.34947776922709595,0.007045894502773788,0.6137282381506348,0.9632060073777308,0.5950348678862889,0.011863365777070676,0.3313866398488171,0.0023746303725852695,0.8603733282188379,0.016878535770448077,0.0023686644039196095,0.0024032323779287277,0.016878535770448077,spinflip,860.373328218838,16.878535770448078,2.3686644039196096,16.878535770448078,2.403232377928728,331.3866398488171,2.3746303725852695,349.47776922709596,7.0458945027737885
123,-0.3399596883455449,0.5726211742938215,0.02468919534101494,0.8630427848733465,0.002539648605820741,0.795140269621842,0.007604700403717129,1.7475395745620075,0.17333766201111894,1.473537821221757,0.15588544266801327,0.01745936742130737,73,0.8617321399741481,0.3399596883455449,0.3433221520627012,0.011708020591873347,0.6186062016050474,0.9619283536677486,0.5955613219962976,0.010858215446367317,0.3313866398488171,0.0023746303725852695,0.8630427848733465,0.016878535770448077,0.002539648605820741,0.0024032323779287277,0.016878535770448077,spinflip,863.0427848733465,16.878535770448078,2.5396486058207413,16.878535770448078,2.403232377928728,331.3866398488171,2.3746303725852695,343.3221520627012,11.708020591873346
124,-0.3000402547992519,0.6892798599015378,0.018473209654442452,0.8408056716044591,0.0018090854986208724,0.8031824874350049,0.005679314912353195,1.2635563489492492,0.14553617838671437,1.9971629395723116,0.12635766200803197,0.02544452136373489,76,0.8510067090800603,0.3000402547992519,0.33266086505461534,0.009062316262603086,0.6300986790015801,0.9627595440561955,0.7149374606587262,0.0152470336209778,0.3313866398488171,0.0023746303725852695,0.8408056716044591,0.008205500842457832,0.0018090854986208724,0.0024032323779287277,0.008205500842457832,spinflip,840.8056716044591,8.205500842457832,1.8090854986208724,8.205500842457832,2.403232377928728,331.3866398488171,2.3746303725852695,332.66086505461533,9.062316262603085
125,-0.3000402547992519,0.7364063792783934,0.022732718435726336,0.8451091125516782,0.0018411670053117162,0.7977934588121693,0.005711942340654161,1.6627664602878622,0.163246813926942,1.6163895081164559,0.14541464719871644,0.018557998394369644,74,0.8562370388737475,0.3000402547992519,0.35887230490329214,0.005951448475615134,0.6038028977497,0.9626752026529921,0.7430682135623063,0.012568308161000238,0.3313866398488171,0.0023746303725852695,0.8451091125516782,0.008205500842457832,0.0018411670053117162,0.0024032323779287277,0.008205500842457832,spinflip,845.1091125516782,8.205500842457832,1.8411670053117162,8.205500842457832,2.403232377928728,331.3866398488171,2.3746303725852695,358.87230490329216,5.951448475615134
126,-0.25992190769536916,0.7176486212137347,0.014346680968028281,0.8040777107294587,0.0014735251291539831,0.785553621734442,0.0038587266597210255,0.6661303103371718,0.09420169521514124,2.6925368930144162,0.08000648608318275,0.02497881096389167,86,0.8104740954212422,0.25992190769536916,0.337545620943865,0.02275092550834145,0.6156593124481857,0.9532049333920507,0.7363505489921393,0.017485764534756146,0.3313866398488171,0.0023746303725852695,0.8040777107294587,0.01676857164023765,0.0014735251291539831,0.0024032323779287277,0.01676857164023765,AFM,804.0777107294587,16.76857164023765,1.473525129153983,16.76857164023765,2.403232377928728,331.3866398488171,2.3746303725852695,337.545620943865,22.75092550834145
127,-0.25992190769536916,0.7161496013515988,0.013829220900876802,0.7960339152136772,0.0014289433968852668,0.7810586772961371,0.0036329299704362873,0.5378611909286669,0.0870527538442227,2.8337383015968265,0.07381041488036948,0.031246616464865755,88,0.7999102309016031,0.25992190769536916,0.32958971994648634,0.01238621762987313,0.616040550218569,0.9456302701650553,0.7293797829904117,0.013767704702356512,0.3313866398488171,0.0023746303725852695,0.7960339152136772,0.01676857164023765,0.0014289433968852668,0.0024032323779287277,0.01676857164023765,AFM,796.0339152136771,16.76857164023765,1.428943396885267,16.76857164023765,2.403232377928728,331.3866398488171,2.3746303725852695,329.58971994648635,12.38621762987313
128,-0.22000246930432393,0.7006836004435305,0.013817449915751404,0.7929537713046092,0.0014470303021133074,0.7761571892476813,0.003600079749636189,0.5900513248295827,0.08416421075408265,2.829350285849872,0.07177397974433179,0.03187311901624182,89,0.7958215512254507,0.22000246930432393,0.34434706697971373,0.006865365950393833,0.6036525138529137,0.9479995808326275,0.7191433554118805,0.013783789321341776,0.3313866398488171,0.0023746303725852695,0.7929537713046092,0.02094901996740773,0.0014470303021133074,0.0024032323779287277,0.02094901996740773,AFM,792.9537713046092,20.94901996740773,1.4470303021133075,20.94901996740773,2.403232377928728,331.3866398488171,2.3746303725852695,344.34706697971376,6.865365950393833
129,-0.22000246930432393,0.6851219247695446,0.012688245287004782,0.7948423760288323,0.00144422494894583,0.7819851556307598,0.0035775740948811303,0.4427272633442406,0.0799317196449365,2.958105208902442,0.06659453545723157,0.031085287269391776,90,0.7951344644469935,0.22000246930432393,0.3298294618188472,0.019847516059603533,0.615647230108558,0.9454766919274052,0.7136570409414649,0.015266477378296266,0.3313866398488171,0.0023746303725852695,0.7948423760288323,0.02094901996740773,0.00144422494894583,0.0024032323779287277,0.02094901996740773,AFM,794.8423760288323,20.94901996740773,1.4442249489458299,20.94901996740773,2.403232377928728,331.3866398488171,2.3746303725852695,329.8294618188472,19.84751605960353
130,-0.1799835817512253,0.7130966066345572,0.013714351381428937,0.7935683114138274,0.0014187554574795387,0.777553623461513,0.0035385874292260333,0.5721825047319847,0.08394001921966054,2.833513155398089,0.07134855456954893,0.031055028351175497,89,0.7966394983835168,0.1799835817512253,0.3473103166668794,0.009230894064029016,0.5989204941163513,0.9462308107832307,0.725703534322278,0.017109315546264103,0.3313866398488171,0.0023746303725852695,0.7935683114138274,0.007545375349157783,0.0014187554574795387,0.0024032323779287277,0.007545375349157783,AFM,793.5683114138275,7.5453753491577835,1.4187554574795387,7.5453753491577835,2.403232377928728,331.3866398488171,2.3746303725852695,347.3103166668794,9.230894064029016
131,-0.1799835817512253,0.6959186257503688,0.013104709702081859,0.7953314925070143,0.0014429009757263081,0.7825361109773428,0.0036283731729066532,0.4483492029073128,0.08324700058089866,2.9447739711756427,0.06976875283882845,0.03501612522166455,89,0.7954667650636276,0.1799835817512253,0.3243214695415587,0.009389402751951766,0.6161458523137182,0.9404673218552769,0.721637208582236,0.01701318778433946,0.3313866398488171,0.0023746303725852695,0.7953314925070143,0.007545375349157783,0.0014429009757263081,0.0024032323779287277,0.007545375349157783,AFM,795.3314925070143,7.5453753491577835,1.442900975726308,7.5453753491577835,2.403232377928728,331.3866398488171,2.3746303725852695,324.3214695415587,9.389402751951767
132,-0.13986629329470343,0.6905776257937963,0.012323789435882455,0.7953395923704909,0.0014202772400629875,0.7857680025436622,0.0035510689069084955,0.3325451321938208,0.07942013129465944,3.073740756275571,0.06436998673347417,0.033364391853941605,90,0.7904146690445891,0.13986629329470343,0.330498137130695,0.010028367031495341,0.6185500779612169,0.9490482150919118,0.7090421981211776,0.01491000402837673,0.3313866398488171,0.0023746303725852695,0.7953395923704909,0.007516541022766268,0.0014202772400629875,0.0024032323779287277,0.007516541022766268,AFM,795.3395923704909,7.516541022766268,1.4202772400629875,7.516541022766268,2.403232377928728,331.3866398488171,2.3746303725852695,330.498137130695,10.02836703149534
133,-0.13986629329470343,0.7036347614189151,0.012544559840476642,0.7956459031330162,0.00139915915687847,0.7858844216895114,0.0034846055734092905,0.34582641443375844,0.07961278673265464,3.0491826390731354,0.06561835007008365,0.028400090794309656,90,0.7928968652765532,0.13986629329470343,0.33632367725562595,0.007914451908573603,0.6113758822295623,0.9476995594851882,0.71864963336981,0.012955448603543257,0.3313866398488171,0.0023746303725852695,0.7956459031330162,0.007516541022766268,0.00139915915687847,0.0024032323779287277,0.007516541022766268,AFM,795.6459031330162,7.516541022766268,1.39915915687847,7.516541022766268,2.403232377928728,331.3866398488171,2.3746303725852695,336.32367725562597,7.914451908573603
134,-0.09994689840110098,0.7367665349807244,0.015442868334533793,0.8096483370724451,0.0014911351034340237,0.7869812814782559,0.004006849241643285,0.8317468944183161,0.10271346236865117,2.5440931073797564,0.08813145027430438,0.027251803714063792,84,0.816101339032365,0.09994689840110098,0.33460309986115067,0.010149062151183825,0.6173459810246498,0.9519490808858004,0.7569053701059496,0.01314366761639374,0.3313866398488171,0.0023746303725852695,0.8096483370724451,0.0024032323779287277,0.0014911351034340237,0.0024032323779287277,0.0017335508041535156,AFM,809.6483370724451,2.403232377928728,1.4911351034340237,1.7335508041535157,2.403232377928728,331.3866398488171,2.3746303725852695,334.60309986115067,10.149062151183825
135,-0.09994689840110098,0.7330511021249515,0.014484930374003986,0.8095045871887776,0.0014608312325787947,0.7895753786684823,0.0039021487140451106,0.729923784698719,0.0978017417227803,2.6275660785945307,0.08277528774882356,0.03570641109548996,85,0.8139926313579159,0.09994689840110098,0.33536854770723235,0.010065702591743504,0.6185873442427086,0.9539558919499409,0.7433341480012147,0.013613963462361413,0.3313866398488171,0.0023746303725852695,0.8095045871887776,0.0024032323779287277,0.0014608312325787947,0.0024032323779287277,0.0017335508041535156,AFM,809.5045871887776,2.403232377928728,1.4608312325787947,1.7335508041535157,2.403232377928728,331.3866398488171,2.3746303725852695,335.3685477072323,10.065702591743504
136,-0.05992809441322158,0.7190492836444228,0.015496926287148929,0.80894222675253,0.0015308200567379555,0.7860374293038128,0.0041041486656482225,0.8199645370532408,0.10289496220206779,2.573486958084812,0.08846096908537232,0.033784247632770104,84,0.8161021562950401,0.05992809441322158,0.3276285428980986,0.008476164856657439,0.6217504253292806,0.9493789682273792,0.7401399100802664,0.01571707001643202,0.3313866398488171,0.0023746303725852695,0.80894222675253,0.0035974135303453504,0.0015308200567379555,0.0024032323779287277,0.0035974135303453504,AFM,808.94222675253,3.5974135303453503,1.5308200567379555,3.5974135303453503,2.403232377928728,331.3866398488171,2.3746303725852695,327.6285428980986,8.476164856657439
137,-0.05992809441322158,0.7302633937324077,0.014060130907855925,0.8120602906068134,0.001466006416756225,0.7995867649571449,0.004051152421924839,0.4580250557408594,0.10105145278563582,2.8479035230645366,0.08377693835714857,0.045287280740158246,84,0.8161064410549096,0.05992809441322158,0.32744302659089153,0.0072147487281433755,0.6305765439058432,0.9580195704967347,0.7354668563453033,0.01576637745302491,0.3313866398488171,0.0023746303725852695,0.8120602906068134,0.0035974135303453504,0.001466006416756225,0.0024032323779287277,0.0035974135303453504,AFM,812.0602906068134,3.5974135303453503,1.466006416756225,3.5974135303453503,2.403232377928728,331.3866398488171,2.3746303725852695,327.4430265908915,7.214748728143375
138,-0.011491096553419086,0.7513001948082004,0.016172691766758264,0.807777976315205,0.0014761150618949664,0.7831200922139008,0.0039250490255174604,0.9209283679398764,0.10356905013904705,2.465199960069824,0.08976462426811073,0.0224389401569429,84,0.8157505395957911,0.011491096553419086,0.32768565748366685,0.005820238642091113,0.6161361943245255,0.9438218518081923,0.770573857258287,0.012913615919784785,0.3313866398488171,0.0023746303725852695,0.807777976315205,0.0032061466979236334,0.0014761150618949664,0.0024032323779287277,0.0032061466979236334,AFM,807.777976315205,3.2061466979236335,1.4761150618949663,3.2061466979236335,2.403232377928728,331.3866398488171,2.3746303725852695,327.68565748366683,5.820238642091113
139,-0.011491096553419086,0.7138547801458883,0.014381378291680147,0.8123121524583663,0.0015136505499712537,0.7942565723664607,0.00414159945398961,0.6451710738494943,0.10154364669109038,2.713251888562595,0.08542212888053786,0.04282491574546058,84,0.8157180156796588,0.011491096553419086,0.32316252688482483,0.008421529448995439,0.6322779263199925,0.9554404532048173,0.7420316578907824,0.01684259133033571,0.3313866398488171,0.0023746303725852695,0.8123121524583663,0.0032061466979236334,0.0015136505499712537,0.0024032323779287277,0.0032061466979236334,AFM,812.3121524583663,3.2061466979236335,1.5136505499712538,3.2061466979236335,2.403232377928728,331.3866398488171,2.3746303725852695,323.16252688482484,8.421529448995438
140,0.020011306803904637,0.7381657174368855,0.015425852771103333,0.8099392516009521,0.0014881005062048868,0.7871407678472343,0.003999460134712104,0.8384560496129274,0.10268300814390298,2.540624063247762,0.08807230008886355,0.03791466458955649,84,0.8159839235901807,0.020011306803904637,0.33633833214053943,0.009186856838222825,0.6192483704848936,0.955586702625433,0.7644646771597579,0.015973638372869848,0.3313866398488171,0.0023746303725852695,0.8099392516009521,0.0024032323779287277,0.0014881005062048868,0.0024032323779287277,0.0012171111850021604,AFM,809.9392516009522,2.403232377928728,1.4881005062048869,1.2171111850021603,2.403232377928728,331.3866398488171,2.3746303725852695,336.3383321405394,9.186856838222825
141,0.020011306803904637,0.7116791326730607,0.014710166217949528,0.8103547268825149,0.00152736117199987,0.7912267635017615,0.004151961454207113,0.6803427406471881,0.10195768248953269,2.6856405663543956,0.08646846402518724,0.030990002358058807,84,0.8154124103907814,0.020011306803904637,0.3238114021889458,0.010086207048631933,0.627206191090738,0.9510175932796838,0.7271307913981022,0.015517708422842693,0.3313866398488171,0.0023746303725852695,0.8103547268825149,0.0024032323779287277,0.00152736117199987,0.0024032323779287277,0.0012171111850021604,AFM,810.3547268825149,2.403232377928728,1.5273611719998699,1.2171111850021603,2.403232377928728,331.3866398488171,2.3746303725852695,323.81140218894575,10.086207048631934
142,0.05993129566428545,0.7403385719219956,0.015130841149339732,0.8083233191839678,0.0014631549466895032,0.7849737841436923,0.0038600616408693126,0.8611253028625343,0.09857847259459425,2.5200044026540507,0.0844671901518954,0.03215783449076311,85,0.8144586731647293,0.05993129566428545,0.33301348683115484,0.017846652549083183,0.6216235853118605,0.9546370721430153,0.7597048107783271,0.017050817450035227,0.3313866398488171,0.0023746303725852695,0.8083233191839678,0.0024032323779287277,0.0014631549466895032,0.0024032323779287277,0.001961720130008402,AFM,808.3233191839678,2.403232377928728,1.4631549466895033,1.9617201300084022,2.403232377928728,331.3866398488171,2.3746303725852695,333.01348683115486,17.84665254908318
143,0.05993129566428545,0.7177574547263997,0.014876449498986397,0.8102304152096191,0.0015181406516781139,0.7901908025898772,0.004115933250661746,0.7186179122369101,0.1021232213440147,2.6502868746058006,0.08685840995353092,0.03571754050689692,84,0.8171563735711422,0.05993129566428545,0.3228052708208492,0.006154086228771552,0.6320227775072201,0.9548280483280693,0.7417730590329712,0.014508565252849928,0.3313866398488171,0.0023746303725852695,0.8102304152096191,0.0024032323779287277,0.0015181406516781139,0.0024032323779287277,0.001961720130008402,AFM,810.2304152096191,2.403232377928728,1.518140651678114,1.9617201300084022,2.403232377928728,331.3866398488171,2.3746303725852695,322.8052708208492,6.154086228771551
144,0.09995005402699891,0.729628222832876,0.01488011403284827,0.8101495279200904,0.0014916114110708491,0.7906648798762054,0.004049526832420571,0.7116160362100524,0.10205148362610329,2.6468462894018217,0.08671258380396116,0.029068195593977636,84,0.8158690494437377,0.09995005402699891,0.3312261237234412,0.010991802080592096,0.623445726474262,0.9546718501977032,0.7458241761907732,0.01697120125164544,0.3313866398488171,0.0023746303725852695,0.8101495279200904,0.0024032323779287277,0.0014916114110708491,0.0024032323779287277,0.0015846215800125213,AFM,810.1495279200905,2.403232377928728,1.4916114110708492,1.5846215800125214,2.403232377928728,331.3866398488171,2.3746303725852695,331.22612372344116,10.991802080592096
145,0.09995005402699891,0.7209792298519735,0.015325937261706881,0.8092317853074147,0.0015221592118334942,0.7871809935767837,0.004094550561214808,0.7924791857880336,0.10266601197404526,2.5894348650478523,0.08801158816884706,0.029795037638771532,84,0.8155725516352705,0.09995005402699891,0.3419089722667287,0.004784552260149943,0.6179939873035757,0.9599029595703044,0.7328267711980687,0.014907574652237087,0.3313866398488171,0.0023746303725852695,0.8092317853074147,0.0024032323779287277,0.0015221592118334942,0.0024032323779287277,0.0015846215800125213,AFM,809.2317853074147,2.403232377928728,1.5221592118334943,1.5846215800125214,2.403232377928728,331.3866398488171,2.3746303725852695,341.90897226672865,4.784552260149943
146,0.13986946986386986,0.7185688376082294,0.014533140522231779,0.8104725419931864,0.0014951628787623992,0.7884977736701406,0.003979823065163541,0.7871831041056201,0.0979583592150843,2.5965479568960284,0.08311902266002512,0.026441126633781568,85,0.8146389356952906,0.13986946986386986,0.3287765970425294,0.009851969683153166,0.6243880070881415,0.9531646041306708,0.7383519270340166,0.014403815884703677,0.3313866398488171,0.0023746303725852695,0.8104725419931864,0.010028833611956028,0.0014951628787623992,0.0024032323779287277,0.010028833611956028,AFM,810.4725419931864,10.028833611956028,1.4951628787623992,10.028833611956028,2.403232377928728,331.3866398488171,2.3746303725852695,328.7765970425294,9.851969683153166
147,0.13986946986386986,0.7164574242533465,0.014353387334377422,0.8122267195350701,0.001506775943141752,0.794685010352663,0.0041268575607520935,0.6291848863503048,0.10149342741176465,2.7219646204783503,0.08528353772732467,0.03581869639849383,84,0.8156135401583166,0.13986946986386986,0.3367808328996521,0.013140598747947436,0.6287559634691348,0.9655367963687869,0.728464001637283,0.017681517699274788,0.3313866398488171,0.0023746303725852695,0.8122267195350701,0.010028833611956028,0.001506775943141752,0.0024032323779287277,0.010028833611956028,AFM,812.2267195350701,10.028833611956028,1.506775943141752,10.028833611956028,2.403232377928728,331.3866398488171,2.3746303725852695,336.7808328996521,13.140598747947436
148,0.17998780208669696,0.7308998076829206,0.014921170939411166,0.809083744092485,0.0014784046661602901,0.786070912420883,0.003910777054480521,0.8385761510614745,0.09836991373586171,2.54082905811188,0.08402926683439897,0.03414072542051317,85,0.8137581612690882,0.17998780208669696,0.3342738298076545,0.005666972173950288,0.6141878176334866,0.9484616474411411,0.7517972183672919,0.013373473113281508,0.3313866398488171,0.0023746303725852695,0.809083744092485,0.010711029940641619,0.0014784046661602901,0.0024032323779287277,0.010711029940641619,AFM,809.083744092485,10.71102994064162,1.47840466616029,10.71102994064162,2.403232377928728,331.3866398488171,2.3746303725852695,334.2738298076545,5.666972173950288
149,0.17998780208669696,0.7080965486964171,0.014146241226567702,0.8107235033927858,0.0015064764074359475,0.7914209369149188,0.004040715008916486,0.6832101974524746,0.09754637838250908,2.682927407454031,0.08209953280785688,0.02127477449086321,85,0.8145111349779561,0.17998780208669696,0.3309542124502295,0.008885824663841673,0.6282941576051264,0.9592483700553559,0.7152311486004163,0.013839827629945312,0.3313866398488171,0.0023746303725852695,0.8107235033927858,0.010711029940641619,0.0015064764074359475,0.0024032323779287277,0.010711029940641619,AFM,810.7235033927858,10.71102994064162,1.5064764074359476,10.71102994064162,2.403232377928728,331.3866398488171,2.3746303725852695,330.9542124502295,8.885824663841673
150,0.22000668194398096,0.7730462234739244,0.018478045272308643,0.8286203729959918,0.0015587343649780421,0.7847558240603898,0.004211475153877597,1.6309381019093512,0.11883615607976725,1.7237221058241243,0.10456685166008424,0.035014025115732435,81,0.8306043692034066,0.22000668194398096,0.31415316588998077,0.0077370933993937945,0.6314054218092526,0.9455585876992334,0.784378282902432,0.013560231255252027,0.3313866398488171,0.0023746303725852695,0.8286203729959918,0.021840553553539706,0.0015587343649780421,0.0024032323779287277,0.021840553553539706,AFM,828.6203729959918,21.840553553539706,1.558734364978042,21.840553553539706,2.403232377928728,331.3866398488171,2.3746303725852695,314.15316588998076,7.737093399393794
151,0.22000668194398096,0.7653445594262368,0.01930842135220136,0.8300945749573897,0.0016114967820149075,0.7852930359047219,0.0044002939812172025,1.6455882359007181,0.12457453320745607,1.7159949255699023,0.1101163343216807,0.021376764108861364,80,0.8342554575567134,0.22000668194398096,0.3222567380666431,0.00713139453067004,0.6279639008212797,0.9502206388879229,0.7649126785029181,0.014652306551967876,0.3313866398488171,0.0023746303725852695,0.8300945749573897,0.021840553553539706,0.0016114967820149075,0.0024032323779287277,0.021840553553539706,AFM,830.0945749573897,21.840553553539706,1.6114967820149075,21.840553553539706,2.403232377928728,331.3866398488171,2.3746303725852695,322.2567380666431,7.13139453067004
152,0.2599261166177804,0.7549705014911872,0.017517176115938716,0.8289801850701404,0.0015638949246314239,0.7885493327197777,0.004319346731287164,1.479637670306846,0.11768998972852547,1.8567494998393719,0.10259899664581622,0.029732037051682106,81,0.8291565402004009,0.2599261166177804,0.32167746971393874,0.006127761258787285,0.6342524469224913,0.95592991663643,0.7492995595283543,0.015046069996098076,0.3313866398488171,0.0023746303725852695,0.8289801850701404,0.020646877237589813,0.0015638949246314239,0.0024032323779287277,0.020646877237589813,AFM,828.9801850701404,20.646877237589813,1.5638949246314238,20.646877237589813,2.403232377928728,331.3866398488171,2.3746303725852695,321.67746971393876,6.1277612587872845
153,0.2599261166177804,0.7619397432040848,0.01865963894599705,0.8285377486713427,0.0015903537890199998,0.7837662677226934,0.004270293965409169,1.6381432729997754,0.11914496594805135,1.725142999215839,0.10504624589800773,0.03200773512599581,81,0.8299205328006012,0.2599261166177804,0.3265452292711072,0.006826622687007802,0.6295122222837647,0.9560574515548719,0.7534940095529299,0.01510783499356866,0.3313866398488171,0.0023746303725852695,0.8285377486713427,0.020646877237589813,0.0015903537890199998,0.0024032323779287277,0.020646877237589813,AFM,828.5377486713427,20.646877237589813,1.59035378902,20.646877237589813,2.403232377928728,331.3866398488171,2.3746303725852695,326.5452292711072,6.826622687007802
154,0.30004445170674293,0.7614511695767423,0.01824273877639341,0.8258948832565128,0.0015724133250531885,0.785486890235644,0.004276790114066936,1.4912686616927529,0.11859337823441037,1.8517682090403618,0.1041495538967162,0.020958418195398423,81,0.8276824838797594,0.30004445170674293,0.3130846793134908,0.0073599477381145395,0.6316232836141278,0.9447079629276186,0.7745703407616235,0.014853231024420816,0.3313866398488171,0.0023746303725852695,0.8258948832565128,0.00791350030011298,0.0015724133250531885,0.0024032323779287277,0.00791350030011298,spinflip,825.8948832565128,7.91350030011298,1.5724133250531884,7.91350030011298,2.403232377928728,331.3866398488171,2.3746303725852695,313.0846793134908,7.359947738114539
155,0.30004445170674293,0.7577091313025546,0.018114557557661722,0.8254476606416583,0.0015719542471734202,0.7819423036518629,0.0041505353538734465,1.5869102224749605,0.11411046497519078,1.7789142690774458,0.10041626883996596,0.036787739306146455,82,0.8265343483867735,0.30004445170674293,0.32352659906733783,0.005253215671831067,0.6283428563012199,0.9518694553685577,0.7562895272025854,0.014207695806931042,0.3313866398488171,0.0023746303725852695,0.8254476606416583,0.00791350030011298,0.0015719542471734202,0.0024032323779287277,0.00791350030011298,spinflip,825.4476606416583,7.91350030011298,1.5719542471734202,7.91350030011298,2.403232377928728,331.3866398488171,2.3746303725852695,323.5265990673378,5.253215671831067
156,0.3399638930827802,0.7757181053571551,0.0187010553330255,0.8271781975490982,0.0015589305856667085,0.7838960122103796,0.004195194019201413,1.6171865170016297,0.11911866143806527,1.7301059964589809,0.10502792260433724,0.026875133762156733,81,0.8296541857256012,0.3399638930827802,0.3210537277909883,0.004576573598496377,0.6241909327683483,0.9452446605593365,0.784653414835013,0.012908253180130324,0.3313866398488171,0.0023746303725852695,0.8271781975490982,0.013259200477693016,0.0015589305856667085,0.0024032323779287277,0.013259200477693016,spinflip,827.1781975490982,13.259200477693016,1.5589305856667086,13.259200477693016,2.403232377928728,331.3866398488171,2.3746303725852695,321.05372779098826,4.576573598496377
157,0.3399638930827802,0.749245378688768,0.018313114321031693,0.828099968809619,0.0016058955594572865,0.7849225957190975,0.0043448277853002015,1.5589628775704605,0.11875761884755937,1.7972945865315266,0.10439993484196952,0.020983977867054283,81,0.8299436841162322,0.3399638930827802,0.32094223315586,0.005646869760222041,0.6315983952560853,0.9525406284119453,0.7427188993526099,0.013629983953114402,0.3313866398488171,0.0023746303725852695,0.828099968809619,0.013259200477693016,0.0016058955594572865,0.0024032323779287277,0.013259200477693016,spinflip,828.099968809619,13.259200477693016,1.6058955594572866,13.259200477693016,2.403232377928728,331.3866398488171,2.3746303725852695,320.94223315586004,5.6468697602220415
158,0.37998278776807776,1.017310036967527,0.022138599734552657,0.5612161597778558,0.0011649446233984308,0.5106261627244253,0.0023991111835051956,2.4370089262377688,0.09319718200009808,0.9437860909218455,0.06552636368547625,0.020944246959228165,90,0.5653179608052105,0.37998278776807776,,,,0.6709836454935203,1.0296681838694148,0.01414832456626586,0.3313866398488171,0.0023746303725852695,0.5612161597778558,0.010015842702337087,0.0011649446233984308,0.0024032323779287277,0.010015842702337087,spinflip,561.2161597778558,10.015842702337087,1.1649446233984309,10.015842702337087,2.403232377928728,331.3866398488171,2.3746303725852695,,
159,0.37998278776807776,1.0305609663731377,0.026488390021851868,0.5804473712228204,0.0012889689400062314,0.5182953733323212,0.0023300040120300953,2.93379881998784,0.10180771577279552,0.46257040739982436,0.075718650599022,0.03067078267454044,90,0.5897587108820138,0.37998278776807776,,,,0.33447730612625065,1.5316190444147408,0.012008852108742245,0.3313866398488171,0.0023746303725852695,0.5804473712228204,0.010015842702337087,0.0012889689400062314,0.0024032323779287277,0.010015842702337087,spinflip,580.4473712228204,10.015842702337087,1.2889689400062314,10.015842702337087,2.403232377928728,331.3866398488171,2.3746303725852695,,
160,0.41990222314248354,0.9399687181230209,0.030253936303871347,0.5989764343995994,0.0016064840984278998,0.5275144658837089,0.0025215585555348288,2.981479266971688,0.11219795793021882,0.3490062660526735,0.08628524947469061,0.02598263035411249,89,0.6113414841050102,0.41990222314248354,,,,,2.266288923440235,,0.3313866398488171,0.0023746303725852695,0.5989764343995994,0.0024032323779287277,0.0016064840984278998,0.0024032323779287277,0.0012733994729766036,FM,598.9764343995994,2.403232377928728,1.6064840984278999,1.2733994729766036,2.403232377928728,331.3866398488171,2.3746303725852695,,
161,0.41990222314248354,0.9454077191940665,0.029395782924509735,0.5991912716155311,0.0015397002338350754,0.5296981207807151,0.0024487206426210303,2.9367843092504557,0.10813553171712886,0.36780032794118844,0.08353446704029055,0.02377646003867467,90,0.6139441439629258,0.41990222314248354,,,,,2.2274257418615546,,0.3313866398488171,0.0023746303725852695,0.5991912716155311,0.0024032323779287277,0.0015397002338350754,0.0024032323779287277,0.0012733994729766036,FM,599.1912716155312,2.403232377928728,1.5397002338350754,1.2733994729766036,2.403232377928728,331.3866398488171,2.3746303725852695,,
162,0.4600205723660628,0.8849657972022753,0.031193289251916098,0.6053748967086674,0.0016972584060325109,0.5337848716384879,0.0025294560095535366,2.811267994597457,0.11200722621481246,0.4535014274571136,0.0880780418407358,0.024706140917463624,90,0.6245803039354711,0.4600205723660628,,,,,2.1766657325625256,,0.3313866398488171,0.0023746303725852695,0.6053748967086674,0.0024032323779287277,0.0016972584060325109,0.0024032323779287277,0.0016271100562337674,FM,605.3748967086674,2.403232377928728,1.6972584060325109,1.6271100562337675,2.403232377928728,331.3866398488171,2.3746303725852695,,
163,0.4600205723660628,0.857738493317719,0.02898988613868085,0.6073393452944389,0.00171198540066691,0.537126306785842,0.0026675998362530036,2.6853500375865362,0.10757040909040894,0.5437782905930565,0.08365182084276598,0.02431279438473978,90,0.6203652051022044,0.4600205723660628,,,,,2.106595113699269,,0.3313866398488171,0.0023746303725852695,0.6073393452944389,0.0024032323779287277,0.00171198540066691,0.0024032323779287277,0.0016271100562337674,FM,607.3393452944389,2.403232377928728,1.7119854006669102,1.6271100562337675,2.403232377928728,331.3866398488171,2.3746303725852695,,
164,0.49984056988203746,0.8900888715725782,0.03044955865502708,0.6047532350098196,0.0016964839728403492,0.5325941326978743,0.002542403419872552,2.843170582313948,0.11046366884215451,0.4314392791778848,0.08629480384679367,0.02646050009539682,90,0.6204234570332664,0.49984056988203746,,,,,2.1830411355459756,,0.3313866398488171,0.0023746303725852695,0.6047532350098196,0.0024422488309376114,0.0016964839728403492,0.0024032323779287277,0.0024422488309376114,FM,604.7532350098196,2.4422488309376114,1.6964839728403491,2.4422488309376114,2.403232377928728,331.3866398488171,2.3746303725852695,,
165,0.49984056988203746,0.8182768989333415,0.02816330316257563,0.6105461674262774,0.0017332838815577371,0.5432536670198452,0.002802409653038841,2.480237291692554,0.1060175380955368,0.689989003527696,0.08258337281781168,0.020537040711710405,90,0.6239327766361222,0.49984056988203746,,,,,2.011816198230219,,0.3313866398488171,0.0023746303725852695,0.6105461674262774,0.0024422488309376114,0.0017332838815577371,0.0024032323779287277,0.0024422488309376114,FM,610.5461674262774,2.4422488309376114,1.7332838815577372,2.4422488309376114,2.403232377928728,331.3866398488171,2.3746303725852695,,
166,0.539959965182605,0.8257752813619434,0.028466941292214647,0.6091259775962926,0.0017872202162933666,0.5383108518085542,0.0027713394786687863,2.6016504008442487,0.10660465965446955,0.6168503553527681,0.08270692509916619,0.017392221126415235,90,0.6214123716356714,0.539959965182605,,,,,2.0141633433911252,,0.3313866398488171,0.0023746303725852695,0.6091259775962926,0.0024032323779287277,0.0017872202162933666,0.0024032323779287277,0.0017229250603260403,FM,609.1259775962926,2.403232377928728,1.7872202162933666,1.7229250603260404,2.403232377928728,331.3866398488171,2.3746303725852695,,
167,0.539959965182605,0.8969289871567072,0.031423731287545706,0.6055541044662072,0.0016908132799559662,0.5332303890268681,0.0024943307390191036,2.8702781388301877,0.11245608294837918,0.4069272260850382,0.0885021434187813,0.020634408508434256,90,0.6249980171833664,0.539959965182605,,,,,2.261438196313948,,0.3313866398488171,0.0023746303725852695,0.6055541044662072,0.0024032323779287277,0.0016908132799559662,0.0024032323779287277,0.0017229250603260403,FM,605.5541044662071,2.403232377928728,1.690813279955966,1.7229250603260404,2.403232377928728,331.3866398488171,2.3746303725852695,,
168,0.5800783154023257,0.8509795595699678,0.02890353783003894,0.6080554876603206,0.0017360274623613881,0.537288767985825,0.002688106816239248,2.6792498619962717,0.10741414144112313,0.5530800470456937,0.08349526863894843,0.01906849631195009,90,0.6201795503727454,0.5800783154023257,,,,,2.0798113725979794,,0.3313866398488171,0.0023746303725852695,0.6080554876603206,0.0024032323779287277,0.0017360274623613881,0.0024032323779287277,0.001436610104565295,FM,608.0554876603206,2.403232377928728,1.736027462361388,1.436610104565295,2.403232377928728,331.3866398488171,2.3746303725852695,,
169,0.5800783154023257,0.8545838850962971,0.031259745037345715,0.6080011634492988,0.001748292372399282,0.5368422036835733,0.002599583275270322,2.702442903367384,0.11220964934250492,0.5366689789566998,0.08862515156122547,0.02911311262249985,90,0.627993683202405,0.5800783154023257,,,,,2.134422405048732,,0.3313866398488171,0.0023746303725852695,0.6080011634492988,0.0024032323779287277,0.001748292372399282,0.0024032323779287277,0.001436610104565295,FM,608.0011634492988,2.403232377928728,1.748292372399282,1.436610104565295,2.403232377928728,331.3866398488171,2.3746303725852695,,
170,0.6199977619314444,0.7989901562971624,0.02808654810088123,0.6110363051522543,0.0017874057569877448,0.5431179808214506,0.002863336720800937,2.438675799944148,0.10591793263592886,0.7304705666275836,0.08244509356814135,0.02678199979122425,90,0.6237520608932363,0.6199977619314444,,,,0.24010108649331804,1.8744316573018582,0.01247560934582315,0.3313866398488171,0.0023746303725852695,0.6110363051522543,0.0024032323779287277,0.0017874057569877448,0.0024032323779287277,0.002070850012718557,FM,611.0363051522543,2.403232377928728,1.7874057569877448,2.070850012718557,2.403232377928728,331.3866398488171,2.3746303725852695,,
171,0.6199977619314444,0.8330230595767494,0.029980560553242636,0.6093249170180363,0.0018103810129377251,0.5381370103108332,0.0027999246494125477,2.6350718119482726,0.11194698172929103,0.5874114480293544,0.08712023018015766,0.018302961876339306,89,0.6232130480961926,0.6199977619314444,,,,,2.004137626971214,,0.3313866398488171,0.0023746303725852695,0.6093249170180363,0.0024032323779287277,0.0018103810129377251,0.0024032323779287277,0.002070850012718557,FM,609.3249170180362,2.403232377928728,1.8103810129377251,2.070850012718557,2.403232377928728,331.3866398488171,2.3746303725852695,,
172,0.6600166580473557,0.8536602438251103,0.03049058749317851,0.6065791209952907,0.0017443050007224993,0.535613470919613,0.0026297902250899227,2.6940236566340774,0.11063529615637192,0.5436247168806376,0.0867920782248455,0.020931895546452115,90,0.6241437182140281,0.6600166580473557,,,,,2.1454029107736963,,0.3313866398488171,0.0023746303725852695,0.6065791209952907,0.0024032323779287277,0.0017443050007224993,0.0024032323779287277,0.001525671597686708,FM,606.5791209952906,2.403232377928728,1.7443050007224994,1.525671597686708,2.403232377928728,331.3866398488171,2.3746303725852695,,
173,0.6600166580473557,0.8349275348284283,0.027895924029572,0.6092578635251503,0.0017211422167946174,0.5405763310948087,0.002761665880229931,2.5699799269996824,0.10543399970008872,0.6230936872102375,0.08167826985088505,0.022983124226428564,90,0.6222100995490982,0.6600166580473557,,,,,2.0262079137031757,,0.3313866398488171,0.0023746303725852695,0.6092578635251503,0.0024032323779287277,0.0017211422167946174,0.0024032323779287277,0.001525671597686708,FM,609.2578635251504,2.403232377928728,1.7211422167946173,1.525671597686708,2.403232377928728,331.3866398488171,2.3746303725852695,,
174,0.6999361076555488,0.8663517326580129,0.030690244133664855,0.6071659428721441,0.001736008629631195,0.5363717291307561,0.0026857209565026375,2.7290332398668,0.11329824989374869,0.5097352473643008,0.08840630205260361,0.02241311203205998,89,0.6234178659795089,0.6999361076555488,,,,,2.161674540333575,,0.3313866398488171,0.0023746303725852695,0.6071659428721441,0.0024032323779287277,0.001736008629631195,0.0024032323779287277,0.0012245797635869345,FM,607.1659428721441,2.403232377928728,1.7360086296311952,1.2245797635869344,2.403232377928728,331.3866398488171,2.3746303725852695,,
175,0.6999361076555488,0.8311234630001294,0.029632441433038417,0.6093886822433616,0.0017924200695671388,0.5382190330367551,0.0027189307116129414,2.62862216056723,0.10894153739875556,0.5938448599528582,0.08523565092452584,0.019976633176874436,90,0.626132129484569,0.6999361076555488,,,,,1.9906445248994216,,0.3313866398488171,0.0023746303725852695,0.6093886822433616,0.0024032323779287277,0.0017924200695671388,0.0024032323779287277,0.0012245797635869345,FM,609.3886822433616,2.403232377928728,1.7924200695671388,1.2245797635869344,2.403232377928728,331.3866398488171,2.3746303725852695,,
176,0.7400544564422269,0.8350092119024268,0.027469541770691407,0.6080166763269541,0.0017383294322926388,0.538117940339715,0.0027730459830254362,2.604931748681188,0.10458218480635981,0.6055144559466973,0.08049236922762328,0.01687524239015014,90,0.6185550380611224,0.7400544564422269,,,,,2.1127830189029075,,0.3313866398488171,0.0023746303725852695,0.6080166763269541,0.0024032323779287277,0.0017383294322926388,0.0024032323779287277,0.001753822317992934,FM,608.0166763269541,2.403232377928728,1.7383294322926388,1.753822317992934,2.403232377928728,331.3866398488171,2.3746303725852695,,
177,0.7400544564422269,0.7982556652366789,0.028744123035903235,0.6107236561566883,0.0018360500805912408,0.5407199764621035,0.002844409523146378,2.4933385596188633,0.1072335656869675,0.6977475920211409,0.08362813771930042,0.02101251598928174,90,0.624714498772545,0.7400544564422269,,,,,1.9303885760760606,,0.3313866398488171,0.0023746303725852695,0.6107236561566883,0.0024032323779287277,0.0018360500805912408,0.0024032323779287277,0.001753822317992934,FM,610.7236561566883,2.403232377928728,1.8360500805912408,1.753822317992934,2.403232377928728,331.3866398488171,2.3746303725852695,,
178,0.7798744496391711,0.8445223582566403,0.02882056282413363,0.6079644325846192,0.0017440868922200695,0.5374425969823816,0.002708055361018857,2.6526646823216224,0.10726434668463962,0.5695938453799998,0.08334469881164991,0.015823735050324274,90,0.6217087875250501,0.7798744496391711,,,,,2.094125333423252,,0.3313866398488171,0.0023746303725852695,0.6079644325846192,0.0024032323779287277,0.0017440868922200695,0.0024032323779287277,0.0005078461314930287,FM,607.9644325846192,2.403232377928728,1.7440868922200694,0.5078461314930287,2.403232377928728,331.3866398488171,2.3746303725852695,,
179,0.7798744496391711,0.8370630056208138,0.030958897471052457,0.6088022507288577,0.00178701874025848,0.5375396305849122,0.0026554675902229034,2.6490315324523337,0.11162978871083114,0.5754343491192265,0.08807052872335026,0.01678529246135952,90,0.6286434201723448,0.7798744496391711,,,,,2.0418036366001298,,0.3313866398488171,0.0023746303725852695,0.6088022507288577,0.0024032323779287277,0.00178701874025848,0.0024032323779287277,0.0005078461314930287,FM,608.8022507288578,2.403232377928728,1.78701874025848,0.5078461314930287,2.403232377928728,331.3866398488171,2.3746303725852695,,
180,0.8199927992976523,0.8359141066839545,0.03186971381781143,0.6079110709987976,0.0018394337612468391,0.535583126609999,0.002724148082495875,2.674586948542956,0.11577126293150318,0.564220460556517,0.09097304741909236,0.02507060534375429,89,0.6271661210685371,0.8199927992976523,,,,,2.0574866982328883,,0.3313866398488171,0.0023746303725852695,0.6079110709987976,0.002569101088521667,0.0018394337612468391,0.0024032323779287277,0.002569101088521667,FM,607.9110709987976,2.5691010885216667,1.8394337612468392,2.5691010885216667,2.403232377928728,331.3866398488171,2.3746303725852695,,
181,0.8199927992976523,0.8055033831370919,0.028855435933388563,0.6111711426591931,0.001834543424354402,0.5404737269344574,0.002818706301150815,2.53432161305971,0.1074386686914849,0.6664737986767004,0.08382998730901964,0.02519703967096614,90,0.625342329402555,0.8199927992976523,,,,,1.9785881033360804,,0.3313866398488171,0.0023746303725852695,0.6111711426591931,0.002569101088521667,0.001834543424354402,0.0024032323779287277,0.002569101088521667,FM,611.1711426591932,2.5691010885216667,1.834543424354402,2.5691010885216667,2.403232377928728,331.3866398488171,2.3746303725852695,,
182,0.8598127968342876,0.8478497953791648,0.029313435344983277,0.6074741347723447,0.001765726579261204,0.5357354958873797,0.002683935305311695,2.697557895753468,0.10825259470997095,0.5413296873518553,0.08423284179229107,0.01605566895215006,90,0.6228362606963928,0.8598127968342876,,,,,2.123088159671073,,0.3313866398488171,0.0023746303725852695,0.6074741347723447,0.0024032323779287277,0.001765726579261204,0.0024032323779287277,0.0008869631378417736,FM,607.4741347723447,2.403232377928728,1.7657265792612038,0.8869631378417736,2.403232377928728,331.3866398488171,2.3746303725852695,,
183,0.8598127968342876,0.8229228539937486,0.0275068893590911,0.6095679152993991,0.0017279534918777102,0.54172294312205,0.0028074811291347473,2.5100891132829077,0.1046944554809787,0.665654353662659,0.08097878575893873,0.029355513504204754,90,0.6197530457715433,0.8598127968342876,,,,,1.990732989037029,,0.3313866398488171,0.0023746303725852695,0.6095679152993991,0.0024032323779287277,0.0017279534918777102,0.0024032323779287277,0.0008869631378417736,FM,609.5679152993991,2.403232377928728,1.7279534918777102,0.8869631378417736,2.403232377928728,331.3866398488171,2.3746303725852695,,
