df_index,H,A,A_err,V_peak,V_peak_err,V0_gauss,V0_gauss_err,slope,slope_err,intercept,intercept_err,chi2,n_points,V_peak_rough,abs_H,fwhm_meas_V,fwhm_meas_err,V_left_meas,V_right_meas,height_meas,sigma_noise,fwhm_fit_V,fwhm_fit_err_V,Phi_eV,Phi_err_eV,Phi_err_stat_eV,Phi_err_floor_eV,Phi_err_repeat_eV,window,Phi_meV,Phi_meV_err,Phi_err_stat_meV,Phi_err_repeat_meV,Phi_err_floor_meV,fwhm_fit_meV,fwhm_fit_meV_err,fwhm_meas_meV,fwhm_meas_meV_err
0,0.8999301133977016,0.9399676977591932,0.034061831687976225,0.5948895557258518,0.001847142303334466,0.5380717266205919,0.003482716335746166,2.4871271108620974,0.1388243063236549,0.4263101942866051,0.10394057376018279,0.016734628193086513,89,0.6071245825555112,0.8999301133977016,,,,,1.8860364173621764,,0.33123349699480437,0.0026923583431751816,0.5948895557258518,0.001847142303334466,0.001847142303334466,0.0017576110641786453,0.0010442784339144689,FM,594.8895557258518,1.847142303334466,1.847142303334466,1.0442784339144688,1.7576110641786453,331.23349699480434,2.6923583431751816,,
1,0.8999301133977016,0.9437677328616001,0.03306941617362513,0.594349243574499,0.0018335381669187386,0.5362183067999907,0.003378348716324837,2.5464193579913523,0.13363620486679711,0.3907968213778876,0.09994708453281292,0.012136338171777353,90,0.606346263206513,0.8999301133977016,,,,,1.881050947396464,,0.33123349699480437,0.0026923583431751816,0.594349243574499,0.0018335381669187386,0.0018335381669187386,0.0017576110641786453,0.0010442784339144689,FM,594.349243574499,1.8335381669187385,1.8335381669187385,1.0442784339144688,1.7576110641786453,331.23349699480434,2.6923583431751816,,
2,0.8999311587560461,0.9023454216469685,0.03247125463026705,0.596784353916633,0.0018892593944257344,0.5417173450883815,0.0036456202999080034,2.3262689336631204,0.1359946899038067,0.547088275213652,0.10117908490204924,0.01618967210252829,89,0.6069291045661318,0.8999311587560461,,,,,1.7837858212187387,,0.33123349699480437,0.0026923583431751816,0.596784353916633,0.0018892593944257344,0.0018892593944257344,0.0017576110641786453,0.0010442784339144689,FM,596.784353916633,1.8892593944257343,1.8892593944257343,1.0442784339144688,1.7576110641786453,331.23349699480434,2.6923583431751816,,
3,0.9004284205310269,0.9140590379183118,0.03149703738084427,0.5953756744093186,0.0018411569519462302,0.5400853815046303,0.0035063039078665386,2.3638641306212986,0.13079565931219048,0.5231435935129843,0.09720155117882644,0.0171307796778271,90,0.604728801159519,0.9004284205310269,,,,,1.788543048081684,,0.33123349699480437,0.0026923583431751816,0.5953756744093186,0.0018411569519462302,0.0018411569519462302,0.0017576110641786453,0.0010442784339144689,FM,595.3756744093185,1.8411569519462303,1.8411569519462303,1.0442784339144688,1.7576110641786453,331.23349699480434,2.6923583431751816,,
4,0.8597133511235009,0.9185830436949574,0.03176130632596743,0.5952852157858217,0.0018418854016081045,0.5394196682837133,0.003485972864754982,2.3964047201202563,0.13127030394223513,0.5008125926286172,0.09766243218795587,0.01433998522082118,90,0.6048918532855712,0.8597133511235009,,,,,1.7666898021647854,,0.33123349699480437,0.0026923583431751816,0.5952852157858217,0.0018418854016081045,0.0018418854016081045,0.0017576110641786453,0.0006809219624667482,FM,595.2852157858217,1.8418854016081045,1.8418854016081045,0.6809219624667483,1.7576110641786453,331.23349699480434,2.6923583431751816,,
5,0.8597133511235009,0.9298400354417656,0.03236498681503161,0.5947063281832417,0.0018364143358309815,0.5379285581859942,0.003436943492944816,2.4597381423187503,0.1323574491276368,0.45597604172443146,0.09871575864988412,0.012004800316055194,90,0.6068065690435872,0.8597133511235009,,,,0.29820487487213315,1.8039552531370382,0.007592357408048097,0.33123349699480437,0.0026923583431751816,0.5947063281832417,0.0018364143358309815,0.0018364143358309815,0.0017576110641786453,0.0006809219624667482,FM,594.7063281832417,1.8364143358309815,1.8364143358309815,0.6809219624667483,1.7576110641786453,331.23349699480434,2.6923583431751816,,
6,0.819992807590408,0.9197460721191645,0.031628788816747154,0.5955552784945891,0.0018367607113842865,0.5398155100162245,0.0034841218992051623,2.3958192733016266,0.13101608606380985,0.49914839284896095,0.09742641264179527,0.012440862390757626,90,0.6067551835050099,0.819992807590408,,,,,1.7930469524854316,,0.33123349699480437,0.0026923583431751816,0.5955552784945891,0.0018367607113842865,0.0018367607113842865,0.0017576110641786453,0.00046627848305929735,FM,595.5552784945891,1.8367607113842865,1.8367607113842865,0.46627848305929737,1.7576110641786453,331.23349699480434,2.6923583431751816,,
7,0.819992807590408,0.9280552295098093,0.032426849577149,0.5944381000337926,0.0018395099014104188,0.5377237219893433,0.0034419149245317232,2.4520989887618114,0.1324825474832509,0.46319431517669307,0.09882743946752237,0.011235465274699912,90,0.606194640490581,0.819992807590408,,,,,1.8342186929408204,,0.33123349699480437,0.0026923583431751816,0.5944381000337926,0.0018395099014104188,0.0018395099014104188,0.0017576110641786453,0.00046627848305929735,FM,594.4381000337926,1.8395099014104188,1.8395099014104188,0.46627848305929737,1.7576110641786453,331.23349699480434,2.6923583431751816,,
8,0.7798744517548962,0.9041268817747263,0.031097008794529032,0.5959551578318383,0.0018535775063616615,0.5410423054642584,0.003548551530411859,2.3248836890529017,0.1300957399814794,0.5538314645416497,0.0965094278868103,0.013152081411260813,90,0.6058909811294585,0.7798744517548962,,,,,1.7715812697466014,,0.33123349699480437,0.0026923583431751816,0.5959551578318383,0.0018535775063616615,0.0018535775063616615,0.0017576110641786453,0.0009041797407304231,FM,595.9551578318383,1.8535775063616615,1.8535775063616615,0.9041797407304232,1.7576110641786453,331.23349699480434,2.6923583431751816,,
9,0.7798744517548962,0.9127726511816541,0.031024050243146244,0.5965338057898799,0.0018380374179176675,0.5414008186090581,0.0035185967532039898,2.3552428300429953,0.12991965197337169,0.5261100352165509,0.09636650490871193,0.020801579932734116,90,0.606028220045892,0.7798744517548962,,,,,1.7611572202463055,,0.33123349699480437,0.0026923583431751816,0.5965338057898799,0.0018380374179176675,0.0018380374179176675,0.0017576110641786453,0.0009041797407304231,FM,596.5338057898799,1.8380374179176675,1.8380374179176675,0.9041797407304232,1.7576110641786453,331.23349699480434,2.6923583431751816,,
10,0.7400544564422269,0.9341737483198307,0.03282089775922349,0.593815257932991,0.0018351512837019384,0.5367372824416493,0.003414365078701915,2.4812149868529905,0.13320365093808964,0.44246675269747704,0.09951767254415278,0.017490072486975997,90,0.6056199073677856,0.7400544564422269,,,,,1.8461778483519644,,0.33123349699480437,0.0026923583431751816,0.593815257932991,0.0018351512837019384,0.0018351512837019384,0.0017576110641786453,0.0007848191077400216,FM,593.8152579329909,1.8351512837019384,1.8351512837019384,0.7848191077400216,1.7576110641786453,331.23349699480434,2.6923583431751816,,
11,0.7400544564422269,0.927612788013582,0.031992547546159066,0.595597949469564,0.0018366292451749235,0.5389305442232393,0.0034508727576013586,2.449573459714177,0.131663760886393,0.45889029199814496,0.09805902435338971,0.028868347216048886,90,0.6058303763937873,0.7400544564422269,,,,,1.8187144879594672,,0.33123349699480437,0.0026923583431751816,0.595597949469564,0.0018366292451749235,0.0018366292451749235,0.0017576110641786453,0.0007848191077400216,FM,595.597949469564,1.8366292451749235,1.8366292451749235,0.7848191077400216,1.7576110641786453,331.23349699480434,2.6923583431751816,,
12,0.6999361051553207,0.9261000925402998,0.03303523816199602,0.5961748642008015,0.0018387176622893246,0.5400105064627091,0.0034375794921838038,2.4268574749417366,0.13364702193574796,0.4715884011321946,0.10043775588943277,0.0184345858622275,90,0.6080311138729458,0.6999361051553207,,,,,1.8256439265279831,,0.33123349699480437,0.0026923583431751816,0.5961748642008015,0.0018387176622893246,0.0018387176622893246,0.0017576110641786453,0.0008182136653305055,FM,596.1748642008015,1.8387176622893247,1.8387176622893247,0.8182136653305054,1.7576110641786453,331.23349699480434,2.6923583431751816,,
13,0.6999361051553207,0.891712547120305,0.031149942395482993,0.5964901347836926,0.0018930997540045995,0.5406759915028466,0.003593419938642216,2.325195973758947,0.13025134030966862,0.5611125808025852,0.09662202986205819,0.017608775390569802,90,0.6060291397431866,0.6999361051553207,,,,,1.7317953238987411,,0.33123349699480437,0.0026923583431751816,0.5964901347836926,0.0018930997540045995,0.0018930997540045995,0.0017576110641786453,0.0008182136653305055,FM,596.4901347836926,1.8930997540045995,1.8930997540045995,0.8182136653305054,1.7576110641786453,331.23349699480434,2.6923583431751816,,
14,0.6600166580473557,0.9262139664296557,0.03220633476117997,0.5951987453611223,0.0018442700992799225,0.5383091876443253,0.0034520054585899062,2.454368035725085,0.13207337517648857,0.4601662311642482,0.09843965871551642,0.018684807958819712,90,0.6065910523807114,0.6600166580473557,,,,,1.8297949550375001,,0.33123349699480437,0.0026923583431751816,0.5951987453611223,0.0018442700992799225,0.0018442700992799225,0.0017576110641786453,0.0013906143657432053,FM,595.1987453611223,1.8442700992799224,1.8442700992799224,1.3906143657432053,1.7576110641786453,331.23349699480434,2.6923583431751816,,
15,0.6600166580473557,0.9529641372146328,0.03344804450015715,0.5934568192289328,0.0018177452449477309,0.535336095087079,0.003341994559824951,2.569835478728667,0.13432174618513576,0.3755527541466094,0.10060838960134055,0.016401019113643535,90,0.6044227342144286,0.6600166580473557,,,,,1.8897637593461099,,0.33123349699480437,0.0026923583431751816,0.5934568192289328,0.0018177452449477309,0.0018177452449477309,0.0017576110641786453,0.0013906143657432053,FM,593.4568192289328,1.817745244947731,1.817745244947731,1.3906143657432053,1.7576110641786453,331.23349699480434,2.6923583431751816,,
16,0.6199977564475536,0.9269539424901277,0.034102600542009705,0.5951542563643285,0.0018830593578541062,0.5377445706362453,0.003526534440427324,2.474651607716376,0.13895681081310166,0.4495566815094361,0.10402686614479807,0.02826345072628935,89,0.6072970958358717,0.6199977564475536,,,,,1.830330801276972,,0.33123349699480437,0.0026923583431751816,0.5951542563643285,0.0018830593578541062,0.0018830593578541062,0.0017576110641786453,0.00046111728232395044,FM,595.1542563643285,1.8830593578541062,1.8830593578541062,0.46111728232395044,1.7576110641786453,331.23349699480434,2.6923583431751816,,
17,0.6199977564475536,0.9178658876594896,0.031997599823582065,0.5947056471296343,0.0018463941598566792,0.5387437862068017,0.003484440514788139,2.3992927991151096,0.13171759610135053,0.5054041249264013,0.09808130139312145,0.016125877356692794,90,0.6045402575121741,0.6199977564475536,,,,,1.7678839213283328,,0.33123349699480437,0.0026923583431751816,0.5947056471296343,0.0018463941598566792,0.0018463941598566792,0.0017576110641786453,0.00046111728232395044,FM,594.7056471296343,1.8463941598566793,1.8463941598566793,0.46111728232395044,1.7576110641786453,331.23349699480434,2.6923583431751816,,
18,0.5800783095410481,0.9336004164610688,0.03191979268886732,0.5956006248744987,0.0018196310890454597,0.5392437646279148,0.003431745988487162,2.4549395492818293,0.13149874560253827,0.45437254632213103,0.09792180377558073,0.03237166413307443,90,0.6055985827484968,0.5800783095410481,,,,,1.827091659690647,,0.33123349699480437,0.0026923583431751816,0.5956006248744987,0.0018196310890454597,0.0018196310890454597,0.0017576110641786453,0.0008389904687576566,FM,595.6006248744987,1.8196310890454597,1.8196310890454597,0.8389904687576566,1.7576110641786453,331.23349699480434,2.6923583431751816,,
19,0.5800783095410481,0.922813748415815,0.033634971805522745,0.5955049407985973,0.0018760723411103423,0.538921933779717,0.0035499438854148264,2.4338229181507365,0.13808811668629226,0.4759621682024577,0.10320550244694035,0.021206010210272734,89,0.607295051077455,0.5800783095410481,,,,,1.7938909963461573,,0.33123349699480437,0.0026923583431751816,0.5955049407985973,0.0018760723411103423,0.0018760723411103423,0.0017576110641786453,0.0008389904687576566,FM,595.5049407985973,1.8760723411103424,1.8760723411103424,0.8389904687576566,1.7576110641786453,331.23349699480434,2.6923583431751816,,
20,0.539959961941624,0.8991306354928402,0.030806636296079912,0.5965797162912322,0.0018602588579841512,0.5417806237135856,0.003571595025270436,2.3078333450981625,0.12958073745489893,0.5675928231912709,0.09600454609361159,0.019421833406793744,90,0.6058621990405809,0.539959961941624,,,,,1.701773728316658,,0.33123349699480437,0.0026923583431751816,0.5965797162912322,0.0018602588579841512,0.0018602588579841512,0.0017576110641786453,0.0006994082124407319,FM,596.5797162912322,1.8602588579841512,1.8602588579841512,0.6994082124407319,1.7576110641786453,331.23349699480434,2.6923583431751816,,
21,0.539959961941624,0.9285293410813595,0.034063913849957675,0.5948876418292586,0.001873382393264628,0.5378721290903381,0.0035218253423748218,2.464449764427541,0.138877044245074,0.45581678118231733,0.10395676590021027,0.018643821224627894,89,0.6070505064857716,0.539959961941624,,,,,1.82393992620279,,0.33123349699480437,0.0026923583431751816,0.5948876418292586,0.001873382393264628,0.001873382393264628,0.0017576110641786453,0.0006994082124407319,FM,594.8876418292585,1.8733823932646279,1.8733823932646279,0.6994082124407319,1.7576110641786453,331.23349699480434,2.6923583431751816,,
22,0.49984056307986846,0.8608992533345371,0.029085706129561118,0.5988101551164581,0.00190150300845764,0.5460857502482978,0.003747358110297289,2.1380216939452397,0.12662500048384737,0.6945324580451155,0.09304022726889596,0.02617971074031916,90,0.6065635150532065,0.49984056307986846,,,,,1.6322683849225108,,0.33123349699480437,0.0026923583431751816,0.5988101551164581,0.00190150300845764,0.00190150300845764,0.0017576110641786453,0.001665275275616636,FM,598.8101551164581,1.90150300845764,1.90150300845764,1.665275275616636,1.7576110641786453,331.23349699480434,2.6923583431751816,,
23,0.49984056307986846,0.9250454057328451,0.03208658923810897,0.5956872542194893,0.0018483137328295478,0.5386217844269532,0.0034580716573815425,2.4579489517113737,0.13185292392026968,0.46133017920745767,0.0982291706508558,0.0172296657554966,90,0.6064166917197398,0.49984056307986846,,,,,1.7960725807910718,,0.33123349699480437,0.0026923583431751816,0.5956872542194893,0.0018483137328295478,0.0018483137328295478,0.0017576110641786453,0.001665275275616636,FM,595.6872542194893,1.8483137328295478,1.8483137328295478,1.665275275616636,1.7576110641786453,331.23349699480434,2.6923583431751816,,
24,0.46002056540985214,0.9234716328791521,0.03345544285942712,0.5964763655987979,0.001880950219941052,0.5394154278076628,0.0035509704762736226,2.4534777023450918,0.13774634793936832,0.46614411273238926,0.10288788311242394,0.02302884292744923,89,0.6072123164162326,0.46002056540985214,,,,,1.7968953347400118,,0.33123349699480437,0.0026923583431751816,0.5964763655987979,0.001880950219941052,0.001880950219941052,0.0017576110641786453,0.00045625941485414413,FM,596.4763655987979,1.8809502199410522,1.8809502199410522,0.4562594148541441,1.7576110641786453,331.23349699480434,2.6923583431751816,,
25,0.46002056540985214,0.9186604851102119,0.033042134600190926,0.5969162670697399,0.0018793292385484012,0.5404450998004673,0.0035756300703824674,2.4192270286321302,0.13698955423786674,0.4895505142805734,0.10216388862647462,0.028239438876984515,89,0.6070028902663329,0.46002056540985214,,,,,1.761592449583447,,0.33123349699480437,0.0026923583431751816,0.5969162670697399,0.0018793292385484012,0.0018793292385484012,0.0017576110641786453,0.00045625941485414413,FM,596.9162670697399,1.8793292385484013,1.8793292385484013,0.4562594148541441,1.7576110641786453,331.23349699480434,2.6923583431751816,,
26,0.41990222314248354,0.9072948492833846,0.03199012182173701,0.5976910064641282,0.001855673702145161,0.5425907420367668,0.0035218943022047302,2.3396281917847266,0.13175075036713507,0.5478936239803669,0.09860638225974294,0.024122098858707395,90,0.6092055503486972,0.41990222314248354,,,,,1.7198842405929287,,0.33123349699480437,0.0026923583431751816,0.5976910064641282,0.001855673702145161,0.001855673702145161,0.0017576110641786453,0.0010866258654898735,FM,597.6910064641282,1.855673702145161,1.855673702145161,1.0866258654898735,1.7576110641786453,331.23349699480434,2.6923583431751816,,
27,0.41990222314248354,0.9399590604207503,0.03477923032565688,0.5951971561106213,0.0018863638665353902,0.5361654882702414,0.0034689389995967274,2.5682445792606474,0.14019517928423086,0.39413592396526664,0.10520974140648846,0.014743536741401045,89,0.6071205228303608,0.41990222314248354,,,,,1.823383533679182,,0.33123349699480437,0.0026923583431751816,0.5951971561106213,0.0018863638665353902,0.0018863638665353902,0.0017576110641786453,0.0010866258654898735,FM,595.1971561106213,1.8863638665353901,1.8863638665353901,1.0866258654898735,1.7576110641786453,331.23349699480434,2.6923583431751816,,
28,0.3799838239978118,0.907545096402094,0.02987427048396059,0.5912335560551605,0.00178245182294412,0.5406002185843132,0.0035550410386400682,2.1764068005882558,0.12782417048097075,0.7416055682744501,0.09383190660734808,0.012975476948077817,90,0.6001633049855711,0.3799838239978118,,,,,1.2294887488709152,,0.33123349699480437,0.0026923583431751816,0.5912335560551605,0.00178245182294412,0.00178245182294412,0.0017576110641786453,0.0015520309482378776,FM,591.2335560551605,1.78245182294412,1.78245182294412,1.5520309482378776,1.7576110641786453,331.23349699480434,2.6923583431751816,,
29,0.3799838239978118,0.9086208882953468,0.030030874607405243,0.5909209749982465,0.0017827506121670888,0.540165668627587,0.0035488216121980012,2.184235029638352,0.12810565050002917,0.7362717931982082,0.09410616332000016,0.02019862258954353,90,0.6003352173326653,0.3799838239978118,,,,,1.2159606129607592,,0.33123349699480437,0.0026923583431751816,0.5909209749982465,0.0017827506121670888,0.0017827506121670888,0.0017576110641786453,0.0015520309482378776,FM,590.9209749982465,1.7827506121670889,1.7827506121670889,1.5520309482378776,1.7576110641786453,331.23349699480434,2.6923583431751816,,
30,0.33996492348476187,0.9423446955039737,0.024999411665993284,0.6167960617419089,0.0015561577565092934,0.5804014028676501,0.003482539201429455,1.6762628322110018,0.1190018688431031,1.1571666311067175,0.0878070052582481,0.024692823768996064,90,0.6239711995115234,0.33996492348476187,0.5086747042847118,0.007109027694515618,0.23462081963456002,0.7432955239192719,0.9597328836161587,0.00831018381801734,0.33123349699480437,0.0026923583431751816,0.6167960617419089,0.10971457191603658,0.0015561577565092934,0.0017576110641786453,0.10971457191603658,spinflip,616.7960617419089,109.71457191603658,1.5561577565092934,109.71457191603658,1.7576110641786453,331.23349699480434,2.6923583431751816,508.6747042847118,7.109027694515619
31,0.33996492348476187,0.29969278677962646,0.016802389828955003,0.7838586229483465,0.004645969672335016,0.7534113573584992,0.010993251174427352,0.4502671305814988,0.11021950639539366,2.191004704969211,0.09213337125091381,0.010648016098362668,90,0.7785418113087674,0.33996492348476187,0.3166683684494691,0.007872432200801152,0.6002401306914383,0.9169084991409074,0.3019096050172944,0.0072930498019454166,0.33123349699480437,0.0026923583431751816,0.7838586229483465,0.10971457191603658,0.004645969672335016,0.0017576110641786453,0.10971457191603658,spinflip,783.8586229483465,109.71457191603658,4.645969672335015,109.71457191603658,1.7576110641786453,331.23349699480434,2.6923583431751816,316.6683684494691,7.8724322008011525
32,0.3000444397085205,0.5355841886380803,0.019982407622749353,0.8393707982936873,0.00294262306690996,0.815870620153888,0.009540771161389657,0.6274136483864434,0.18481811127997716,2.2406959610747066,0.1539624185407064,0.015755988965233673,77,0.8444591046492986,0.3000444397085205,,,0.6538222311165364,,0.5411099981628468,0.009582295791621903,0.33123349699480437,0.0026923583431751816,0.8393707982936873,0.005559871573482756,0.00294262306690996,0.0017576110641786453,0.005559871573482756,spinflip,839.3707982936874,5.559871573482756,2.94262306690996,5.559871573482756,1.7576110641786453,331.23349699480434,2.6923583431751816,,
33,0.3000444397085205,0.5562657436324681,0.023799805495832833,0.8363788636172345,0.0030417096363230004,0.8029648574911258,0.009499603959736659,0.9129426295329028,0.19667006210614832,1.9925331644982343,0.17043851862610734,0.018503217948073046,76,0.8480089115543085,0.3000444397085205,0.3308662680695672,0.005867452153992781,0.6349759263221982,0.9658421943917654,0.5871594309776693,0.008667505379129052,0.33123349699480437,0.0026923583431751816,0.8363788636172345,0.005559871573482756,0.0030417096363230004,0.0017576110641786453,0.005559871573482756,spinflip,836.3788636172344,5.559871573482756,3.0417096363230005,5.559871573482756,1.7576110641786453,331.23349699480434,2.6923583431751816,330.8662680695672,5.86745215399278
34,0.25992608891759983,0.5868225031034807,0.015318869605647267,0.7596327622109216,0.002253882364300634,0.7460740231843589,0.005644686938461749,0.4001632900346095,0.10731765898743867,2.7654798992712375,0.08231186013875301,0.03264212382206493,90,0.749327892801102,0.25992608891759983,0.32273426504622826,0.008238717890572832,0.5851435086198838,0.9078777736661121,0.5876502582507669,0.009743155804517444,0.33123349699480437,0.0026923583431751816,0.7596327622109216,0.050944763310142006,0.002253882364300634,0.0017576110641786453,0.050944763310142006,spinflip,759.6327622109216,50.94476331014201,2.253882364300634,50.94476331014201,1.7576110641786453,331.23349699480434,2.6923583431751816,322.73426504622824,8.238717890572833
35,0.25992608891759983,0.5798012741132063,0.01523223209566461,0.7605682219379509,0.0022722535542273785,0.7488769374721261,0.005713481633719058,0.34114858197189485,0.10725741926736665,2.816370563943832,0.0815635450871243,0.029773682637147334,90,0.7500664653206415,0.25992608891759983,0.3246945927016701,0.004519892194130405,0.5883195617418326,0.9130141544435028,0.5803229343238901,0.009727336850763022,0.33123349699480437,0.0026923583431751816,0.7605682219379509,0.050944763310142006,0.0022722535542273785,0.0017576110641786453,0.050944763310142006,spinflip,760.568221937951,50.94476331014201,2.2722535542273787,50.94476331014201,1.7576110641786453,331.23349699480434,2.6923583431751816,324.6945927016701,4.519892194130405
36,0.2200066646717776,0.6424696919922587,0.015944455913283258,0.7577785138501001,0.0020903332735316476,0.7427572367867553,0.0053121443919419585,0.48527500222378483,0.11161852460436573,2.6840807386821153,0.08575302912603078,0.03367474029888921,89,0.7471089148408817,0.2200066646717776,0.3228645362521432,0.00544940705312786,0.5853598352075149,0.9082243714596581,0.6396475143205533,0.009873538958339456,0.33123349699480437,0.0026923583431751816,0.7577785138501001,0.05208736123269809,0.0020903332735316476,0.0017576110641786453,0.05208736123269809,AFM,757.7785138501001,52.087361232698086,2.0903332735316478,52.087361232698086,1.7576110641786453,331.23349699480434,2.6923583431751816,322.8645362521432,5.449407053127859
37,0.2200066646717776,0.6539878356141081,0.01582574367892788,0.756560528177981,0.002032634538290174,0.7386040311978015,0.005063952052978848,0.5891630084585573,0.10751528828790742,2.6028473751837358,0.08298801003631384,0.033069637319195544,90,0.7461710080701405,0.2200066646717776,0.3307043089135493,0.00930859372085971,0.5759337149002229,0.9066380238137722,0.6495851159476136,0.010812055645190709,0.33123349699480437,0.0026923583431751816,0.756560528177981,0.05208736123269809,0.002032634538290174,0.0017576110641786453,0.05208736123269809,AFM,756.560528177981,52.087361232698086,2.032634538290174,52.087361232698086,1.7576110641786453,331.23349699480434,2.6923583431751816,330.7043089135493,9.30859372085971
38,0.1799877809741539,0.6653283184595353,0.016973596264309557,0.753768654978557,0.002058487015018582,0.7328690608095549,0.005123265093557021,0.6954444930572481,0.11271328011077986,2.5264311795166057,0.08916553024446167,0.02835784104801771,89,0.7474358341809619,0.1799877809741539,0.3204641111979717,0.005027921722465678,0.5762128708784771,0.8966769820764487,0.6592835318045435,0.010603857332840307,0.33123349699480437,0.0026923583431751816,0.753768654978557,0.029955877377450535,0.002058487015018582,0.0017576110641786453,0.029955877377450535,AFM,753.768654978557,29.955877377450534,2.0584870150185823,29.955877377450534,1.7576110641786453,331.23349699480434,2.6923583431751816,320.4641111979717,5.027921722465678
39,0.1799877809741539,0.6490944883333235,0.015974808253612353,0.7551350985297846,0.0020580947313853324,0.736234378129834,0.005100901798209909,0.6148891406431509,0.10772455360823102,2.5974072389636755,0.08372969935101102,0.03911388576048814,90,0.7455391706132266,0.1799877809741539,0.32273541421542584,0.006005700599915338,0.5780089018277081,0.900744316043134,0.6475948984206081,0.010964307580901151,0.33123349699480437,0.0026923583431751816,0.7551350985297846,0.029955877377450535,0.0020580947313853324,0.0017576110641786453,0.029955877377450535,AFM,755.1350985297845,29.955877377450534,2.0580947313853324,29.955877377450534,1.7576110641786453,331.23349699480434,2.6923583431751816,322.73541421542586,6.005700599915338
40,0.1398694566372516,0.6664593732203055,0.016272850078070004,0.75658817175992,0.0020270032675568264,0.7394841430350332,0.005119620071039108,0.5714611290610976,0.1118581700157237,2.6106259617515506,0.08681710377657531,0.03144202020186851,89,0.7477252398075152,0.1398694566372516,0.3223993852321849,0.0053249147135172375,0.5805455706002616,0.9029449558324465,0.6700698336740737,0.010482977752399732,0.33123349699480437,0.0026923583431751816,0.75658817175992,0.017068837250212826,0.0020270032675568264,0.0017576110641786453,0.017068837250212826,AFM,756.58817175992,17.068837250212827,2.0270032675568266,17.068837250212827,1.7576110641786453,331.23349699480434,2.6923583431751816,322.3993852321849,5.324914713517238
41,0.1398694566372516,0.6729298119713832,0.017044367926090615,0.754817728049098,0.002020211978498218,0.7322214339889354,0.004913893481575201,0.7580909336494253,0.10890141620187561,2.4658430467455217,0.087080989098147,0.02795597384356318,90,0.7483426230742483,0.1398694566372516,0.3202216096997653,0.0071971292950698635,0.5763421758031225,0.8965637855028878,0.6653955710706967,0.01040207279115175,0.33123349699480437,0.0026923583431751816,0.754817728049098,0.017068837250212826,0.002020211978498218,0.0017576110641786453,0.017068837250212826,AFM,754.8177280490979,17.068837250212827,2.0202119784982178,17.068837250212827,1.7576110641786453,331.23349699480434,2.6923583431751816,320.22160969976534,7.197129295069863
42,0.09995003651825246,0.6577480062363923,0.017558276124236855,0.8056584622444887,0.002153552954636159,0.7903642846172163,0.005689895887330825,0.5049916217575012,0.12639943920169253,2.5400506989492335,0.10560144595156332,0.024147177331735967,86,0.8083689447482463,0.09995003651825246,0.32890559617246606,0.005806924124861943,0.6251984833343067,0.9541040795067728,0.681667172742978,0.009389673894454758,0.33123349699480437,0.0026923583431751816,0.8056584622444887,0.01186764116007393,0.002153552954636159,0.0017576110641786453,0.01186764116007393,AFM,805.6584622444886,11.86764116007393,2.1535529546361594,11.86764116007393,1.7576110641786453,331.23349699480434,2.6923583431751816,328.90559617246606,5.8069241248619425
43,0.09995003651825246,0.6619642061331508,0.01747471865096597,0.8057445305881763,0.002136519567415081,0.791246001615028,0.005654512362289656,0.48311718661034,0.12627824656872408,2.5536080222444353,0.10525763362218644,0.02545065104144885,86,0.8080181317927856,0.09995003651825246,0.33048908770882157,0.005449171642995668,0.6284058757372118,0.9588949634460334,0.6869045953796895,0.009660774948972637,0.33123349699480437,0.0026923583431751816,0.8057445305881763,0.01186764116007393,0.002136519567415081,0.0017576110641786453,0.01186764116007393,AFM,805.7445305881763,11.86764116007393,2.136519567415081,11.86764116007393,1.7576110641786453,331.23349699480434,2.6923583431751816,330.48908770882156,5.449171642995668
44,0.059931264795597294,0.6742362605086618,0.017686690865270093,0.8048933483882765,0.002101315674295851,0.7900314567777958,0.005550509611767586,0.5036743229636487,0.12645074415246052,2.5318193711139356,0.10576556905369495,0.02385210375189651,86,0.8080186742078155,0.059931264795597294,0.33492339635291224,0.006183260352042611,0.6237643874306671,0.9586877837835793,0.6923242446424218,0.009793310781404597,0.33123349699480437,0.0026923583431751816,0.8048933483882765,0.011430170759160732,0.002101315674295851,0.0017576110641786453,0.011430170759160732,AFM,804.8933483882765,11.430170759160733,2.1013156742958508,11.430170759160733,1.7576110641786453,331.23349699480434,2.6923583431751816,334.9233963529122,6.183260352042611
45,0.059931264795597294,0.6723223396344002,0.016999856440443183,0.8049514845941885,0.0020682585853295157,0.7909984233678793,0.005396088976002371,0.4716950980630543,0.121101675953779,2.558375722956561,0.10028967320345088,0.02007973266841138,87,0.8064976123386774,0.059931264795597294,0.32645945446287983,0.0071922970849677866,0.6267022468143824,0.9531617012772622,0.6915552357322063,0.010309261681192476,0.33123349699480437,0.0026923583431751816,0.8049514845941885,0.011430170759160732,0.0020682585853295157,0.0017576110641786453,0.011430170759160732,AFM,804.9514845941885,11.430170759160733,2.0682585853295157,11.430170759160733,1.7576110641786453,331.23349699480434,2.6923583431751816,326.4594544628798,7.1922970849677865
46,0.020011306803904637,0.6720279721742092,0.01728035109483822,0.8067658700207917,0.002096811564904112,0.7936677816402203,0.005571778884265452,0.4433510929334308,0.12599580388391246,2.577543485410706,0.1043468669545293,0.020174957565601063,86,0.8086035893838177,0.020011306803904637,0.3298627506902527,0.004475032897485358,0.6245426345224818,0.9544053852127345,0.6907684938346463,0.008920575976075294,0.33123349699480437,0.0026923583431751816,0.8067658700207917,0.01221697196581626,0.002096811564904112,0.0017576110641786453,0.01221697196581626,AFM,806.7658700207917,12.21697196581626,2.0968115649041117,12.21697196581626,1.7576110641786453,331.23349699480434,2.6923583431751816,329.8627506902527,4.475032897485358
47,0.020011306803904637,0.6635471221238314,0.01763822648958562,0.8058292379383768,0.0021365145902152247,0.7899703889077294,0.005639782925447889,0.528484213377768,0.1264574191627668,2.518332339959854,0.10577061706116374,0.021165409874043462,86,0.8082521433529057,0.020011306803904637,0.3320470675716143,0.008066938746365304,0.6229696994776728,0.9550167670492871,0.6814701312962043,0.01029309058006821,0.33123349699480437,0.0026923583431751816,0.8058292379383768,0.01221697196581626,0.0021365145902152247,0.0017576110641786453,0.01221697196581626,AFM,805.8292379383768,12.21697196581626,2.1365145902152247,12.21697196581626,1.7576110641786453,331.23349699480434,2.6923583431751816,332.04706757161426,8.066938746365304
48,-0.020009310332942513,0.6755426769777406,0.017427038524302132,0.8067240191013278,0.002090307043684074,0.7923391928295814,0.005541844917866283,0.4887535658589755,0.12614297578346012,2.5376837748367485,0.1048545830808897,0.024854724907999462,86,0.8089820876322646,0.020009310332942513,0.32915875238650716,0.008348834145190151,0.6256142483855743,0.9547730007720815,0.7010780489359645,0.010604865754672127,0.33123349699480437,0.0026923583431751816,0.8067240191013278,0.01228846296201836,0.002090307043684074,0.0017576110641786453,0.01228846296201836,AFM,806.7240191013278,12.288462962018361,2.0903070436840743,12.288462962018361,1.7576110641786453,331.23349699480434,2.6923583431751816,329.15875238650716,8.348834145190152
49,-0.020009310332942513,0.6625577273691314,0.017231309279066565,0.8075322465280561,0.002126914947614145,0.7936545172601559,0.005651387176832532,0.46284584222861397,0.1259965126533622,2.5689428014162305,0.10433777810501459,0.019444141868000985,86,0.8097757857752506,0.020009310332942513,0.3319938884202157,0.00635295848293858,0.6261064664335294,0.9581003548537451,0.6755855114000783,0.01085347719033927,0.33123349699480437,0.0026923583431751816,0.8075322465280561,0.01228846296201836,0.002126914947614145,0.0017576110641786453,0.01228846296201836,AFM,807.5322465280561,12.288462962018361,2.1269149476141447,12.288462962018361,1.7576110641786453,331.23349699480434,2.6923583431751816,331.9938884202157,6.35295848293858
50,-0.059928154485183335,0.666721871577326,0.017626497610015376,0.8061710245976954,0.0021257794722098645,0.7901943812319914,0.005613181027841042,0.5348852829478076,0.12642536279833752,2.5073040747310578,0.10568607971883762,0.023603028609988717,86,0.809308374911974,0.059928154485183335,0.3381162824092745,0.008004280755794723,0.6195813873362587,0.9576976697455332,0.6816462334554418,0.009726521810683892,0.33123349699480437,0.0026923583431751816,0.8061710245976954,0.0021257794722098645,0.0021257794722098645,0.0017576110641786453,0.0004206831124061912,AFM,806.1710245976954,2.1257794722098646,2.1257794722098646,0.4206831124061912,1.7576110641786453,331.23349699480434,2.6923583431751816,338.1162824092745,8.004280755794722
51,-0.059928154485183335,0.6632560612671501,0.017387182761343246,0.8067659603607216,0.002129909616774527,0.7920977849717342,0.005644245985677319,0.48922006513396255,0.12617009716151256,2.54683326640624,0.10492723091796485,0.019858641482389427,86,0.8072639683046094,0.059928154485183335,0.33260912086665595,0.008477973140661224,0.6251590361999211,0.957768157066577,0.6812720313370206,0.011704002800265317,0.33123349699480437,0.0026923583431751816,0.8067659603607216,0.002129909616774527,0.002129909616774527,0.0017576110641786453,0.0004206831124061912,AFM,806.7659603607216,2.129909616774527,2.129909616774527,0.4206831124061912,1.7576110641786453,331.23349699480434,2.6923583431751816,332.6091208666559,8.477973140661224
52,-0.1005436900058875,0.667056516833257,0.01783900381829709,0.80566044850501,0.0021308717693155135,0.7886220127419151,0.005608678663038182,0.57012956806687,0.12667087062469132,2.4811474297255067,0.10633576074383275,0.01943462330295295,86,0.8089571203151302,0.1005436900058875,0.33839360090726645,0.007733208774250913,0.6172000417724014,0.9555936426796678,0.6807858594482433,0.0106108348851802,0.33123349699480437,0.0026923583431751816,0.80566044850501,0.011871528782831459,0.0021308717693155135,0.0017576110641786453,0.011871528782831459,AFM,805.66044850501,11.871528782831458,2.1308717693155135,11.871528782831458,1.7576110641786453,331.23349699480434,2.6923583431751816,338.39360090726643,7.733208774250913
53,-0.1005436900058875,0.6638147742988726,0.01745160175640359,0.8057424607680364,0.002129502734283869,0.7915331420685552,0.005639039394640781,0.47438929859035617,0.12624138884197472,2.560184621776104,0.10514739288959773,0.023115943307172194,86,0.8080160581076155,0.1005436900058875,0.33275483526150496,0.006156423278415071,0.6244058768144454,0.9571607120759503,0.6854117061917884,0.011098329691892854,0.33123349699480437,0.0026923583431751816,0.8057424607680364,0.011871528782831459,0.002129502734283869,0.0017576110641786453,0.011871528782831459,AFM,805.7424607680364,11.871528782831458,2.1295027342838693,11.871528782831458,1.7576110641786453,331.23349699480434,2.6923583431751816,332.754835261505,6.156423278415071
54,-0.13986633083054692,0.6725671006754643,0.017266573311750983,0.8065101786262525,0.0020944907179959514,0.7938569501891295,0.005567447749124608,0.42863353973349017,0.12597706872832187,2.587804864647946,0.10427780332315077,0.019939526039407695,86,0.8082517021687374,0.13986633083054692,0.32761130238789526,0.005762322580695021,0.6288157396417625,0.9564270420296578,0.6984297815418647,0.009334130869456224,0.33123349699480437,0.0026923583431751816,0.8065101786262525,0.014699408583138547,0.0020944907179959514,0.0017576110641786453,0.014699408583138547,AFM,806.5101786262525,14.699408583138547,2.0944907179959515,14.699408583138547,1.7576110641786453,331.23349699480434,2.6923583431751816,327.61130238789525,5.762322580695021
55,-0.13986633083054692,0.6676125714032345,0.017870543040113412,0.8047226500358216,0.0021285842696331667,0.7884207945780675,0.0056037856898993104,0.5466424767117867,0.12670469531412767,2.498961313213841,0.10642125974775116,0.02525650782691818,86,0.8088389786147795,0.13986633083054692,0.32469893913507764,0.007034143745805378,0.6245692403233941,0.9492681794584718,0.6813829723278062,0.010554251096128552,0.33123349699480437,0.0026923583431751816,0.8047226500358216,0.014699408583138547,0.0021285842696331667,0.0017576110641786453,0.014699408583138547,AFM,804.7226500358215,14.699408583138547,2.1285842696331665,14.699408583138547,1.7576110641786453,331.23349699480434,2.6923583431751816,324.69893913507764,7.034143745805378
56,-0.1799846660135246,0.6879573633385547,0.01825824536194491,0.8080783327908816,0.002094771424286747,0.7911494662877249,0.005616109869312229,0.5846332199006146,0.13184471663722958,2.437513176096053,0.1107613193031776,0.0177140999797264,85,0.8122387572321643,0.1799846660135246,0.3354223032678243,0.006228167720978831,0.619930225579921,0.9553525288477452,0.7026569670445847,0.009435163724085474,0.33123349699480437,0.0026923583431751816,0.8080783327908816,0.027732884795766948,0.002094771424286747,0.0017576110641786453,0.027732884795766948,AFM,808.0783327908816,27.73288479576695,2.094771424286747,27.73288479576695,1.7576110641786453,331.23349699480434,2.6923583431751816,335.4223032678243,6.228167720978831
57,-0.1799846660135246,0.6870699553864884,0.018722203043809386,0.8077813071142287,0.0021111477680218595,0.7881983023328761,0.0056195868555798875,0.6737670261395052,0.1323934230821132,2.3654324679601624,0.11208105949422391,0.018758447874281912,85,0.8135910570691384,0.1799846660135246,0.33777450259036856,0.006295226185073573,0.615035854950374,0.9528103575407426,0.7022168833478746,0.00990980121493163,0.33123349699480437,0.0026923583431751816,0.8077813071142287,0.027732884795766948,0.0021111477680218595,0.0017576110641786453,0.027732884795766948,AFM,807.7813071142286,27.73288479576695,2.1111477680218593,27.73288479576695,1.7576110641786453,331.23349699480434,2.6923583431751816,337.77450259036857,6.295226185073573
58,-0.2200025020312269,0.6174188080648652,0.025005209930791195,0.8489536059851702,0.0027875031096192254,0.8083805798872563,0.009253720688575214,1.214130355950557,0.21540246180766873,1.7012976553227557,0.18685684020720222,0.01366351021438627,74,0.8584778788488977,0.2200025020312269,,,0.6247952885963105,,0.6225819200743112,0.009247282387045667,0.33123349699480437,0.0026923583431751816,0.8489536059851702,0.04938783387357946,0.0027875031096192254,0.0017576110641786453,0.04938783387357946,AFM,848.9536059851703,49.38783387357946,2.7875031096192253,49.38783387357946,1.7576110641786453,331.23349699480434,2.6923583431751816,,
59,-0.2200025020312269,0.6871222617301583,0.034305028005615607,0.8437113540100201,0.0028227454568888637,0.793547602407176,0.008545614715070286,1.6347436257233803,0.2354396580480055,1.3005866825496744,0.21242287373490273,0.010355288991421347,73,0.8620224009744488,0.2200025020312269,0.372669415652766,0.005595410626609277,0.5846806993352566,0.9573501149880226,0.6956890254226655,0.008633638824079724,0.33123349699480437,0.0026923583431751816,0.8437113540100201,0.04938783387357946,0.0028227454568888637,0.0017576110641786453,0.04938783387357946,AFM,843.71135401002,49.38783387357946,2.822745456888864,49.38783387357946,1.7576110641786453,331.23349699480434,2.6923583431751816,372.669415652766,5.595410626609277
60,-0.2599219353959954,0.6623408516560418,0.03167603791812165,0.8447962184961921,0.002843022345865734,0.7980739238110158,0.008903518700973778,1.4803676331369473,0.2322778705024677,1.4431910307013847,0.20760199905011745,0.013417724472476817,73,0.8621383302025047,0.2599219353959954,0.35519817384727514,0.004968264562821006,0.602670212739773,0.9578683865870481,0.675703167231126,0.009048798495337287,0.33123349699480437,0.0026923583431751816,0.8447962184961921,0.04778790646062701,0.002843022345865734,0.0017576110641786453,0.04778790646062701,spinflip,844.7962184961922,47.787906460627006,2.8430223458657338,47.787906460627006,1.7576110641786453,331.23349699480434,2.6923583431751816,355.19817384727514,4.968264562821006
61,-0.2599219353959954,0.6528440989646772,0.025342831584521042,0.8480040554028053,0.002673465928120694,0.8119823035752584,0.009113363748248973,1.1500333739816,0.22534214050489362,1.7197401705318005,0.1951574794665259,0.012388752552441979,73,0.8625735404248493,0.2599219353959954,,,0.6224259621175295,,0.6596244462757859,0.009164608803904573,0.33123349699480437,0.0026923583431751816,0.8480040554028053,0.04778790646062701,0.002673465928120694,0.0017576110641786453,0.04778790646062701,spinflip,848.0040554028053,47.787906460627006,2.673465928120694,47.787906460627006,1.7576110641786453,331.23349699480434,2.6923583431751816,,
62,-0.30004132998638705,0.6426554125649557,0.02969253600515485,0.8482685274145289,0.0028816234292123933,0.8057574946720164,0.009596548156889718,1.3188516989361898,0.2402692213262799,1.5856429394042826,0.2124872730077709,0.012597075321508274,72,0.8642288438582162,0.30004132998638705,0.3584871400308396,0.0058043531322405015,0.6126423460374976,0.9711294860683372,0.6527021625038746,0.009058473200016832,0.33123349699480437,0.0026923583431751816,0.8482685274145289,0.004532558423983695,0.0028816234292123933,0.0017576110641786453,0.004532558423983695,spinflip,848.2685274145289,4.532558423983695,2.8816234292123935,4.532558423983695,1.7576110641786453,331.23349699480434,2.6923583431751816,358.4871400308396,5.804353132240501
63,-0.30004132998638705,0.642051190314606,0.031118736693961955,0.8501164975559117,0.0029283948673048807,0.8030088493438351,0.009585983261746516,1.445199517329909,0.2418681024924637,1.4858038279402999,0.21519098803249495,0.01812851008382691,72,0.8640005892769538,0.30004132998638705,0.3617222323716376,0.009265729570365684,0.6030254236489015,0.9647476560205391,0.6484263410669027,0.00995751885734035,0.33123349699480437,0.0026923583431751816,0.8501164975559117,0.004532558423983695,0.0029283948673048807,0.0017576110641786453,0.004532558423983695,spinflip,850.1164975559117,4.532558423983695,2.9283948673048807,4.532558423983695,1.7576110641786453,331.23349699480434,2.6923583431751816,361.7222323716376,9.265729570365684
64,-0.33996076303008854,0.6002739662651928,0.02054871456382828,0.8432539415517035,0.002619846417509491,0.8130325821547325,0.00850974617296176,0.8961898753824764,0.18508960555823356,1.9292455030623785,0.15538913927529727,0.014078742307001919,77,0.8454503907845692,0.33996076303008854,,,0.6401793762220129,,0.6127461381202732,0.009610572295358251,0.33123349699480437,0.0026923583431751816,0.8432539415517035,0.11854646004390129,0.002619846417509491,0.0017576110641786453,0.11854646004390129,spinflip,843.2539415517035,118.54646004390129,2.619846417509491,118.54646004390129,1.7576110641786453,331.23349699480434,2.6923583431751816,,
65,-0.33996076303008854,0.6051462918494195,0.020787380459681124,0.8444208052066635,0.0026235686677386345,0.8178671574822226,0.008768663288975322,0.7978401532712831,0.19346775019313062,2.00497866308789,0.16156492258576877,0.025244260445195694,76,0.8504585355226454,0.33996076303008854,,,0.6510064370064165,,0.6208820610333201,0.01115485962624813,0.33123349699480437,0.0026923583431751816,0.8444208052066635,0.11854646004390129,0.0026235686677386345,0.0017576110641786453,0.11854646004390129,spinflip,844.4208052066635,118.54646004390129,2.6235686677386347,118.54646004390129,1.7576110641786453,331.23349699480434,2.6923583431751816,,
66,-0.3799786075557412,0.9175501736978262,0.030184156468554827,0.5910106004206415,0.0017705805788982842,0.5398836792109684,0.003514404293252308,2.220240980011015,0.12834267104776376,0.7136735625949308,0.09435990986745664,0.022129429712174593,90,0.5998516681211423,0.3799786075557412,,,,,1.2551143035076604,,0.33123349699480437,0.0026923583431751816,0.5910106004206415,0.0017705805788982842,0.0017705805788982842,0.0017576110641786453,0.0005937371109893211,FM,591.0106004206415,1.7705805788982842,1.7705805788982842,0.5937371109893211,1.7576110641786453,331.23349699480434,2.6923583431751816,,
67,-0.3799786075557412,0.9348901171840894,0.030745885220163808,0.5903541021242487,0.0017626520865429496,0.5390008290554368,0.003554650826812412,2.270325822796825,0.13265594806811692,0.6709658341298138,0.09701445338801448,0.020406549347357684,89,0.5991701177482966,0.3799786075557412,,,,,1.2674377752682207,,0.33123349699480437,0.0026923583431751816,0.5903541021242487,0.0017626520865429496,0.0017626520865429496,0.0017576110641786453,0.0005937371109893211,FM,590.3541021242487,1.7626520865429496,1.7626520865429496,0.5937371109893211,1.7576110641786453,331.23349699480434,2.6923583431751816,,
68,-0.41989805072183894,0.9351114063008177,0.03373269540041881,0.5960856068534066,0.0018502517416473163,0.5382464182161386,0.0033943585723549695,2.5121459782159103,0.13494446732506982,0.43309747141026217,0.1016673689034502,0.01884174326896989,90,0.6081673019573145,0.41989805072183894,,,,,1.7785694371625766,,0.33123349699480437,0.0026923583431751816,0.5960856068534066,0.0018502517416473163,0.0018502517416473163,0.0017576110641786453,0.0009632532285241868,FM,596.0856068534066,1.8502517416473163,1.8502517416473163,0.9632532285241868,1.7576110641786453,331.23349699480434,2.6923583431751816,,
69,-0.41989805072183894,0.9390871968505337,0.03421994295360141,0.5954619360517034,0.0018655158462383067,0.5376352518924776,0.003482725979594931,2.5229936276862444,0.13912965706481425,0.42377024212541886,0.10422146165147884,0.018699025884139527,89,0.6071899052104208,0.41989805072183894,,,,,1.7771042088949147,,0.33123349699480437,0.0026923583431751816,0.5954619360517034,0.0018655158462383067,0.0018655158462383067,0.0017576110641786453,0.0009632532285241868,FM,595.4619360517033,1.8655158462383068,1.8655158462383068,0.9632532285241868,1.7576110641786453,331.23349699480434,2.6923583431751816,,
70,-0.46001744923426546,0.9276651224944863,0.033072741931349604,0.5966654094172343,0.0018444430363297095,0.5399344049963534,0.0034316055451591074,2.451904016896892,0.1337119967712689,0.465227329167839,0.10050273282344799,0.017730395317027556,90,0.608153399006012,0.46001744923426546,,,,,1.792930615514829,,0.33123349699480437,0.0026923583431751816,0.5966654094172343,0.0018444430363297095,0.0018444430363297095,0.0017576110641786453,0.0006496032864493841,FM,596.6654094172343,1.8444430363297095,1.8444430363297095,0.649603286449384,1.7576110641786453,331.23349699480434,2.6923583431751816,,
71,-0.46001744923426546,0.933520023322216,0.033402736204034875,0.5966090394068136,0.0018572848879206902,0.5397263683796308,0.0035168517795902583,2.4735441216845806,0.13760323419450357,0.44800995547534045,0.1027822956249581,0.021455007037575656,89,0.6068579842601203,0.46001744923426546,,,,,1.783956889341537,,0.33123349699480437,0.0026923583431751816,0.5966090394068136,0.0018572848879206902,0.0018572848879206902,0.0017576110641786453,0.0006496032864493841,FM,596.6090394068136,1.8572848879206902,1.8572848879206902,0.649603286449384,1.7576110641786453,331.23349699480434,2.6923583431751816,,
72,-0.49983639223249837,0.9428028706229679,0.034156225891679465,0.5955088554358716,0.001854724446851142,0.5378700865786437,0.0034713972131274963,2.524701804946495,0.13899180340876452,0.40989196219687724,0.10410467644280397,0.028994298463599636,89,0.6075434801477956,0.49983639223249837,,,,,1.8609534449876528,,0.33123349699480437,0.0026923583431751816,0.5955088554358716,0.001854724446851142,0.001854724446851142,0.0017576110641786453,0.00034870603672532423,FM,595.5088554358716,1.854724446851142,1.854724446851142,0.34870603672532424,1.7576110641786453,331.23349699480434,2.6923583431751816,,
73,-0.49983639223249837,0.9267812798282589,0.03308632289327714,0.5962157042324897,0.0018402585865152819,0.5398778508867628,0.0034343485137079094,2.4356935060664373,0.13374211285028403,0.47308408057176093,0.10052757430203486,0.017239931797959535,90,0.6076605856909816,0.49983639223249837,,,,,1.8065032875797058,,0.33123349699480437,0.0026923583431751816,0.5962157042324897,0.0018402585865152819,0.0018402585865152819,0.0017576110641786453,0.00034870603672532423,FM,596.2157042324897,1.8402585865152818,1.8402585865152818,0.34870603672532424,1.7576110641786453,331.23349699480434,2.6923583431751816,,
74,-0.5399547393069164,0.9175308164231524,0.03248161514263221,0.5968447702050854,0.0018424474194364121,0.5413977703024828,0.003477060336572468,2.378594196912146,0.13263235199698895,0.511794959498521,0.09946503387576085,0.025518899974314873,90,0.6080321591081164,0.5399547393069164,,,,,1.7747851751894572,,0.33123349699480437,0.0026923583431751816,0.5968447702050854,0.0018424474194364121,0.0018424474194364121,0.0017576110641786453,0.00033058688897482936,FM,596.8447702050854,1.8424474194364122,1.8424474194364122,0.33058688897482935,1.7576110641786453,331.23349699480434,2.6923583431751816,,
75,-0.5399547393069164,0.9095484098633102,0.03233462181628684,0.5974690059436123,0.001863376399274802,0.541667917454205,0.0035076940501749757,2.3716617261808306,0.13238917135336148,0.5217020498363525,0.09921406749126059,0.012204709316591516,90,0.60928468737996,0.5399547393069164,,,,,1.7625710420334806,,0.33123349699480437,0.0026923583431751816,0.5974690059436123,0.001863376399274802,0.001863376399274802,0.0017576110641786453,0.00033058688897482936,FM,597.4690059436123,1.863376399274802,1.863376399274802,0.33058688897482935,1.7576110641786453,331.23349699480434,2.6923583431751816,,
76,-0.5800730906532382,0.9343188381327304,0.033092720368047,0.5961300758827405,0.0018221100911724587,0.5399962527414403,0.0034089834947334803,2.448429926446761,0.1337216245849493,0.4582213370336634,0.10053089859417068,0.014221540594599636,90,0.6087273317118737,0.5800730906532382,,,,,1.814468947741466,,0.33123349699480437,0.0026923583431751816,0.5961300758827405,0.0018221100911724587,0.0018221100911724587,0.0017576110641786453,0.0008113753706928989,FM,596.1300758827405,1.8221100911724588,1.8221100911724588,0.8113753706928989,1.7576110641786453,331.23349699480434,2.6923583431751816,,
77,-0.5800730906532382,0.8916737103335785,0.03220276139467386,0.5973595263160318,0.0019107747932342318,0.5422727340097332,0.003690889450683061,2.2996955237322907,0.13554372192462377,0.5794168870968149,0.10072188918227765,0.02161069239362813,89,0.6071255021980961,0.5800730906532382,,,,,1.7001285067551812,,0.33123349699480437,0.0026923583431751816,0.5973595263160318,0.0019107747932342318,0.0019107747932342318,0.0017576110641786453,0.0008113753706928989,FM,597.3595263160319,1.9107747932342318,1.9107747932342318,0.8113753706928989,1.7576110641786453,331.23349699480434,2.6923583431751816,,
78,-0.6199935842409985,0.9017410535286093,0.03221948646594398,0.5970205417792585,0.0018696248013860195,0.5418517129444047,0.0035377107049361003,2.328593946798917,0.13220670567544232,0.5523192624536167,0.09901986921140393,0.015590331187045519,90,0.6078632010356713,0.6199935842409985,,,,,1.746497749090574,,0.33123349699480437,0.0026923583431751816,0.5970205417792585,0.0018696248013860195,0.0018696248013860195,0.0017576110641786453,0.0009392593202310663,FM,597.0205417792585,1.8696248013860195,1.8696248013860195,0.9392593202310663,1.7576110641786453,331.23349699480434,2.6923583431751816,,
79,-0.6199935842409985,0.9398919803298668,0.034573313821291835,0.594844674517034,0.0018707616943905102,0.5367100949928569,0.003473213306719449,2.5358419579632336,0.13980109206257035,0.40584813492801963,0.10484568792833127,0.02420957202044858,89,0.6073702738406813,0.6199935842409985,,,,0.30140951255398607,1.8256102928812603,0.008327862836718092,0.33123349699480437,0.0026923583431751816,0.594844674517034,0.0018707616943905102,0.0018707616943905102,0.0017576110641786453,0.0009392593202310663,FM,594.844674517034,1.8707616943905103,1.8707616943905103,0.9392593202310663,1.7576110641786453,331.23349699480434,2.6923583431751816,,
80,-0.6600124829880113,0.9032980340171763,0.03160209277286122,0.5961362034376503,0.0018821831868236195,0.5396032410017527,0.0035430463008064303,2.380214394726822,0.1310411229163646,0.5231414329631757,0.09740306317854551,0.02450124926563193,90,0.6059507767648797,0.6600124829880113,,,,,1.747645923499325,,0.33123349699480437,0.0026923583431751816,0.5961362034376503,0.0018821831868236195,0.0018821831868236195,0.0017576110641786453,0.0006591810452350913,FM,596.1362034376502,1.8821831868236194,1.8821831868236194,0.6591810452350912,1.7576110641786453,331.23349699480434,2.6923583431751816,,
81,-0.6600124829880113,0.9263538538185816,0.03129421658984653,0.5963145682395541,0.0018166294666783548,0.5408793219591429,0.003466606602158293,2.401118461150291,0.13035863970565797,0.4900838710555392,0.096823601700266,0.020342613497130017,90,0.6050128584807114,0.6600124829880113,,,,,1.7855751571260507,,0.33123349699480437,0.0026923583431751816,0.5963145682395541,0.0018166294666783548,0.0018166294666783548,0.0017576110641786453,0.0006591810452350913,FM,596.3145682395541,1.8166294666783547,1.8166294666783547,0.6591810452350912,1.7576110641786453,331.23349699480434,2.6923583431751816,,
82,-0.6999319241897743,0.9252588010310339,0.03365337426741082,0.595287809048096,0.0018678762160017532,0.5389168260431136,0.0035409984960184915,2.4326524213657286,0.13811239437102718,0.4791081826365991,0.10323554337456092,0.012183344860088888,89,0.6068795159138274,0.6999319241897743,,,,,1.7871599562292333,,0.33123349699480437,0.0026923583431751816,0.595287809048096,0.0018678762160017532,0.0018678762160017532,0.0017576110641786453,0.0015332031327010965,FM,595.2878090480959,1.8678762160017532,1.8678762160017532,1.5332031327010966,1.7576110641786453,331.23349699480434,2.6923583431751816,,
83,-0.6999319241897743,0.9250898829143397,0.03210349760565563,0.5948851777133266,0.0018374001081894523,0.5385759510704586,0.0034576367646005127,2.4306372335251005,0.13188484113804425,0.4800329545821852,0.0982592467089451,0.014886763709509443,90,0.6049652785210421,0.6999319241897743,,,,,1.7951637240441585,,0.33123349699480437,0.0026923583431751816,0.5948851777133266,0.0018374001081894523,0.0018374001081894523,0.0017576110641786453,0.0015332031327010965,FM,594.8851777133266,1.8374001081894522,1.8374001081894522,1.5332031327010966,1.7576110641786453,331.23349699480434,2.6923583431751816,,
84,-0.7400502761975026,0.9205573087778639,0.032078673701949,0.5952015001058117,0.0018511646732401485,0.5385690482395494,0.0034736652998121837,2.430239987809718,0.13185766813009658,0.48347064269943113,0.09822146386219913,0.013492760639896345,90,0.6059154310262527,0.7400502761975026,,,,,1.8104733243000002,,0.33123349699480437,0.0026923583431751816,0.5952015001058117,0.0018511646732401485,0.0018511646732401485,0.0017576110641786453,0.001121415710921765,FM,595.2015001058118,1.8511646732401486,1.8511646732401486,1.121415710921765,1.7576110641786453,331.23349699480434,2.6923583431751816,,
85,-0.7400502761975026,0.9338230133162768,0.03391328377261179,0.5950654808917839,0.0018569154690739997,0.5383640873004262,0.0035064291806643924,2.4664902299711398,0.13856841833462116,0.45193023284171546,0.10368481158061714,0.01785049229435769,89,0.6071241361220443,0.7400502761975026,,,,,1.8118456444910185,,0.33123349699480437,0.0026923583431751816,0.5950654808917839,0.0018569154690739997,0.0018569154690739997,0.0017576110641786453,0.001121415710921765,FM,595.0654808917839,1.8569154690739997,1.8569154690739997,1.121415710921765,1.7576110641786453,331.23349699480434,2.6923583431751816,,
86,-0.7798702705578666,0.9013508463315223,0.0307793683923811,0.5963126526349448,0.0018501541450331933,0.5418979121904031,0.0035638737025266683,2.2997299150718034,0.12952006119545484,0.5722703346123703,0.09595290314076814,0.01476359728184196,90,0.6047764531489478,0.7798702705578666,,,,,1.719513386755541,,0.33123349699480437,0.0026923583431751816,0.5963126526349448,0.0018501541450331933,0.0018501541450331933,0.0017576110641786453,0.001115883558584782,FM,596.3126526349448,1.8501541450331933,1.8501541450331933,1.115883558584782,1.7576110641786453,331.23349699480434,2.6923583431751816,,
87,-0.7798702705578666,0.9681364840425912,0.033093089207584005,0.5940839285103708,0.0017771162459540503,0.5365939934249728,0.0033006450696354385,2.5879287554626482,0.13357226649816725,0.3530746639148835,0.09996067662521277,0.014514170190113812,90,0.6059126206384771,0.7798702705578666,,,,,1.9164250257378979,,0.33123349699480437,0.0026923583431751816,0.5940839285103708,0.0017771162459540503,0.0017771162459540503,0.0017576110641786453,0.001115883558584782,FM,594.0839285103708,1.7771162459540504,1.7771162459540504,1.115883558584782,1.7576110641786453,331.23349699480434,2.6923583431751816,,
88,-0.8199875778327377,0.9089974257321688,0.03141579256207644,0.5958675339749999,0.0018559605806465816,0.5402269364653751,0.0035256797815191926,2.364176480266509,0.13066695343607312,0.5284599148115335,0.09706549389771736,0.013573699815075904,90,0.6059847318,0.8199875778327377,,,,,1.7620804865118997,,0.33123349699480437,0.0026923583431751816,0.5958675339749999,0.0018559605806465816,0.0018559605806465816,0.0017576110641786453,0.000654877716238795,FM,595.8675339749999,1.8559605806465815,1.8559605806465815,0.6548777162387951,1.7576110641786453,331.23349699480434,2.6923583431751816,,
89,-0.8199875778327377,0.9285673963338543,0.03218884965240472,0.5949745562256766,0.0018348134038718344,0.5383987737605219,0.003444293696907962,2.448733060481768,0.13203007316427298,0.4650213504062762,0.09840562921399622,0.012476140788716531,90,0.6045416156857217,0.8199875778327377,,,,,1.8145881819048346,,0.33123349699480437,0.0026923583431751816,0.5949745562256766,0.0018348134038718344,0.0018348134038718344,0.0017576110641786453,0.000654877716238795,FM,594.9745562256767,1.8348134038718344,1.8348134038718344,0.6548777162387951,1.7576110641786453,331.23349699480434,2.6923583431751816,,
90,-0.8598075723090602,0.9287855674084925,0.03257588297258333,0.5943956249450402,0.0018443319781983616,0.5373235221219986,0.0034368128260335224,2.467390042007396,0.132761685979506,0.45508654491841605,0.09909048602732096,0.014406649289969178,90,0.6048480058820642,0.8598075723090602,,,,,1.8467322852911423,,0.33123349699480437,0.0026923583431751816,0.5943956249450402,0.0018443319781983616,0.0018443319781983616,0.0017576110641786453,0.0006132587911565378,FM,594.3956249450401,1.8443319781983616,1.8443319781983616,0.6132587911565378,1.7576110641786453,331.23349699480434,2.6923583431751816,,
91,-0.8598075723090602,0.9225990575089569,0.03204216359439583,0.5948872080429357,0.001840196824802078,0.5387053917543825,0.0034672427446404163,2.4182561700785072,0.13177998780428735,0.4865118673143377,0.09815404286291626,0.010392087192817857,90,0.6058641625726452,0.8598075723090602,,,,,1.7809724323114597,,0.33123349699480437,0.0026923583431751816,0.5948872080429357,0.001840196824802078,0.001840196824802078,0.0017576110641786453,0.0006132587911565378,FM,594.8872080429358,1.8401968248020781,1.8401968248020781,0.6132587911565378,1.7576110641786453,331.23349699480434,2.6923583431751816,,
92,-0.8999259227847589,0.9229383649487102,0.03212995465374718,0.5948425306657317,0.0018429440537823694,0.5384652840856262,0.0034645540577989396,2.4272764681360095,0.1319436864571317,0.4816608153418701,0.09830874164650957,0.012333310170531419,90,0.6057428414655315,0.8999259227847589,,,,,1.8229215580599334,,0.33123349699480437,0.0026923583431751816,0.5948425306657317,0.0018429440537823694,0.0018429440537823694,0.0017576110641786453,0.00033141008420436204,FM,594.8425306657317,1.8429440537823694,1.8429440537823694,0.331410084204362,1.7576110641786453,331.23349699480434,2.6923583431751816,,
93,-0.8999259227847589,0.9348643161218354,0.03236761899471025,0.5945286013097948,0.001822568049537782,0.5380110002501117,0.003419985357639771,2.4629065592443133,0.13233970831031022,0.45078763038310266,0.0987139400780809,0.01190136088780938,90,0.604374236200902,0.8999259227847589,,,,,1.8318171447022074,,0.33123349699480437,0.0026923583431751816,0.5945286013097948,0.001822568049537782,0.001822568049537782,0.0017576110641786453,0.00033141008420436204,FM,594.5286013097948,1.822568049537782,1.822568049537782,0.331410084204362,1.7576110641786453,331.23349699480434,2.6923583431751816,,
94,-0.8999259227847589,0.9257789736176211,0.03251347428690695,0.5940816967595692,0.0018435784304062911,0.5374427066629445,0.003448139901831907,2.443606497759639,0.13265704087334756,0.47068432734253224,0.09898375522930256,0.012242905823927758,90,0.6053762807463927,0.8999259227847589,,,,,1.816679381664248,,0.33123349699480437,0.0026923583431751816,0.5940816967595692,0.0018435784304062911,0.0018435784304062911,0.0017576110641786453,0.00033141008420436204,FM,594.0816967595692,1.8435784304062912,1.8435784304062912,0.331410084204362,1.7576110641786453,331.23349699480434,2.6923583431751816,,
95,-0.8999259227847589,0.9319808034318927,0.03250595019189045,0.5942618150175353,0.0018317191861931203,0.5375748580920108,0.003427270285066579,2.4622114036445883,0.13261498056741847,0.4546116606670892,0.09896282178305549,0.014144314784924393,90,0.6046595774849701,0.8999259227847589,,,,,1.8222113375837588,,0.33123349699480437,0.0026923583431751816,0.5942618150175353,0.0018317191861931203,0.0018317191861931203,0.0017576110641786453,0.00033141008420436204,FM,594.2618150175352,1.8317191861931204,1.8317191861931204,0.331410084204362,1.7576110641786453,331.23349699480434,2.6923583431751816,,
96,-0.8601059284181223,0.9384327969552878,0.0321921929756582,0.5945746708808116,0.0018070301030863039,0.5385663476725235,0.0034110362148131435,2.453412788670889,0.13199115272048959,0.45397636273943376,0.09839826072381186,0.014094959273983906,90,0.6047304430609219,0.8601059284181223,,,,,1.8153290087313547,,0.33123349699480437,0.0026923583431751816,0.5945746708808116,0.0018070301030863039,0.0018070301030863039,0.0017576110641786453,0.0006132587911565378,FM,594.5746708808116,1.8070301030863039,1.8070301030863039,0.6132587911565378,1.7576110641786453,331.23349699480434,2.6923583431751816,,
97,-0.8601059284181223,0.9186969935159196,0.03201654607755778,0.5957764418098446,0.001860914181604028,0.5387062044804549,0.0034812287427018937,2.440385325778617,0.1317499074142764,0.47119540581272656,0.09811399246123712,0.021938739399052994,90,0.6061471328777555,0.8601059284181223,,,,,1.8368702888544788,,0.33123349699480437,0.0026923583431751816,0.5957764418098446,0.001860914181604028,0.001860914181604028,0.0017576110641786453,0.0006132587911565378,FM,595.7764418098445,1.860914181604028,1.860914181604028,0.6132587911565378,1.7576110641786453,331.23349699480434,2.6923583431751816,,
98,-0.8199875739302395,0.9338294232025951,0.03318612771298276,0.5957731391735471,0.001822150097309444,0.5397288472137726,0.0034088803368283395,2.442913405553871,0.13390173400080058,0.45746254835249045,0.10069718202289155,0.02868744136412678,90,0.6077411293322645,0.8199875739302395,,,,,1.8382618124287868,,0.33123349699480437,0.0026923583431751816,0.5957731391735471,0.001822150097309444,0.001822150097309444,0.0017576110641786453,0.000654877716238795,FM,595.7731391735472,1.822150097309444,1.822150097309444,0.6548777162387951,1.7576110641786453,331.23349699480434,2.6923583431751816,,
99,-0.8199875739302395,0.9082675924827777,0.03263331007156944,0.596574584175075,0.0018671250561285413,0.5408120426852966,0.0035067359610061882,2.3665630928789825,0.13295947118190002,0.5210064284709369,0.09974470166269989,0.015943997746359278,90,0.6080445466327153,0.8199875739302395,,,,,1.7803564274620847,,0.33123349699480437,0.0026923583431751816,0.596574584175075,0.0018671250561285413,0.0018671250561285413,0.0017576110641786453,0.000654877716238795,FM,596.5745841750751,1.8671250561285413,1.8671250561285413,0.6548777162387951,1.7576110641786453,331.23349699480434,2.6923583431751816,,
100,-0.779869221472421,0.9175315067085594,0.03151226697486813,0.5965378813180362,0.0018501126255142165,0.5401063072369261,0.003493798453011759,2.414373951325986,0.13080779855273367,0.4867496609836861,0.09722351089416173,0.021852270137680506,90,0.606654581152906,0.779869221472421,,,,,1.8073701601341097,,0.33123349699480437,0.0026923583431751816,0.5965378813180362,0.0018501126255142165,0.0018501126255142165,0.0017576110641786453,0.001115883558584782,FM,596.5378813180362,1.8501126255142164,1.8501126255142164,1.115883558584782,1.7576110641786453,331.23349699480434,2.6923583431751816,,
101,-0.779869221472421,0.9238835297908763,0.03392566405356791,0.5953724310012025,0.001885263599705816,0.5381628243809667,0.003540665110965229,2.459929336379241,0.13863398128677906,0.45797165404262247,0.10371756489592929,0.018550701081155932,89,0.6068278551462928,0.779869221472421,,,,,1.8307632046729787,,0.33123349699480437,0.0026923583431751816,0.5953724310012025,0.001885263599705816,0.001885263599705816,0.0017576110641786453,0.001115883558584782,FM,595.3724310012025,1.8852635997058158,1.8852635997058158,1.115883558584782,1.7576110641786453,331.23349699480434,2.6923583431751816,,
102,-0.7400492292408661,0.9079193083070246,0.03135803973106647,0.5967138890438376,0.0018676463978689409,0.5403704062486897,0.003530518378781317,2.3859542931288678,0.13056427072573076,0.5129619971601688,0.09696500382912537,0.018335857002898054,90,0.6061832563359217,0.7400492292408661,,,,,1.765451379572601,,0.33123349699480437,0.0026923583431751816,0.5967138890438376,0.0018676463978689409,0.0018676463978689409,0.0017576110641786453,0.001121415710921765,FM,596.7138890438376,1.8676463978689408,1.8676463978689408,1.121415710921765,1.7576110641786453,331.23349699480434,2.6923583431751816,,
103,-0.7400492292408661,0.8968998012662119,0.03186715742958195,0.59733295758497,0.001869158799225214,0.5427537999338945,0.0035616841003192692,2.2947096526055084,0.13156586339486712,0.572581269312972,0.09840223731219591,0.019831695990713275,90,0.6076169833663327,0.7400492292408661,,,,,1.752152525086761,,0.33123349699480437,0.0026923583431751816,0.59733295758497,0.001869158799225214,0.001869158799225214,0.0017576110641786453,0.001121415710921765,FM,597.3329575849699,1.8691587992252139,1.8691587992252139,1.121415710921765,1.7576110641786453,331.23349699480434,2.6923583431751816,,
104,-0.6999319196179012,0.8826166843834075,0.03121850703688971,0.5980020211435875,0.0018828057821558572,0.5443339810731621,0.003626540470062145,2.225592271927717,0.13041909675259408,0.6246470068732264,0.09727451209639913,0.0179962980607334,90,0.6078637031214432,0.6999319196179012,,,,,1.68565905237617,,0.33123349699480437,0.0026923583431751816,0.5980020211435875,0.0018828057821558572,0.0018828057821558572,0.0017576110641786453,0.0015332031327010965,FM,598.0020211435875,1.8828057821558573,1.8828057821558573,1.5332031327010966,1.7576110641786453,331.23349699480434,2.6923583431751816,,
105,-0.6999319196179012,0.8753691327238756,0.032006138582026986,0.5973770279726954,0.001928887572736843,0.5419966475827135,0.003639839279344783,2.268107288926018,0.13191829689430096,0.6074779128043489,0.09867498353096492,0.02307344869359088,90,0.6079150762601202,0.6999319196179012,,,,,1.6946188500371884,,0.33123349699480437,0.0026923583431751816,0.5973770279726954,0.001928887572736843,0.001928887572736843,0.0017576110641786453,0.0015332031327010965,FM,597.3770279726954,1.928887572736843,1.928887572736843,1.5332031327010966,1.7576110641786453,331.23349699480434,2.6923583431751816,,
106,-0.6600114279313654,0.9489735105231579,0.03465459893316464,0.5948444655390783,0.001853980941571915,0.5366476426431687,0.0034414393535393997,2.5616182802419614,0.1399185330150726,0.3821235302267223,0.10498027761453972,0.015880429214568708,89,0.6075404352304611,0.6600114279313654,,,,,1.9107559999240524,,0.33123349699480437,0.0026923583431751816,0.5948444655390783,0.001853980941571915,0.001853980941571915,0.0017576110641786453,0.0006591810452350913,FM,594.8444655390783,1.8539809415719148,1.8539809415719148,0.6591810452350912,1.7576110641786453,331.23349699480434,2.6923583431751816,,
107,-0.6600114279313654,0.9276006851126168,0.03190307034429361,0.5959127635743484,0.0018368438253612573,0.5391838791587152,0.0034524067316727236,2.4519365543449374,0.13149497202172133,0.45997339921224467,0.09790072808630267,0.014442798367289376,90,0.6065044363108214,0.6600114279313654,,,,,1.8134348915636715,,0.33123349699480437,0.0026923583431751816,0.5959127635743484,0.0018368438253612573,0.0018368438253612573,0.0017576110641786453,0.0006591810452350913,FM,595.9127635743484,1.8368438253612573,1.8368438253612573,0.6591810452350912,1.7576110641786453,331.23349699480434,2.6923583431751816,,
108,-0.6199925285033684,0.9253634516658026,0.03322161323674556,0.5964772814,0.0018655802889468603,0.5400758689525458,0.003548557505167726,2.434056915516801,0.13729709344528784,0.4727831023114476,0.10247224228270913,0.017834810335851346,89,0.6074948211500001,0.6199925285033684,,,,,1.7959441652402814,,0.33123349699480437,0.0026923583431751816,0.5964772814,0.0018655802889468603,0.0018655802889468603,0.0017576110641786453,0.0009392593202310663,FM,596.4772814,1.8655802889468602,1.8655802889468602,0.9392593202310663,1.7576110641786453,331.23349699480434,2.6923583431751816,,
109,-0.6199925285033684,0.9176579701611393,0.031555161102109056,0.5964441067816633,0.0018506180072765165,0.5399833555882914,0.0034926620866656,2.4154848783818346,0.13088809022372486,0.4912608397445776,0.09729897754825509,0.020799961753743892,90,0.6064154868883266,0.6199925285033684,,,,,1.7331842215190505,,0.33123349699480437,0.0026923583431751816,0.5964441067816633,0.0018506180072765165,0.0018506180072765165,0.0017576110641786453,0.0009392593202310663,FM,596.4441067816632,1.8506180072765164,1.8506180072765164,0.9392593202310663,1.7576110641786453,331.23349699480434,2.6923583431751816,,
110,-0.5800720376815279,0.9363623156486932,0.03197408465166382,0.596001828842485,0.001821653611612602,0.5391407325631343,0.0034215669373441446,2.4800817865401776,0.13158850436062416,0.43958847804730056,0.09801423657726695,0.016936097248691155,90,0.6062678280128257,0.5800720376815279,,,,,1.84225749890088,,0.33123349699480437,0.0026923583431751816,0.596001828842485,0.001821653611612602,0.001821653611612602,0.0017576110641786453,0.0008113753706928989,FM,596.001828842485,1.821653611612602,1.821653611612602,0.8113753706928989,1.7576110641786453,331.23349699480434,2.6923583431751816,,
111,-0.5800720376815279,0.9074763251181094,0.03074360755449829,0.5975624828186121,0.0018509831680304885,0.542108944773075,0.0035420994349096013,2.3537449875818943,0.1294245562007099,0.5337723279498079,0.09587941487679526,0.0223011978509092,90,0.6064190933302103,0.5800720376815279,,,,,1.7700816457123052,,0.33123349699480437,0.0026923583431751816,0.5975624828186121,0.0018509831680304885,0.0018509831680304885,0.0017576110641786453,0.0008113753706928989,FM,597.5624828186121,1.8509831680304885,1.8509831680304885,0.8113753706928989,1.7576110641786453,331.23349699480434,2.6923583431751816,,
112,-0.5399536883844762,0.9209309357296342,0.03300623565501917,0.5970506935611222,0.0018743245582506624,0.5405817739323248,0.0035681449200100847,2.4250408624701647,0.13691179988359023,0.4830608730452428,0.10209752096387134,0.024081939517362587,89,0.6068878198866232,0.5399536883844762,,,,,1.8149102717427579,,0.33123349699480437,0.0026923583431751816,0.5970506935611222,0.0018743245582506624,0.0018743245582506624,0.0017576110641786453,0.00033058688897482936,FM,597.0506935611222,1.8743245582506625,1.8743245582506625,0.33058688897482935,1.7576110641786453,331.23349699480434,2.6923583431751816,,
113,-0.5399536883844762,0.9118430478080469,0.03107899634613634,0.5967124100222947,0.0018451811221912881,0.541228517685708,0.00352103419315008,2.3650030072378727,0.13002620376639845,0.5299799930765218,0.09646526662768236,0.01318146524435615,90,0.6059102191545092,0.5399536883844762,,,,,1.7410458608737502,,0.33123349699480437,0.0026923583431751816,0.5967124100222947,0.0018451811221912881,0.0018451811221912881,0.0017576110641786453,0.00033058688897482936,FM,596.7124100222946,1.8451811221912882,1.8451811221912882,0.33058688897482935,1.7576110641786453,331.23349699480434,2.6923583431751816,,
114,-0.49983533688605886,0.9524674339116896,0.034098934337307374,0.5955089723076152,0.0018303734351265799,0.5381871708164985,0.0034403471608851948,2.539818781602945,0.13884071378957966,0.39762508291492715,0.10399217389356431,0.011703291114383433,89,0.6073201480587676,0.49983533688605886,,,,,1.8511940403938085,,0.33123349699480437,0.0026923583431751816,0.5955089723076152,0.0018303734351265799,0.0018303734351265799,0.0017576110641786453,0.00034870603672532423,FM,595.5089723076152,1.83037343512658,1.83037343512658,0.34870603672532424,1.7576110641786453,331.23349699480434,2.6923583431751816,,
115,-0.49983533688605886,0.9289564888523532,0.03315257124958913,0.5959502697970944,0.0018343256546548105,0.5397346905645798,0.0034257791049158996,2.4363303392064464,0.13385877370329927,0.476408779025105,0.10064285433827196,0.014749075224777006,90,0.607662720681363,0.49983533688605886,,,,,1.796047134744584,,0.33123349699480437,0.0026923583431751816,0.5959502697970944,0.0018343256546548105,0.0018343256546548105,0.0017576110641786453,0.00034870603672532423,FM,595.9502697970944,1.8343256546548106,1.8343256546548106,0.34870603672532424,1.7576110641786453,331.23349699480434,2.6923583431751816,,
116,-0.46001638894717656,0.9044036780290916,0.03188885925959854,0.5976912846356713,0.0018577016438240176,0.5428243505129632,0.0035340458062352695,2.3238465484024062,0.13157321944791625,0.5621466656548284,0.09843067825844891,0.015632848227606487,90,0.6081115994597195,0.46001638894717656,,,,,1.7012384147410382,,0.33123349699480437,0.0026923583431751816,0.5976912846356713,0.0018577016438240176,0.0018577016438240176,0.0017576110641786453,0.0006496032864493841,FM,597.6912846356713,1.8577016438240175,1.8577016438240175,0.649603286449384,1.7576110641786453,331.23349699480434,2.6923583431751816,,
117,-0.46001638894717656,0.8982171837808863,0.03195829745301822,0.5978241767642782,0.0018775580172456369,0.5425215817109534,0.003555216006515315,2.3242160865987413,0.13173053932776438,0.5678444094007586,0.0985616796711766,0.012819115911115843,90,0.6083973115683365,0.46001638894717656,,,,,1.676083929085405,,0.33123349699480437,0.0026923583431751816,0.5978241767642782,0.0018775580172456369,0.0018775580172456369,0.0017576110641786453,0.0006496032864493841,FM,597.8241767642783,1.877558017245637,1.877558017245637,0.649603286449384,1.7576110641786453,331.23349699480434,2.6923583431751816,,
118,-0.41989803821880384,0.9003090679749166,0.03195086034477213,0.5976472112103957,0.0018696042198965022,0.5425799270792636,0.003547736225264963,2.321492537535686,0.13170736439654085,0.5723634925093699,0.09854591042842728,0.01677215060793862,90,0.6082353794173847,0.41989803821880384,,,,,1.6709609861907195,,0.33123349699480437,0.0026923583431751816,0.5976472112103957,0.0018696042198965022,0.0018696042198965022,0.0017576110641786453,0.0009632532285241868,FM,597.6472112103957,1.8696042198965022,1.8696042198965022,0.9632532285241868,1.7576110641786453,331.23349699480434,2.6923583431751816,,
119,-0.41989803821880384,0.9235729756805224,0.03226773127402575,0.5958217831653307,0.0018625277031860353,0.5380897831722584,0.003459991144902254,2.476449484714196,0.13220127143322322,0.4677594798592969,0.09855162336109419,0.018287239748921647,90,0.6063002189675353,0.41989803821880384,,,,,1.741617744752259,,0.33123349699480437,0.0026923583431751816,0.5958217831653307,0.0018625277031860353,0.0018625277031860353,0.0017576110641786453,0.0009632532285241868,FM,595.8217831653308,1.8625277031860352,1.8625277031860352,0.9632532285241868,1.7576110641786453,331.23349699480434,2.6923583431751816,,
120,-0.37997859373917364,0.9166792601255244,0.030031509078866737,0.5916814119782815,0.001774352416730455,0.540310582563865,0.003519713630010583,2.226782220212044,0.12806588931581425,0.7024836425079439,0.09409172955897292,0.01614374966446854,90,0.6009408517626251,0.37997859373917364,,,,0.35750994798739033,1.2668735214145666,0.007770090939080902,0.33123349699480437,0.0026923583431751816,0.5916814119782815,0.001774352416730455,0.001774352416730455,0.0017576110641786453,0.0005937371109893211,FM,591.6814119782815,1.774352416730455,1.774352416730455,0.5937371109893211,1.7576110641786453,331.23349699480434,2.6923583431751816,,
121,-0.37997859373917364,0.9307460180136948,0.03062978526308285,0.5915007049349449,0.0017668376056911976,0.5388402209497593,0.00346161543636632,2.310289232948525,0.12910019075515325,0.6434247268383314,0.09512347364274357,0.02215712134169932,90,0.6020387379428858,0.37997859373917364,,,,,1.3150402024763217,,0.33123349699480437,0.0026923583431751816,0.5915007049349449,0.0017668376056911976,0.0017668376056911976,0.0017576110641786453,0.0005937371109893211,FM,591.5007049349449,1.7668376056911976,1.7668376056911976,0.5937371109893211,1.7576110641786453,331.23349699480434,2.6923583431751816,,
122,-0.3388657388996415,1.3767938951820375,0.020938714818893537,0.6097265288638279,0.0009649911327938318,0.6023683689993314,0.00240671463999955,0.5113738491956734,0.10758737844257614,1.7651801348290777,0.0705372810868164,3.638322356107838,90,0.6104339713887779,0.3388657388996415,0.18463559270361607,0.01908023747030568,0.49511883341090934,0.6797544261145254,2.063519221719114,0.042628227563393274,0.33123349699480437,0.0026923583431751816,0.6097265288638279,0.11854646004390129,0.0009649911327938318,0.0017576110641786453,0.11854646004390129,spinflip,609.726528863828,118.54646004390129,0.9649911327938319,118.54646004390129,1.7576110641786453,331.23349699480434,2.6923583431751816,184.63559270361606,19.08023747030568
123,-0.3388657388996415,0.5741544031149758,0.020193524041667577,0.6792324010750749,0.002453382966166594,0.6506858221070501,0.0057137512082841065,0.8117754056783664,0.11365149765519968,2.009423046005904,0.0873941575294072,0.010848760550355762,90,0.6839304685747492,0.3388657388996415,0.3236373612096934,0.007033111955294424,0.49090427241619966,0.814541633625893,0.5815204239884548,0.009041792645994471,0.33123349699480437,0.0026923583431751816,0.6792324010750749,0.11854646004390129,0.002453382966166594,0.0017576110641786453,0.11854646004390129,spinflip,679.2324010750749,118.54646004390129,2.453382966166594,118.54646004390129,1.7576110641786453,331.23349699480434,2.6923583431751816,323.6373612096934,7.033111955294424
124,-0.30004026029851394,0.5634588448604604,0.02101647734999187,0.8460860428154311,0.0028530637121565875,0.8215475954576483,0.0097873880173434,0.6880223692696378,0.20254883329128784,2.1554332127413627,0.16873540864300388,0.01083159403122047,75,0.8515571263965934,0.30004026029851394,,,0.6608514756642774,,0.5736643679673468,0.008689736435934037,0.33123349699480437,0.0026923583431751816,0.8460860428154311,0.004532558423983695,0.0028530637121565875,0.0017576110641786453,0.004532558423983695,spinflip,846.0860428154311,4.532558423983695,2.8530637121565876,4.532558423983695,1.7576110641786453,331.23349699480434,2.6923583431751816,,
125,-0.30004026029851394,0.5941773378947129,0.02010672026327053,0.8397118010741481,0.0026275544095138523,0.8202190246341202,0.008601362146130484,0.579664948668631,0.18469449615124384,2.269792422197807,0.15212999813470934,0.011769292610031503,77,0.8469223877555109,0.30004026029851394,,,0.660204913302187,,0.6019017280318492,0.009043120905911382,0.33123349699480437,0.0026923583431751816,0.8397118010741481,0.004532558423983695,0.0026275544095138523,0.0017576110641786453,0.004532558423983695,spinflip,839.7118010741481,4.532558423983695,2.6275544095138526,4.532558423983695,1.7576110641786453,331.23349699480434,2.6923583431751816,,
126,-0.25992191404342957,0.6026159563794627,0.01534534081449096,0.764222406635972,0.0021873028518235214,0.7527419029706047,0.005497161322204146,0.3490802638637839,0.10725834795438088,2.8159310460117184,0.08204847227546282,0.020403008319906768,90,0.7540012133170341,0.25992191404342957,0.32737991320871296,0.009074757539960766,0.5886413899277085,0.9160213031364215,0.6050530981867295,0.00978715817272774,0.33123349699480437,0.0026923583431751816,0.764222406635972,0.04778790646062701,0.0021873028518235214,0.0017576110641786453,0.04778790646062701,spinflip,764.222406635972,47.787906460627006,2.1873028518235214,47.787906460627006,1.7576110641786453,331.23349699480434,2.6923583431751816,327.37991320871294,9.074757539960766
127,-0.25992191404342957,0.6167726187324173,0.015463531194514877,0.7631054155579158,0.002144796032578969,0.7502282492258928,0.005370652454371367,0.39968816615923586,0.10731326162140475,2.766433247423283,0.08273255619845428,0.02240264842456827,90,0.7546302631068135,0.25992191404342957,0.32139714012987697,0.006508724120476405,0.5884453061545525,0.9098424462844295,0.6165230672940274,0.00970865012878637,0.33123349699480437,0.0026923583431751816,0.7631054155579158,0.04778790646062701,0.002144796032578969,0.0017576110641786453,0.04778790646062701,spinflip,763.1054155579158,47.787906460627006,2.1447960325789692,47.787906460627006,1.7576110641786453,331.23349699480434,2.6923583431751816,321.39714012987696,6.508724120476406
128,-0.22000248475869538,0.6479048815105998,0.015629226732555304,0.7612355940043587,0.0020440190363895366,0.7500895826244881,0.0051125718476398045,0.36318800948535424,0.10731875573416386,2.796499971134047,0.08281146455886086,0.03172754225536607,90,0.7521652319588678,0.22000248475869538,0.3231964453665408,0.006085600136452077,0.589298722062395,0.9124951674289358,0.6452866220902089,0.010911607737660343,0.33123349699480437,0.0026923583431751816,0.7612355940043587,0.04938783387357946,0.0020440190363895366,0.0017576110641786453,0.04938783387357946,AFM,761.2355940043587,49.38783387357946,2.0440190363895367,49.38783387357946,1.7576110641786453,331.23349699480434,2.6923583431751816,323.1964453665408,6.0856001364520775
129,-0.22000248475869538,0.6510079678845949,0.01593083243004991,0.7605086872585168,0.0020602689837429947,0.7482818991985014,0.0052428915848324415,0.4006548413626654,0.1115503813103628,2.765023088081032,0.0857605899754149,0.030836233027151775,89,0.7514232970567132,0.22000248475869538,0.3256106808495801,0.004989678926847982,0.5882895360478633,0.9139002168974434,0.6441915524364858,0.010536285466184715,0.33123349699480437,0.0026923583431751816,0.7605086872585168,0.04938783387357946,0.0020602689837429947,0.0017576110641786453,0.04938783387357946,AFM,760.5086872585168,49.38783387357946,2.060268983742995,49.38783387357946,1.7576110641786453,331.23349699480434,2.6923583431751816,325.6106808495801,4.989678926847982
130,-0.1799846660135246,0.6538016076335665,0.01598005179955043,0.7607753672418835,0.0020536294012032503,0.7473247757678773,0.005220247067343259,0.4423318281080522,0.11159053160761921,2.7351051933549484,0.08604440845239598,0.02622593045023802,89,0.7515486850587174,0.1799846660135246,0.3235648491454791,0.00488915630984246,0.5879316200397817,0.9114964691852608,0.6487515379960449,0.010370489668616107,0.33123349699480437,0.0026923583431751816,0.7607753672418835,0.027732884795766948,0.0020536294012032503,0.0017576110641786453,0.027732884795766948,AFM,760.7753672418836,27.73288479576695,2.05362940120325,27.73288479576695,1.7576110641786453,331.23349699480434,2.6923583431751816,323.5648491454791,4.88915630984246
131,-0.1799846660135246,0.6609386135063952,0.016083143958740696,0.7590467683617237,0.0020222434896080884,0.7437181030908541,0.005009261073289936,0.5095489582737762,0.10778226986174465,2.6797756410682547,0.08477820199844585,0.034036424853813314,90,0.7524709671342686,0.1799846660135246,0.3163345671221096,0.005616882132616093,0.5864162180811705,0.9027507852032801,0.6625552731618138,0.011922658197214824,0.33123349699480437,0.0026923583431751816,0.7590467683617237,0.027732884795766948,0.0020222434896080884,0.0017576110641786453,0.027732884795766948,AFM,759.0467683617237,27.73288479576695,2.0222434896080883,27.73288479576695,1.7576110641786453,331.23349699480434,2.6923583431751816,316.3345671221096,5.616882132616093
132,-0.13986633083054692,0.6838473088709388,0.015837064662025748,0.7786466586961421,0.0019254321914333038,0.773311455525137,0.004843809041508507,0.18435403734750902,0.10733646605457406,2.8969989626727513,0.08273371429880677,0.03147852267840638,90,0.7701559782079156,0.13986633083054692,0.32986744793262357,0.005680421319947092,0.6096557521543422,0.9395232000869658,0.6942321552644644,0.01138848206522452,0.33123349699480437,0.0026923583431751816,0.7786466586961421,0.014699408583138547,0.0019254321914333038,0.0017576110641786453,0.014699408583138547,AFM,778.6466586961421,14.699408583138547,1.925432191433304,14.699408583138547,1.7576110641786453,331.23349699480434,2.6923583431751816,329.8674479326236,5.680421319947092
133,-0.13986633083054692,0.6634842726986202,0.015702053101306374,0.7819427907050099,0.001986385668301635,0.7765591069764816,0.004992610254025727,0.1797392405647086,0.10730717913230187,2.910373990359439,0.08331317166339729,0.029682674295377652,90,0.7726224341971942,0.13986633083054692,0.3293040298785659,0.006461072059658435,0.6128885368700252,0.9421925667485911,0.6778346548308082,0.01020348263559503,0.33123349699480437,0.0026923583431751816,0.7819427907050099,0.014699408583138547,0.001986385668301635,0.0017576110641786453,0.014699408583138547,AFM,781.9427907050099,14.699408583138547,1.9863856683016352,14.699408583138547,1.7576110641786453,331.23349699480434,2.6923583431751816,329.30402987856587,6.461072059658435
134,-0.09994693442022122,0.6650770865718317,0.015668460410374216,0.7847460532156815,0.0019867270664881,0.7770854581255201,0.004980918004920965,0.2564104635240844,0.10725688884708996,2.850980201553638,0.08458527635069653,0.02401131891630058,90,0.778167743960922,0.09994693442022122,0.32745979881171994,0.006047600266929214,0.6143101392622108,0.9417699380739307,0.6863913599625262,0.010904577455010887,0.33123349699480437,0.0026923583431751816,0.7847460532156815,0.011871528782831459,0.0019867270664881,0.0017576110641786453,0.011871528782831459,AFM,784.7460532156815,11.871528782831458,1.9867270664881,11.871528782831458,1.7576110641786453,331.23349699480434,2.6923583431751816,327.45979881171996,6.047600266929214
135,-0.09994693442022122,0.6540835863527976,0.015687692597585363,0.7855484985285573,0.0020153402276394685,0.781645852255856,0.005064126795963774,0.12880613752580167,0.10734982921121144,2.959932355391034,0.08348827028466162,0.028619208102987712,90,0.7781535377600204,0.09994693442022122,0.33100247364278657,0.006122362460642729,0.6173249299022666,0.9483274035450532,0.678477384390369,0.011714636549001869,0.33123349699480437,0.0026923583431751816,0.7855484985285573,0.011871528782831459,0.0020153402276394685,0.0017576110641786453,0.011871528782831459,AFM,785.5484985285574,11.871528782831458,2.0153402276394683,11.871528782831458,1.7576110641786453,331.23349699480434,2.6923583431751816,331.0024736427866,6.122362460642729
136,-0.03437533563472508,0.6470756177393202,0.01566975018473507,0.7865318776297096,0.0020348302585463823,0.782122286657372,0.005118816183158129,0.14475666491136657,0.10737183949266209,2.9540334715767487,0.08337992715840997,0.033496735475057667,90,0.7769374489185372,0.03437533563472508,0.3309700704341576,0.006146045078302464,0.6170737178167541,0.9480437882509117,0.6661645428861303,0.010080595571009892,0.33123349699480437,0.0026923583431751816,0.7865318776297096,0.0020348302585463823,0.0020348302585463823,0.0017576110641786453,0.0001916560493622782,AFM,786.5318776297096,2.0348302585463824,2.0348302585463824,0.1916560493622782,1.7576110641786453,331.23349699480434,2.6923583431751816,330.9700704341576,6.146045078302464
137,-0.03437533563472508,0.6612126817413998,0.01578646501337662,0.7862608350453906,0.00199189557665293,0.7830095743633141,0.005009137387695813,0.10841180831739845,0.10742245910423713,2.9687917368274297,0.08320204505244864,0.03165382949053541,90,0.7768107117556611,0.03437533563472508,0.32754547281501445,0.00984487042085453,0.6205921593629877,0.9481376321780022,0.6756430019575441,0.01206008083334817,0.33123349699480437,0.0026923583431751816,0.7862608350453906,0.00199189557665293,0.00199189557665293,0.0017576110641786453,0.0001916560493622782,AFM,786.2608350453905,1.9918955766529298,1.9918955766529298,0.1916560493622782,1.7576110641786453,331.23349699480434,2.6923583431751816,327.5454728150145,9.84487042085453
138,-0.020009407787338434,0.6671853122980027,0.015842767552279348,0.7862186020624999,0.0019742282603979746,0.7834711561654067,0.004964150112522764,0.09224155470734734,0.10745178390293338,2.978859312061237,0.08311176170031494,0.0247591795724232,90,0.7770595659894288,0.020009407787338434,0.32849684243819566,0.00846654612110421,0.619623505722485,0.9481203481606807,0.6859044763455118,0.010614155639006593,0.33123349699480437,0.0026923583431751816,0.7862186020624999,0.01228846296201836,0.0019742282603979746,0.0017576110641786453,0.01228846296201836,AFM,786.2186020624999,12.288462962018361,1.9742282603979746,12.288462962018361,1.7576110641786453,331.23349699480434,2.6923583431751816,328.49684243819564,8.46654612110421
139,-0.020009407787338434,0.6498478280340853,0.01558621820857825,0.7854967735017035,0.002036137882390196,0.7813827095672984,0.005097671977809229,0.1353929961335081,0.10725653642164454,2.9604147714776654,0.08491914992119529,0.030395979309324042,90,0.7807206191899801,0.020009407787338434,0.32142429446735454,0.010058386590955962,0.6191785980819616,0.9406028925493162,0.6782504021114646,0.010246843769036429,0.33123349699480437,0.0026923583431751816,0.7854967735017035,0.01228846296201836,0.002036137882390196,0.0017576110641786453,0.01228846296201836,AFM,785.4967735017035,12.288462962018361,2.036137882390196,12.288462962018361,1.7576110641786453,331.23349699480434,2.6923583431751816,321.42429446735457,10.058386590955962
140,0.020011399251426674,0.6654270529126762,0.01569438523907979,0.7851033997334671,0.00198256744034383,0.7798386254919614,0.004978144078769336,0.17681232579357287,0.10728543842491545,2.914785374772255,0.08390793786970294,0.02276691037427018,90,0.7776753687246494,0.020011399251426674,0.3240627872415738,0.006748247174309784,0.617305302771004,0.9413680900125778,0.6933416238850716,0.01037836332830654,0.33123349699480437,0.0026923583431751816,0.7851033997334671,0.01221697196581626,0.00198256744034383,0.0017576110641786453,0.01221697196581626,AFM,785.1033997334671,12.21697196581626,1.9825674403438303,12.21697196581626,1.7576110641786453,331.23349699480434,2.6923583431751816,324.0627872415738,6.7482471743097845
141,0.020011399251426674,0.661247214247516,0.015681701378058983,0.7851917949703404,0.0019947053202263353,0.780255427663067,0.005009558693733487,0.1647774855570588,0.10729739340700357,2.92781611316519,0.08380713404789064,0.02900524179249582,90,0.7773048431821641,0.020011399251426674,0.3303140821168672,0.00625419727107865,0.614096731624655,0.9444108137415221,0.6853058632917307,0.010569597045955639,0.33123349699480437,0.0026923583431751816,0.7851917949703404,0.01221697196581626,0.0019947053202263353,0.0017576110641786453,0.01221697196581626,AFM,785.1917949703404,12.21697196581626,1.9947053202263354,12.21697196581626,1.7576110641786453,331.23349699480434,2.6923583431751816,330.3140821168672,6.254197271078651
142,0.059931362407340615,0.6593238300377093,0.015684396015187747,0.785058916957465,0.002000559686412475,0.7807281518449478,0.005024083329168953,0.14446599175793678,0.10731271938768497,2.950049712017234,0.08369742531773292,0.02968537768412164,90,0.7760732384512024,0.059931362407340615,0.3277202251935514,0.005405749757479617,0.6161534509084614,0.9438736761020128,0.6838908092167832,0.010824503393976961,0.33123349699480437,0.0026923583431751816,0.785058916957465,0.011430170759160732,0.002000559686412475,0.0017576110641786453,0.011430170759160732,AFM,785.058916957465,11.430170759160733,2.000559686412475,11.430170759160733,1.7576110641786453,331.23349699480434,2.6923583431751816,327.72022519355136,5.405749757479617
143,0.059931362407340615,0.6513270269207133,0.015701524218253934,0.7851911701417837,0.002024579114804232,0.7823315519305815,0.005085378410021663,0.09456896101837775,0.10738388373339045,2.996262847495714,0.083338079399399,0.024636688841777696,90,0.7763182272322144,0.059931362407340615,0.33251912372844306,0.006205934323052634,0.6149947880587356,0.9475139117871787,0.6747719189087973,0.010744567342087036,0.33123349699480437,0.0026923583431751816,0.7851911701417837,0.011430170759160732,0.002024579114804232,0.0017576110641786453,0.011430170759160732,AFM,785.1911701417838,11.430170759160733,2.024579114804232,11.430170759160733,1.7576110641786453,331.23349699480434,2.6923583431751816,332.51912372844305,6.205934323052634
144,0.09995009204598063,0.6596141295932647,0.015829841552431577,0.7858610587173597,0.0019979089504405176,0.7839549617360739,0.00502093349084232,0.06410540375632302,0.10748451916121451,3.011934555232824,0.08300852437141247,0.026703342137147337,90,0.7760727481406313,0.09995009204598063,0.33536804473160964,0.012678122375382513,0.61749487924195,0.9528629239735597,0.6817162288818681,0.011126258459878276,0.33123349699480437,0.0026923583431751816,0.7858610587173597,0.01186764116007393,0.0019979089504405176,0.0017576110641786453,0.01186764116007393,AFM,785.8610587173597,11.86764116007393,1.9979089504405176,11.86764116007393,1.7576110641786453,331.23349699480434,2.6923583431751816,335.36804473160964,12.678122375382513
145,0.09995009204598063,0.66255640513507,0.01570199120518657,0.7844779580531059,0.0019918439129450196,0.7807355907102721,0.004999567350045685,0.12483415484898891,0.10731296452778744,2.963061232733788,0.08369795802121056,0.023262991570284035,90,0.7769346946182363,0.09995009204598063,0.32834001387428824,0.026913636609757405,0.6167798340904744,0.9451198479647627,0.6823216419054684,0.010235949892932639,0.33123349699480437,0.0026923583431751816,0.7844779580531059,0.01186764116007393,0.0019918439129450196,0.0017576110641786453,0.01186764116007393,AFM,784.4779580531059,11.86764116007393,1.9918439129450196,11.86764116007393,1.7576110641786453,331.23349699480434,2.6923583431751816,328.3400138742882,26.913636609757404
146,0.13986845141060225,0.6697910209911268,0.015716907147824657,0.784924949562976,0.0019699839071482916,0.7797872794817616,0.004945718440716395,0.17377438771155435,0.10728419938684029,2.915098950275601,0.08392398631475562,0.02891355064671085,90,0.7774287810483969,0.13986845141060225,0.32175012743950493,0.006499149648342017,0.6204336148186869,0.9421837422581918,0.6934854151824377,0.011819940244411572,0.33123349699480437,0.0026923583431751816,0.784924949562976,0.017068837250212826,0.0019699839071482916,0.0017576110641786453,0.017068837250212826,AFM,784.9249495629759,17.068837250212827,1.9699839071482916,17.068837250212827,1.7576110641786453,331.23349699480434,2.6923583431751816,321.7501274395049,6.4991496483420175
147,0.13986845141060225,0.6624994975243984,0.015787412783151867,0.7855494985285573,0.0019897013443131487,0.7828929897269095,0.0049994540298450236,0.08937637320328184,0.10741555160507002,2.988131821282,0.08322806653157208,0.024800065444542715,90,0.7759500779103208,0.13986845141060225,0.33136477578788837,0.005877645935451693,0.6175409161597314,0.9489056919476198,0.678690935014426,0.010825831692072822,0.33123349699480437,0.0026923583431751816,0.7855494985285573,0.017068837250212826,0.0019897013443131487,0.0017576110641786453,0.017068837250212826,AFM,785.5494985285573,17.068837250212827,1.9897013443131486,17.068837250212827,1.7576110641786453,331.23349699480434,2.6923583431751816,331.3647757878884,5.877645935451692
148,0.17998676756917437,0.6594666938398821,0.017984144389175078,0.8057866585177856,0.0021614925059124743,0.7873757259058655,0.00567162112919303,0.6084785840577717,0.1268850359098354,2.446434277572145,0.10685112461223946,0.01981301302410302,86,0.8103624200935872,0.17998676756917437,0.3316430854690846,0.00685262903465188,0.618623699200869,0.9502667846699536,0.6814813689414307,0.009425716652184429,0.33123349699480437,0.0026923583431751816,0.8057866585177856,0.029955877377450535,0.0021614925059124743,0.0017576110641786453,0.029955877377450535,AFM,805.7866585177857,29.955877377450534,2.1614925059124745,29.955877377450534,1.7576110641786453,331.23349699480434,2.6923583431751816,331.6430854690846,6.85262903465188
149,0.17998676756917437,0.6731552569764564,0.018441741179570134,0.8068582352583165,0.0021469071022640123,0.7894387818757777,0.005737328728387179,0.5880576158092727,0.1321448303674609,2.4508356867902785,0.11148793286325377,0.023760052409139438,85,0.8115357024581161,0.17998676756917437,0.335200014540301,0.009413039872395852,0.6205820087205662,0.9557820232608673,0.6949476199701243,0.010827007415367306,0.33123349699480437,0.0026923583431751816,0.8068582352583165,0.029955877377450535,0.0021469071022640123,0.0017576110641786453,0.029955877377450535,AFM,806.8582352583164,29.955877377450534,2.1469071022640125,29.955877377450534,1.7576110641786453,331.23349699480434,2.6923583431751816,335.200014540301,9.413039872395851
150,0.22000669126187958,0.7009562448573086,0.028054981973456586,0.8470526651412325,0.0025509889136932774,0.80170939106297,0.008122173973254493,1.524579956740143,0.21833943840640818,1.3988063069318029,0.19247849408665416,0.009350585767221208,74,0.8569917769573147,0.22000669126187958,0.3550940244312427,0.006076532976556064,0.6107095301457681,0.9658035545770108,0.7074944101627352,0.008855141320481322,0.33123349699480437,0.0026923583431751816,0.8470526651412325,0.05208736123269809,0.0025509889136932774,0.0017576110641786453,0.05208736123269809,AFM,847.0526651412324,52.087361232698086,2.5509889136932773,52.087361232698086,1.7576110641786453,331.23349699480434,2.6923583431751816,355.0940244312427,6.076532976556064
151,0.22000669126187958,0.6976759218483685,0.026946046330558898,0.8477116602451904,0.0025248839796977807,0.8042523796828737,0.008172931589205058,1.4613893661246238,0.21711949435224673,1.4514476304665402,0.19029321882565997,0.009976438244654277,74,0.8561387199891783,0.22000669126187958,0.35353554671027576,0.005751299637743131,0.6159749820278473,0.969510528738123,0.7079873918492068,0.008877206379067517,0.33123349699480437,0.0026923583431751816,0.8477116602451904,0.05208736123269809,0.0025248839796977807,0.0017576110641786453,0.05208736123269809,AFM,847.7116602451904,52.087361232698086,2.5248839796977807,52.087361232698086,1.7576110641786453,331.23349699480434,2.6923583431751816,353.53554671027575,5.751299637743132
152,0.2599261166177804,0.6729813445303577,0.027180405048070164,0.8487727696203905,0.0026269650374241066,0.8034349192525849,0.008468355962173038,1.4637024752130554,0.2174834079675288,1.4718379307396234,0.1909320584978799,0.018303734549991936,74,0.8562433950220438,0.2599261166177804,0.34630654820854156,0.005489018093019688,0.6189040685979393,0.9652106168064809,0.6846618142811114,0.009577112338861849,0.33123349699480437,0.0026923583431751816,0.8487727696203905,0.050944763310142006,0.0026269650374241066,0.0017576110641786453,0.050944763310142006,spinflip,848.7727696203905,50.94476331014201,2.6269650374241067,50.94476331014201,1.7576110641786453,331.23349699480434,2.6923583431751816,346.3065482085416,5.489018093019689
153,0.2599261166177804,0.6942606490681398,0.029496677388519785,0.847896743997996,0.002637960836449851,0.8025673941293814,0.008525366265016326,1.5106021237678202,0.2296064318494503,1.4135686003043129,0.20328881483900307,0.012117886501838123,73,0.861582439767034,0.2599261166177804,0.3521583826887753,0.004310182779747124,0.6132760947240249,0.9654344774128002,0.7023164721799817,0.008771560134272108,0.33123349699480437,0.0026923583431751816,0.847896743997996,0.050944763310142006,0.002637960836449851,0.0017576110641786453,0.050944763310142006,spinflip,847.8967439979959,50.94476331014201,2.6379608364498512,50.94476331014201,1.7576110641786453,331.23349699480434,2.6923583431751816,352.1583826887753,4.310182779747124
154,0.3000444582057799,0.6982100149795863,0.028901909362787113,0.8465992239394787,0.0026057626612327046,0.8038448127417134,0.008484645076098068,1.4405453465747777,0.22891962036383554,1.4690500767102042,0.20211253805306817,0.013173678977105831,73,0.8604021652433365,0.3000444582057799,,,0.6112947574834947,,0.7073196852239283,0.008883767725389473,0.33123349699480437,0.0026923583431751816,0.8465992239394787,0.005559871573482756,0.0026057626612327046,0.0017576110641786453,0.005559871573482756,spinflip,846.5992239394787,5.559871573482756,2.6057626612327045,5.559871573482756,1.7576110641786453,331.23349699480434,2.6923583431751816,,
155,0.3000444582057799,0.6758295537743094,0.025386523648953885,0.8478556628857715,0.002555588112607586,0.8080250751768671,0.008453173406993201,1.3069867252311207,0.2155513301835406,1.5971214125610371,0.18722088034222026,0.013047175771497457,74,0.8584290602905812,0.3000444582057799,,,0.6177694490684988,,0.6837145831379845,0.009751162096956995,0.33123349699480437,0.0026923583431751816,0.8478556628857715,0.005559871573482756,0.002555588112607586,0.0017576110641786453,0.005559871573482756,spinflip,847.8556628857715,5.559871573482756,2.555588112607586,5.559871573482756,1.7576110641786453,331.23349699480434,2.6923583431751816,,
156,0.3399638988186834,0.6037987079085303,0.02318720719108551,0.8526488420978459,0.002597817628944368,0.8371158323753983,0.00948265405205569,0.47159950226249814,0.21365284989722225,2.2643092620286613,0.1720531153944404,0.5787091774963475,74,0.8572206037899801,0.3399638988186834,,,0.7829678267679,,0.7731179032429274,0.034057150436777504,0.33123349699480437,0.0026923583431751816,0.8526488420978459,0.10971457191603658,0.002597817628944368,0.0017576110641786453,0.10971457191603658,spinflip,852.6488420978459,109.71457191603658,2.597817628944368,109.71457191603658,1.7576110641786453,331.23349699480434,2.6923583431751816,,
157,0.3399638988186834,0.5130768436198899,0.029550265354764925,0.8455400047274545,0.003861944623336045,0.7680769208041023,0.008416903339448707,1.7261551830465482,0.1689285760081251,1.3234226573070413,0.15269993700249707,0.4386656980409538,81,0.8308522649966931,0.3399638988186834,0.31656968340522873,0.009224116603317987,0.5844503396625178,0.9010200230677465,0.534393033619964,0.03518086617709682,0.33123349699480437,0.0026923583431751816,0.8455400047274545,0.10971457191603658,0.003861944623336045,0.0017576110641786453,0.10971457191603658,spinflip,845.5400047274545,109.71457191603658,3.8619446233360453,109.71457191603658,1.7576110641786453,331.23349699480434,2.6923583431751816,316.5696834052287,9.224116603317986
158,0.37998278776807776,0.9186246251399087,0.029122683969516706,0.5883761352981963,0.0017563903507951594,0.5393161950377103,0.003635647694333702,2.1436197495310907,0.12981091133541178,0.7724517553013774,0.09367368832418871,0.014339953851152835,89,0.5953974838508517,0.37998278776807776,,,,,1.1637457086119691,,0.33123349699480437,0.0026923583431751816,0.5883761352981963,0.0017576110641786453,0.0017563903507951594,0.0017576110641786453,0.0015520309482378776,FM,588.3761352981963,1.7576110641786453,1.7563903507951595,1.5520309482378776,1.7576110641786453,331.23349699480434,2.6923583431751816,,
159,0.37998278776807776,0.9181760203990396,0.0293424271228327,0.5884205755771543,0.0017664617090522887,0.5386760353653126,0.0036344968997429707,2.1682987596439336,0.13020543319199954,0.7585577171787727,0.09406093286017256,0.012970059733012199,89,0.5955150796452905,0.37998278776807776,,,,,1.161552067965474,,0.33123349699480437,0.0026923583431751816,0.5884205755771543,0.0017664617090522887,0.0017664617090522887,0.0017576110641786453,0.0015520309482378776,FM,588.4205755771543,1.7664617090522887,1.7664617090522887,1.5520309482378776,1.7576110641786453,331.23349699480434,2.6923583431751816,,
160,0.4199022363598461,0.9167639845772555,0.03135162111618827,0.5961807571059121,0.0018392887342492585,0.5405464330222975,0.00349914919719376,2.38364925317493,0.13051137573795987,0.5222371280456719,0.0969405073161174,0.012498420067479669,90,0.6059136570769541,0.4199022363598461,,,,,1.7077135952188918,,0.33123349699480437,0.0026923583431751816,0.5961807571059121,0.0018392887342492585,0.0018392887342492585,0.0017576110641786453,0.0010866258654898735,FM,596.1807571059121,1.8392887342492585,1.8392887342492585,1.0866258654898735,1.7576110641786453,331.23349699480434,2.6923583431751816,,
161,0.4199022363598461,0.9256884738631174,0.03379943666373933,0.5956385358396794,0.0018791906577987883,0.5385316919834657,0.0035367571148206068,2.460755841024728,0.13838735358311083,0.47207401922298114,0.1034929804245763,0.011411472695113483,89,0.6070518636553106,0.4199022363598461,,,,,1.7484584036374529,,0.33123349699480437,0.0026923583431751816,0.5956385358396794,0.0018791906577987883,0.0018791906577987883,0.0017576110641786453,0.0010866258654898735,FM,595.6385358396794,1.8791906577987882,1.8791906577987882,1.0866258654898735,1.7576110641786453,331.23349699480434,2.6923583431751816,,
162,0.46002058443074045,0.9343121166460286,0.03334592647437173,0.5959954993899799,0.00183201380514516,0.5392957932508459,0.003404322392006385,2.467751197511498,0.13420558374181427,0.45480268293288423,0.10098072169493669,0.012618123733636338,90,0.6076814006472946,0.46002058443074045,,,,,1.788709065697134,,0.33123349699480437,0.0026923583431751816,0.5959954993899799,0.00183201380514516,0.00183201380514516,0.0017576110641786453,0.00045625941485414413,FM,595.9954993899798,1.83201380514516,1.83201380514516,0.4562594148541441,1.7576110641786453,331.23349699480434,2.6923583431751816,,
163,0.46002058443074045,0.9221247719262534,0.033511109542328936,0.5959458848406816,0.001878628404994494,0.539242313337809,0.00355469850772439,2.4369137007066444,0.13785726726945105,0.48214975031514923,0.10298769043567879,0.013259045027692628,89,0.6071948818303609,0.46002058443074045,,,,,1.7728623991384784,,0.33123349699480437,0.0026923583431751816,0.5959458848406816,0.001878628404994494,0.001878628404994494,0.0017576110641786453,0.00045625941485414413,FM,595.9458848406815,1.878628404994494,1.878628404994494,0.4562594148541441,1.7576110641786453,331.23349699480434,2.6923583431751816,,
164,0.4998405735832176,0.8921888078029878,0.03166080779882344,0.5973768266738474,0.0018713900745221741,0.5432509544963356,0.00358273255270782,2.267228395010723,0.1312003354736146,0.5981549395024724,0.0980431911457447,0.01643039771889989,90,0.6076623637563123,0.4998405735832176,,,,,1.7063729934149836,,0.33123349699480437,0.0026923583431751816,0.5973768266738474,0.0018713900745221741,0.0018713900745221741,0.0017576110641786453,0.001665275275616636,FM,597.3768266738474,1.871390074522174,1.871390074522174,1.665275275616636,1.7576110641786453,331.23349699480434,2.6923583431751816,,
165,0.4998405735832176,0.9266362127917936,0.033589503306388324,0.5951521826324649,0.0018597258317130702,0.5391076941208288,0.003537370735440783,2.424388337435211,0.13798594417403345,0.48299214145891695,0.10312073358184623,0.017891914282920147,89,0.6073691579078158,0.4998405735832176,,,,,1.7789571269167024,,0.33123349699480437,0.0026923583431751816,0.5951521826324649,0.0018597258317130702,0.0018597258317130702,0.0017576110641786453,0.001665275275616636,FM,595.1521826324649,1.8597258317130703,1.8597258317130703,1.665275275616636,1.7576110641786453,331.23349699480434,2.6923583431751816,,
166,0.5399599722201638,0.9148562350877121,0.03143592234546723,0.5955103255146293,0.0018383394537400532,0.5402727443304306,0.0035044929545317103,2.3646376494283596,0.13067756019317608,0.526753341702043,0.09709227461620464,0.014230279297650025,90,0.606631574103407,0.5399599722201638,,,,,1.7769137661268142,,0.33123349699480437,0.0026923583431751816,0.5955103255146293,0.0018383394537400532,0.0018383394537400532,0.0017576110641786453,0.0006994082124407319,FM,595.5103255146294,1.8383394537400533,1.8383394537400533,0.6994082124407319,1.7576110641786453,331.23349699480434,2.6923583431751816,,
167,0.5399599722201638,0.9103598290330345,0.03123524071204398,0.5955992314388775,0.0018406098035933704,0.5407609341490524,0.003523801128769401,2.338524478666818,0.13032413439533022,0.5443904964384815,0.09674426230345176,0.014225621175055582,90,0.6066312887791581,0.5399599722201638,,,,,1.734807265777717,,0.33123349699480437,0.0026923583431751816,0.5955992314388775,0.0018406098035933704,0.0018406098035933704,0.0017576110641786453,0.0006994082124407319,FM,595.5992314388775,1.8406098035933705,1.8406098035933705,0.6994082124407319,1.7576110641786453,331.23349699480434,2.6923583431751816,,
168,0.5800783185915501,0.9354992529362524,0.03268695979947977,0.5940375477016534,0.0018290735203039558,0.5371325490708938,0.003412339844054844,2.478507826753049,0.13294350969268826,0.44557096859778433,0.09927914106730909,0.012894686338155851,90,0.6040189442963929,0.5800783185915501,,,,,1.8363231114645406,,0.33123349699480437,0.0026923583431751816,0.5940375477016534,0.0018290735203039558,0.0018290735203039558,0.0017576110641786453,0.0008389904687576566,FM,594.0375477016534,1.8290735203039559,1.8290735203039559,0.8389904687576566,1.7576110641786453,331.23349699480434,2.6923583431751816,,
169,0.5800783185915501,0.9382725237567264,0.032680262104727395,0.594170958741057,0.001824487558801206,0.537200046979975,0.0034032479641639196,2.488309752323207,0.1329183388264431,0.43818303517470636,0.09926378917353035,0.013419890456296503,90,0.603954454839078,0.5800783185915501,,,,,1.822078764700151,,0.33123349699480437,0.0026923583431751816,0.594170958741057,0.001824487558801206,0.001824487558801206,0.0017576110641786453,0.0008389904687576566,FM,594.170958741057,1.824487558801206,1.824487558801206,0.8389904687576566,1.7576110641786453,331.23349699480434,2.6923583431751816,,
170,0.6199977619314444,0.9413625502421579,0.03273970584974721,0.5940829720457418,0.0018190666236922249,0.5370909463210845,0.0033920163198125105,2.4974697826230363,0.1330175156393658,0.4295940518514234,0.09936543428393431,0.013480561271064092,90,0.6041901372426856,0.6199977619314444,,,,,1.8571038844662944,,0.33123349699480437,0.0026923583431751816,0.5940829720457418,0.0018190666236922249,0.0018190666236922249,0.0017576110641786453,0.00046111728232395044,FM,594.0829720457418,1.8190666236922248,1.8190666236922248,0.46111728232395044,1.7576110641786453,331.23349699480434,2.6923583431751816,,
171,0.6199977619314444,0.9231407297558508,0.03172467059706296,0.5949281308627254,0.00182472628259042,0.5396030882827688,0.0034707449132606364,2.3886519088339475,0.13118077400565586,0.5045555845920309,0.0975911019705484,0.015176459208529506,90,0.6056179735392786,0.6199977619314444,,,,,1.7937808581206887,,0.33123349699480437,0.0026923583431751816,0.5949281308627254,0.00182472628259042,0.00182472628259042,0.0017576110641786453,0.00046111728232395044,FM,594.9281308627254,1.82472628259042,1.82472628259042,0.46111728232395044,1.7576110641786453,331.23349699480434,2.6923583431751816,,
172,0.6600166635017634,0.9051832348814383,0.03185272493632337,0.5967098368366734,0.0018400145094459501,0.542938745081627,0.0035318748730829635,2.2859216611955597,0.13150187797045473,0.5744032722231509,0.09836545589423724,0.015352261790340604,90,0.6076181536820641,0.6600166635017634,,,,,1.7215857341175391,,0.33123349699480437,0.0026923583431751816,0.5967098368366734,0.0018400145094459501,0.0018400145094459501,0.0017576110641786453,0.0013906143657432053,FM,596.7098368366735,1.8400145094459501,1.8400145094459501,1.3906143657432053,1.7576110641786453,331.23349699480434,2.6923583431751816,,
173,0.6600166635017634,0.9287268421732628,0.032302833519137764,0.5943040944229458,0.0018301349443617606,0.5380816433126829,0.0034418008098427216,2.4362791804381714,0.13224511021648788,0.47322118209836783,0.09860720107505785,0.011979362188847953,90,0.6043055319705911,0.6600166635017634,,,,,1.792608320740011,,0.33123349699480437,0.0026923583431751816,0.5943040944229458,0.0018301349443617606,0.0018301349443617606,0.0017576110641786453,0.0013906143657432053,FM,594.3040944229458,1.8301349443617607,1.8301349443617607,1.3906143657432053,1.7576110641786453,331.23349699480434,2.6923583431751816,,
174,0.6999361102986472,0.9280425720887114,0.031869702716481825,0.5946185012821644,0.0018159743293888432,0.5392844443168295,0.0034514575661746473,2.401910440771559,0.13143028390530231,0.49174737184154094,0.09784093695228478,0.017140264166482996,90,0.6050142658885773,0.6999361102986472,,,,,1.7964985954608104,,0.33123349699480437,0.0026923583431751816,0.5946185012821644,0.0018159743293888432,0.0018159743293888432,0.0017576110641786453,0.0008182136653305055,FM,594.6185012821644,1.815974329388843,1.815974329388843,0.8182136653305054,1.7576110641786453,331.23349699480434,2.6923583431751816,,
175,0.6999361102986472,0.9048695137735169,0.030864957100540075,0.595777351525,0.0018386943543695624,0.5417153849676563,0.00354962233307697,2.2972053789403675,0.1296614823387203,0.5693761936726532,0.09609808030904578,0.013880626371184404,90,0.6057412357000002,0.6999361102986472,,,,,1.7314764677989154,,0.33123349699480437,0.0026923583431751816,0.595777351525,0.0018386943543695624,0.0018386943543695624,0.0017576110641786453,0.0008182136653305055,FM,595.777351525,1.8386943543695624,1.8386943543695624,0.8182136653305054,1.7576110641786453,331.23349699480434,2.6923583431751816,,
176,0.7400544588069178,0.9246851031263188,0.03262993885493552,0.5940837255642285,0.0018516957959812037,0.5371010855145446,0.0034497765965878224,2.453047177877229,0.13288223543123756,0.4664378552403641,0.09919105654354662,0.013657510002034606,90,0.6060747556901804,0.7400544588069178,,,,,1.8333848165790534,,0.33123349699480437,0.0026923583431751816,0.5940837255642285,0.0018516957959812037,0.0018516957959812037,0.0017576110641786453,0.0007848191077400216,FM,594.0837255642285,1.8516957959812037,1.8516957959812037,0.7848191077400216,1.7576110641786453,331.23349699480434,2.6923583431751816,,
177,0.7400544588069178,0.9135630163474767,0.03223083484096035,0.594483611490982,0.0018642754281804183,0.5380168419561371,0.0034954171726179198,2.405820641168985,0.1321762342288041,0.5012526217286243,0.09849925334213537,0.01329448751449132,90,0.604492076882966,0.7400544588069178,,,,,1.8013411698242754,,0.33123349699480437,0.0026923583431751816,0.594483611490982,0.0018642754281804183,0.0018642754281804183,0.0017576110641786453,0.0007848191077400216,FM,594.483611490982,1.8642754281804184,1.8642754281804184,0.7848191077400216,1.7576110641786453,331.23349699480434,2.6923583431751816,,
178,0.7798744539988471,0.913938344044743,0.03179138324479181,0.5950187424345688,0.0018502170997056287,0.5392542315500916,0.003501759496084255,2.38104427005392,0.13134757781182482,0.5138844910502854,0.09772212066197161,0.01493640005750105,90,0.6062607374500497,0.7798744539988471,,,,,1.7837727045892,,0.33123349699480437,0.0026923583431751816,0.5950187424345688,0.0018502170997056287,0.0018502170997056287,0.0017576110641786453,0.0009041797407304231,FM,595.0187424345687,1.8502170997056286,1.8502170997056286,0.9041797407304232,1.7576110641786453,331.23349699480434,2.6923583431751816,,
179,0.7798744539988471,0.9352665202541404,0.03254706274325362,0.5945276810374751,0.0018301802350596688,0.5375169624261891,0.003415547114445922,2.4820286445418263,0.13267828463137055,0.43402416258685644,0.0990312854440208,0.019350404592312506,90,0.6047280418725451,0.7798744539988471,,,,,1.8736527749633143,,0.33123349699480437,0.0026923583431751816,0.5945276810374751,0.0018301802350596688,0.0018301802350596688,0.0017576110641786453,0.0009041797407304231,FM,594.5276810374751,1.8301802350596688,1.8301802350596688,0.9041797407304232,1.7576110641786453,331.23349699480434,2.6923583431751816,,
180,0.8199928032001257,0.9217223742912595,0.033849732069686014,0.5948889544543086,0.0018791094493232944,0.5383307990952897,0.0035497109712080512,2.4305390560726132,0.1384989032346192,0.47370269824518924,0.1035859681393859,0.020617479875887752,89,0.6069295866523046,0.8199928032001257,,,,,1.8174860095795164,,0.33123349699480437,0.0026923583431751816,0.5948889544543086,0.0018791094493232944,0.0018791094493232944,0.0017576110641786453,0.00046627848305929735,FM,594.8889544543085,1.8791094493232945,1.8791094493232945,0.46627848305929737,1.7576110641786453,331.23349699480434,2.6923583431751816,,
181,0.8199928032001257,0.9257957230241038,0.0322734066604661,0.5947955902717433,0.001842581812005176,0.5381127425480212,0.003452284482524116,2.4452600337093995,0.13220229791752416,0.462137261780385,0.09855885699236624,0.018900114187344372,90,0.6047283999711421,0.8199928032001257,,,,,1.8397693189350686,,0.33123349699480437,0.0026923583431751816,0.5947955902717433,0.001842581812005176,0.001842581812005176,0.0017576110641786453,0.00046627848305929735,FM,594.7955902717433,1.842581812005176,1.842581812005176,0.46627848305929737,1.7576110641786453,331.23349699480434,2.6923583431751816,,
182,0.85981279875331,0.93705302341947,0.0329978470563036,0.5941297153228459,0.0018418825670162573,0.5363000542276699,0.00340163567009917,2.5160888939779302,0.1335283187096194,0.41301543789540046,0.0998279869754758,0.023303110851370573,90,0.6052043735839682,0.85981279875331,,,,,1.8696688690519072,,0.33123349699480437,0.0026923583431751816,0.5941297153228459,0.0018418825670162573,0.0018418825670162573,0.0017576110641786453,0.0006809219624667482,FM,594.1297153228459,1.8418825670162573,1.8418825670162573,0.6809219624667483,1.7576110641786453,331.23349699480434,2.6923583431751816,,
183,0.85981279875331,0.8974883700773161,0.03151528639546371,0.5956891744338427,0.0018854140397806909,0.5397457814461205,0.0035657394283188358,2.344141769848806,0.13090527291448295,0.5433353926466574,0.09725806904427706,0.019969697969861762,90,0.6057422284930861,0.85981279875331,,,,,1.782103543807028,,0.33123349699480437,0.0026923583431751816,0.5956891744338427,0.0018854140397806909,0.0018854140397806909,0.0017576110641786453,0.0006809219624667482,FM,595.6891744338427,1.8854140397806909,1.8854140397806909,0.6809219624667483,1.7576110641786453,331.23349699480434,2.6923583431751816,,
